test_time_second,voltage_volt,current_ampere,unix_time_second,cycle_count,step_count,ambient_temperature_celsius,record_index,step_time_second,step_cumulative_capacity_ah,step_cumulative_energy_wh,temperature_t1_celsius
0.0,3.1313,0.0,1559478480.0,1,1,26.7961,1,0.0,0.0,0.0,26.9823
10.00002,3.1315,0.0,1559478480.0,1,1,26.6965,2,10.00002,0.0,0.0,26.949
19.99998,3.1313,0.0,1559478540.0,1,1,26.4641,3,19.99998,0.0,0.0,26.8823
30.0,3.1316,0.0,1559478540.0,1,1,26.3313,4,30.0,0.0,0.0,26.8489
40.00002,3.1315,0.0,1559478540.0,1,1,26.2151,5,40.00002,0.0,0.0,26.7822
49.99998,3.1315,0.0,1559478540.0,1,1,26.0657,6,49.99998,0.0,0.0,26.7655
60.0,3.1313,0.0,1559478540.0,1,1,25.9163,7,60.0,0.0,0.0,26.7322
70.00002,3.1315,0.0,1559478540.0,1,1,25.7503,8,70.00002,0.0,0.0,26.7322
79.99998,3.1316,0.0,1559478600.0,1,1,25.6009,9,79.99998,0.0,0.0,26.6988
90.0,3.1313,0.0,1559478600.0,1,1,25.7337,10,90.0,0.0,0.0,26.6821
100.00002,3.1315,0.0,1559478600.0,1,1,25.7835,11,100.00002,0.0,0.0,26.6821
109.99998,3.1315,0.0,1559478600.0,1,1,25.8001,12,109.99998,0.0,0.0,26.6988
120.0,3.1316,0.0,1559478600.0,1,1,25.6839,13,120.0,0.0,0.0,26.6488
130.00002,3.1316,0.0,1559478600.0,1,1,25.5013,14,130.00002,0.0,0.0,26.6321
139.99998,3.1316,0.0,1559478660.0,1,1,25.3187,15,139.99998,0.0,0.0,26.6154
150.0,3.1316,0.0,1559478660.0,1,1,25.2191,16,150.0,0.0,0.0,26.6321
160.00002,3.1313,0.0,1559478660.0,1,1,25.1195,17,160.00002,0.0,0.0,26.582
169.99998,3.1315,0.0,1559478660.0,1,1,24.9535,18,169.99998,0.0,0.0,26.5487
180.0,3.1316,0.0,1559478660.0,1,1,24.8871,19,180.0,0.0,0.0,26.4986
190.00002,3.1316,0.0,1559478660.0,1,1,24.8705,20,190.00002,0.0,0.0,26.4986
199.99998,3.1316,0.0,1559478720.0,1,1,24.8705,21,199.99998,0.0,0.0,26.5153
210.0,3.1315,0.0,1559478720.0,1,1,24.8207,22,210.0,0.0,0.0,26.4986
220.00002,3.1315,0.0,1559478720.0,1,1,24.8705,23,220.00002,0.0,0.0,26.482
229.99998,3.1316,0.0,1559478720.0,1,1,24.9535,24,229.99998,0.0,0.0,26.5153
240.0,3.1318,0.0,1559478720.0,1,1,25.0365,25,240.0,0.0,0.0,26.5487
250.00002,3.1318,0.0,1559478780.0,1,1,25.0697,26,250.00002,0.0,0.0,26.5654
259.99998,3.1315,0.0,1559478780.0,1,1,25.0697,27,259.99998,0.0,0.0,26.5654
270.0,3.1316,0.0,1559478780.0,1,1,25.2523,28,270.0,0.0,0.0,26.5487
280.00002,3.1315,0.0,1559478780.0,1,1,25.3021,29,280.00002,0.0,0.0,26.5654
289.99998,3.1316,0.0,1559478780.0,1,1,25.3353,30,289.99998,0.0,0.0,26.582
300.0,3.1316,0.0,1559478780.0,1,1,25.4349,31,300.0,0.0,0.0,26.6154
310.00002,3.1316,0.0,1559478780.0,1,1,25.4847,32,310.00002,0.0,0.0,26.582
319.99998,3.1316,0.0,1559478840.0,1,1,25.5677,33,319.99998,0.0,0.0,26.582
330.0,3.1315,0.0,1559478840.0,1,1,25.6009,34,330.0,0.0,0.0,26.582
340.00002,3.1313,0.0,1559478840.0,1,1,25.6839,35,340.00002,0.0,0.0,26.5987
349.99998,3.1318,0.0,1559478840.0,1,1,25.8499,36,349.99998,0.0,0.0,26.6154
360.0,3.1318,0.0,1559478840.0,1,1,25.9163,37,360.0,0.0,0.0,26.6488
370.00002,3.1316,0.0,1559478840.0,1,1,25.9329,38,370.00002,0.0,0.0,26.6654
379.99998,3.1318,0.0,1559478900.0,1,1,25.9661,39,379.99998,0.0,0.0,26.6654
390.0,3.1316,0.0,1559478900.0,1,1,26.0159,40,390.0,0.0,0.0,26.6654
400.00002,3.1316,0.0,1559478900.0,1,1,26.0657,41,400.00002,0.0,0.0,26.6821
409.99998,3.1318,0.0,1559478900.0,1,1,26.1321,42,409.99998,0.0,0.0,26.6821
420.0,3.1316,0.0,1559478900.0,1,1,26.1985,43,420.0,0.0,0.0,26.6988
430.00002,3.1316,0.0,1559478900.0,1,1,26.2483,44,430.00002,0.0,0.0,26.7155
439.99998,3.1318,0.0,1559478960.0,1,1,26.2815,45,439.99998,0.0,0.0,26.7322
450.0,3.1315,0.0,1559478960.0,1,1,26.3479,46,450.0,0.0,0.0,26.7488
460.00002,3.1315,0.0,1559478960.0,1,1,26.3977,47,460.00002,0.0,0.0,26.7488
469.99998,3.1316,0.0,1559478960.0,1,1,26.4475,48,469.99998,0.0,0.0,26.7488
480.0,3.1316,0.0,1559478960.0,1,1,26.4973,49,480.0,0.0,0.0,26.7655
490.00002,3.1318,0.0,1559478960.0,1,1,26.5139,50,490.00002,0.0,0.0,26.7822
499.99998,3.1316,0.0,1559479020.0,1,1,26.5637,51,499.99998,0.0,0.0,26.7822
510.0,3.1316,0.0,1559479020.0,1,1,26.6135,52,510.0,0.0,0.0,26.7989
520.00002,3.1316,0.0,1559479020.0,1,1,26.6467,53,520.00002,0.0,0.0,26.8155
529.99998,3.1315,0.0,1559479020.0,1,1,26.6799,54,529.99998,0.0,0.0,26.8322
540.0,3.1316,0.0,1559479020.0,1,1,26.7297,55,540.0,0.0,0.0,26.8322
550.00002,3.1315,0.0,1559479020.0,1,1,26.7463,56,550.00002,0.0,0.0,26.8489
559.99998,3.1315,0.0,1559479080.0,1,1,26.7629,57,559.99998,0.0,0.0,26.8489
570.0,3.1315,0.0,1559479080.0,1,1,26.7961,58,570.0,0.0,0.0,26.8489
580.00002,3.1316,0.0,1559479080.0,1,1,26.8127,59,580.00002,0.0,0.0,26.8489
589.99998,3.1315,0.0,1559479080.0,1,1,26.8459,60,589.99998,0.0,0.0,26.8489
600.0,3.1315,0.0,1559479080.0,1,1,26.8791,61,600.0,0.0,0.0,26.8656
610.00002,3.1315,0.0,1559479080.0,1,1,26.8957,62,610.00002,0.0,0.0,26.8656
619.99998,3.1313,0.0,1559479140.0,1,1,26.9123,63,619.99998,0.0,0.0,26.8823
630.0,3.1315,0.0,1559479140.0,1,1,26.9621,64,630.0,0.0,0.0,26.8989
640.00002,3.1315,0.0,1559479140.0,1,1,26.9621,65,640.00002,0.0,0.0,26.9156
649.99998,3.1315,0.0,1559479140.0,1,1,26.9787,66,649.99998,0.0,0.0,26.9156
660.0,3.1315,0.0,1559479140.0,1,1,26.9953,67,660.0,0.0,0.0,26.9156
670.00002,3.1315,0.0,1559479140.0,1,1,26.9953,68,670.00002,0.0,0.0,26.9156
679.99998,3.1313,0.0,1559479200.0,1,1,27.0119,69,679.99998,0.0,0.0,26.9323
690.0,3.1315,0.0,1559479200.0,1,1,27.0285,70,690.0,0.0,0.0,26.949
700.00002,3.1316,0.0,1559479200.0,1,1,27.0451,71,700.00002,0.0,0.0,26.949
709.99998,3.1315,0.0,1559479200.0,1,1,27.0119,72,709.99998,0.0,0.0,26.8989
720.0,3.1315,0.0,1559479200.0,1,1,27.0285,73,720.0,0.0,0.0,26.8989
730.00002,3.1315,0.0,1559479200.0,1,1,27.0119,74,730.00002,0.0,0.0,26.8989
739.99998,3.1315,0.0,1559479260.0,1,1,27.0119,75,739.99998,0.0,0.0,26.8989
750.0,3.1315,0.0,1559479260.0,1,1,27.0119,76,750.0,0.0,0.0,26.8989
760.00002,3.1315,0.0,1559479260.0,1,1,26.9953,77,760.00002,0.0,0.0,26.8989
769.99998,3.1313,0.0,1559479260.0,1,1,27.0119,78,769.99998,0.0,0.0,26.8989
780.0,3.1315,0.0,1559479260.0,1,1,26.9953,79,780.0,0.0,0.0,26.8989
790.00002,3.1315,0.0,1559479260.0,1,1,26.9953,80,790.00002,0.0,0.0,26.8989
799.99998,3.1316,0.0,1559479320.0,1,1,26.9953,81,799.99998,0.0,0.0,26.8989
810.0,3.1313,0.0,1559479320.0,1,1,26.9953,82,810.0,0.0,0.0,26.8989
820.00002,3.1316,0.0,1559479320.0,1,1,26.9953,83,820.00002,0.0,0.0,26.949
829.99998,3.1315,0.0,1559479320.0,1,1,26.9953,84,829.99998,0.0,0.0,26.949
840.0,3.1316,0.0,1559479320.0,1,1,26.9953,85,840.0,0.0,0.0,26.949
850.00002,3.1315,0.0,1559479320.0,1,1,27.0119,86,850.00002,0.0,0.0,26.949
859.99998,3.1316,0.0,1559479380.0,1,1,26.9953,87,859.99998,0.0,0.0,26.9657
870.0,3.1315,0.0,1559479380.0,1,1,27.0119,88,870.0,0.0,0.0,26.9657
880.00002,3.1315,0.0,1559479380.0,1,1,27.0119,89,880.00002,0.0,0.0,26.9657
889.99998,3.1316,0.0,1559479380.0,1,1,26.9953,90,889.99998,0.0,0.0,26.9156
900.0,3.1316,0.0,1559479380.0,1,1,26.9953,91,900.0,0.0,0.0,26.949
910.00002,3.1315,0.0,1559479380.0,1,1,26.9953,92,910.00002,0.0,0.0,26.9823
919.99998,3.1315,0.0,1559479440.0,1,1,26.9953,93,919.99998,0.0,0.0,26.9156
930.0,3.1315,0.0,1559479440.0,1,1,26.9953,94,930.0,0.0,0.0,26.8989
940.00002,3.1315,0.0,1559479440.0,1,1,26.9787,95,940.00002,0.0,0.0,26.9156
949.99998,3.1316,0.0,1559479440.0,1,1,26.9787,96,949.99998,0.0,0.0,26.9156
960.0,3.1316,0.0,1559479440.0,1,1,26.9621,97,960.0,0.0,0.0,26.9156
970.00002,3.1315,0.0,1559479440.0,1,1,26.9621,98,970.00002,0.0,0.0,26.9156
979.99998,3.1315,0.0,1559479500.0,1,1,26.9455,99,979.99998,0.0,0.0,26.9156
990.0,3.1316,0.0,1559479500.0,1,1,26.9621,100,990.0,0.0,0.0,26.9323
1000.00002,3.1315,0.0,1559479500.0,1,1,26.9621,101,1000.00002,0.0,0.0,26.9156
1009.99998,3.1316,0.0,1559479500.0,1,1,26.9455,102,1009.99998,0.0,0.0,26.9156
1020.0,3.1313,0.0,1559479500.0,1,1,26.9289,103,1020.0,0.0,0.0,26.9156
1030.00002,3.1315,0.0,1559479500.0,1,1,26.9455,104,1030.00002,0.0,0.0,26.8989
1039.99998,3.1316,0.0,1559479560.0,1,1,26.9123,105,1039.99998,0.0,0.0,26.8823
1050.0,3.1315,0.0,1559479560.0,1,1,26.9123,106,1050.0,0.0,0.0,26.8989
1060.00002,3.1315,0.0,1559479560.0,1,1,26.9123,107,1060.00002,0.0,0.0,26.8823
1069.99998,3.1316,0.0,1559479560.0,1,1,26.8957,108,1069.99998,0.0,0.0,26.8823
1080.0,3.1316,0.0,1559479560.0,1,1,26.8957,109,1080.0,0.0,0.0,26.8989
1090.00002,3.1315,0.0,1559479560.0,1,1,26.8957,110,1090.00002,0.0,0.0,26.8989
1099.99998,3.1316,0.0,1559479620.0,1,1,26.8791,111,1099.99998,0.0,0.0,26.8989
1110.0,3.1316,0.0,1559479620.0,1,1,26.8791,112,1110.0,0.0,0.0,26.8823
1120.00002,3.1315,0.0,1559479620.0,1,1,26.8791,113,1120.00002,0.0,0.0,26.8656
1129.99998,3.1316,0.0,1559479620.0,1,1,26.8625,114,1129.99998,0.0,0.0,26.8823
1140.0,3.1313,0.0,1559479620.0,1,1,26.8625,115,1140.0,0.0,0.0,26.9323
1150.00002,3.1315,0.0,1559479620.0,1,1,26.8625,116,1150.00002,0.0,0.0,26.949
1159.99998,3.1315,0.0,1559479680.0,1,1,26.8625,117,1159.99998,0.0,0.0,26.9323
1170.0,3.1316,0.0,1559479680.0,1,1,26.8293,118,1170.0,0.0,0.0,26.9323
1180.00002,3.1316,0.0,1559479680.0,1,1,26.8127,119,1180.00002,0.0,0.0,26.9323
1189.99998,3.1316,0.0,1559479680.0,1,1,26.8127,120,1189.99998,0.0,0.0,26.949
1200.0,3.1315,0.0,1559479680.0,1,1,26.8127,121,1200.0,0.0,0.0,26.949
1210.00002,3.1316,0.0,1559479680.0,1,1,26.7961,122,1210.00002,0.0,0.0,26.9323
1219.99998,3.1315,0.0,1559479740.0,1,1,26.8127,123,1219.99998,0.0,0.0,26.949
1230.0,3.1315,0.0,1559479740.0,1,1,26.7961,124,1230.0,0.0,0.0,26.8823
1240.00002,3.1316,0.0,1559479740.0,1,1,26.8127,125,1240.00002,0.0,0.0,26.8823
1249.99998,3.1315,0.0,1559479740.0,1,1,26.7961,126,1249.99998,0.0,0.0,26.8656
1260.0,3.1316,0.0,1559479740.0,1,1,26.8127,127,1260.0,0.0,0.0,26.8823
1270.00002,3.1315,0.0,1559479740.0,1,1,26.7961,128,1270.00002,0.0,0.0,26.8656
1279.99998,3.1315,0.0,1559479800.0,1,1,26.7961,129,1279.99998,0.0,0.0,26.8656
1290.0,3.1316,0.0,1559479800.0,1,1,26.7961,130,1290.0,0.0,0.0,26.8823
1300.00002,3.1315,0.0,1559479800.0,1,1,26.7961,131,1300.00002,0.0,0.0,26.8823
1309.99998,3.1315,0.0,1559479800.0,1,1,26.7961,132,1309.99998,0.0,0.0,26.8823
1320.0,3.1315,0.0,1559479800.0,1,1,26.7961,133,1320.0,0.0,0.0,26.8489
1330.00002,3.1315,0.0,1559479800.0,1,1,26.7795,134,1330.00002,0.0,0.0,26.8656
1339.99998,3.1316,0.0,1559479860.0,1,1,26.7795,135,1339.99998,0.0,0.0,26.9156
1350.0,3.1316,0.0,1559479860.0,1,1,26.7795,136,1350.0,0.0,0.0,26.9156
1360.00002,3.1313,0.0,1559479860.0,1,1,26.7795,137,1360.00002,0.0,0.0,26.8656
1369.99998,3.1315,0.0,1559479860.0,1,1,26.7795,138,1369.99998,0.0,0.0,26.8656
1380.0,3.1315,0.0,1559479860.0,1,1,26.7795,139,1380.0,0.0,0.0,26.8489
1390.00002,3.1315,0.0,1559479860.0,1,1,26.7629,140,1390.00002,0.0,0.0,26.8656
1399.99998,3.1315,0.0,1559479920.0,1,1,26.7629,141,1399.99998,0.0,0.0,26.8489
1410.0,3.1316,0.0,1559479920.0,1,1,26.7463,142,1410.0,0.0,0.0,26.8823
1420.00002,3.1316,0.0,1559479920.0,1,1,26.7463,143,1420.00002,0.0,0.0,26.8989
1429.99998,3.1316,0.0,1559479920.0,1,1,26.7297,144,1429.99998,0.0,0.0,26.8989
1440.0,3.1316,0.0,1559479920.0,1,1,26.7297,145,1440.0,0.0,0.0,26.8989
1450.00002,3.1316,0.0,1559479920.0,1,1,26.7297,146,1450.00002,0.0,0.0,26.8823
1459.99998,3.1316,0.0,1559479980.0,1,1,26.7297,147,1459.99998,0.0,0.0,26.8656
1470.0,3.1315,0.0,1559479980.0,1,1,26.7131,148,1470.0,0.0,0.0,26.8489
1480.00002,3.1316,0.0,1559479980.0,1,1,26.6965,149,1480.00002,0.0,0.0,26.8489
1489.99998,3.1315,0.0,1559479980.0,1,1,26.6965,150,1489.99998,0.0,0.0,26.8489
1500.0,3.1315,0.0,1559479980.0,1,1,26.7297,151,1500.0,0.0,0.0,26.8489
1510.00002,3.1318,0.0,1559479980.0,1,1,26.7131,152,1510.00002,0.0,0.0,26.8489
1519.99998,3.1316,0.0,1559480040.0,1,1,26.7297,153,1519.99998,0.0,0.0,26.8322
1530.0,3.1315,0.0,1559480040.0,1,1,26.7297,154,1530.0,0.0,0.0,26.8322
1540.00002,3.1315,0.0,1559480040.0,1,1,26.7297,155,1540.00002,0.0,0.0,26.8489
1549.99998,3.1316,0.0,1559480040.0,1,1,26.7297,156,1549.99998,0.0,0.0,26.8322
1560.0,3.1316,0.0,1559480040.0,1,1,26.7131,157,1560.0,0.0,0.0,26.8322
1570.00002,3.1316,0.0,1559480040.0,1,1,26.7131,158,1570.00002,0.0,0.0,26.8155
1579.99998,3.1315,0.0,1559480100.0,1,1,26.7131,159,1579.99998,0.0,0.0,26.8155
1590.0,3.1315,0.0,1559480100.0,1,1,26.7131,160,1590.0,0.0,0.0,26.8989
1600.00002,3.1316,0.0,1559480100.0,1,1,26.6965,161,1600.00002,0.0,0.0,26.8823
1609.99998,3.1316,0.0,1559480100.0,1,1,26.6965,162,1609.99998,0.0,0.0,26.8823
1620.0,3.1316,0.0,1559480100.0,1,1,26.6965,163,1620.0,0.0,0.0,26.8656
1630.00002,3.1315,0.0,1559480100.0,1,1,26.6799,164,1630.00002,0.0,0.0,26.8823
1639.99998,3.1315,0.0,1559480160.0,1,1,26.6799,165,1639.99998,0.0,0.0,26.8656
1650.0,3.1315,0.0,1559480160.0,1,1,26.6799,166,1650.0,0.0,0.0,26.8823
1660.00002,3.1316,0.0,1559480160.0,1,1,26.6799,167,1660.00002,0.0,0.0,26.8823
1669.99998,3.1315,0.0,1559480160.0,1,1,26.6799,168,1669.99998,0.0,0.0,26.8823
1680.0,3.1315,0.0,1559480160.0,1,1,26.6799,169,1680.0,0.0,0.0,26.8823
1690.00002,3.1316,0.0,1559480160.0,1,1,26.6799,170,1690.00002,0.0,0.0,26.8823
1699.99998,3.1315,0.0,1559480220.0,1,1,26.6799,171,1699.99998,0.0,0.0,26.8823
1710.0,3.1316,0.0,1559480220.0,1,1,26.6799,172,1710.0,0.0,0.0,26.8656
1720.00002,3.1316,0.0,1559480220.0,1,1,26.6799,173,1720.00002,0.0,0.0,26.8823
1729.99998,3.1316,0.0,1559480220.0,1,1,26.6965,174,1729.99998,0.0,0.0,26.8823
1740.0,3.1315,0.0,1559480220.0,1,1,26.6965,175,1740.0,0.0,0.0,26.8823
1750.00002,3.1315,0.0,1559480220.0,1,1,26.6965,176,1750.00002,0.0,0.0,26.8823
1759.99998,3.1313,0.0,1559480280.0,1,1,26.6965,177,1759.99998,0.0,0.0,26.8823
1770.0,3.1316,0.0,1559480280.0,1,1,26.6965,178,1770.0,0.0,0.0,26.8823
1780.00002,3.1316,0.0,1559480280.0,1,1,26.6799,179,1780.00002,0.0,0.0,26.8656
1789.99998,3.1315,0.0,1559480280.0,1,1,26.6467,180,1789.99998,0.0,0.0,26.8322
1800.0,3.1315,0.0,1559480280.0,1,1,26.6633,181,1800.0,0.0,0.0,26.8155
1800.04002,3.1128,0.502632,1559480280.0,1,2,26.6633,182,0.04002,4.07e-06,1.268e-05,26.8155
1800.48,3.1017,0.500191,1559480280.0,1,2,26.6633,183,0.48,6.52e-05,0.00020252,26.8155
1802.74002,3.0913,0.499886,1559480280.0,1,2,26.6633,184,2.74002,0.00037908,0.00117394,26.8322
1811.55,3.0811,0.499886,1559480280.0,1,2,26.6467,185,11.55,0.00160265,0.00494935,26.8155
1826.29002,3.0709,0.500343,1559480340.0,1,2,26.6467,186,26.29002,0.0036498,0.0112462,26.8322
1843.75998,3.0608,0.499733,1559480340.0,1,2,26.6467,187,43.75998,0.0060761,0.0186847,26.8322
1862.68998,3.0506,0.500191,1559480340.0,1,2,26.6633,188,62.68998,0.00870516,0.0267185,26.8322
1883.14998,3.0404,0.499733,1559480400.0,1,2,26.6799,189,83.14998,0.0115467,0.0353728,26.8656
1904.08002,3.0303,0.49958,1559480400.0,1,2,26.6799,190,104.08002,0.0144536,0.0441961,26.949
1924.27002,3.0202,0.500343,1559480400.0,1,2,26.6633,191,124.27002,0.0172576,0.0526788,26.9657
1944.34002,3.01,0.500038,1559480460.0,1,2,26.6633,192,144.34002,0.020045,0.0610835,26.9657
1964.92002,2.9996,0.49958,1559480460.0,1,2,26.6633,193,164.92002,0.0229032,0.0696729,26.999
1985.23998,2.9895,0.500038,1559480460.0,1,2,26.6633,194,185.23998,0.0257254,0.0781245,27.0324
2004.55998,2.9795,0.499886,1559480520.0,1,2,26.6135,195,204.55998,0.0284086,0.0861327,26.9823
2023.39998,2.9693,0.500191,1559480520.0,1,2,26.6301,196,223.39998,0.0310252,0.0939157,26.999
2042.20998,2.959,0.500191,1559480520.0,1,2,26.6135,197,242.20998,0.0336376,0.10166,27.0157
2060.4,2.949,0.500038,1559480580.0,1,2,26.6135,198,260.4,0.0361638,0.109123,27.0324
2078.46,2.9389,0.500038,1559480580.0,1,2,26.6799,199,278.46,0.0386721,0.116507,27.0491
2095.8,2.9287,0.499733,1559480580.0,1,2,26.6633,200,295.8,0.0410803,0.123572,27.0657
2113.09002,2.9184,0.499886,1559480640.0,1,2,26.6301,201,313.09002,0.0434816,0.130593,27.0824
2130.03,2.9082,0.49958,1559480640.0,1,2,26.6467,202,330.03,0.0458343,0.137448,27.1158
2146.65,2.8981,0.500191,1559480640.0,1,2,26.6301,203,346.65,0.0481426,0.144149,27.1158
2162.83002,2.8879,0.500038,1559480640.0,1,2,26.6467,204,362.83002,0.0503897,0.150651,27.1325
2179.09002,2.8779,0.499886,1559480700.0,1,2,26.6467,205,379.09002,0.052648,0.157161,27.1491
2194.38,2.8678,0.499886,1559480700.0,1,2,26.6467,206,394.38,0.0547715,0.163262,27.1491
2209.69002,2.8577,0.499886,1559480700.0,1,2,26.6467,207,409.69002,0.0568978,0.169349,27.1658
2225.02002,2.8476,0.500038,1559480700.0,1,2,26.6301,208,425.02002,0.0590269,0.175423,27.1825
2240.17998,2.8374,0.500343,1559480760.0,1,2,26.6467,209,440.17998,0.0611324,0.181408,27.1992
2255.14998,2.8272,0.499733,1559480760.0,1,2,26.6467,210,455.14998,0.0632114,0.187297,27.2158
2269.74,2.817,0.500191,1559480760.0,1,2,26.6467,211,469.74,0.0652378,0.193015,27.2158
2283.99,2.8069,0.499733,1559480760.0,1,2,26.6467,212,483.99,0.0672169,0.198581,27.2325
2297.97,2.7968,0.499886,1559480820.0,1,2,26.6467,213,497.97,0.0691584,0.204021,27.2325
2311.60002,2.7866,0.500343,1559480820.0,1,2,26.6467,214,511.60002,0.0710514,0.209306,27.2325
2325.31002,2.7765,0.500191,1559480820.0,1,2,26.6467,215,525.31002,0.0729555,0.214602,27.2325
2338.08,2.7663,0.500343,1559480820.0,1,2,26.6301,216,538.08,0.0747291,0.219517,27.2492
2350.77,2.7561,0.499886,1559480820.0,1,2,26.6799,217,550.77,0.0764915,0.224384,27.2492
2362.89,2.746,0.500038,1559480880.0,1,2,26.6799,218,562.89,0.0781748,0.229015,27.2492
2374.8,2.7359,0.500191,1559480880.0,1,2,26.6633,219,574.8,0.0798289,0.233549,27.2492
2386.23,2.7259,0.49958,1559480880.0,1,2,26.6467,220,586.23,0.0814163,0.237885,27.3326
2397.67998,2.7156,0.49958,1559480880.0,1,2,26.6633,221,597.67998,0.0830065,0.242211,27.3326
2408.77998,2.7056,0.500191,1559480880.0,1,2,26.6799,222,608.77998,0.0845481,0.24639,27.3493
2419.83,2.6955,0.500191,1559480940.0,1,2,26.6633,223,619.83,0.0860828,0.250535,27.3493
2430.76998,2.6854,0.500191,1559480940.0,1,2,26.6799,224,630.76998,0.0876022,0.254623,27.366
2442.0,2.6752,0.500191,1559480940.0,1,2,26.6633,225,642.0,0.0891618,0.258803,27.366
2453.04,2.665,0.499886,1559480940.0,1,2,26.6633,226,653.04,0.0906951,0.262897,27.3826
2464.41,2.6549,0.499733,1559480940.0,1,2,26.5139,227,664.41,0.0922742,0.267098,27.3493
2475.40002,2.6448,0.500191,1559481000.0,1,2,26.2981,228,675.40002,0.0938005,0.271142,27.2992
2486.53998,2.6348,0.49958,1559481000.0,1,2,26.1653,229,686.53998,0.0953477,0.275227,27.2659
2498.07,2.6247,0.499733,1559481000.0,1,2,25.9661,230,698.07,0.096949,0.279438,27.2492
2509.33002,2.6146,0.500496,1559481000.0,1,2,25.8499,231,709.33002,0.0985129,0.283535,27.1825
2520.67002,2.6046,0.49958,1559481000.0,1,2,25.6673,232,720.67002,0.100088,0.287645,27.1325
2531.98002,2.5945,0.500191,1559481000.0,1,2,25.7503,233,731.98002,0.101659,0.291728,27.1825
2543.32002,2.5843,0.500038,1559481060.0,1,2,25.8333,234,743.32002,0.103234,0.295806,27.2325
2554.96998,2.574,0.500038,1559481060.0,1,2,25.8665,235,754.96998,0.104851,0.299979,27.2492
2566.27002,2.5638,0.500496,1559481060.0,1,2,25.8997,236,766.27002,0.106421,0.304011,27.2325
2577.78,2.5537,0.499886,1559481060.0,1,2,25.8831,237,777.78,0.108019,0.308102,27.2492
2589.01002,2.5435,0.500191,1559481060.0,1,2,25.8831,238,789.01002,0.109579,0.312077,27.2492
2600.47002,2.5335,0.500038,1559481120.0,1,2,25.9661,239,800.47002,0.111171,0.316117,27.2826
2611.93002,2.5234,0.500038,1559481120.0,1,2,25.9993,240,811.93002,0.112762,0.320141,27.3326
2623.03998,2.5132,0.500038,1559481120.0,1,2,26.0491,241,823.03998,0.114305,0.324027,27.366
2634.21,2.5031,0.500191,1559481120.0,1,2,26.0823,242,834.21,0.115857,0.327918,27.3326
2637.3,2.5,0.500038,1559481120.0,1,2,26.0989,243,837.3,0.116286,0.328992,27.3326
2637.31002,2.517,0.0,1559481120.0,1,3,26.0989,244,0.01002,0.0,0.0,27.3326
2637.54,2.531,0.0,1559481120.0,1,3,26.0989,245,0.24,0.0,0.0,27.3326
2637.9,2.5434,0.0,1559481120.0,1,3,26.0989,246,0.6,0.0,0.0,27.3326
2638.41,2.555,0.0,1559481120.0,1,3,26.0989,247,1.11,0.0,0.0,27.3326
2639.1,2.5661,0.0,1559481120.0,1,3,26.0989,248,1.8,0.0,0.0,27.3326
2640.13998,2.5769,0.0,1559481120.0,1,3,26.0989,249,2.83998,0.0,0.0,27.3326
2641.71,2.5873,0.0,1559481120.0,1,3,26.0989,250,4.41,0.0,0.0,27.3326
2644.12002,2.5975,0.0,1559481120.0,1,3,26.1155,251,6.82002,0.0,0.0,27.3326
2647.66002,2.6076,0.0,1559481120.0,1,3,26.1155,252,10.36002,0.0,0.0,27.3493
2652.85998,2.6181,0.0,1559481180.0,1,3,26.1321,253,15.55998,0.0,0.0,27.366
2659.93998,2.6284,0.0,1559481180.0,1,3,26.1487,254,22.63998,0.0,0.0,27.366
2669.11002,2.6384,0.0,1559481180.0,1,3,26.1819,255,31.81002,0.0,0.0,27.3826
2681.35998,2.6487,0.0,1559481180.0,1,3,26.1819,256,44.05998,0.0,0.0,27.3826
2697.07002,2.6589,0.0,1559481180.0,1,3,26.1985,257,59.77002,0.0,0.0,27.3826
2717.94,2.669,0.0,1559481240.0,1,3,26.2981,258,80.64,0.0,0.0,27.3993
2744.26002,2.679,0.0,1559481240.0,1,3,26.3147,259,106.96002,0.0,0.0,27.416
2774.26002,2.688,0.0,1559481300.0,1,3,26.3811,260,136.96002,0.0,0.0,27.3826
2804.26002,2.6957,0.0,1559481300.0,1,3,26.4475,261,166.96002,0.0,0.0,27.3993
2834.26002,2.7016,0.0,1559481360.0,1,3,26.4973,262,196.96002,0.0,0.0,27.3993
2864.26002,2.7074,0.0,1559481360.0,1,3,26.5637,263,226.96002,0.0,0.0,27.3993
2894.26002,2.7123,0.0,1559481420.0,1,3,26.6135,264,256.96002,0.0,0.0,27.3826
2924.26002,2.7167,0.0,1559481420.0,1,3,26.6135,265,286.96002,0.0,0.0,27.3493
2954.26002,2.7207,0.0,1559481480.0,1,3,26.6965,266,316.96002,0.0,0.0,27.3326
2984.26002,2.7242,0.0,1559481480.0,1,3,26.7131,267,346.96002,0.0,0.0,27.3159
3014.26002,2.7277,0.0,1559481540.0,1,3,26.6467,268,376.96002,0.0,0.0,27.3159
3044.26002,2.7308,0.0,1559481540.0,1,3,26.6467,269,406.96002,0.0,0.0,27.3159
3074.26002,2.7337,0.0,1559481600.0,1,3,26.6467,270,436.96002,0.0,0.0,27.2992
3104.26002,2.7364,0.0,1559481600.0,1,3,26.6467,271,466.96002,0.0,0.0,27.2659
3134.26002,2.7388,0.0,1559481660.0,1,3,26.6633,272,496.96002,0.0,0.0,27.2659
3164.26002,2.7413,0.0,1559481660.0,1,3,26.6633,273,526.96002,0.0,0.0,27.2492
3194.26002,2.7436,0.0,1559481720.0,1,3,26.6633,274,556.96002,0.0,0.0,27.2158
3224.26002,2.7456,0.0,1559481720.0,1,3,26.7297,275,586.96002,0.0,0.0,27.2158
3254.26002,2.7477,0.0,1559481780.0,1,3,26.6467,276,616.96002,0.0,0.0,27.1825
3284.26002,2.7497,0.0,1559481780.0,1,3,26.6135,277,646.96002,0.0,0.0,27.1491
3314.26002,2.7515,0.0,1559481840.0,1,3,26.6799,278,676.96002,0.0,0.0,27.1158
3344.26002,2.7533,0.0,1559481840.0,1,3,26.6467,279,706.96002,0.0,0.0,27.0824
3374.26002,2.7549,0.0,1559481900.0,1,3,26.5969,280,736.96002,0.0,0.0,27.1158
3404.26002,2.7565,0.0,1559481900.0,1,3,26.6135,281,766.96002,0.0,0.0,27.0991
3434.26002,2.7581,0.0,1559481960.0,1,3,26.5969,282,796.96002,0.0,0.0,27.0991
3464.26002,2.7596,0.0,1559481960.0,1,3,26.5969,283,826.96002,0.0,0.0,27.0824
3494.26002,2.7611,0.0,1559482020.0,1,3,26.5803,284,856.96002,0.0,0.0,27.0491
3524.26002,2.7625,0.0,1559482020.0,1,3,26.5803,285,886.96002,0.0,0.0,27.0491
3554.26002,2.7636,0.0,1559482080.0,1,3,26.1819,286,916.96002,0.0,0.0,26.949
3584.26002,2.7651,0.0,1559482080.0,1,3,26.1985,287,946.96002,0.0,0.0,26.9657
3614.26002,2.7662,0.0,1559482140.0,1,3,26.2151,288,976.96002,0.0,0.0,26.9323
3644.26002,2.7674,0.0,1559482140.0,1,3,26.2151,289,1006.96002,0.0,0.0,26.9323
3674.26002,2.7686,0.0,1559482200.0,1,3,26.2317,290,1036.96002,0.0,0.0,26.9323
3704.26002,2.7697,0.0,1559482200.0,1,3,26.2649,291,1066.96002,0.0,0.0,26.9156
3734.26002,2.771,0.0,1559482260.0,1,3,26.2981,292,1096.96002,0.0,0.0,26.9156
3764.26002,2.7718,0.0,1559482260.0,1,3,26.2981,293,1126.96002,0.0,0.0,26.8989
3794.26002,2.773,0.0,1559482320.0,1,3,26.3313,294,1156.96002,0.0,0.0,26.8989
3824.26002,2.7741,0.0,1559482320.0,1,3,26.3645,295,1186.96002,0.0,0.0,26.9156
3854.26002,2.7753,0.0,1559482380.0,1,3,26.3811,296,1216.96002,0.0,0.0,26.8989
3884.26002,2.7761,0.0,1559482380.0,1,3,26.4143,297,1246.96002,0.0,0.0,26.8989
3914.26002,2.777,0.0,1559482440.0,1,3,26.4309,298,1276.96002,0.0,0.0,26.8823
3944.26002,2.7778,0.0,1559482440.0,1,3,26.4475,299,1306.96002,0.0,0.0,26.8823
3974.26002,2.7785,0.0,1559482500.0,1,3,26.4807,300,1336.96002,0.0,0.0,26.8989
4004.26002,2.7796,0.0,1559482500.0,1,3,26.5139,301,1366.96002,0.0,0.0,26.8989
4034.26002,2.7802,0.0,1559482560.0,1,3,26.5139,302,1396.96002,0.0,0.0,26.8823
4064.26002,2.7811,0.0,1559482560.0,1,3,26.5305,303,1426.96002,0.0,0.0,26.8823
4094.26002,2.782,0.0,1559482620.0,1,3,26.5637,304,1456.96002,0.0,0.0,26.8823
4124.26002,2.7828,0.0,1559482620.0,1,3,26.5803,305,1486.96002,0.0,0.0,26.8823
4154.26002,2.7834,0.0,1559482680.0,1,3,26.5803,306,1516.96002,0.0,0.0,26.8989
4184.26002,2.7842,0.0,1559482680.0,1,3,26.5969,307,1546.96002,0.0,0.0,26.8989
4214.26002,2.7849,0.0,1559482740.0,1,3,26.5969,308,1576.96002,0.0,0.0,26.8989
4244.26002,2.7855,0.0,1559482740.0,1,3,26.6135,309,1606.96002,0.0,0.0,26.8989
4274.26002,2.7864,0.0,1559482800.0,1,3,26.6301,310,1636.96002,0.0,0.0,26.8989
4304.26002,2.7869,0.0,1559482800.0,1,3,26.6467,311,1666.96002,0.0,0.0,26.8989
4334.26002,2.7877,0.0,1559482860.0,1,3,26.6633,312,1696.96002,0.0,0.0,26.8989
4364.26002,2.7884,0.0,1559482860.0,1,3,26.6633,313,1726.96002,0.0,0.0,26.9156
4394.26002,2.7889,0.0,1559482920.0,1,3,26.6467,314,1756.96002,0.0,0.0,26.9156
4424.26002,2.7895,0.0,1559482920.0,1,3,26.6633,315,1786.96002,0.0,0.0,26.8989
4454.26002,2.7903,0.0,1559482980.0,1,3,26.6467,316,1816.96002,0.0,0.0,26.8989
4484.26002,2.7907,0.0,1559482980.0,1,3,26.6633,317,1846.96002,0.0,0.0,26.8989
4514.26002,2.7913,0.0,1559483040.0,1,3,26.6301,318,1876.96002,0.0,0.0,26.8322
4544.26002,2.7919,0.0,1559483040.0,1,3,26.6301,319,1906.96002,0.0,0.0,26.8322
4574.26002,2.7927,0.0,1559483100.0,1,3,26.5969,320,1936.96002,0.0,0.0,26.8656
4604.26002,2.7932,0.0,1559483100.0,1,3,26.5803,321,1966.96002,0.0,0.0,26.8656
4634.26002,2.7936,0.0,1559483160.0,1,3,26.5803,322,1996.96002,0.0,0.0,26.8489
4664.26002,2.7942,0.0,1559483160.0,1,3,26.5803,323,2026.96002,0.0,0.0,26.8489
4694.26002,2.7947,0.0,1559483220.0,1,3,26.5803,324,2056.96002,0.0,0.0,26.8489
4724.26002,2.795,0.0,1559483220.0,1,3,26.5803,325,2086.96002,0.0,0.0,26.8489
4754.26002,2.7956,0.0,1559483280.0,1,3,26.5803,326,2116.96002,0.0,0.0,26.8489
4784.26002,2.7962,0.0,1559483280.0,1,3,26.5803,327,2146.96002,0.0,0.0,26.8489
4814.26002,2.7967,0.0,1559483340.0,1,3,26.5803,328,2176.96002,0.0,0.0,26.8322
4844.26002,2.7973,0.0,1559483340.0,1,3,26.5803,329,2206.96002,0.0,0.0,26.8489
4874.26002,2.7976,0.0,1559483400.0,1,3,26.5803,330,2236.96002,0.0,0.0,26.8322
4904.26002,2.798,0.0,1559483400.0,1,3,26.5637,331,2266.96002,0.0,0.0,26.8322
4934.26002,2.7985,0.0,1559483460.0,1,3,26.5637,332,2296.96002,0.0,0.0,26.8322
4964.26002,2.7991,0.0,1559483460.0,1,3,26.5803,333,2326.96002,0.0,0.0,26.8489
4994.26002,2.7994,0.0,1559483520.0,1,3,26.5969,334,2356.96002,0.0,0.0,26.8322
5024.26002,2.8,0.0,1559483520.0,1,3,26.5969,335,2386.96002,0.0,0.0,26.8489
5054.26002,2.8003,0.0,1559483580.0,1,3,26.5803,336,2416.96002,0.0,0.0,26.8322
5084.26002,2.8006,0.0,1559483580.0,1,3,26.5803,337,2446.96002,0.0,0.0,26.8155
5114.26002,2.8009,0.0,1559483640.0,1,3,26.5637,338,2476.96002,0.0,0.0,26.8155
5144.26002,2.8016,0.0,1559483640.0,1,3,26.5803,339,2506.96002,0.0,0.0,26.8322
5174.26002,2.8017,0.0,1559483700.0,1,3,26.5803,340,2536.96002,0.0,0.0,26.8155
5204.26002,2.8023,0.0,1559483700.0,1,3,26.5803,341,2566.96002,0.0,0.0,26.8155
5234.26002,2.8026,0.0,1559483760.0,1,3,26.5471,342,2596.96002,0.0,0.0,26.7989
5264.26002,2.8029,0.0,1559483760.0,1,3,26.5471,343,2626.96002,0.0,0.0,26.7655
5294.26002,2.8032,0.0,1559483820.0,1,3,26.4973,344,2656.96002,0.0,0.0,26.7488
5324.26002,2.8037,0.0,1559483820.0,1,3,26.5637,345,2686.96002,0.0,0.0,26.7488
5354.26002,2.8042,0.0,1559483880.0,1,3,26.5637,346,2716.96002,0.0,0.0,26.7322
5384.26002,2.8046,0.0,1559483880.0,1,3,26.5637,347,2746.96002,0.0,0.0,26.7488
5414.26002,2.8048,0.0,1559483940.0,1,3,26.5139,348,2776.96002,0.0,0.0,26.7655
5444.26002,2.8051,0.0,1559483940.0,1,3,26.5305,349,2806.96002,0.0,0.0,26.7488
5474.26002,2.8054,0.0,1559484000.0,1,3,26.5803,350,2836.96002,0.0,0.0,26.7488
5504.26002,2.8058,0.0,1559484000.0,1,3,26.5471,351,2866.96002,0.0,0.0,26.7322
5534.26002,2.8061,0.0,1559484060.0,1,3,26.4973,352,2896.96002,0.0,0.0,26.7488
5564.26002,2.8066,0.0,1559484060.0,1,3,26.5471,353,2926.96002,0.0,0.0,26.7488
5594.26002,2.8069,0.0,1559484120.0,1,3,26.5305,354,2956.96002,0.0,0.0,26.7822
5624.26002,2.807,0.0,1559484120.0,1,3,26.5139,355,2986.96002,0.0,0.0,26.7655
5654.26002,2.8072,0.0,1559484180.0,1,3,26.4973,356,3016.96002,0.0,0.0,26.7488
5684.26002,2.8077,0.0,1559484180.0,1,3,26.4973,357,3046.96002,0.0,0.0,26.7322
5714.26002,2.808,0.0,1559484240.0,1,3,26.4807,358,3076.96002,0.0,0.0,26.7322
5744.26002,2.8083,0.0,1559484240.0,1,3,26.5139,359,3106.96002,0.0,0.0,26.7488
5774.26002,2.8084,0.0,1559484300.0,1,3,26.5139,360,3136.96002,0.0,0.0,26.7488
5804.26002,2.8089,0.0,1559484300.0,1,3,26.5139,361,3166.96002,0.0,0.0,26.7322
5834.26002,2.809,0.0,1559484360.0,1,3,26.5139,362,3196.96002,0.0,0.0,26.7488
5864.26002,2.8096,0.0,1559484360.0,1,3,26.5139,363,3226.96002,0.0,0.0,26.7322
5894.26002,2.8099,0.0,1559484420.0,1,3,26.4973,364,3256.96002,0.0,0.0,26.7322
5924.26002,2.8103,0.0,1559484420.0,1,3,26.5139,365,3286.96002,0.0,0.0,26.7322
5954.26002,2.8104,0.0,1559484480.0,1,3,26.5139,366,3316.96002,0.0,0.0,26.7322
5984.26002,2.8107,0.0,1559484480.0,1,3,26.5139,367,3346.96002,0.0,0.0,26.7155
6014.26002,2.8109,0.0,1559484540.0,1,3,26.5139,368,3376.96002,0.0,0.0,26.7155
6044.26002,2.8112,0.0,1559484540.0,1,3,26.4973,369,3406.96002,0.0,0.0,26.7155
6074.26002,2.8116,0.0,1559484600.0,1,3,26.4973,370,3436.96002,0.0,0.0,26.6988
6104.26002,2.8119,0.0,1559484600.0,1,3,26.4973,371,3466.96002,0.0,0.0,26.6988
6134.26002,2.8121,0.0,1559484660.0,1,3,26.5305,372,3496.96002,0.0,0.0,26.6821
6164.26002,2.8121,0.0,1559484660.0,1,3,26.4807,373,3526.96002,0.0,0.0,26.6821
6194.26002,2.8124,0.0,1559484720.0,1,3,26.5139,374,3556.96002,0.0,0.0,26.6821
6224.26002,2.8125,0.0,1559484720.0,1,3,26.5139,375,3586.96002,0.0,0.0,26.7488
6254.26002,2.813,0.0,1559484780.0,1,3,26.5139,376,3616.96002,0.0,0.0,26.7488
6284.26002,2.8132,0.0,1559484780.0,1,3,26.5139,377,3646.96002,0.0,0.0,26.6821
6314.26002,2.8135,0.0,1559484840.0,1,3,26.5139,378,3676.96002,0.0,0.0,26.7488
6344.26002,2.8136,0.0,1559484840.0,1,3,26.5305,379,3706.96002,0.0,0.0,26.7488
6374.26002,2.8136,0.0,1559484900.0,1,3,26.5139,380,3736.96002,0.0,0.0,26.6821
6404.26002,2.8139,0.0,1559484900.0,1,3,26.5305,381,3766.96002,0.0,0.0,26.6654
6434.26002,2.8144,0.0,1559484960.0,1,3,26.5305,382,3796.96002,0.0,0.0,26.6654
6464.26002,2.8144,0.0,1559484960.0,1,3,26.5139,383,3826.96002,0.0,0.0,26.6654
6494.26002,2.8147,0.0,1559485020.0,1,3,26.5139,384,3856.96002,0.0,0.0,26.7155
6524.26002,2.8151,0.0,1559485020.0,1,3,26.5139,385,3886.96002,0.0,0.0,26.7488
6554.26002,2.8151,0.0,1559485080.0,1,3,26.5139,386,3916.96002,0.0,0.0,26.7488
6584.26002,2.8156,0.0,1559485080.0,1,3,26.5305,387,3946.96002,0.0,0.0,26.6654
6614.26002,2.8156,0.0,1559485140.0,1,3,26.5139,388,3976.96002,0.0,0.0,26.7322
6644.26002,2.8159,0.0,1559485140.0,1,3,26.5305,389,4006.96002,0.0,0.0,26.6654
6674.26002,2.8161,0.0,1559485200.0,1,3,26.4807,390,4036.96002,0.0,0.0,26.6821
6704.26002,2.8162,0.0,1559485200.0,1,3,26.4807,391,4066.96002,0.0,0.0,26.6821
6734.26002,2.8167,0.0,1559485260.0,1,3,26.4807,392,4096.96002,0.0,0.0,26.6821
6764.26002,2.8165,0.0,1559485260.0,1,3,26.4807,393,4126.96002,0.0,0.0,26.6821
6794.26002,2.817,0.0,1559485320.0,1,3,26.4807,394,4156.96002,0.0,0.0,26.6988
6824.26002,2.8171,0.0,1559485320.0,1,3,26.4807,395,4186.96002,0.0,0.0,26.6988
6854.26002,2.8173,0.0,1559485380.0,1,3,26.4807,396,4216.96002,0.0,0.0,26.6821
6884.26002,2.8174,0.0,1559485380.0,1,3,26.4807,397,4246.96002,0.0,0.0,26.6988
6914.26002,2.8174,0.0,1559485440.0,1,3,26.5139,398,4276.96002,0.0,0.0,26.7322
6944.26002,2.8176,0.0,1559485440.0,1,3,26.4973,399,4306.96002,0.0,0.0,26.7322
6974.26002,2.8182,0.0,1559485500.0,1,3,26.4807,400,4336.96002,0.0,0.0,26.6988
7004.26002,2.8182,0.0,1559485500.0,1,3,26.4807,401,4366.96002,0.0,0.0,26.6988
7034.26002,2.8182,0.0,1559485560.0,1,3,26.4807,402,4396.96002,0.0,0.0,26.7155
7064.26002,2.8183,0.0,1559485560.0,1,3,26.4807,403,4426.96002,0.0,0.0,26.6821
7094.26002,2.8186,0.0,1559485620.0,1,3,26.4807,404,4456.96002,0.0,0.0,26.7155
7124.26002,2.819,0.0,1559485620.0,1,3,26.4641,405,4486.96002,0.0,0.0,26.6821
7154.26002,2.8191,0.0,1559485680.0,1,3,26.5139,406,4516.96002,0.0,0.0,26.6654
7184.26002,2.8193,0.0,1559485680.0,1,3,26.4973,407,4546.96002,0.0,0.0,26.6488
7214.26002,2.8196,0.0,1559485740.0,1,3,26.4973,408,4576.96002,0.0,0.0,26.7155
7244.26002,2.8197,0.0,1559485740.0,1,3,26.4973,409,4606.96002,0.0,0.0,26.6988
7274.26002,2.82,0.0,1559485800.0,1,3,26.4807,410,4636.96002,0.0,0.0,26.6821
7304.26002,2.8199,0.0,1559485800.0,1,3,26.4641,411,4666.96002,0.0,0.0,26.6821
7334.26002,2.8202,0.0,1559485860.0,1,3,26.4807,412,4696.96002,0.0,0.0,26.6988
7364.26002,2.8202,0.0,1559485860.0,1,3,26.4807,413,4726.96002,0.0,0.0,26.6988
7394.26002,2.8205,0.0,1559485920.0,1,3,26.4807,414,4756.96002,0.0,0.0,26.6988
7424.26002,2.8209,0.0,1559485920.0,1,3,26.4807,415,4786.96002,0.0,0.0,26.6988
7454.26002,2.8209,0.0,1559485980.0,1,3,26.4807,416,4816.96002,0.0,0.0,26.6988
7484.26002,2.8209,0.0,1559485980.0,1,3,26.4807,417,4846.96002,0.0,0.0,26.7155
7514.26002,2.8211,0.0,1559486040.0,1,3,26.4973,418,4876.96002,0.0,0.0,26.7155
7544.26002,2.8212,0.0,1559486040.0,1,3,26.4973,419,4906.96002,0.0,0.0,26.6488
7574.26002,2.8215,0.0,1559486100.0,1,3,26.4973,420,4936.96002,0.0,0.0,26.6654
7604.26002,2.8215,0.0,1559486100.0,1,3,26.2151,421,4966.96002,0.0,0.0,26.6154
7634.26002,2.822,0.0,1559486160.0,1,3,26.0325,422,4996.96002,0.0,0.0,26.532
7664.26002,2.822,0.0,1559486160.0,1,3,25.6839,423,5026.96002,0.0,0.0,26.4319
7694.26002,2.8222,0.0,1559486220.0,1,3,25.4183,424,5056.96002,0.0,0.0,26.3652
7724.26002,2.8223,0.0,1559486220.0,1,3,25.3519,425,5086.96002,0.0,0.0,26.3652
7754.26002,2.8225,0.0,1559486280.0,1,3,25.3353,426,5116.96002,0.0,0.0,26.4486
7784.26002,2.8225,0.0,1559486280.0,1,3,25.1361,427,5146.96002,0.0,0.0,26.0483
7814.26002,2.8229,0.0,1559486340.0,1,3,24.9369,428,5176.96002,0.0,0.0,25.7147
7844.26002,2.8229,0.0,1559486340.0,1,3,24.7709,429,5206.96002,0.0,0.0,25.7648
7874.26002,2.8231,0.0,1559486400.0,1,3,24.5717,430,5236.96002,0.0,0.0,25.9316
7904.26002,2.8234,0.0,1559486400.0,1,3,24.3725,431,5266.96002,0.0,0.0,25.8815
7934.26002,2.8234,0.0,1559486460.0,1,3,24.2065,432,5296.96002,0.0,0.0,25.8148
7964.26002,2.8237,0.0,1559486460.0,1,3,24.0737,433,5326.96002,0.0,0.0,25.7814
7994.26002,2.8237,0.0,1559486520.0,1,3,23.9243,434,5356.96002,0.0,0.0,25.6814
8024.26002,2.8238,0.0,1559486520.0,1,3,23.8413,435,5386.96002,0.0,0.0,25.598
8054.26002,2.824,0.0,1559486580.0,1,3,23.6587,436,5416.96002,0.0,0.0,25.4979
8084.26002,2.8241,0.0,1559486580.0,1,3,23.5923,437,5446.96002,0.0,0.0,25.4812
8114.26002,2.8243,0.0,1559486640.0,1,3,23.4927,438,5476.96002,0.0,0.0,25.4312
8144.26002,2.8246,0.0,1559486640.0,1,3,23.3931,439,5506.96002,0.0,0.0,25.3645
8174.26002,2.8246,0.0,1559486700.0,1,3,23.4761,440,5536.96002,0.0,0.0,25.2811
8204.26002,2.8248,0.0,1559486700.0,1,3,23.6089,441,5566.96002,0.0,0.0,25.3478
8234.26002,2.8249,0.0,1559486760.0,1,3,23.4429,442,5596.96002,0.0,0.0,25.1977
8264.26002,2.8252,0.0,1559486760.0,1,3,23.6919,443,5626.96002,0.0,0.0,25.3311
8294.26002,2.8252,0.0,1559486820.0,1,3,23.5591,444,5656.96002,0.0,0.0,25.2144
8324.26002,2.8254,0.0,1559486820.0,1,3,23.8247,445,5686.96002,0.0,0.0,25.2978
8354.26002,2.8255,0.0,1559486880.0,1,3,24.0571,446,5716.96002,0.0,0.0,25.3144
8384.26002,2.8257,0.0,1559486880.0,1,3,24.2729,447,5746.96002,0.0,0.0,25.2978
8414.26002,2.8257,0.0,1559486940.0,1,3,24.4721,448,5776.96002,0.0,0.0,25.3144
8444.26002,2.8258,0.0,1559486940.0,1,3,24.6879,449,5806.96002,0.0,0.0,25.3978
8474.26002,2.826,0.0,1559487000.0,1,3,24.8871,450,5836.96002,0.0,0.0,25.4145
8504.26002,2.826,0.0,1559487000.0,1,3,25.0531,451,5866.96002,0.0,0.0,25.4479
8534.26002,2.8263,0.0,1559487060.0,1,3,25.1693,452,5896.96002,0.0,0.0,25.4812
8564.26002,2.8263,0.0,1559487060.0,1,3,25.3685,453,5926.96002,0.0,0.0,25.5146
8594.26002,2.8267,0.0,1559487120.0,1,3,25.5179,454,5956.96002,0.0,0.0,25.5646
8624.26002,2.8269,0.0,1559487120.0,1,3,25.6507,455,5986.96002,0.0,0.0,25.6147
8654.26002,2.8269,0.0,1559487180.0,1,3,25.8001,456,6016.96002,0.0,0.0,25.648
8684.26002,2.8269,0.0,1559487180.0,1,3,25.8499,457,6046.96002,0.0,0.0,25.6814
8714.26002,2.827,0.0,1559487240.0,1,3,25.9661,458,6076.96002,0.0,0.0,25.7147
8744.26002,2.8272,0.0,1559487240.0,1,3,26.0491,459,6106.96002,0.0,0.0,25.7481
8774.26002,2.8272,0.0,1559487300.0,1,3,26.1819,460,6136.96002,0.0,0.0,25.8148
8804.26002,2.8273,0.0,1559487300.0,1,3,26.3147,461,6166.96002,0.0,0.0,25.9649
8834.26002,2.8273,0.0,1559487360.0,1,3,26.3645,462,6196.96002,0.0,0.0,25.9816
8864.26002,2.8276,0.0,1559487360.0,1,3,26.3811,463,6226.96002,0.0,0.0,26.0483
8894.26002,2.8275,0.0,1559487420.0,1,3,26.4309,464,6256.96002,0.0,0.0,26.015
8924.26002,2.8276,0.0,1559487420.0,1,3,26.4807,465,6286.96002,0.0,0.0,26.0316
8954.26002,2.8278,0.0,1559487480.0,1,3,26.5471,466,6316.96002,0.0,0.0,26.065
8984.26002,2.8278,0.0,1559487480.0,1,3,26.5969,467,6346.96002,0.0,0.0,26.1484
9014.26002,2.828,0.0,1559487540.0,1,3,26.6135,468,6376.96002,0.0,0.0,26.1484
9044.26002,2.8281,0.0,1559487540.0,1,3,26.4807,469,6406.96002,0.0,0.0,26.0817
9074.26002,2.8281,0.0,1559487600.0,1,3,26.2981,470,6436.96002,0.0,0.0,24.9141
9104.26002,2.8283,0.0,1559487600.0,1,3,26.3645,471,6466.96002,0.0,0.0,12.4922
9134.26002,2.8283,0.0,1559487660.0,1,3,12.7607,472,6496.96002,0.0,0.0,12.5941
9164.26002,2.8284,0.0,1559487660.0,1,3,12.8451,473,6526.96002,0.0,0.0,12.628
9194.26002,2.8284,0.0,1559487720.0,1,3,12.9802,474,6556.96002,0.0,0.0,12.7298
9224.26002,2.8287,0.0,1559487720.0,1,3,13.1323,475,6586.96002,0.0,0.0,12.8826
9254.26002,2.8286,0.0,1559487780.0,1,3,13.2505,476,6616.96002,0.0,0.0,12.9844
9284.26002,2.8289,0.0,1559487780.0,1,3,13.335,477,6646.96002,0.0,0.0,13.0184
9314.26002,2.8289,0.0,1559487840.0,1,3,13.4363,478,6676.96002,0.0,0.0,13.1032
9344.26002,2.8289,0.0,1559487840.0,1,3,13.5208,479,6706.96002,0.0,0.0,13.1881
9374.26002,2.829,0.0,1559487900.0,1,3,13.5883,480,6736.96002,0.0,0.0,13.256
9404.26002,2.8293,0.0,1559487900.0,1,3,13.2336,481,6766.96002,0.0,0.0,12.9844
9434.26002,2.8293,0.0,1559487960.0,1,3,12.5411,482,6796.96002,0.0,0.0,12.6959
9464.26002,2.8293,0.0,1559487960.0,1,3,12.6086,483,6826.96002,0.0,0.0,12.8826
9494.26002,2.8295,0.0,1559488020.0,1,3,12.7775,484,6856.96002,0.0,0.0,13.0184
9524.26002,2.8296,0.0,1559488020.0,1,3,12.9296,485,6886.96002,0.0,0.0,13.1032
9554.26002,2.8296,0.0,1559488080.0,1,3,13.1154,486,6916.96002,0.0,0.0,13.239
9584.26002,2.8298,0.0,1559488080.0,1,3,13.2167,487,6946.96002,0.0,0.0,13.2899
9614.26002,2.8298,0.0,1559488140.0,1,3,13.3687,488,6976.96002,0.0,0.0,13.4087
9644.26002,2.8299,0.0,1559488140.0,1,3,13.5039,489,7006.96002,0.0,0.0,13.4936
9674.26002,2.8302,0.0,1559488200.0,1,3,13.6221,490,7036.96002,0.0,0.0,13.5784
9704.26002,2.8302,0.0,1559488200.0,1,3,13.7066,491,7066.96002,0.0,0.0,13.6124
9734.26002,2.8302,0.0,1559488260.0,1,3,13.791,492,7096.96002,0.0,0.0,13.6633
9764.26002,2.8304,0.0,1559488260.0,1,3,13.8924,493,7126.96002,0.0,0.0,13.7821
9794.26002,2.8304,0.0,1559488320.0,1,3,13.9261,494,7156.96002,0.0,0.0,13.7821
9824.26002,2.8305,0.0,1559488320.0,1,3,14.0275,495,7186.96002,0.0,0.0,13.833
9837.3,2.8307,0.0,1559488320.0,1,3,14.0444,496,7200.0,0.0,0.0,13.8669
9837.33,2.8893,1.50423,1559488320.0,1,4,14.0444,497,0.03,1.132e-05,3.269e-05,13.8839
9837.49002,2.9104,1.4995,1559488320.0,1,4,14.0444,498,0.19002,7.8e-05,0.00022628,13.8839
9837.70998,2.9244,1.49981,1559488320.0,1,4,14.0444,499,0.40998,0.00016967,0.00049391,13.8839
9838.15002,2.9357,1.50011,1559488320.0,1,4,14.0444,500,0.85002,0.00035299,0.00103136,13.8839
9839.20002,2.9464,1.49996,1559488320.0,1,4,14.0613,501,1.90002,0.00079047,0.00231843,13.8839
9840.91998,2.9567,1.50011,1559488320.0,1,4,14.0613,502,3.61998,0.00150709,0.00443391,13.8839
9843.07002,2.9671,1.50027,1559488320.0,1,4,14.0613,503,5.77002,0.00240286,0.00708732,13.9009
9845.64,2.9776,1.49996,1559488320.0,1,4,14.0782,504,8.34,0.00347364,0.0102702,13.9009
9848.47002,2.988,1.4995,1559488320.0,1,4,14.0782,505,11.17002,0.00465273,0.0137875,13.9179
9851.49,2.9982,1.49996,1559488320.0,1,4,14.095,506,14.19,0.00591098,0.017554,13.9179
9854.77002,3.0085,1.49981,1559488380.0,1,4,14.1119,507,17.47002,0.00727756,0.0216586,13.9179
9858.37998,3.0188,1.49966,1559488380.0,1,4,14.1288,508,21.07998,0.00878163,0.0261917,13.9179
9862.23,3.0292,1.49996,1559488380.0,1,4,14.1288,509,24.93,0.0103857,0.0310428,13.9179
9866.29002,3.0396,1.49966,1559488380.0,1,4,14.1288,510,28.99002,0.0120773,0.0361759,13.9348
9870.67998,3.0498,1.50011,1559488380.0,1,4,14.1457,511,33.37998,0.0139063,0.041745,13.9518
9875.29002,3.0599,1.4995,1559488380.0,1,4,14.1626,512,37.99002,0.015827,0.0476131,13.9688
9880.05,3.0701,1.49996,1559488380.0,1,4,14.1626,513,42.75,0.0178102,0.053692,13.9688
9885.27,3.0803,1.49966,1559488380.0,1,4,14.1626,514,47.97,0.0199851,0.0603802,13.9857
9890.89002,3.0904,1.49996,1559488380.0,1,4,14.1964,515,53.59002,0.0223266,0.067605,13.9857
9896.74002,3.1006,1.50011,1559488380.0,1,4,14.1964,516,59.44002,0.0247639,0.0751504,13.9857
9902.86998,3.1107,1.49996,1559488380.0,1,4,14.2133,517,65.56998,0.0273179,0.0830827,14.0197
9909.37998,3.1209,1.49996,1559488380.0,1,4,14.2302,518,72.07998,0.0300303,0.091534,14.0197
9916.39998,3.1312,1.49981,1559488440.0,1,4,14.2471,519,79.09998,0.0329551,0.100677,14.0536
9923.82,3.1414,1.49981,1559488440.0,1,4,14.2471,520,86.52,0.0360466,0.110373,14.0536
9931.56,3.1514,1.50027,1559488440.0,1,4,14.2808,521,94.26,0.0392713,0.12052,14.0706
9939.70002,3.1615,1.49996,1559488440.0,1,4,14.2808,522,102.40002,0.0426628,0.131226,14.0876
9948.19998,3.1717,1.49996,1559488440.0,1,4,14.2808,523,110.89998,0.0462042,0.142441,14.1215
9957.13002,3.1821,1.50027,1559488440.0,1,4,14.2977,524,119.83002,0.0499248,0.154261,14.1555
9966.67002,3.1922,1.49981,1559488440.0,1,4,14.3315,525,129.37002,0.0538996,0.166929,14.1555
9976.60002,3.2023,1.50011,1559488500.0,1,4,14.3315,526,139.30002,0.0580368,0.180157,14.1894
9987.04998,3.2123,1.49966,1559488500.0,1,4,14.3484,527,149.74998,0.0623907,0.194122,14.2064
9997.66998,3.2224,1.49981,1559488500.0,1,4,14.3822,528,160.36998,0.0668154,0.208359,14.2573
10008.91998,3.2325,1.49996,1559488500.0,1,4,14.3991,529,171.61998,0.0715026,0.223487,14.3082
10020.87,3.2427,1.49981,1559488500.0,1,4,14.416,530,183.57,0.0764815,0.239607,14.3082
10033.48002,3.2529,1.50027,1559488560.0,1,4,14.416,531,196.18002,0.0817353,0.25667,14.3421
10046.79,3.2631,1.50011,1559488560.0,1,4,14.416,532,209.49,0.0872808,0.274738,14.3252
10060.44,3.2734,1.49935,1559488560.0,1,4,14.2471,533,223.14,0.0929679,0.293325,14.2743
10074.94998,3.2834,1.50011,1559488560.0,1,4,13.943,534,237.64998,0.0990134,0.313145,14.0367
10089.88998,3.2935,1.49981,1559488560.0,1,4,13.6559,535,252.58998,0.105238,0.333615,13.9179
10105.71,3.3036,1.49981,1559488620.0,1,4,13.3856,536,268.41,0.111829,0.355357,13.7991
10122.10002,3.3136,1.49966,1559488620.0,1,4,13.1323,537,284.80002,0.118658,0.377952,13.7142
10139.58,3.3237,1.50027,1559488620.0,1,4,13.1829,538,302.28,0.125941,0.402122,13.85
10157.89998,3.3338,1.49966,1559488680.0,1,4,13.2505,539,320.59998,0.133574,0.42753,13.9688
10177.72002,3.3439,1.50027,1559488680.0,1,4,13.3518,540,340.42002,0.141831,0.455102,14.0706
10198.33002,3.3539,1.50027,1559488680.0,1,4,13.4701,541,361.03002,0.150418,0.48386,14.1724
10220.55,3.364,1.49981,1559488740.0,1,4,13.5714,542,383.25,0.159676,0.514957,14.2743
10244.47998,3.3741,1.50011,1559488740.0,1,4,13.6897,543,407.17998,0.169646,0.548547,14.3591
10271.08002,3.3843,1.50011,1559488740.0,1,4,13.7741,544,433.78002,0.180729,0.585997,14.427
10301.08002,3.3944,1.49996,1559488800.0,1,4,13.8417,545,463.78002,0.193228,0.628362,14.461
10331.08002,3.4034,1.50011,1559488800.0,1,4,13.9599,546,493.78002,0.205727,0.670847,14.5288
10361.08002,3.4104,1.49981,1559488860.0,1,4,14.0444,547,523.78002,0.218227,0.713432,14.6137
10391.08002,3.4163,1.50027,1559488860.0,1,4,14.1288,548,553.78002,0.230726,0.7561,14.7325
10421.08002,3.4214,1.49981,1559488920.0,1,4,14.2133,549,583.78002,0.243225,0.798835,14.8513
10451.08002,3.4257,1.49981,1559488920.0,1,4,14.2977,550,613.78002,0.255724,0.841628,14.9701
10481.08002,3.4296,1.49981,1559488980.0,1,4,14.3822,551,643.78002,0.268223,0.884471,15.1059
10511.08002,3.4331,1.49981,1559488980.0,1,4,14.4666,552,673.78002,0.280723,0.927362,15.2416
10541.08002,3.4368,1.50011,1559489040.0,1,4,14.5342,553,703.78002,0.293222,0.970298,15.3944
10571.08002,3.4403,1.50027,1559489040.0,1,4,14.6018,554,733.78002,0.305721,1.01328,15.5132
10601.08002,3.444,1.50011,1559489100.0,1,4,14.6862,555,763.78002,0.31822,1.0563,15.649
10631.08002,3.4478,1.50011,1559489100.0,1,4,14.7369,556,793.78002,0.330719,1.09937,15.7678
10661.08002,3.4513,1.50011,1559489160.0,1,4,14.7876,557,823.78002,0.343219,1.14249,15.8696
10691.08002,3.4548,1.49981,1559489160.0,1,4,14.8382,558,853.78002,0.355718,1.18565,15.9545
10721.08002,3.4585,1.49996,1559489220.0,1,4,14.872,559,883.78002,0.368217,1.22886,16.0563
10751.08002,3.462,1.49996,1559489220.0,1,4,14.8889,560,913.78002,0.380716,1.27211,16.0902
10781.08002,3.4652,1.50011,1559489280.0,1,4,14.872,561,943.78002,0.393215,1.3154,16.1411
10811.08002,3.4679,1.49981,1559489280.0,1,4,14.9058,562,973.78002,0.405715,1.35873,16.243
10841.08002,3.4707,1.49981,1559489340.0,1,4,14.9396,563,1003.78002,0.418214,1.4021,16.3618
10871.08002,3.4728,1.49996,1559489340.0,1,4,14.9734,564,1033.78002,0.430713,1.44549,16.4806
10901.08002,3.4749,1.49981,1559489400.0,1,4,15.024,565,1063.78002,0.443212,1.48892,16.5485
10931.08002,3.4766,1.50011,1559489400.0,1,4,15.0409,566,1093.78002,0.455712,1.53236,16.5824
10961.08002,3.4786,1.50027,1559489460.0,1,4,14.9903,567,1123.78002,0.468211,1.57583,16.5654
10991.08002,3.4806,1.50011,1559489460.0,1,4,14.9227,568,1153.78002,0.48071,1.61932,16.5145
11021.08002,3.4823,1.50011,1559489520.0,1,4,14.9227,569,1183.78002,0.493209,1.66283,16.5824
11051.08002,3.4838,1.49981,1559489520.0,1,4,14.9396,570,1213.78002,0.505708,1.70637,16.6164
11081.08002,3.4858,1.50011,1559489580.0,1,4,14.9058,571,1243.78002,0.518208,1.74993,16.5824
11111.08002,3.4878,1.50011,1559489580.0,1,4,14.8889,572,1273.78002,0.530707,1.79351,16.6164
11141.08002,3.4896,1.49996,1559489640.0,1,4,14.8889,573,1303.78002,0.543206,1.83712,16.6164
11171.08002,3.4917,1.49981,1559489640.0,1,4,14.9058,574,1333.78002,0.555705,1.88075,16.7012
11201.08002,3.4937,1.50011,1559489700.0,1,4,14.9565,575,1363.78002,0.568204,1.9244,16.7521
11231.08002,3.4957,1.49981,1559489700.0,1,4,14.9903,576,1393.78002,0.580704,1.96809,16.837
11261.08002,3.4977,1.50027,1559489760.0,1,4,14.9734,577,1423.78002,0.593203,2.01179,16.82
11291.08002,3.4997,1.49981,1559489760.0,1,4,14.9396,578,1453.78002,0.605702,2.05552,16.7691
11321.08002,3.5019,1.49996,1559489820.0,1,4,14.9565,579,1483.78002,0.618201,2.09928,16.82
11351.08002,3.5039,1.49996,1559489820.0,1,4,14.9903,580,1513.78002,0.6307,2.14306,16.9049
11381.08002,3.5059,1.50011,1559489880.0,1,4,15.024,581,1543.78002,0.6432,2.18687,16.9218
11411.08002,3.5082,1.49996,1559489880.0,1,4,14.9734,582,1573.78002,0.655699,2.23071,16.854
11441.08002,3.5102,1.49996,1559489940.0,1,4,14.9734,583,1603.78002,0.668198,2.27457,16.8879
11471.08002,3.5123,1.4995,1559489940.0,1,4,14.9734,584,1633.78002,0.680697,2.31846,16.9049
11501.08002,3.5148,1.49996,1559490000.0,1,4,15.0072,585,1663.78002,0.693196,2.36238,16.9728
11531.08002,3.5169,1.49966,1559490000.0,1,4,15.0747,586,1693.78002,0.705696,2.40632,17.0237
11561.08002,3.519,1.49996,1559490060.0,1,4,15.0409,587,1723.78002,0.718195,2.45029,16.9728
11591.08002,3.5213,1.50011,1559490060.0,1,4,14.9734,588,1753.78002,0.730694,2.49429,16.9218
11621.08002,3.5235,1.49981,1559490120.0,1,4,14.9396,589,1783.78002,0.743193,2.53832,16.854
11651.08002,3.5261,1.50011,1559490120.0,1,4,14.9396,590,1813.78002,0.755692,2.58238,16.8879
11681.08002,3.5283,1.49966,1559490180.0,1,4,14.9565,591,1843.78002,0.768192,2.62647,16.9218
11711.08002,3.5308,1.49996,1559490180.0,1,4,14.9903,592,1873.78002,0.780691,2.67058,16.9728
11741.08002,3.5331,1.49966,1559490240.0,1,4,15.0409,593,1903.78002,0.79319,2.71473,17.0067
11771.08002,3.5357,1.50042,1559490240.0,1,4,15.0916,594,1933.78002,0.805689,2.75891,17.0916
11801.08002,3.5381,1.49966,1559490300.0,1,4,15.1423,595,1963.78002,0.818189,2.80312,17.1085
11831.08002,3.5409,1.50011,1559490300.0,1,4,15.1761,596,1993.78002,0.830688,2.84736,17.1594
11861.08002,3.5433,1.49996,1559490360.0,1,4,15.2098,597,2023.78002,0.843187,2.89163,17.1594
11891.08002,3.546,1.49935,1559490360.0,1,4,15.1423,598,2053.78002,0.855686,2.93594,17.0916
11921.08002,3.5488,1.49981,1559490420.0,1,4,15.0747,599,2083.78002,0.868185,2.98028,16.9897
11951.08002,3.5515,1.4995,1559490420.0,1,4,15.024,600,2113.78002,0.880685,3.02465,16.9558
11981.08002,3.5544,1.50042,1559490480.0,1,4,15.0578,601,2143.78002,0.893184,3.06907,16.9897
12011.08002,3.5572,1.50011,1559490480.0,1,4,15.1085,602,2173.78002,0.905683,3.11351,17.0576
12041.08002,3.5602,1.50027,1559490540.0,1,4,15.1592,603,2203.78002,0.918182,3.15799,17.0746
12071.08002,3.563,1.50011,1559490540.0,1,4,15.193,604,2233.78002,0.930681,3.20251,17.1085
12101.08002,3.566,1.49966,1559490600.0,1,4,15.2267,605,2263.78002,0.943181,3.24707,17.1594
12131.08002,3.5688,1.49981,1559490600.0,1,4,15.2605,606,2293.78002,0.95568,3.29166,17.1934
12161.08002,3.5718,1.49966,1559490660.0,1,4,15.2943,607,2323.78002,0.968179,3.33628,17.1934
12191.08002,3.5747,1.4995,1559490660.0,1,4,15.2943,608,2353.78002,0.980678,3.38095,17.1764
12221.08002,3.5775,1.49996,1559490720.0,1,4,15.3281,609,2383.78002,0.993177,3.42564,17.2273
12251.08002,3.5801,1.49996,1559490720.0,1,4,15.3619,610,2413.78002,1.00568,3.47037,17.2613
12281.08002,3.5827,1.49966,1559490780.0,1,4,15.3619,611,2443.78002,1.01818,3.51514,17.2443
12311.08002,3.5854,1.49981,1559490780.0,1,4,15.3619,612,2473.78002,1.03068,3.55994,17.2782
12341.08002,3.588,1.50011,1559490840.0,1,4,15.3619,613,2503.78002,1.04317,3.60477,17.2613
12371.08002,3.5906,1.49966,1559490840.0,1,4,15.3619,614,2533.78002,1.05567,3.64963,17.2273
12401.08002,3.5935,1.49996,1559490900.0,1,4,15.3112,615,2563.78002,1.06817,3.69453,17.1594
12431.08002,3.5959,1.49996,1559490900.0,1,4,15.2774,616,2593.78002,1.08067,3.73946,17.1255
12461.08002,3.5988,1.49981,1559490960.0,1,4,15.3112,617,2623.78002,1.09317,3.78443,17.1764
12491.08002,3.6013,1.49996,1559490960.0,1,4,15.345,618,2653.78002,1.10567,3.82943,17.2104
12521.08002,3.6043,1.50042,1559491020.0,1,4,15.3112,619,2683.78002,1.11817,3.87446,17.1764
12551.08002,3.6068,1.50011,1559491020.0,1,4,15.2605,620,2713.78002,1.13067,3.91953,17.1085
12581.08002,3.6091,1.50011,1559491080.0,1,4,15.2098,621,2743.78002,1.14317,3.96462,17.0406
12611.08002,3.612,1.4995,1559491080.0,1,4,15.2267,622,2773.78002,1.15567,4.00975,17.0746
12641.08002,3.6143,1.50011,1559491140.0,1,4,15.2436,623,2803.78002,1.16817,4.05492,17.1085
12671.08002,3.6168,1.49981,1559491140.0,1,4,15.2774,624,2833.78002,1.18067,4.10011,17.1425
12701.08002,3.6191,1.49996,1559491200.0,1,4,15.2943,625,2863.78002,1.19316,4.14533,17.1594
12731.08002,3.6214,1.50011,1559491200.0,1,4,15.3281,626,2893.78002,1.20566,4.19058,17.1764
12761.08002,3.6236,1.4995,1559491260.0,1,4,15.3619,627,2923.78002,1.21816,4.23586,17.2104
12791.08002,3.6257,1.4995,1559491260.0,1,4,15.3788,628,2953.78002,1.23066,4.28117,17.2104
12821.08002,3.6278,1.49996,1559491320.0,1,4,15.3788,629,2983.78002,1.24316,4.3265,17.2104
12851.08002,3.63,1.49996,1559491320.0,1,4,15.3788,630,3013.78002,1.25566,4.37186,17.1934
12881.08002,3.6323,1.49966,1559491380.0,1,4,15.3281,631,3043.78002,1.26816,4.41725,17.1594
12911.08002,3.6341,1.49996,1559491380.0,1,4,15.2943,632,3073.78002,1.28066,4.46266,17.1255
12941.08002,3.6361,1.50011,1559491440.0,1,4,15.3281,633,3103.78002,1.29316,4.50809,17.1255
12971.08002,3.6381,1.50027,1559491440.0,1,4,15.3281,634,3133.78002,1.30566,4.55355,17.1425
13001.08002,3.64,1.49996,1559491500.0,1,4,15.2943,635,3163.78002,1.31816,4.59904,17.0746
13031.08002,3.6416,1.50027,1559491500.0,1,4,15.2774,636,3193.78002,1.33066,4.64455,17.0576
13061.08002,3.6435,1.50011,1559491560.0,1,4,15.2774,637,3223.78002,1.34316,4.69007,17.0746
13091.08002,3.6454,1.49996,1559491560.0,1,4,15.2774,638,3253.78002,1.35565,4.73563,17.0406
13121.08002,3.6466,1.49981,1559491620.0,1,4,15.3112,639,3283.78002,1.36815,4.7812,17.1085
13151.08002,3.6483,1.50027,1559491620.0,1,4,15.3281,640,3313.78002,1.38065,4.82679,17.1594
13181.08002,3.6498,1.50011,1559491680.0,1,4,15.345,641,3343.78002,1.39315,4.8724,17.1255
13211.08002,3.6512,1.50057,1559491680.0,1,4,15.3619,642,3373.78002,1.40565,4.91803,17.1594
13241.08002,3.6529,1.49935,1559491740.0,1,4,15.4125,643,3403.78002,1.41815,4.96368,17.2613
13271.08002,3.6541,1.50011,1559491740.0,1,4,15.4463,644,3433.78002,1.43065,5.00935,17.2782
13301.08002,3.6559,1.49981,1559491800.0,1,4,15.4801,645,3463.78002,1.44315,5.05503,17.3461
13331.08002,3.657,1.49996,1559491800.0,1,4,15.497,646,3493.78002,1.45565,5.10074,17.3292
13361.08002,3.6587,1.50011,1559491860.0,1,4,15.5308,647,3523.78002,1.46815,5.14646,17.3801
13391.08002,3.66,1.49981,1559491860.0,1,4,15.5646,648,3553.78002,1.48065,5.1922,17.3801
13421.08002,3.6614,1.49996,1559491920.0,1,4,15.5815,649,3583.78002,1.49315,5.23795,17.397
13451.08002,3.6629,1.49996,1559491920.0,1,4,15.5983,650,3613.78002,1.50564,5.28373,17.397
13481.08002,3.664,1.49935,1559491980.0,1,4,15.5646,651,3643.78002,1.51814,5.32952,17.3631
13511.08002,3.6655,1.49981,1559491980.0,1,4,15.4632,652,3673.78002,1.53064,5.37533,17.2104
13541.08002,3.6672,1.49966,1559492040.0,1,4,15.345,653,3703.78002,1.54314,5.42115,17.0746
13571.08002,3.6684,1.49981,1559492040.0,1,4,15.2098,654,3733.78002,1.55564,5.467,16.9049
13601.08002,3.6696,1.50011,1559492100.0,1,4,15.0409,655,3763.78002,1.56814,5.51286,16.7352
13631.08002,3.671,1.49996,1559492100.0,1,4,14.9058,656,3793.78002,1.58064,5.55874,16.5824
13661.08002,3.6725,1.4995,1559492160.0,1,4,14.7707,657,3823.78002,1.59314,5.60463,16.4806
13691.08002,3.6741,1.49996,1559492160.0,1,4,14.6524,658,3853.78002,1.60564,5.65055,16.3448
13721.08002,3.6756,1.49996,1559492220.0,1,4,14.5511,659,3883.78002,1.61814,5.69648,16.243
13751.08002,3.6768,1.4995,1559492220.0,1,4,14.4329,660,3913.78002,1.63064,5.74243,16.1581
13781.08002,3.6783,1.4995,1559492280.0,1,4,14.3484,661,3943.78002,1.64314,5.78839,16.0733
13811.08002,3.6797,1.4995,1559492280.0,1,4,14.2302,662,3973.78002,1.65564,5.83438,15.9545
13841.08002,3.6812,1.49966,1559492340.0,1,4,14.1457,663,4003.78002,1.66813,5.88038,15.9035
13871.08002,3.6825,1.49996,1559492340.0,1,4,14.0444,664,4033.78002,1.68063,5.9264,15.8357
13901.08002,3.684,1.4995,1559492400.0,1,4,13.943,665,4063.78002,1.69313,5.97244,15.7169
13931.08002,3.6855,1.49996,1559492400.0,1,4,13.8755,666,4093.78002,1.70563,6.0185,15.6659
13961.08002,3.6867,1.50011,1559492460.0,1,4,13.8248,667,4123.78002,1.71813,6.06457,15.5981
13991.08002,3.6883,1.49996,1559492460.0,1,4,13.7234,668,4153.78002,1.73063,6.11066,15.5302
14021.08002,3.6896,1.49996,1559492520.0,1,4,13.6559,669,4183.78002,1.74313,6.15677,15.4793
14051.08002,3.6912,1.49981,1559492520.0,1,4,13.6052,670,4213.78002,1.75563,6.2029,15.4453
14081.08002,3.6925,1.49981,1559492580.0,1,4,13.5545,671,4243.78002,1.76813,6.24904,15.4114
14111.08002,3.6942,1.4995,1559492580.0,1,4,13.487,672,4273.78002,1.78063,6.29521,15.3774
14141.08002,3.6957,1.4995,1559492640.0,1,4,13.4363,673,4303.78002,1.79313,6.34139,15.3265
14171.08002,3.6971,1.50011,1559492640.0,1,4,13.4025,674,4333.78002,1.80563,6.38759,15.2586
14201.08002,3.6986,1.49996,1559492700.0,1,4,13.3518,675,4363.78002,1.81813,6.43381,15.2586
14231.08002,3.7,1.49996,1559492700.0,1,4,13.3181,676,4393.78002,1.83062,6.48005,15.2416
14261.08002,3.7015,1.4995,1559492760.0,1,4,13.2843,677,4423.78002,1.84312,6.52631,15.2077
14291.08002,3.7034,1.49996,1559492760.0,1,4,26.9455,678,4453.78002,1.85562,6.57259,15.1907
14321.08002,3.7044,1.49981,1559492820.0,1,4,26.8957,679,4483.78002,1.86812,6.61888,15.1568
14351.08002,3.7061,1.49996,1559492820.0,1,4,26.9621,680,4513.78002,1.88062,6.6652,28.1999
14381.08002,3.7076,1.50011,1559492880.0,1,4,26.9289,681,4543.78002,1.89312,6.71153,28.8671
14411.08002,3.709,1.49981,1559492880.0,1,4,26.9123,682,4573.78002,1.90562,6.75789,28.817
14441.08002,3.7108,1.50011,1559492940.0,1,4,26.9123,683,4603.78002,1.91812,6.80426,28.8671
14471.08002,3.7124,1.49996,1559492940.0,1,4,26.9455,684,4633.78002,1.93062,6.85065,28.9338
14501.08002,3.714,1.50011,1559493000.0,1,4,26.9289,685,4663.78002,1.94312,6.89707,28.9505
14531.08002,3.7154,1.50011,1559493000.0,1,4,26.9455,686,4693.78002,1.95562,6.9435,28.9004
14561.08002,3.7173,1.4995,1559493060.0,1,4,26.9123,687,4723.78002,1.96812,6.98995,28.9671
14591.08002,3.7188,1.49966,1559493060.0,1,4,26.8957,688,4753.78002,1.98061,7.03643,28.9505
14621.08002,3.7203,1.49981,1559493120.0,1,4,26.8957,689,4783.78002,1.99311,7.08292,28.9338
14651.08002,3.722,1.49996,1559493120.0,1,4,26.9123,690,4813.78002,2.00561,7.12943,28.9838
14681.08002,3.7238,1.49966,1559493180.0,1,4,26.8957,691,4843.78002,2.01811,7.17597,28.9838
14711.08002,3.7255,1.49996,1559493180.0,1,4,26.9289,692,4873.78002,2.03061,7.22252,29.0672
14741.08002,3.7269,1.49981,1559493240.0,1,4,26.9123,693,4903.78002,2.04311,7.2691,29.0339
14771.08002,3.7288,1.49996,1559493240.0,1,4,26.9123,694,4933.78002,2.05561,7.31569,29.0339
14801.08002,3.7304,1.50027,1559493300.0,1,4,26.9289,695,4963.78002,2.06811,7.36231,29.0505
14831.08002,3.7321,1.50011,1559493300.0,1,4,26.8957,696,4993.78002,2.08061,7.40895,29.0839
14861.08002,3.7339,1.49996,1559493360.0,1,4,26.8957,697,5023.78002,2.09311,7.45561,29.0672
14891.08002,3.7356,1.49996,1559493360.0,1,4,26.8791,698,5053.78002,2.10561,7.50229,29.0839
14921.08002,3.7375,1.49981,1559493420.0,1,4,26.9123,699,5083.78002,2.11811,7.549,29.0672
14951.08002,3.7391,1.49981,1559493420.0,1,4,26.9123,700,5113.78002,2.1306,7.59572,29.1339
14981.08002,3.7411,1.50011,1559493480.0,1,4,26.8957,701,5143.78002,2.1431,7.64247,29.2007
15011.08002,3.7427,1.49981,1559493480.0,1,4,26.8791,702,5173.78002,2.1556,7.68924,29.1673
15041.08002,3.7447,1.50011,1559493540.0,1,4,26.8791,703,5203.78002,2.1681,7.73604,29.184
15071.08002,3.7464,1.49996,1559493540.0,1,4,26.8791,704,5233.78002,2.1806,7.78285,29.184
15101.08002,3.7481,1.49981,1559493600.0,1,4,26.8791,705,5263.78002,2.1931,7.82969,29.2007
15131.08002,3.7502,1.49996,1559493600.0,1,4,26.8791,706,5293.78002,2.2056,7.87655,29.2507
15161.08002,3.7519,1.49996,1559493660.0,1,4,26.8791,707,5323.78002,2.2181,7.92344,29.2507
15191.08002,3.7539,1.49981,1559493660.0,1,4,26.8791,708,5353.78002,2.2306,7.97035,29.2674
15221.08002,3.7557,1.49981,1559493720.0,1,4,26.8625,709,5383.78002,2.2431,8.01728,29.2507
15251.08002,3.7577,1.50011,1559493720.0,1,4,26.9123,710,5413.78002,2.2556,8.06424,29.2173
15281.08002,3.7597,1.49996,1559493780.0,1,4,26.9123,711,5443.78002,2.2681,8.11122,29.2507
15311.08002,3.7615,1.49981,1559493780.0,1,4,26.8957,712,5473.78002,2.2806,8.15822,29.3674
15341.08002,3.7636,1.50011,1559493840.0,1,4,26.8791,713,5503.78002,2.29309,8.20525,29.3508
15371.08002,3.7655,1.4995,1559493840.0,1,4,26.8625,714,5533.78002,2.30559,8.25231,29.3841
15401.08002,3.7675,1.50011,1559493900.0,1,4,26.8625,715,5563.78002,2.31809,8.29939,29.3508
15431.08002,3.7696,1.49981,1559493900.0,1,4,26.8459,716,5593.78002,2.33059,8.3465,29.3508
15461.08002,3.7716,1.50011,1559493960.0,1,4,26.8791,717,5623.78002,2.34309,8.39363,29.3174
15491.08002,3.7739,1.49981,1559493960.0,1,4,26.8791,718,5653.78002,2.35559,8.44078,29.4508
15521.08002,3.7758,1.49981,1559494020.0,1,4,26.8791,719,5683.78002,2.36809,8.48797,29.3841
15551.08002,3.7778,1.50011,1559494020.0,1,4,26.8791,720,5713.78002,2.38059,8.53518,29.4175
15581.08002,3.7801,1.49981,1559494080.0,1,4,26.8791,721,5743.78002,2.39309,8.58241,29.4342
15611.08002,3.7823,1.50042,1559494080.0,1,4,26.8625,722,5773.78002,2.40559,8.62967,29.4342
15641.08002,3.7842,1.49996,1559494140.0,1,4,26.8459,723,5803.78002,2.41809,8.67696,29.4342
15671.08002,3.7865,1.49966,1559494140.0,1,4,26.8957,724,5833.78002,2.43059,8.72428,29.4008
15701.08002,3.7885,1.49981,1559494200.0,1,4,26.8791,725,5863.78002,2.44309,8.77162,29.4008
15731.08002,3.791,1.49996,1559494200.0,1,4,26.8459,726,5893.78002,2.45558,8.81899,29.4675
15761.08002,3.7932,1.50011,1559494260.0,1,4,26.8791,727,5923.78002,2.46808,8.86639,29.4342
15791.08002,3.7952,1.50027,1559494260.0,1,4,26.8791,728,5953.78002,2.48058,8.91381,29.4675
15821.08002,3.7978,1.50027,1559494320.0,1,4,26.8957,729,5983.78002,2.49308,8.96127,29.4508
15851.08002,3.7998,1.4995,1559494320.0,1,4,26.8791,730,6013.78002,2.50558,9.00875,29.4842
15881.08002,3.8021,1.50027,1559494380.0,1,4,26.8625,731,6043.78002,2.51808,9.05626,29.5676
15911.08002,3.8047,1.49996,1559494380.0,1,4,26.8625,732,6073.78002,2.53058,9.1038,29.5676
15941.08002,3.807,1.49981,1559494440.0,1,4,26.8293,733,6103.78002,2.54308,9.15137,29.5342
15971.08002,3.8094,1.50011,1559494440.0,1,4,26.9123,734,6133.78002,2.55558,9.19897,29.5342
16001.08002,3.8116,1.49996,1559494500.0,1,4,26.9123,735,6163.78002,2.56808,9.2466,29.5342
16031.08002,3.8141,1.50027,1559494500.0,1,4,26.8625,736,6193.78002,2.58058,9.29426,29.5009
16061.08002,3.8166,1.49996,1559494560.0,1,4,26.8459,737,6223.78002,2.59308,9.34195,29.5509
16091.08002,3.8189,1.49981,1559494560.0,1,4,26.8127,738,6253.78002,2.60557,9.38967,29.5676
16121.08002,3.8215,1.49966,1559494620.0,1,4,26.8957,739,6283.78002,2.61807,9.43742,29.5509
16151.08002,3.8239,1.49966,1559494620.0,1,4,26.8791,740,6313.78002,2.63057,9.48521,29.5509
16181.08002,3.8264,1.49996,1559494680.0,1,4,26.8791,741,6343.78002,2.64307,9.53302,29.5843
16211.08002,3.8288,1.49966,1559494680.0,1,4,26.8791,742,6373.78002,2.65557,9.58086,29.5676
16241.08002,3.8315,1.49996,1559494740.0,1,4,26.8625,743,6403.78002,2.66807,9.62874,29.5509
16271.08002,3.834,1.50011,1559494740.0,1,4,26.8459,744,6433.78002,2.68057,9.67665,29.5676
16301.08002,3.8367,1.49981,1559494800.0,1,4,26.8791,745,6463.78002,2.69307,9.72459,29.601
16331.08002,3.839,1.4995,1559494800.0,1,4,26.8791,746,6493.78002,2.70557,9.77256,29.601
16361.08002,3.8416,1.49996,1559494860.0,1,4,26.8459,747,6523.78002,2.71807,9.82056,29.6176
16391.08002,3.8442,1.50027,1559494860.0,1,4,26.7961,748,6553.78002,2.73057,9.8686,29.5843
16421.08002,3.847,1.49981,1559494920.0,1,4,26.8625,749,6583.78002,2.74307,9.91666,29.5843
16451.08002,3.8494,1.49981,1559494920.0,1,4,26.8791,750,6613.78002,2.75557,9.96476,29.601
16481.08002,3.852,1.49996,1559494980.0,1,4,26.7961,751,6643.78002,2.76806,10.0129,29.5843
16511.08002,3.8547,1.49966,1559494980.0,1,4,26.8625,752,6673.78002,2.78056,10.0611,29.5342
16541.08002,3.8572,1.49966,1559495040.0,1,4,26.8293,753,6703.78002,2.79306,10.1093,29.5676
16571.08002,3.8599,1.49981,1559495040.0,1,4,26.8293,754,6733.78002,2.80556,10.1575,29.651
16601.08002,3.8624,1.49996,1559495100.0,1,4,26.8127,755,6763.78002,2.81806,10.2058,29.6176
16631.08002,3.8651,1.50027,1559495100.0,1,4,26.8293,756,6793.78002,2.83056,10.254,29.5509
16661.08002,3.8676,1.49996,1559495160.0,1,4,26.8459,757,6823.78002,2.84306,10.3024,29.5843
16691.08002,3.8705,1.49981,1559495160.0,1,4,26.8293,758,6853.78002,2.85556,10.3507,29.5509
16721.08002,3.8727,1.50011,1559495220.0,1,4,26.7961,759,6883.78002,2.86806,10.3991,29.6343
16751.08002,3.8756,1.49996,1559495220.0,1,4,26.8625,760,6913.78002,2.88056,10.4476,29.5843
16781.08002,3.8782,1.49981,1559495280.0,1,4,26.8459,761,6943.78002,2.89306,10.496,29.5676
16811.08002,3.8808,1.50011,1559495280.0,1,4,26.8459,762,6973.78002,2.90556,10.5445,29.5676
16841.08002,3.8833,1.50011,1559495340.0,1,4,26.8459,763,7003.78002,2.91806,10.593,29.5509
16871.08002,3.8859,1.49966,1559495340.0,1,4,26.8791,764,7033.78002,2.93055,10.6416,29.5843
16901.08002,3.8885,1.49981,1559495400.0,1,4,26.8625,765,7063.78002,2.94305,10.6902,29.5509
16931.08002,3.8909,1.49996,1559495400.0,1,4,26.7795,766,7093.78002,2.95555,10.7388,29.5676
16961.08002,3.8935,1.49996,1559495460.0,1,4,26.7795,767,7123.78002,2.96805,10.7874,29.5509
16991.08002,3.8962,1.49996,1559495460.0,1,4,26.7961,768,7153.78002,2.98055,10.8361,29.5509
17021.08002,3.8985,1.49996,1559495520.0,1,4,26.8127,769,7183.78002,2.99305,10.8848,29.5843
17051.08002,3.9013,1.50011,1559495520.0,1,4,26.7795,770,7213.78002,3.00555,10.9336,29.5342
17081.08002,3.904,1.50072,1559495580.0,1,4,26.8625,771,7243.78002,3.01805,10.9824,29.5009
17111.08002,3.9063,1.50011,1559495580.0,1,4,26.8625,772,7273.78002,3.03055,11.0312,29.5009
17141.08002,3.9088,1.49981,1559495640.0,1,4,26.8625,773,7303.78002,3.04305,11.08,29.5176
17171.08002,3.9112,1.49996,1559495640.0,1,4,26.8791,774,7333.78002,3.05555,11.1289,29.4842
17201.08002,3.9136,1.49966,1559495700.0,1,4,26.8127,775,7363.78002,3.06805,11.1778,29.4842
17231.08002,3.9162,1.49981,1559495700.0,1,4,26.7795,776,7393.78002,3.08054,11.2267,29.4842
17261.08002,3.9188,1.49996,1559495760.0,1,4,26.8293,777,7423.78002,3.09304,11.2757,29.4508
17291.08002,3.9211,1.50011,1559495760.0,1,4,26.8459,778,7453.78002,3.10554,11.3247,29.4508
17321.08002,3.9236,1.49966,1559495820.0,1,4,26.8127,779,7483.78002,3.11804,11.3737,29.4342
17351.08002,3.926,1.49996,1559495820.0,1,4,26.8293,780,7513.78002,3.13054,11.4228,29.4342
17381.08002,3.9284,1.49981,1559495880.0,1,4,26.8127,781,7543.78002,3.14304,11.4719,29.4175
17411.08002,3.9309,1.49996,1559495880.0,1,4,26.7795,782,7573.78002,3.15554,11.521,29.3841
17441.08002,3.9333,1.49996,1559495940.0,1,4,26.8625,783,7603.78002,3.16804,11.5701,29.3674
17471.08002,3.9356,1.49966,1559495940.0,1,4,26.7795,784,7633.78002,3.18054,11.6193,29.3841
17501.08002,3.938,1.4995,1559496000.0,1,4,26.8459,785,7663.78002,3.19304,11.6685,29.3508
17531.08002,3.9403,1.49981,1559496000.0,1,4,26.7795,786,7693.78002,3.20554,11.7177,29.3174
17561.08002,3.9426,1.49981,1559496060.0,1,4,26.7795,787,7723.78002,3.21804,11.767,29.3007
17591.08002,3.9452,1.4995,1559496060.0,1,4,26.7795,788,7753.78002,3.23054,11.8163,29.3174
17621.08002,3.9474,1.50011,1559496120.0,1,4,26.8293,789,7783.78002,3.24303,11.8656,29.2507
17651.08002,3.9498,1.49996,1559496120.0,1,4,26.8459,790,7813.78002,3.25553,11.915,29.284
17681.08002,3.9519,1.49966,1559496180.0,1,4,26.8459,791,7843.78002,3.26803,11.9644,29.234
17711.08002,3.9545,1.49966,1559496180.0,1,4,26.7961,792,7873.78002,3.28053,12.0138,29.284
17741.08002,3.9567,1.49981,1559496240.0,1,4,26.8127,793,7903.78002,3.29303,12.0632,29.3174
17771.08002,3.9588,1.49996,1559496240.0,1,4,26.8459,794,7933.78002,3.30553,12.1127,29.184
17801.08002,3.9612,1.49981,1559496300.0,1,4,26.8127,795,7963.78002,3.31803,12.1622,29.2507
17831.08002,3.9635,1.50027,1559496300.0,1,4,26.8127,796,7993.78002,3.33053,12.2117,29.2507
17861.08002,3.9657,1.50011,1559496360.0,1,4,26.8459,797,8023.78002,3.34303,12.2613,29.2507
17891.08002,3.9681,1.4995,1559496360.0,1,4,26.8459,798,8053.78002,3.35553,12.3109,29.1506
17921.08002,3.9702,1.49996,1559496420.0,1,4,26.8625,799,8083.78002,3.36803,12.3605,29.184
17951.08002,3.9722,1.49996,1559496420.0,1,4,26.8625,800,8113.78002,3.38053,12.4101,29.184
17981.08002,3.9747,1.50011,1559496480.0,1,4,26.8459,801,8143.78002,3.39302,12.4598,29.1506
18011.08002,3.977,1.50027,1559496480.0,1,4,26.8127,802,8173.78002,3.40552,12.5095,29.1173
18041.08002,3.9792,1.50011,1559496540.0,1,4,26.8127,803,8203.78002,3.41802,12.5592,29.2173
18071.08002,3.9814,1.49981,1559496540.0,1,4,26.8293,804,8233.78002,3.43052,12.6089,29.184
18101.08002,3.9838,1.49966,1559496600.0,1,4,26.8127,805,8263.78002,3.44302,12.6587,29.2007
18131.08002,3.9858,1.49981,1559496600.0,1,4,26.8459,806,8293.78002,3.45552,12.7085,29.1006
18161.08002,3.9883,1.50042,1559496660.0,1,4,26.8293,807,8323.78002,3.46802,12.7584,29.1506
18191.08002,3.9902,1.49981,1559496660.0,1,4,26.7795,808,8353.78002,3.48052,12.8082,29.1506
18221.08002,3.9924,1.49981,1559496720.0,1,4,26.8791,809,8383.78002,3.49302,12.8581,29.1339
18251.08002,3.995,1.49996,1559496720.0,1,4,26.7795,810,8413.78002,3.50552,12.908,29.1173
18281.08002,3.9971,1.49966,1559496780.0,1,4,26.7961,811,8443.78002,3.51802,12.958,29.1506
18311.08002,3.9995,1.49966,1559496780.0,1,4,26.7961,812,8473.78002,3.53052,13.008,29.1339
18341.08002,4.0017,1.49981,1559496840.0,1,4,26.7961,813,8503.78002,3.54302,13.058,29.1173
18371.08002,4.0041,1.49996,1559496840.0,1,4,26.7795,814,8533.78002,3.55551,13.108,29.1339
18401.08002,4.0066,1.49996,1559496900.0,1,4,26.7961,815,8563.78002,3.56801,13.1581,29.1173
18431.08002,4.0087,1.50042,1559496900.0,1,4,26.8127,816,8593.78002,3.58051,13.2082,29.1339
18461.08002,4.0111,1.49981,1559496960.0,1,4,26.8127,817,8623.78002,3.59301,13.2583,29.1173
18491.08002,4.0134,1.49981,1559496960.0,1,4,26.8127,818,8653.78002,3.60551,13.3084,29.1173
18521.08002,4.0159,1.50011,1559497020.0,1,4,26.8127,819,8683.78002,3.61801,13.3586,29.1339
18551.08002,4.0183,1.49981,1559497020.0,1,4,26.8293,820,8713.78002,3.63051,13.4088,29.1339
18581.08002,4.0208,1.50011,1559497080.0,1,4,26.8293,821,8743.78002,3.64301,13.4591,29.1339
18611.08002,4.023,1.49996,1559497080.0,1,4,26.8293,822,8773.78002,3.65551,13.5093,29.0839
18641.08002,4.0258,1.50011,1559497140.0,1,4,26.7961,823,8803.78002,3.66801,13.5596,29.0839
18671.08002,4.0282,1.49996,1559497140.0,1,4,26.7795,824,8833.78002,3.68051,13.61,29.0839
18701.08002,4.0308,1.49996,1559497200.0,1,4,26.8459,825,8863.78002,3.69301,13.6603,29.0339
18731.08002,4.0334,1.50011,1559497200.0,1,4,26.8625,826,8893.78002,3.7055,13.7107,29.0505
18761.08002,4.0362,1.49996,1559497260.0,1,4,26.8625,827,8923.78002,3.718,13.7612,29.0672
18791.08002,4.0388,1.49966,1559497260.0,1,4,26.8625,828,8953.78002,3.7305,13.8116,29.0505
18821.08002,4.0414,1.49996,1559497320.0,1,4,26.8293,829,8983.78002,3.743,13.8621,29.0172
18851.08002,4.0439,1.49981,1559497320.0,1,4,26.7795,830,9013.78002,3.7555,13.9127,29.0839
18881.08002,4.0468,1.49966,1559497380.0,1,4,26.7961,831,9043.78002,3.768,13.9632,29.0839
18911.08002,4.0494,1.50011,1559497380.0,1,4,26.7795,832,9073.78002,3.7805,14.0138,29.0839
18941.08002,4.0523,1.49981,1559497440.0,1,4,26.8127,833,9103.78002,3.793,14.0645,29.0339
18971.08002,4.0552,1.49996,1559497440.0,1,4,26.7961,834,9133.78002,3.8055,14.1151,29.0339
19001.08002,4.0581,1.49996,1559497500.0,1,4,26.8127,835,9163.78002,3.818,14.1659,29.0505
19031.08002,4.061,1.50042,1559497500.0,1,4,26.8625,836,9193.78002,3.8305,14.2166,29.0672
19061.08002,4.0639,1.50042,1559497560.0,1,4,26.8459,837,9223.78002,3.843,14.2674,29.0505
19091.08002,4.067,1.49981,1559497560.0,1,4,26.8293,838,9253.78002,3.8555,14.3182,29.0339
19121.08002,4.0699,1.49981,1559497620.0,1,4,26.8459,839,9283.78002,3.86799,14.369,29.0505
19151.08002,4.0726,1.49996,1559497620.0,1,4,26.8127,840,9313.78002,3.88049,14.4199,29.0505
19181.08002,4.076,1.49981,1559497680.0,1,4,26.7961,841,9343.78002,3.89299,14.4709,29.0339
19211.08002,4.079,1.49996,1559497680.0,1,4,26.8293,842,9373.78002,3.90549,14.5218,29.0172
19241.08002,4.0818,1.49996,1559497740.0,1,4,26.7961,843,9403.78002,3.91799,14.5728,29.0005
19271.08002,4.085,1.49996,1559497740.0,1,4,26.7795,844,9433.78002,3.93049,14.6239,29.0339
19301.08002,4.088,1.49935,1559497800.0,1,4,26.7795,845,9463.78002,3.94299,14.6749,29.0672
19331.08002,4.0909,1.50011,1559497800.0,1,4,26.7795,846,9493.78002,3.95549,14.7261,29.0839
19361.08002,4.0943,1.49966,1559497860.0,1,4,26.7795,847,9523.78002,3.96799,14.7772,29.1006
19391.08002,4.0972,1.49981,1559497860.0,1,4,26.7795,848,9553.78002,3.98049,14.8284,29.1173
19421.08002,4.1004,1.4995,1559497920.0,1,4,26.7961,849,9583.78002,3.99299,14.8796,29.1173
19451.08002,4.1035,1.50011,1559497920.0,1,4,26.7795,850,9613.78002,4.00549,14.9309,29.0839
19481.08002,4.1068,1.4995,1559497980.0,1,4,26.7961,851,9643.78002,4.01798,14.9822,29.1006
19511.08002,4.1097,1.49996,1559497980.0,1,4,26.7795,852,9673.78002,4.03048,15.0336,29.1006
19541.08002,4.1128,1.49996,1559498040.0,1,4,26.7961,853,9703.78002,4.04298,15.0849,29.1173
19571.08002,4.1155,1.49966,1559498040.0,1,4,26.7795,854,9733.78002,4.05548,15.1364,29.0505
19601.08002,4.1187,1.50011,1559498100.0,1,4,26.7795,855,9763.78002,4.06798,15.1878,29.0505
19631.08002,4.1218,1.50057,1559498100.0,1,4,26.7961,856,9793.78002,4.08048,15.2393,29.0672
19661.08002,4.1248,1.50027,1559498160.0,1,4,26.7961,857,9823.78002,4.09298,15.2909,29.0505
19691.08002,4.1279,1.50011,1559498160.0,1,4,26.7961,858,9853.78002,4.10548,15.3424,29.0505
19721.08002,4.1306,1.49966,1559498220.0,1,4,26.7795,859,9883.78002,4.11798,15.3941,29.0839
19751.08002,4.1335,1.49981,1559498220.0,1,4,26.7961,860,9913.78002,4.13048,15.4457,29.0839
19781.08002,4.1363,1.49981,1559498280.0,1,4,26.7795,861,9943.78002,4.14298,15.4974,29.0672
19811.08002,4.1393,1.49966,1559498280.0,1,4,26.7961,862,9973.78002,4.15548,15.5491,29.0839
19841.08002,4.1422,1.4995,1559498340.0,1,4,26.8127,863,10003.78002,4.16798,15.6009,29.0839
19871.08002,4.1448,1.49981,1559498340.0,1,4,26.7961,864,10033.78002,4.18047,15.6527,29.1339
19901.08002,4.1477,1.50027,1559498400.0,1,4,26.8293,865,10063.78002,4.19297,15.7045,29.0339
19931.08002,4.1501,1.49981,1559498400.0,1,4,26.7961,866,10093.78002,4.20547,15.7563,29.1006
19961.08002,4.1529,1.4995,1559498460.0,1,4,26.8127,867,10123.78002,4.21797,15.8082,29.1006
19991.08002,4.1555,1.50011,1559498460.0,1,4,26.8459,868,10153.78002,4.23047,15.8602,29.1173
20021.08002,4.1578,1.49996,1559498520.0,1,4,26.8459,869,10183.78002,4.24297,15.9121,29.0839
20051.08002,4.1601,1.49981,1559498520.0,1,4,26.7961,870,10213.78002,4.25547,15.9641,29.0505
20081.08002,4.1624,1.49966,1559498580.0,1,4,26.8127,871,10243.78002,4.26797,16.0161,29.1339
20111.08002,4.1648,1.49966,1559498580.0,1,4,26.7961,872,10273.78002,4.28047,16.0682,29.1339
20141.08002,4.1668,1.49996,1559498640.0,1,4,26.7961,873,10303.78002,4.29297,16.1202,29.1673
20171.08002,4.1689,1.49966,1559498640.0,1,4,26.8459,874,10333.78002,4.30547,16.1723,29.1339
20201.08002,4.1711,1.50042,1559498700.0,1,4,26.8127,875,10363.78002,4.31797,16.2245,29.1673
20231.08002,4.1727,1.50011,1559498700.0,1,4,26.7961,876,10393.78002,4.33047,16.2766,29.1506
20261.08002,4.1747,1.49996,1559498760.0,1,4,26.7795,877,10423.78002,4.34296,16.3288,29.1506
20291.08002,4.1765,1.49996,1559498760.0,1,4,26.7795,878,10453.78002,4.35546,16.381,29.1339
20321.08002,4.1782,1.49981,1559498820.0,1,4,26.8293,879,10483.78002,4.36796,16.4332,29.1506
20351.08002,4.1798,1.4995,1559498820.0,1,4,26.8127,880,10513.78002,4.38046,16.4854,29.1506
20381.08002,4.1814,1.50011,1559498880.0,1,4,26.8293,881,10543.78002,4.39296,16.5377,29.1506
20411.08002,4.1827,1.50011,1559498880.0,1,4,26.8293,882,10573.78002,4.40546,16.5899,29.1506
20441.08002,4.1843,1.49981,1559498940.0,1,4,26.8625,883,10603.78002,4.41796,16.6422,29.1673
20471.08002,4.1859,1.50011,1559498940.0,1,4,26.8293,884,10633.78002,4.43046,16.6945,29.184
20501.08002,4.1872,1.50011,1559499000.0,1,4,26.7961,885,10663.78002,4.44296,16.7469,29.2007
20531.08002,4.1883,1.49996,1559499000.0,1,4,26.8127,886,10693.78002,4.45546,16.7992,29.2173
20561.08002,4.1898,1.49996,1559499060.0,1,4,26.7795,887,10723.78002,4.46796,16.8516,29.2007
20591.08002,4.1913,1.50011,1559499060.0,1,4,26.8127,888,10753.78002,4.48046,16.904,29.1673
20621.08002,4.1927,1.49981,1559499120.0,1,4,26.8459,889,10783.78002,4.49295,16.9564,29.2007
20651.08002,4.1939,1.49966,1559499120.0,1,4,26.8459,890,10813.78002,4.50545,17.0088,29.2173
20681.08002,4.1956,1.49996,1559499180.0,1,4,26.8127,891,10843.78002,4.51795,17.0612,29.234
20711.08002,4.1965,1.49996,1559499180.0,1,4,26.8127,892,10873.78002,4.53045,17.1137,29.2507
20741.08002,4.1984,1.49981,1559499240.0,1,4,26.8293,893,10903.78002,4.54295,17.1661,29.2173
20771.08002,4.1994,1.49981,1559499240.0,1,4,26.8459,894,10933.78002,4.55545,17.2186,29.284
20774.85,4.2,1.49966,1559499300.0,1,4,26.8293,895,10937.55,4.55702,17.2252,29.284
20774.88,4.2026,1.60449,1559499300.0,1,5,26.8293,896,0.03,4.55703,17.2253,29.284
20804.88,4.2,1.4696,1559499300.0,1,5,26.8459,897,30.03,4.56948,17.2775,29.234
20834.88,4.2,1.44213,1559499360.0,1,5,26.8459,898,60.03,4.5816,17.3284,29.3007
20864.88,4.1997,1.41634,1559499360.0,1,5,26.8625,899,90.03,4.59351,17.3785,29.2674
20894.88,4.2002,1.39452,1559499420.0,1,5,26.8459,900,120.03,4.60521,17.4276,29.284
20924.88,4.2,1.3698,1559499420.0,1,5,26.8459,901,150.03,4.61672,17.476,29.2507
20954.88,4.2,1.34737,1559499480.0,1,5,26.8127,902,180.03,4.62805,17.5235,29.234
20984.88,4.1999,1.32586,1559499480.0,1,5,26.7961,903,210.03,4.63919,17.5703,29.3674
21014.88,4.1999,1.30465,1559499540.0,1,5,26.8127,904,240.03,4.65015,17.6163,29.234
21044.88,4.1999,1.28191,1559499540.0,1,5,26.7961,905,270.03,4.66092,17.6616,29.3341
21074.88,4.1999,1.26131,1559499600.0,1,5,26.8293,906,300.03,4.67151,17.7061,29.234
21104.88,4.1999,1.23903,1559499600.0,1,5,26.8127,907,330.03,4.68192,17.7498,29.3174
21134.88,4.2,1.21645,1559499660.0,1,5,26.7961,908,360.03,4.69215,17.7928,29.2674
21164.88,4.2,1.19463,1559499660.0,1,5,26.7795,909,390.03,4.7022,17.835,29.2507
21194.88,4.2002,1.17082,1559499720.0,1,5,26.7795,910,420.03,4.71206,17.8764,29.234
21224.88,4.1999,1.15068,1559499720.0,1,5,26.8791,911,450.03,4.72174,17.917,29.234
21254.88,4.2002,1.12764,1559499780.0,1,5,26.7961,912,480.03,4.73122,17.9569,29.234
21284.88,4.2,1.10613,1559499780.0,1,5,26.7795,913,510.03,4.74053,17.9959,29.2173
21314.88,4.2,1.08263,1559499840.0,1,5,26.7795,914,540.03,4.74965,18.0342,29.2173
21344.88,4.2,1.0605,1559499840.0,1,5,26.7961,915,570.03,4.75858,18.0718,29.1673
21374.88,4.1999,1.03899,1559499900.0,1,5,26.8127,916,600.03,4.76732,18.1085,29.2173
21404.88,4.2,1.01656,1559499900.0,1,5,26.7961,917,630.03,4.77588,18.1444,29.184
21434.88,4.2002,0.992599,1559499960.0,1,5,26.7795,918,660.03,4.78425,18.1796,29.1506
21464.88,4.2,0.968948,1559499960.0,1,5,26.7961,919,690.03,4.79243,18.2139,29.1339
21494.88,4.2002,0.948348,1559500020.0,1,5,26.8127,920,720.03,4.80043,18.2475,29.0339
21524.88,4.1999,0.924239,1559500020.0,1,5,26.7795,921,750.03,4.80823,18.2803,29.0339
21554.88,4.1999,0.90425,1559500080.0,1,5,26.7629,922,780.03,4.81586,18.3123,29.0339
21584.88,4.1999,0.881514,1559500080.0,1,5,26.8459,923,810.03,4.8233,18.3436,28.9838
21614.88,4.2002,0.859388,1559500140.0,1,5,26.8625,924,840.03,4.83055,18.374,28.9838
21644.88,4.2,0.83772,1559500140.0,1,5,26.8625,925,870.03,4.83762,18.4037,28.9838
21674.88,4.2002,0.8159,1559500200.0,1,5,26.8293,926,900.03,4.84451,18.4327,28.9171
21704.88,4.1999,0.793622,1559500200.0,1,5,26.8127,927,930.03,4.85122,18.4608,28.8838
21734.88,4.1999,0.773938,1559500260.0,1,5,26.8293,928,960.03,4.85775,18.4883,28.8838
21764.88,4.1999,0.750286,1559500260.0,1,5,26.7795,929,990.03,4.8641,18.5149,28.817
21794.88,4.1999,0.729076,1559500320.0,1,5,26.7961,930,1020.03,4.87026,18.5408,28.8838
21824.88,4.2,0.707713,1559500320.0,1,5,26.7795,931,1050.03,4.87626,18.566,28.767
21854.88,4.1999,0.687877,1559500380.0,1,5,26.8127,932,1080.03,4.88209,18.5905,28.7503
21884.88,4.2,0.669108,1559500380.0,1,5,26.8127,933,1110.03,4.88774,18.6142,28.7336
21914.88,4.2,0.648814,1559500440.0,1,5,26.7961,934,1140.03,4.89323,18.6373,28.7003
21944.88,4.1999,0.628977,1559500440.0,1,5,26.7961,935,1170.03,4.89856,18.6597,28.6836
21974.88,4.1999,0.609293,1559500500.0,1,5,26.8127,936,1200.03,4.90372,18.6814,28.6669
22004.88,4.2,0.59205,1559500500.0,1,5,26.8127,937,1230.03,4.90873,18.7024,28.6502
22034.88,4.1999,0.574044,1559500560.0,1,5,26.7961,938,1260.03,4.91358,18.7228,28.5835
22064.88,4.2004,0.556039,1559500560.0,1,5,26.7961,939,1290.03,4.91829,18.7425,28.5668
22094.88,4.2,0.53727,1559500620.0,1,5,26.7961,940,1320.03,4.92284,18.7617,28.5335
22124.88,4.1999,0.519417,1559500620.0,1,5,26.7961,941,1350.03,4.92725,18.7802,28.5168
22154.88,4.2,0.504616,1559500680.0,1,5,26.7961,942,1380.03,4.93152,18.7981,28.5335
22184.88,4.1999,0.486763,1559500680.0,1,5,26.7961,943,1410.03,4.93564,18.8154,28.4501
22214.88,4.2,0.471199,1559500740.0,1,5,26.7629,944,1440.03,4.93963,18.8322,28.4001
22244.88,4.1997,0.455024,1559500740.0,1,5,26.7463,945,1470.03,4.94349,18.8484,28.4001
22274.88,4.1999,0.440375,1559500800.0,1,5,26.7463,946,1500.03,4.94722,18.8641,28.3667
22304.88,4.1999,0.424353,1559500800.0,1,5,26.7463,947,1530.03,4.95083,18.8792,28.3667
22334.88,4.2,0.409705,1559500860.0,1,5,26.7463,948,1560.03,4.95431,18.8938,28.3333
22364.88,4.1999,0.396887,1559500860.0,1,5,26.7297,949,1590.03,4.95768,18.908,28.2833
22394.88,4.2,0.382696,1559500920.0,1,5,26.7795,950,1620.03,4.96093,18.9217,28.2333
22424.88,4.1999,0.370642,1559500920.0,1,5,26.7795,951,1650.03,4.96407,18.9348,28.2333
22454.88,4.1999,0.357519,1559500980.0,1,5,26.7297,952,1680.03,4.9671,18.9476,28.1999
22484.88,4.2,0.343938,1559500980.0,1,5,26.7131,953,1710.03,4.97003,18.9599,28.1499
22514.88,4.1999,0.333867,1559501040.0,1,5,26.7629,954,1740.03,4.97286,18.9717,28.1165
22544.88,4.2,0.32105,1559501040.0,1,5,26.7463,955,1770.03,4.97558,18.9832,28.0832
22574.88,4.2,0.309453,1559501100.0,1,5,26.7463,956,1800.03,4.97821,18.9942,28.0665
22604.88,4.2,0.299382,1559501100.0,1,5,26.7463,957,1830.03,4.98075,19.0049,28.0498
22634.88,4.2,0.289464,1559501160.0,1,5,26.7463,958,1860.03,4.98321,19.0152,28.0164
22664.88,4.2,0.278782,1559501160.0,1,5,26.7297,959,1890.03,4.98558,19.0252,27.9831
22694.88,4.2002,0.270695,1559501220.0,1,5,26.7131,960,1920.03,4.98786,19.0348,27.933
22724.88,4.1999,0.259861,1559501220.0,1,5,26.7131,961,1950.03,4.99007,19.044,27.9164
22754.88,4.1999,0.251164,1559501280.0,1,5,26.7297,962,1980.03,4.9922,19.053,27.9164
22784.88,4.2,0.241245,1559501280.0,1,5,26.7463,963,2010.03,4.99425,19.0616,27.9164
22814.88,4.1999,0.234073,1559501340.0,1,5,26.7131,964,2040.03,4.99623,19.0699,27.933
22844.88,4.2,0.225681,1559501340.0,1,5,26.7297,965,2070.03,4.99814,19.0779,27.883
22874.88,4.2,0.217899,1559501400.0,1,5,26.7297,966,2100.03,4.99999,19.0857,27.8663
22904.88,4.2002,0.209659,1559501400.0,1,5,26.7463,967,2130.03,5.00177,19.0932,27.833
22934.88,4.1999,0.20264,1559501460.0,1,5,26.7297,968,2160.03,5.0035,19.1004,27.833
22964.88,4.1999,0.195773,1559501460.0,1,5,26.7463,969,2190.03,5.00516,19.1074,27.7829
22994.88,4.1999,0.19028,1559501520.0,1,5,26.7131,970,2220.03,5.00676,19.1141,27.7496
23024.88,4.2002,0.182956,1559501520.0,1,5,26.6799,971,2250.03,5.00831,19.1207,27.7329
23054.88,4.2,0.176089,1559501580.0,1,5,26.6965,972,2280.03,5.00981,19.1269,27.7663
23084.88,4.2,0.171206,1559501580.0,1,5,26.6965,973,2310.03,5.01125,19.133,27.6662
23114.88,4.1999,0.16495,1559501640.0,1,5,26.7131,974,2340.03,5.01265,19.1389,27.6495
23144.88,4.1999,0.159762,1559501640.0,1,5,26.6965,975,2370.03,5.014,19.1445,27.6328
23174.88,4.1999,0.153353,1559501700.0,1,5,26.6965,976,2400.03,5.01531,19.15,27.6662
23204.88,4.1999,0.149691,1559501700.0,1,5,26.6965,977,2430.03,5.01657,19.1553,27.6161
23234.88,4.1997,0.143893,1559501760.0,1,5,26.6799,978,2460.03,5.01779,19.1605,27.5828
23264.88,4.1999,0.139467,1559501760.0,1,5,26.6633,979,2490.03,5.01897,19.1654,27.5828
23294.88,4.1999,0.134127,1559501820.0,1,5,26.6633,980,2520.03,5.02011,19.1702,27.5661
23324.88,4.1999,0.131533,1559501820.0,1,5,26.6799,981,2550.03,5.02121,19.1748,27.5661
23354.88,4.1999,0.125124,1559501880.0,1,5,26.6633,982,2580.03,5.02228,19.1793,27.5327
23384.88,4.2,0.121157,1559501880.0,1,5,26.6633,983,2610.03,5.02332,19.1837,27.5161
23414.88,4.2,0.117952,1559501940.0,1,5,26.6799,984,2640.03,5.02432,19.1879,27.5494
23444.88,4.1999,0.113527,1559501940.0,1,5,26.6633,985,2670.03,5.02529,19.1919,27.4994
23474.88,4.2,0.110018,1559502000.0,1,5,26.6633,986,2700.03,5.02622,19.1959,27.4827
23504.88,4.2,0.106355,1559502000.0,1,5,26.6799,987,2730.03,5.02713,19.1997,27.4827
23534.88,4.2,0.104219,1559502060.0,1,5,26.6965,988,2760.03,5.02801,19.2034,27.4494
23564.88,4.2,0.100862,1559502060.0,1,5,26.6799,989,2790.03,5.02886,19.207,27.3993
23594.88,4.1999,0.0982681,1559502120.0,1,5,26.6633,990,2820.03,5.02969,19.2104,27.416
23624.88,4.1999,0.0958267,1559502120.0,1,5,26.6467,991,2850.03,5.03049,19.2138,27.3993
23654.88,4.1999,0.0915541,1559502180.0,1,5,26.6301,992,2880.03,5.03127,19.2171,27.366
23684.88,4.1999,0.0892653,1559502180.0,1,5,26.6965,993,2910.03,5.03203,19.2203,27.3326
23714.88,4.1999,0.0877394,1559502240.0,1,5,26.6467,994,2940.03,5.03276,19.2233,27.366
23744.88,4.2002,0.083772,1559502240.0,1,5,26.6633,995,2970.03,5.03347,19.2263,27.366
23774.88,4.2,0.0814832,1559502300.0,1,5,26.6799,996,3000.03,5.03416,19.2292,27.366
23804.88,4.2,0.0802625,1559502300.0,1,5,26.6633,997,3030.03,5.03483,19.232,27.3493
23834.88,4.2,0.0769055,1559502360.0,1,5,26.6799,998,3060.03,5.03548,19.2348,27.3159
23864.88,4.1997,0.075227,1559502360.0,1,5,26.6799,999,3090.03,5.03612,19.2374,27.2826
23894.88,4.1999,0.0723278,1559502420.0,1,5,26.6965,1000,3120.03,5.03674,19.24,27.2826
23924.88,4.2,0.0712596,1559502420.0,1,5,26.6965,1001,3150.03,5.03734,19.2426,27.2826
23954.88,4.2,0.0695811,1559502480.0,1,5,26.6965,1002,3180.03,5.03792,19.245,27.2659
23984.88,4.1999,0.0660716,1559502480.0,1,5,26.6965,1003,3210.03,5.03849,19.2474,27.2492
24014.88,4.2,0.0648508,1559502540.0,1,5,26.6799,1004,3240.03,5.03904,19.2497,27.2659
24044.88,4.1999,0.0634775,1559502540.0,1,5,26.6799,1005,3270.03,5.03958,19.252,27.2826
24074.88,4.2,0.0621042,1559502600.0,1,5,26.6633,1006,3300.03,5.0401,19.2542,27.2325
24104.88,4.2,0.0605783,1559502600.0,1,5,26.6633,1007,3330.03,5.04061,19.2563,27.2492
24134.88,4.1999,0.0578317,1559502660.0,1,5,26.6799,1008,3360.03,5.0411,19.2584,27.2325
24164.88,4.1999,0.0560006,1559502660.0,1,5,26.6799,1009,3390.03,5.04159,19.2604,27.1992
24194.88,4.2002,0.0560006,1559502720.0,1,5,26.6799,1010,3420.03,5.04206,19.2624,27.1825
24224.88,4.1997,0.0537118,1559502720.0,1,5,26.6633,1011,3450.03,5.04252,19.2643,27.2158
24254.88,4.1999,0.053254,1559502780.0,1,5,26.6467,1012,3480.03,5.04297,19.2662,27.1992
24271.81002,4.1999,0.0500496,1559502780.0,1,5,26.6467,1013,3496.96002,5.04322,19.2672,27.1658
24271.81998,4.1987,0.0,1559502780.0,1,6,26.6467,1014,0.01002,0.0,0.0,27.1658
24301.81998,4.1976,0.0,1559502780.0,1,6,26.6467,1015,30.01002,0.0,0.0,27.1992
24331.81998,4.1973,0.0,1559502840.0,1,6,26.6633,1016,60.01002,0.0,0.0,27.1825
24361.81998,4.1967,0.0,1559502840.0,1,6,26.6799,1017,90.01002,0.0,0.0,27.1825
24391.81998,4.1965,0.0,1559502900.0,1,6,26.6799,1018,120.01002,0.0,0.0,27.1658
24421.81998,4.1961,0.0,1559502900.0,1,6,26.6633,1019,150.01002,0.0,0.0,27.1325
24451.81998,4.1958,0.0,1559502960.0,1,6,26.7131,1020,180.01002,0.0,0.0,27.0991
24481.81998,4.1958,0.0,1559502960.0,1,6,26.6799,1021,210.01002,0.0,0.0,27.0657
24511.81998,4.1956,0.0,1559503020.0,1,6,26.6799,1022,240.01002,0.0,0.0,27.0491
24541.81998,4.1955,0.0,1559503020.0,1,6,26.6799,1023,270.01002,0.0,0.0,27.0491
24571.81998,4.1952,0.0,1559503080.0,1,6,26.6799,1024,300.01002,0.0,0.0,27.0491
24601.81998,4.1947,0.0,1559503080.0,1,6,26.6633,1025,330.01002,0.0,0.0,27.0324
24631.81998,4.195,0.0,1559503140.0,1,6,26.6633,1026,360.01002,0.0,0.0,27.0824
24661.81998,4.1947,0.0,1559503140.0,1,6,26.6633,1027,390.01002,0.0,0.0,27.0991
24691.81998,4.1946,0.0,1559503200.0,1,6,26.6633,1028,420.01002,0.0,0.0,27.0491
24721.81998,4.1942,0.0,1559503200.0,1,6,26.6633,1029,450.01002,0.0,0.0,27.0324
24751.81998,4.1942,0.0,1559503260.0,1,6,26.6633,1030,480.01002,0.0,0.0,27.0324
24781.81998,4.1941,0.0,1559503260.0,1,6,26.6965,1031,510.01002,0.0,0.0,27.0491
24811.81998,4.1939,0.0,1559503320.0,1,6,26.6965,1032,540.01002,0.0,0.0,27.0324
24841.81998,4.1939,0.0,1559503320.0,1,6,26.7131,1033,570.01002,0.0,0.0,27.0491
24871.81998,4.1936,0.0,1559503380.0,1,6,26.6965,1034,600.01002,0.0,0.0,27.0324
24901.81998,4.1935,0.0,1559503380.0,1,6,26.7131,1035,630.01002,0.0,0.0,27.0324
24931.81998,4.1932,0.0,1559503440.0,1,6,26.6301,1036,660.01002,0.0,0.0,27.0324
24961.81998,4.1933,0.0,1559503440.0,1,6,26.6965,1037,690.01002,0.0,0.0,27.0324
24991.81998,4.1933,0.0,1559503500.0,1,6,26.6467,1038,720.01002,0.0,0.0,27.0324
25021.81998,4.193,0.0,1559503500.0,1,6,26.6633,1039,750.01002,0.0,0.0,27.0324
25051.81998,4.193,0.0,1559503560.0,1,6,26.6633,1040,780.01002,0.0,0.0,27.0324
25081.81998,4.193,0.0,1559503560.0,1,6,26.6633,1041,810.01002,0.0,0.0,27.0157
25111.81998,4.1929,0.0,1559503620.0,1,6,26.7131,1042,840.01002,0.0,0.0,27.0157
25141.81998,4.1927,0.0,1559503620.0,1,6,26.6467,1043,870.01002,0.0,0.0,27.0157
25171.81998,4.1926,0.0,1559503680.0,1,6,26.6965,1044,900.01002,0.0,0.0,26.9823
25201.81998,4.1924,0.0,1559503680.0,1,6,26.6965,1045,930.01002,0.0,0.0,26.999
25231.81998,4.1923,0.0,1559503740.0,1,6,26.6965,1046,960.01002,0.0,0.0,26.9823
25261.81998,4.1924,0.0,1559503740.0,1,6,26.6965,1047,990.01002,0.0,0.0,26.999
25291.81998,4.1921,0.0,1559503800.0,1,6,26.6467,1048,1020.01002,0.0,0.0,26.999
25321.81998,4.192,0.0,1559503800.0,1,6,26.6467,1049,1050.01002,0.0,0.0,26.9823
25351.81998,4.1918,0.0,1559503860.0,1,6,26.6799,1050,1080.01002,0.0,0.0,26.9657
25381.81998,4.1918,0.0,1559503860.0,1,6,26.6965,1051,1110.01002,0.0,0.0,26.9657
25411.81998,4.1918,0.0,1559503920.0,1,6,26.6799,1052,1140.01002,0.0,0.0,26.9323
25441.81998,4.1918,0.0,1559503920.0,1,6,26.6633,1053,1170.01002,0.0,0.0,26.9156
25471.81998,4.1918,0.0,1559503980.0,1,6,26.6799,1054,1200.01002,0.0,0.0,26.999
25501.81998,4.1915,0.0,1559503980.0,1,6,26.6633,1055,1230.01002,0.0,0.0,26.9823
25531.81998,4.1917,0.0,1559504040.0,1,6,26.6799,1056,1260.01002,0.0,0.0,26.9323
25561.81998,4.1915,0.0,1559504040.0,1,6,26.6965,1057,1290.01002,0.0,0.0,26.949
25591.81998,4.1915,0.0,1559504100.0,1,6,26.7131,1058,1320.01002,0.0,0.0,26.9323
25621.81998,4.1912,0.0,1559504100.0,1,6,26.7131,1059,1350.01002,0.0,0.0,26.949
25651.81998,4.191,0.0,1559504160.0,1,6,26.7131,1060,1380.01002,0.0,0.0,26.9323
25681.81998,4.191,0.0,1559504160.0,1,6,26.6965,1061,1410.01002,0.0,0.0,26.9156
25711.81998,4.1909,0.0,1559504220.0,1,6,26.6799,1062,1440.01002,0.0,0.0,26.8989
25741.81998,4.1909,0.0,1559504220.0,1,6,26.6799,1063,1470.01002,0.0,0.0,26.9156
25771.81998,4.1906,0.0,1559504280.0,1,6,26.6965,1064,1500.01002,0.0,0.0,26.9323
25801.81998,4.1906,0.0,1559504280.0,1,6,26.7131,1065,1530.01002,0.0,0.0,26.9323
25831.81998,4.1907,0.0,1559504340.0,1,6,26.6467,1066,1560.01002,0.0,0.0,26.9323
25861.81998,4.1907,0.0,1559504340.0,1,6,26.6633,1067,1590.01002,0.0,0.0,26.9657
25891.81998,4.1907,0.0,1559504400.0,1,6,26.6799,1068,1620.01002,0.0,0.0,26.949
25921.81998,4.1904,0.0,1559504400.0,1,6,26.6799,1069,1650.01002,0.0,0.0,26.9156
25951.81998,4.1903,0.0,1559504460.0,1,6,26.6965,1070,1680.01002,0.0,0.0,26.9156
25981.81998,4.1904,0.0,1559504460.0,1,6,26.6799,1071,1710.01002,0.0,0.0,26.8823
26011.81998,4.1903,0.0,1559504520.0,1,6,26.6799,1072,1740.01002,0.0,0.0,26.8823
26041.81998,4.1903,0.0,1559504520.0,1,6,26.6799,1073,1770.01002,0.0,0.0,26.8823
26071.81998,4.1903,0.0,1559504580.0,1,6,26.6799,1074,1800.01002,0.0,0.0,26.8823
26101.81998,4.1903,0.0,1559504580.0,1,6,26.6799,1075,1830.01002,0.0,0.0,26.8823
26131.81998,4.19,0.0,1559504640.0,1,6,26.6799,1076,1860.01002,0.0,0.0,26.8656
26161.81998,4.1901,0.0,1559504640.0,1,6,26.6799,1077,1890.01002,0.0,0.0,26.9156
26191.81998,4.1901,0.0,1559504700.0,1,6,26.6799,1078,1920.01002,0.0,0.0,26.8823
26221.81998,4.1901,0.0,1559504700.0,1,6,26.6467,1079,1950.01002,0.0,0.0,26.9156
26251.81998,4.19,0.0,1559504760.0,1,6,26.6633,1080,1980.01002,0.0,0.0,26.9323
26281.81998,4.1898,0.0,1559504760.0,1,6,26.6799,1081,2010.01002,0.0,0.0,26.949
26311.81998,4.1898,0.0,1559504820.0,1,6,26.6965,1082,2040.01002,0.0,0.0,26.9323
26341.81998,4.1898,0.0,1559504820.0,1,6,26.6633,1083,2070.01002,0.0,0.0,26.9323
26371.81998,4.1897,0.0,1559504880.0,1,6,26.6467,1084,2100.01002,0.0,0.0,26.9323
26401.81998,4.1897,0.0,1559504880.0,1,6,26.6799,1085,2130.01002,0.0,0.0,26.9323
26431.81998,4.1897,0.0,1559504940.0,1,6,26.6799,1086,2160.01002,0.0,0.0,26.8989
26461.81998,4.1895,0.0,1559504940.0,1,6,26.6799,1087,2190.01002,0.0,0.0,26.8989
26491.81998,4.1895,0.0,1559505000.0,1,6,26.6965,1088,2220.01002,0.0,0.0,26.8989
26521.81998,4.1894,0.0,1559505000.0,1,6,26.6799,1089,2250.01002,0.0,0.0,26.8989
26551.81998,4.1894,0.0,1559505060.0,1,6,26.6965,1090,2280.01002,0.0,0.0,26.8823
26581.81998,4.1892,0.0,1559505060.0,1,6,26.6965,1091,2310.01002,0.0,0.0,26.8989
26611.81998,4.1894,0.0,1559505120.0,1,6,26.7131,1092,2340.01002,0.0,0.0,26.9156
26641.81998,4.1891,0.0,1559505120.0,1,6,26.7131,1093,2370.01002,0.0,0.0,26.9156
26671.81998,4.1892,0.0,1559505180.0,1,6,26.6965,1094,2400.01002,0.0,0.0,26.8823
26701.81998,4.1892,0.0,1559505180.0,1,6,26.6965,1095,2430.01002,0.0,0.0,26.8823
26731.81998,4.1889,0.0,1559505240.0,1,6,26.6965,1096,2460.01002,0.0,0.0,26.9156
26761.81998,4.1891,0.0,1559505240.0,1,6,26.6965,1097,2490.01002,0.0,0.0,26.8989
26791.81998,4.1889,0.0,1559505300.0,1,6,26.7131,1098,2520.01002,0.0,0.0,26.9156
26821.81998,4.1889,0.0,1559505300.0,1,6,26.7131,1099,2550.01002,0.0,0.0,26.9156
26851.81998,4.1889,0.0,1559505360.0,1,6,26.6467,1100,2580.01002,0.0,0.0,26.9323
26881.81998,4.1888,0.0,1559505360.0,1,6,26.6467,1101,2610.01002,0.0,0.0,26.9156
26911.81998,4.1886,0.0,1559505420.0,1,6,26.6467,1102,2640.01002,0.0,0.0,26.9156
26941.81998,4.1888,0.0,1559505420.0,1,6,26.6467,1103,2670.01002,0.0,0.0,26.9156
26971.81998,4.1889,0.0,1559505480.0,1,6,26.6467,1104,2700.01002,0.0,0.0,26.9156
27001.81998,4.1888,0.0,1559505480.0,1,6,26.7131,1105,2730.01002,0.0,0.0,26.8989
27031.81998,4.1886,0.0,1559505540.0,1,6,26.6467,1106,2760.01002,0.0,0.0,26.9156
27061.81998,4.1886,0.0,1559505540.0,1,6,26.6467,1107,2790.01002,0.0,0.0,26.9156
27091.81998,4.1883,0.0,1559505600.0,1,6,26.6467,1108,2820.01002,0.0,0.0,26.9156
27121.81998,4.1886,0.0,1559505600.0,1,6,26.6467,1109,2850.01002,0.0,0.0,26.9156
27151.81998,4.1886,0.0,1559505660.0,1,6,26.6467,1110,2880.01002,0.0,0.0,26.8989
27181.81998,4.1884,0.0,1559505660.0,1,6,26.6799,1111,2910.01002,0.0,0.0,26.8656
27211.81998,4.1886,0.0,1559505720.0,1,6,26.6633,1112,2940.01002,0.0,0.0,26.8656
27241.81998,4.1883,0.0,1559505720.0,1,6,26.6799,1113,2970.01002,0.0,0.0,26.8489
27271.81998,4.1884,0.0,1559505780.0,1,6,26.6467,1114,3000.01002,0.0,0.0,26.8989
27301.81998,4.1881,0.0,1559505780.0,1,6,26.6633,1115,3030.01002,0.0,0.0,26.8989
27331.81998,4.1881,0.0,1559505840.0,1,6,26.6633,1116,3060.01002,0.0,0.0,26.8823
27361.81998,4.1881,0.0,1559505840.0,1,6,26.6633,1117,3090.01002,0.0,0.0,26.8489
27391.81998,4.1881,0.0,1559505900.0,1,6,26.6633,1118,3120.01002,0.0,0.0,26.8989
27421.81998,4.1883,0.0,1559505900.0,1,6,26.6633,1119,3150.01002,0.0,0.0,26.8989
27451.81998,4.1883,0.0,1559505960.0,1,6,26.6633,1120,3180.01002,0.0,0.0,26.8989
27481.81998,4.188,0.0,1559505960.0,1,6,26.6633,1121,3210.01002,0.0,0.0,26.8989
27511.81998,4.188,0.0,1559506020.0,1,6,26.6467,1122,3240.01002,0.0,0.0,26.8989
27541.81998,4.188,0.0,1559506020.0,1,6,26.6633,1123,3270.01002,0.0,0.0,26.8989
27571.81998,4.1881,0.0,1559506080.0,1,6,26.6965,1124,3300.01002,0.0,0.0,26.8656
27601.81998,4.188,0.0,1559506080.0,1,6,26.7131,1125,3330.01002,0.0,0.0,26.8823
27631.81998,4.1878,0.0,1559506140.0,1,6,26.6799,1126,3360.01002,0.0,0.0,26.8823
27661.81998,4.1877,0.0,1559506140.0,1,6,26.6965,1127,3390.01002,0.0,0.0,26.8989
27691.81998,4.1878,0.0,1559506200.0,1,6,26.6799,1128,3420.01002,0.0,0.0,26.8989
27721.81998,4.1878,0.0,1559506200.0,1,6,26.6799,1129,3450.01002,0.0,0.0,26.8823
27751.81998,4.1878,0.0,1559506260.0,1,6,26.6799,1130,3480.01002,0.0,0.0,26.8823
27781.81998,4.1877,0.0,1559506260.0,1,6,26.6633,1131,3510.01002,0.0,0.0,26.8656
27811.81998,4.1875,0.0,1559506320.0,1,6,26.6799,1132,3540.01002,0.0,0.0,26.8823
27841.81998,4.1875,0.0,1559506320.0,1,6,26.6633,1133,3570.01002,0.0,0.0,26.8823
27871.81998,4.1877,0.0,1559506380.0,1,6,26.7131,1134,3600.01002,0.0,0.0,26.8322
27901.81998,4.1877,0.0,1559506380.0,1,6,26.6965,1135,3630.01002,0.0,0.0,26.8322
27931.81998,4.1877,0.0,1559506440.0,1,6,26.6965,1136,3660.01002,0.0,0.0,26.8322
27961.81998,4.1874,0.0,1559506440.0,1,6,26.6965,1137,3690.01002,0.0,0.0,26.8155
27991.81998,4.1875,0.0,1559506500.0,1,6,26.6633,1138,3720.01002,0.0,0.0,26.8155
28021.81998,4.1875,0.0,1559506500.0,1,6,26.6799,1139,3750.01002,0.0,0.0,26.8989
28051.81998,4.1872,0.0,1559506560.0,1,6,26.6633,1140,3780.01002,0.0,0.0,26.9156
28081.81998,4.1874,0.0,1559506560.0,1,6,26.6965,1141,3810.01002,0.0,0.0,26.8322
28111.81998,4.1872,0.0,1559506620.0,1,6,26.6799,1142,3840.01002,0.0,0.0,26.8322
28141.81998,4.1874,0.0,1559506620.0,1,6,26.7131,1143,3870.01002,0.0,0.0,26.8489
28171.81998,4.1872,0.0,1559506680.0,1,6,26.7297,1144,3900.01002,0.0,0.0,26.8656
28201.81998,4.1872,0.0,1559506680.0,1,6,26.6799,1145,3930.01002,0.0,0.0,26.8656
28231.81998,4.1874,0.0,1559506740.0,1,6,26.6799,1146,3960.01002,0.0,0.0,26.8823
28261.81998,4.1874,0.0,1559506740.0,1,6,26.6799,1147,3990.01002,0.0,0.0,26.8989
28291.81998,4.1872,0.0,1559506800.0,1,6,26.6965,1148,4020.01002,0.0,0.0,26.8823
28321.81998,4.1872,0.0,1559506800.0,1,6,26.7297,1149,4050.01002,0.0,0.0,26.8656
28351.81998,4.1871,0.0,1559506860.0,1,6,26.7131,1150,4080.01002,0.0,0.0,26.8656
28381.81998,4.1871,0.0,1559506860.0,1,6,26.7297,1151,4110.01002,0.0,0.0,26.8489
28411.81998,4.1871,0.0,1559506920.0,1,6,26.6965,1152,4140.01002,0.0,0.0,26.8322
28441.81998,4.1871,0.0,1559506920.0,1,6,26.6965,1153,4170.01002,0.0,0.0,26.8989
28471.81998,4.1871,0.0,1559506980.0,1,6,26.6965,1154,4200.01002,0.0,0.0,26.8322
28501.81998,4.1869,0.0,1559506980.0,1,6,26.7297,1155,4230.01002,0.0,0.0,26.8489
28531.81998,4.1871,0.0,1559507040.0,1,6,26.7297,1156,4260.01002,0.0,0.0,26.8322
28561.81998,4.1869,0.0,1559507040.0,1,6,26.7131,1157,4290.01002,0.0,0.0,26.8322
28591.81998,4.1868,0.0,1559507100.0,1,6,26.7297,1158,4320.01002,0.0,0.0,26.8322
28621.81998,4.1869,0.0,1559507100.0,1,6,26.7463,1159,4350.01002,0.0,0.0,26.8656
28651.81998,4.1869,0.0,1559507160.0,1,6,26.7629,1160,4380.01002,0.0,0.0,26.8489
28681.81998,4.1871,0.0,1559507160.0,1,6,26.7463,1161,4410.01002,0.0,0.0,26.8656
28711.81998,4.1869,0.0,1559507220.0,1,6,26.7629,1162,4440.01002,0.0,0.0,26.8656
28741.81998,4.1868,0.0,1559507220.0,1,6,26.7463,1163,4470.01002,0.0,0.0,26.8489
28771.81998,4.1868,0.0,1559507280.0,1,6,26.7297,1164,4500.01002,0.0,0.0,26.8322
28801.81998,4.1869,0.0,1559507280.0,1,6,26.7131,1165,4530.01002,0.0,0.0,26.8823
28831.81998,4.1868,0.0,1559507340.0,1,6,26.7131,1166,4560.01002,0.0,0.0,26.9156
28861.81998,4.1869,0.0,1559507340.0,1,6,26.6965,1167,4590.01002,0.0,0.0,26.8656
28891.81998,4.1868,0.0,1559507400.0,1,6,26.6965,1168,4620.01002,0.0,0.0,26.8656
28921.81998,4.1865,0.0,1559507400.0,1,6,26.6965,1169,4650.01002,0.0,0.0,26.8656
28951.81998,4.1866,0.0,1559507460.0,1,6,26.7629,1170,4680.01002,0.0,0.0,26.8656
28981.81998,4.1868,0.0,1559507460.0,1,6,26.6965,1171,4710.01002,0.0,0.0,26.8823
29011.81998,4.1865,0.0,1559507520.0,1,6,26.7131,1172,4740.01002,0.0,0.0,26.8989
29041.81998,4.1866,0.0,1559507520.0,1,6,26.6799,1173,4770.01002,0.0,0.0,26.8823
29071.81998,4.1866,0.0,1559507580.0,1,6,26.7131,1174,4800.01002,0.0,0.0,26.8989
29101.81998,4.1866,0.0,1559507580.0,1,6,26.7297,1175,4830.01002,0.0,0.0,26.8823
29131.81998,4.1863,0.0,1559507640.0,1,6,26.6965,1176,4860.01002,0.0,0.0,26.8823
29161.81998,4.1863,0.0,1559507640.0,1,6,26.7629,1177,4890.01002,0.0,0.0,26.8823
29191.81998,4.1863,0.0,1559507700.0,1,6,26.7131,1178,4920.01002,0.0,0.0,26.8823
29221.81998,4.1863,0.0,1559507700.0,1,6,26.7297,1179,4950.01002,0.0,0.0,26.8989
29251.81998,4.1863,0.0,1559507760.0,1,6,26.7463,1180,4980.01002,0.0,0.0,26.8989
29281.81998,4.186,0.0,1559507760.0,1,6,26.7297,1181,5010.01002,0.0,0.0,26.8155
29311.81998,4.1862,0.0,1559507820.0,1,6,26.7131,1182,5040.01002,0.0,0.0,26.8823
29341.81998,4.1862,0.0,1559507820.0,1,6,26.7795,1183,5070.01002,0.0,0.0,26.8489
29371.81998,4.1862,0.0,1559507880.0,1,6,26.7629,1184,5100.01002,0.0,0.0,26.8489
29401.81998,4.1863,0.0,1559507880.0,1,6,26.7463,1185,5130.01002,0.0,0.0,26.8489
29431.81998,4.1862,0.0,1559507940.0,1,6,26.7629,1186,5160.01002,0.0,0.0,26.8489
29461.81998,4.1862,0.0,1559507940.0,1,6,26.7629,1187,5190.01002,0.0,0.0,26.8656
29491.81998,4.1863,0.0,1559508000.0,1,6,26.6965,1188,5220.01002,0.0,0.0,26.8823
29521.81998,4.1863,0.0,1559508000.0,1,6,26.7131,1189,5250.01002,0.0,0.0,26.8823
29551.81998,4.1862,0.0,1559508060.0,1,6,26.6965,1190,5280.01002,0.0,0.0,26.8656
29581.81998,4.1859,0.0,1559508060.0,1,6,26.7629,1191,5310.01002,0.0,0.0,26.8656
29611.81998,4.186,0.0,1559508120.0,1,6,26.7463,1192,5340.01002,0.0,0.0,26.8489
29641.81998,4.1862,0.0,1559508120.0,1,6,26.7629,1193,5370.01002,0.0,0.0,26.8489
29671.81998,4.1862,0.0,1559508180.0,1,6,26.7629,1194,5400.01002,0.0,0.0,26.8489
29701.81998,4.1862,0.0,1559508180.0,1,6,26.7463,1195,5430.01002,0.0,0.0,26.8489
29731.81998,4.1859,0.0,1559508240.0,1,6,26.7297,1196,5460.01002,0.0,0.0,26.8322
29761.81998,4.186,0.0,1559508240.0,1,6,26.7297,1197,5490.01002,0.0,0.0,26.8322
29791.81998,4.1859,0.0,1559508300.0,1,6,26.7297,1198,5520.01002,0.0,0.0,26.8489
29821.81998,4.186,0.0,1559508300.0,1,6,26.7297,1199,5550.01002,0.0,0.0,26.8155
29851.81998,4.1859,0.0,1559508360.0,1,6,26.7131,1200,5580.01002,0.0,0.0,26.8656
29881.81998,4.186,0.0,1559508360.0,1,6,26.6965,1201,5610.01002,0.0,0.0,26.8656
29911.81998,4.1859,0.0,1559508420.0,1,6,26.6965,1202,5640.01002,0.0,0.0,26.8656
29941.81998,4.1857,0.0,1559508420.0,1,6,26.6965,1203,5670.01002,0.0,0.0,26.8656
29971.81998,4.1855,0.0,1559508480.0,1,6,26.7131,1204,5700.01002,0.0,0.0,26.8823
30001.81998,4.1859,0.0,1559508480.0,1,6,26.7297,1205,5730.01002,0.0,0.0,26.8823
30031.81998,4.1857,0.0,1559508540.0,1,6,26.7297,1206,5760.01002,0.0,0.0,26.8322
30061.81998,4.1857,0.0,1559508540.0,1,6,26.7463,1207,5790.01002,0.0,0.0,26.8489
30091.81998,4.1859,0.0,1559508600.0,1,6,26.7463,1208,5820.01002,0.0,0.0,26.8489
30121.81998,4.1854,0.0,1559508600.0,1,6,26.7795,1209,5850.01002,0.0,0.0,26.8823
30151.81998,4.1857,0.0,1559508660.0,1,6,26.6799,1210,5880.01002,0.0,0.0,26.8823
30181.81998,4.1857,0.0,1559508660.0,1,6,26.7629,1211,5910.01002,0.0,0.0,26.8823
30211.81998,4.1857,0.0,1559508720.0,1,6,26.7463,1212,5940.01002,0.0,0.0,26.8489
30241.81998,4.1855,0.0,1559508720.0,1,6,26.7463,1213,5970.01002,0.0,0.0,26.8489
30271.81998,4.1857,0.0,1559508780.0,1,6,26.7297,1214,6000.01002,0.0,0.0,26.8489
30301.81998,4.1854,0.0,1559508780.0,1,6,26.7463,1215,6030.01002,0.0,0.0,26.8489
30331.81998,4.1855,0.0,1559508840.0,1,6,26.7463,1216,6060.01002,0.0,0.0,26.8489
30361.81998,4.1854,0.0,1559508840.0,1,6,26.7297,1217,6090.01002,0.0,0.0,26.8489
30391.81998,4.1855,0.0,1559508900.0,1,6,26.7297,1218,6120.01002,0.0,0.0,26.8489
30421.81998,4.1854,0.0,1559508900.0,1,6,26.7463,1219,6150.01002,0.0,0.0,26.8489
30451.81998,4.1854,0.0,1559508960.0,1,6,26.7297,1220,6180.01002,0.0,0.0,26.8489
30481.81998,4.1852,0.0,1559508960.0,1,6,26.6965,1221,6210.01002,0.0,0.0,26.8656
30511.81998,4.1851,0.0,1559509020.0,1,6,26.6799,1222,6240.01002,0.0,0.0,26.8322
30541.81998,4.1851,0.0,1559509020.0,1,6,26.6965,1223,6270.01002,0.0,0.0,26.8322
30571.81998,4.1852,0.0,1559509080.0,1,6,26.7131,1224,6300.01002,0.0,0.0,26.8322
30601.81998,4.1852,0.0,1559509080.0,1,6,26.7297,1225,6330.01002,0.0,0.0,26.8656
30631.81998,4.1852,0.0,1559509140.0,1,6,26.6799,1226,6360.01002,0.0,0.0,26.8656
30661.81998,4.1849,0.0,1559509140.0,1,6,26.6965,1227,6390.01002,0.0,0.0,26.8656
30691.81998,4.1851,0.0,1559509200.0,1,6,26.6799,1228,6420.01002,0.0,0.0,26.8489
30721.81998,4.1851,0.0,1559509200.0,1,6,26.7297,1229,6450.01002,0.0,0.0,26.8656
30751.81998,4.1852,0.0,1559509260.0,1,6,26.6965,1230,6480.01002,0.0,0.0,26.8989
30781.81998,4.1851,0.0,1559509260.0,1,6,26.7131,1231,6510.01002,0.0,0.0,26.8322
30811.81998,4.1851,0.0,1559509320.0,1,6,26.7297,1232,6540.01002,0.0,0.0,26.8656
30841.81998,4.1852,0.0,1559509320.0,1,6,26.7297,1233,6570.01002,0.0,0.0,26.8322
30871.81998,4.1851,0.0,1559509380.0,1,6,26.7297,1234,6600.01002,0.0,0.0,26.8322
30901.81998,4.1849,0.0,1559509380.0,1,6,26.7463,1235,6630.01002,0.0,0.0,26.8656
30931.81998,4.1849,0.0,1559509440.0,1,6,26.7463,1236,6660.01002,0.0,0.0,26.8656
30961.81998,4.1849,0.0,1559509440.0,1,6,26.7463,1237,6690.01002,0.0,0.0,26.8823
30991.81998,4.1848,0.0,1559509500.0,1,6,26.7297,1238,6720.01002,0.0,0.0,26.8489
31021.81998,4.1849,0.0,1559509500.0,1,6,26.7463,1239,6750.01002,0.0,0.0,26.8656
31051.81998,4.1849,0.0,1559509560.0,1,6,26.7297,1240,6780.01002,0.0,0.0,26.8823
31081.81998,4.1849,0.0,1559509560.0,1,6,26.7297,1241,6810.01002,0.0,0.0,26.8489
31111.81998,4.1851,0.0,1559509620.0,1,6,26.7297,1242,6840.01002,0.0,0.0,26.8656
31141.81998,4.1848,0.0,1559509620.0,1,6,26.7297,1243,6870.01002,0.0,0.0,26.8489
31171.81998,4.1848,0.0,1559509680.0,1,6,26.7131,1244,6900.01002,0.0,0.0,26.8489
31201.81998,4.1848,0.0,1559509680.0,1,6,26.7131,1245,6930.01002,0.0,0.0,26.8322
31231.81998,4.1849,0.0,1559509740.0,1,6,26.6965,1246,6960.01002,0.0,0.0,26.8155
31261.81998,4.1848,0.0,1559509740.0,1,6,26.6965,1247,6990.01002,0.0,0.0,26.8322
31291.81998,4.1848,0.0,1559509800.0,1,6,26.6799,1248,7020.01002,0.0,0.0,26.8656
31321.81998,4.1848,0.0,1559509800.0,1,6,26.6799,1249,7050.01002,0.0,0.0,26.8823
31351.81998,4.1846,0.0,1559509860.0,1,6,26.6965,1250,7080.01002,0.0,0.0,26.8823
31381.81998,4.1848,0.0,1559509860.0,1,6,26.6965,1251,7110.01002,0.0,0.0,26.8823
31411.81998,4.1849,0.0,1559509920.0,1,6,26.6965,1252,7140.01002,0.0,0.0,26.8823
31441.81998,4.1848,0.0,1559509920.0,1,6,26.7131,1253,7170.01002,0.0,0.0,26.8823
31471.81002,4.1848,0.0,1559509980.0,1,6,26.7297,1254,7200.0,0.0,0.0,26.8656
31471.84998,4.1694,0.502174,1559509980.0,2,7,26.7297,1255,0.04002,4.08e-06,1.701e-05,26.8656
31501.84998,4.1605,0.500191,1559509980.0,2,7,26.7297,1256,30.04002,0.00417061,0.0173641,26.8489
31531.84998,4.1563,0.500038,1559510040.0,2,7,26.7463,1257,60.04002,0.00833711,0.0346896,26.8656
31561.84998,4.1527,0.499733,1559510040.0,2,7,26.6633,1258,90.04002,0.0125036,0.0519995,26.8656
31591.84998,4.1498,0.500191,1559510100.0,2,7,26.7297,1259,120.04002,0.0166701,0.0692963,26.8656
31621.84998,4.1472,0.499886,1559510100.0,2,7,26.6633,1260,150.04002,0.0208366,0.0865816,26.8489
31651.84998,4.1451,0.499886,1559510160.0,2,7,26.7297,1261,180.04002,0.0250031,0.103856,26.8656
31681.84998,4.1427,0.500343,1559510160.0,2,7,26.7297,1262,210.04002,0.0291697,0.121121,26.8322
31711.84998,4.1401,0.500038,1559510220.0,2,7,26.7131,1263,240.04002,0.0333362,0.138376,26.8322
31741.84998,4.1379,0.500191,1559510220.0,2,7,26.7131,1264,270.04002,0.0375027,0.155622,26.8489
31771.84998,4.1363,0.500343,1559510280.0,2,7,26.7297,1265,300.04002,0.0416692,0.17286,26.8489
31801.84998,4.134,0.49958,1559510280.0,2,7,26.7297,1266,330.04002,0.0458357,0.190089,26.8489
31831.84998,4.1323,0.500038,1559510340.0,2,7,26.7297,1267,360.04002,0.0500022,0.20731,26.8489
31861.84998,4.1305,0.500038,1559510340.0,2,7,26.7297,1268,390.04002,0.0541687,0.224524,26.8322
31891.84998,4.1286,0.499886,1559510400.0,2,7,26.6965,1269,420.04002,0.0583352,0.24173,26.8489
31921.84998,4.127,0.500191,1559510400.0,2,7,26.6965,1270,450.04002,0.0625017,0.258929,26.8155
31951.84998,4.1256,0.499733,1559510460.0,2,7,26.7131,1271,480.04002,0.0666682,0.27612,26.8322
31981.84998,4.1238,0.49958,1559510460.0,2,7,26.7131,1272,510.04002,0.0708348,0.293306,26.8489
32011.84998,4.1221,0.499733,1559510520.0,2,7,26.7297,1273,540.04002,0.0750013,0.310484,26.8489
32041.84998,4.1209,0.500343,1559510520.0,2,7,26.6633,1274,570.04002,0.0791678,0.327656,26.8489
32071.84998,4.1193,0.499733,1559510580.0,2,7,26.6965,1275,600.04002,0.0833343,0.344821,26.8322
32101.84998,4.1176,0.49958,1559510580.0,2,7,26.7131,1276,630.04002,0.0875008,0.361981,26.8155
32131.84998,4.1163,0.499886,1559510640.0,2,7,26.6965,1277,660.04002,0.0916673,0.379134,26.8155
32161.84998,4.1149,0.49958,1559510640.0,2,7,26.6965,1278,690.04002,0.0958338,0.396282,26.8155
32191.84998,4.1134,0.500191,1559510700.0,2,7,26.6633,1279,720.04002,0.1,0.413425,26.7822
32221.84998,4.1123,0.499886,1559510700.0,2,7,26.6799,1280,750.04002,0.104167,0.430561,26.8489
32251.84998,4.1112,0.499733,1559510760.0,2,7,26.6965,1281,780.04002,0.108333,0.447692,26.7989
32281.84998,4.1099,0.499886,1559510760.0,2,7,26.6799,1282,810.04002,0.1125,0.464818,26.7989
32311.84998,4.1086,0.499886,1559510820.0,2,7,26.6965,1283,840.04002,0.116666,0.481939,26.8155
32341.84998,4.1076,0.500038,1559510820.0,2,7,26.6965,1284,870.04002,0.120833,0.499055,26.8155
32371.84998,4.1062,0.499733,1559510880.0,2,7,26.7131,1285,900.04002,0.124999,0.516166,26.8155
32401.84998,4.1051,0.499886,1559510880.0,2,7,26.7131,1286,930.04002,0.129166,0.533273,26.8155
32431.84998,4.1041,0.499428,1559510940.0,2,7,26.7131,1287,960.04002,0.133332,0.550375,26.8155
32461.84998,4.1028,0.500191,1559510940.0,2,7,26.7131,1288,990.04002,0.137499,0.567472,26.8155
32491.84998,4.1021,0.500191,1559511000.0,2,7,26.7131,1289,1020.04002,0.141665,0.584566,26.7989
32521.84998,4.1007,0.499733,1559511000.0,2,7,26.6799,1290,1050.04002,0.145832,0.601655,26.8322
32551.84998,4.0998,0.499886,1559511060.0,2,7,26.6799,1291,1080.04002,0.149998,0.618739,26.8322
32581.84998,4.0992,0.499733,1559511060.0,2,7,26.6799,1292,1110.04002,0.154165,0.63582,26.8489
32611.84998,4.0981,0.500343,1559511120.0,2,7,26.6799,1293,1140.04002,0.158331,0.652897,26.8489
32641.84998,4.097,0.500038,1559511120.0,2,7,26.6633,1294,1170.04002,0.162498,0.66997,26.8322
32671.84998,4.0963,0.499733,1559511180.0,2,7,26.6799,1295,1200.04002,0.166664,0.687039,26.8489
32701.84998,4.0954,0.500496,1559511180.0,2,7,26.6965,1296,1230.04002,0.170831,0.704105,26.8155
32731.84998,4.0945,0.500191,1559511240.0,2,7,26.7131,1297,1260.04002,0.174997,0.721167,26.8155
32761.84998,4.0938,0.500191,1559511240.0,2,7,26.7131,1298,1290.04002,0.179164,0.738225,26.8155
32791.84998,4.0926,0.49958,1559511300.0,2,7,26.7131,1299,1320.04002,0.18333,0.75528,26.8155
32821.84998,4.092,0.500191,1559511300.0,2,7,26.7131,1300,1350.04002,0.187497,0.772331,26.7989
32851.84998,4.0911,0.500191,1559511360.0,2,7,26.7131,1301,1380.04002,0.191664,0.789379,26.7989
32881.84998,4.0908,0.500038,1559511360.0,2,7,26.7297,1302,1410.04002,0.19583,0.806424,26.8155
32911.84998,4.0896,0.500038,1559511420.0,2,7,26.7297,1303,1440.04002,0.199997,0.823466,26.8155
32941.84998,4.0891,0.499886,1559511420.0,2,7,26.7131,1304,1470.04002,0.204163,0.840504,26.8155
32971.84998,4.0882,0.500038,1559511480.0,2,7,26.6965,1305,1500.04002,0.20833,0.85754,26.7822
33001.84998,4.0877,0.499733,1559511480.0,2,7,26.6965,1306,1530.04002,0.212496,0.874572,26.8489
33031.84998,4.0868,0.499886,1559511540.0,2,7,26.7297,1307,1560.04002,0.216663,0.891602,26.8155
33061.84998,4.0864,0.499886,1559511540.0,2,7,26.7297,1308,1590.04002,0.220829,0.908629,26.8322
33091.84998,4.0858,0.499733,1559511600.0,2,7,26.7297,1309,1620.04002,0.224996,0.925654,26.8322
33121.84998,4.0851,0.499886,1559511600.0,2,7,26.7463,1310,1650.04002,0.229162,0.942676,26.8489
33151.84998,4.0844,0.499886,1559511660.0,2,7,26.6799,1311,1680.04002,0.233329,0.959695,26.8489
33181.84998,4.0836,0.499733,1559511660.0,2,7,26.6799,1312,1710.04002,0.237495,0.976712,26.8656
33211.84998,4.083,0.499886,1559511720.0,2,7,26.6965,1313,1740.04002,0.241662,0.993725,26.7989
33241.84998,4.0826,0.500496,1559511720.0,2,7,26.7131,1314,1770.04002,0.245828,1.01074,26.8155
33271.84998,4.0819,0.500343,1559511780.0,2,7,26.7131,1315,1800.04002,0.249995,1.02774,26.8322
33301.84998,4.0813,0.500038,1559511780.0,2,7,26.7131,1316,1830.04002,0.254161,1.04475,26.8322
33331.84998,4.0807,0.499886,1559511840.0,2,7,26.7297,1317,1860.04002,0.258328,1.06176,26.8155
33361.84998,4.0804,0.500038,1559511840.0,2,7,26.7131,1318,1890.04002,0.262494,1.07876,26.8322
33391.84998,4.08,0.499733,1559511900.0,2,7,26.7131,1319,1920.04002,0.266661,1.09576,26.7989
33421.84998,4.0793,0.500343,1559511900.0,2,7,26.7131,1320,1950.04002,0.270827,1.11275,26.7989
33451.84998,4.0784,0.500191,1559511960.0,2,7,26.7297,1321,1980.04002,0.274994,1.12975,26.8155
33481.84998,4.078,0.499733,1559511960.0,2,7,26.7463,1322,2010.04002,0.27916,1.14674,26.8155
33511.84998,4.0775,0.500343,1559512020.0,2,7,26.6799,1323,2040.04002,0.283327,1.16373,26.8489
33541.84998,4.0771,0.499733,1559512020.0,2,7,26.6965,1324,2070.04002,0.287493,1.18072,26.8322
33571.84998,4.0766,0.49958,1559512080.0,2,7,26.7297,1325,2100.04002,0.29166,1.19771,26.8155
33601.84998,4.0763,0.500191,1559512080.0,2,7,26.7131,1326,2130.04002,0.295826,1.21469,26.7989
33631.84998,4.0757,0.500191,1559512140.0,2,7,26.6799,1327,2160.04002,0.299993,1.23168,26.8322
33661.84998,4.0754,0.499886,1559512140.0,2,7,26.6633,1328,2190.04002,0.304159,1.24866,26.8322
33691.84998,4.0749,0.499733,1559512200.0,2,7,26.6633,1329,2220.04002,0.308326,1.26564,26.8322
33721.84998,4.0745,0.499886,1559512200.0,2,7,26.6633,1330,2250.04002,0.312492,1.28261,26.8155
33751.84998,4.0742,0.500038,1559512260.0,2,7,26.7131,1331,2280.04002,0.316659,1.29959,26.7989
33781.84998,4.0737,0.499886,1559512260.0,2,7,26.7131,1332,2310.04002,0.320825,1.31656,26.7989
33811.84998,4.0732,0.499733,1559512320.0,2,7,26.7131,1333,2340.04002,0.324992,1.33353,26.8155
33841.84998,4.0725,0.499886,1559512320.0,2,7,26.6965,1334,2370.04002,0.329158,1.3505,26.8155
33871.84998,4.0722,0.500038,1559512380.0,2,7,26.7131,1335,2400.04002,0.333325,1.36747,26.8155
33901.84998,4.0717,0.500191,1559512380.0,2,7,26.7131,1336,2430.04002,0.337491,1.38444,26.8155
33931.84998,4.0716,0.500038,1559512440.0,2,7,26.7131,1337,2460.04002,0.341658,1.4014,26.8155
33961.84998,4.071,0.500191,1559512440.0,2,7,26.7297,1338,2490.04002,0.345824,1.41837,26.8155
33991.84998,4.0706,0.500038,1559512500.0,2,7,26.7297,1339,2520.04002,0.349991,1.43533,26.8489
34021.84998,4.0702,0.499886,1559512500.0,2,7,26.6965,1340,2550.04002,0.354157,1.45229,26.8489
34051.84998,4.0697,0.500191,1559512560.0,2,7,26.6633,1341,2580.04002,0.358324,1.46924,26.8489
34081.84998,4.0694,0.500038,1559512560.0,2,7,26.6965,1342,2610.04002,0.36249,1.4862,26.8322
34111.84998,4.0691,0.500038,1559512620.0,2,7,26.7131,1343,2640.04002,0.366657,1.50316,26.8322
34141.84998,4.0688,0.49958,1559512620.0,2,7,26.7297,1344,2670.04002,0.370823,1.52011,26.8322
34171.84998,4.0684,0.499886,1559512680.0,2,7,26.7131,1345,2700.04002,0.37499,1.53706,26.8322
34201.84998,4.0681,0.500191,1559512680.0,2,7,26.6965,1346,2730.04002,0.379156,1.55401,26.8155
34231.84998,4.0677,0.499886,1559512740.0,2,7,26.6965,1347,2760.04002,0.383323,1.57096,26.8155
34261.84998,4.0673,0.500191,1559512740.0,2,7,26.7131,1348,2790.04002,0.387489,1.58791,26.8322
34291.84998,4.0668,0.499733,1559512800.0,2,7,26.6467,1349,2820.04002,0.391656,1.60485,26.8322
34321.84998,4.0667,0.500191,1559512800.0,2,7,26.6633,1350,2850.04002,0.395822,1.6218,26.8489
34351.84998,4.0661,0.500496,1559512860.0,2,7,26.6467,1351,2880.04002,0.399989,1.63874,26.8656
34381.84998,4.0661,0.500038,1559512860.0,2,7,26.6467,1352,2910.04002,0.404155,1.65568,26.8489
34411.84998,4.0655,0.500038,1559512920.0,2,7,26.6799,1353,2940.04002,0.408322,1.67262,26.8823
34441.84998,4.0652,0.499733,1559512920.0,2,7,26.6965,1354,2970.04002,0.412488,1.68956,26.8155
34471.84998,4.0652,0.500038,1559512980.0,2,7,26.6799,1355,3000.04002,0.416655,1.7065,26.8155
34501.84998,4.0647,0.499886,1559512980.0,2,7,26.6965,1356,3030.04002,0.420821,1.72344,26.8155
34531.84998,4.0644,0.499428,1559513040.0,2,7,26.6799,1357,3060.04002,0.424988,1.74037,26.8155
34561.84998,4.0641,0.500038,1559513040.0,2,7,26.7131,1358,3090.04002,0.429154,1.75731,26.8155
34591.84998,4.0636,0.499886,1559513100.0,2,7,26.6799,1359,3120.04002,0.433321,1.77424,26.8155
34621.84998,4.0633,0.500038,1559513100.0,2,7,26.6633,1360,3150.04002,0.437487,1.79117,26.7989
34651.84998,4.063,0.499886,1559513160.0,2,7,26.6633,1361,3180.04002,0.441654,1.8081,26.8656
34681.84998,4.0629,0.500038,1559513160.0,2,7,26.6633,1362,3210.04002,0.44582,1.82503,26.8155
34711.84998,4.0624,0.500191,1559513220.0,2,7,26.6799,1363,3240.04002,0.449987,1.84195,26.8989
34741.84998,4.062,0.500343,1559513220.0,2,7,26.6633,1364,3270.04002,0.454154,1.85888,26.8322
34771.84998,4.0616,0.499886,1559513280.0,2,7,26.6633,1365,3300.04002,0.45832,1.8758,26.8823
34801.84998,4.0615,0.499428,1559513280.0,2,7,26.6799,1366,3330.04002,0.462487,1.89273,26.8155
34831.84998,4.0613,0.500038,1559513340.0,2,7,26.6965,1367,3360.04002,0.466653,1.90965,26.8322
34861.84998,4.0607,0.499886,1559513340.0,2,7,26.6799,1368,3390.04002,0.47082,1.92657,26.8322
34891.84998,4.0604,0.499886,1559513400.0,2,7,26.6799,1369,3420.04002,0.474986,1.94349,26.7989
34921.84998,4.06,0.499733,1559513400.0,2,7,26.6633,1370,3450.04002,0.479153,1.9604,26.8656
34951.84998,4.0598,0.499886,1559513460.0,2,7,26.6965,1371,3480.04002,0.483319,1.97732,26.8656
34981.84998,4.0595,0.500191,1559513460.0,2,7,26.6965,1372,3510.04002,0.487486,1.99424,26.8155
35011.84998,4.0592,0.500038,1559513520.0,2,7,26.6965,1373,3540.04002,0.491652,2.01115,26.8155
35041.84998,4.0587,0.500343,1559513520.0,2,7,26.6799,1374,3570.04002,0.495819,2.02806,26.8656
35071.84998,4.0583,0.499886,1559513580.0,2,7,26.6799,1375,3600.04002,0.499985,2.04497,26.8489
35101.84998,4.0584,0.500191,1559513580.0,2,7,26.6633,1376,3630.04002,0.504152,2.06188,26.8656
35131.84998,4.058,0.500038,1559513640.0,2,7,26.6799,1377,3660.04002,0.508318,2.07879,26.8823
35161.84998,4.0578,0.500343,1559513640.0,2,7,26.6965,1378,3690.04002,0.512485,2.0957,26.8989
35191.84998,4.0572,0.499886,1559513700.0,2,7,26.6965,1379,3720.04002,0.516651,2.1126,26.8489
35221.84998,4.0571,0.499733,1559513700.0,2,7,26.6799,1380,3750.04002,0.520818,2.12951,26.8656
35251.84998,4.0568,0.500038,1559513760.0,2,7,26.7463,1381,3780.04002,0.524984,2.14641,26.8489
35281.84998,4.0563,0.500343,1559513760.0,2,7,26.7463,1382,3810.04002,0.529151,2.16331,26.8656
35311.84998,4.0558,0.500343,1559513820.0,2,7,26.6799,1383,3840.04002,0.533317,2.18021,26.8656
35341.84998,4.0555,0.500343,1559513820.0,2,7,26.6799,1384,3870.04002,0.537484,2.19711,26.8656
35371.84998,4.0554,0.499886,1559513880.0,2,7,26.6965,1385,3900.04002,0.54165,2.21401,26.8989
35401.84998,4.0549,0.500191,1559513880.0,2,7,26.6965,1386,3930.04002,0.545817,2.23091,26.8989
35431.84998,4.0546,0.499886,1559513940.0,2,7,26.6965,1387,3960.04002,0.549983,2.2478,26.8989
35461.84998,4.0543,0.499886,1559513940.0,2,7,26.6799,1388,3990.04002,0.55415,2.26469,26.8656
35491.84998,4.0542,0.500191,1559514000.0,2,7,26.6799,1389,4020.04002,0.558316,2.28159,26.8823
35521.84998,4.0536,0.500038,1559514000.0,2,7,26.6799,1390,4050.04002,0.562483,2.29848,26.8823
35551.84998,4.0531,0.500038,1559514060.0,2,7,26.6965,1391,4080.04002,0.566649,2.31537,26.8989
35581.84998,4.0528,0.500038,1559514060.0,2,7,26.6965,1392,4110.04002,0.570816,2.33225,26.8989
35611.84998,4.0523,0.500191,1559514120.0,2,7,26.6965,1393,4140.04002,0.574982,2.34914,26.9156
35641.84998,4.052,0.500038,1559514120.0,2,7,26.6965,1394,4170.04002,0.579149,2.36602,26.9156
35671.84998,4.0519,0.499886,1559514180.0,2,7,26.6965,1395,4200.04002,0.583315,2.3829,26.9156
35701.84998,4.0513,0.500191,1559514180.0,2,7,26.7131,1396,4230.04002,0.587482,2.39979,26.9156
35731.84998,4.0508,0.499886,1559514240.0,2,7,26.6965,1397,4260.04002,0.591648,2.41667,26.8989
35761.84998,4.0504,0.499886,1559514240.0,2,7,26.6965,1398,4290.04002,0.595815,2.43354,26.8823
35791.84998,4.0499,0.500191,1559514300.0,2,7,26.6965,1399,4320.04002,0.599981,2.45042,26.8989
35821.84998,4.0496,0.500191,1559514300.0,2,7,26.6799,1400,4350.04002,0.604148,2.46729,26.8823
35851.84998,4.0493,0.500191,1559514360.0,2,7,26.6799,1401,4380.04002,0.608314,2.48416,26.8823
35881.84998,4.0488,0.499733,1559514360.0,2,7,26.7131,1402,4410.04002,0.612481,2.50103,26.8823
35911.84998,4.0484,0.500038,1559514420.0,2,7,26.6799,1403,4440.04002,0.616647,2.5179,26.8989
35941.84998,4.0479,0.499733,1559514420.0,2,7,26.6799,1404,4470.04002,0.620814,2.53477,26.9156
35971.84998,4.0475,0.499886,1559514480.0,2,7,26.7131,1405,4500.04002,0.62498,2.55163,26.8989
36001.84998,4.0468,0.499733,1559514480.0,2,7,26.7297,1406,4530.04002,0.629147,2.5685,26.8656
36031.84998,4.0467,0.499886,1559514540.0,2,7,26.7463,1407,4560.04002,0.633313,2.58536,26.8823
36061.84998,4.0459,0.49958,1559514540.0,2,7,26.7297,1408,4590.04002,0.63748,2.60222,26.8489
36091.84998,4.0458,0.49958,1559514600.0,2,7,26.7131,1409,4620.04002,0.641646,2.61908,26.8823
36121.84998,4.045,0.500038,1559514600.0,2,7,26.7297,1410,4650.04002,0.645813,2.63593,26.8489
36151.84998,4.0446,0.499733,1559514660.0,2,7,26.7297,1411,4680.04002,0.649979,2.65278,26.8656
36181.84998,4.0438,0.499733,1559514660.0,2,7,26.7297,1412,4710.04002,0.654146,2.66963,26.8823
36211.84998,4.0435,0.49958,1559514720.0,2,7,26.7297,1413,4740.04002,0.658312,2.68648,26.8489
36241.84998,4.0427,0.500191,1559514720.0,2,7,26.7131,1414,4770.04002,0.662479,2.70333,26.8489
36271.84998,4.0423,0.49958,1559514780.0,2,7,26.7131,1415,4800.04002,0.666645,2.72017,26.8489
36301.84998,4.0417,0.499886,1559514780.0,2,7,26.7297,1416,4830.04002,0.670812,2.73701,26.8656
36331.84998,4.0412,0.500038,1559514840.0,2,7,26.7297,1417,4860.04002,0.674978,2.75385,26.8823
36361.84998,4.0406,0.499886,1559514840.0,2,7,26.7297,1418,4890.04002,0.679145,2.77069,26.8989
36391.84998,4.04,0.500038,1559514900.0,2,7,26.7297,1419,4920.04002,0.683311,2.78752,26.8989
36421.84998,4.0394,0.500038,1559514900.0,2,7,26.7463,1420,4950.04002,0.687478,2.80435,26.8989
36451.84998,4.0388,0.499733,1559514960.0,2,7,26.7297,1421,4980.04002,0.691644,2.82118,26.8823
36481.84998,4.0381,0.500191,1559514960.0,2,7,26.7297,1422,5010.04002,0.695811,2.83801,26.8989
36511.84998,4.0375,0.500038,1559515020.0,2,7,26.7297,1423,5040.04002,0.699977,2.85483,26.8823
36541.84998,4.0368,0.499733,1559515020.0,2,7,26.7131,1424,5070.04002,0.704144,2.87165,26.8656
36571.84998,4.036,0.500038,1559515080.0,2,7,26.6965,1425,5100.04002,0.70831,2.88847,26.8489
36601.84998,4.0352,0.500038,1559515080.0,2,7,26.6965,1426,5130.04002,0.712477,2.90529,26.9323
36631.84998,4.0348,0.500343,1559515140.0,2,7,26.6799,1427,5160.04002,0.716644,2.9221,26.8989
36661.84998,4.0339,0.500343,1559515140.0,2,7,26.7131,1428,5190.04002,0.72081,2.93891,26.9323
36691.84998,4.0331,0.500191,1559515200.0,2,7,26.7131,1429,5220.04002,0.724976,2.95572,26.8823
36721.84998,4.0323,0.500191,1559515200.0,2,7,26.6965,1430,5250.04002,0.729143,2.97252,26.8656
36751.84998,4.0316,0.499886,1559515260.0,2,7,26.7297,1431,5280.04002,0.73331,2.98932,26.8989
36781.84998,4.0311,0.500191,1559515260.0,2,7,26.7131,1432,5310.04002,0.737476,3.00612,26.8656
36811.84998,4.0305,0.499886,1559515320.0,2,7,26.7131,1433,5340.04002,0.741643,3.02291,26.9323
36841.84998,4.0294,0.500038,1559515320.0,2,7,26.7131,1434,5370.04002,0.745809,3.0397,26.8989
36871.84998,4.029,0.499733,1559515380.0,2,7,26.7297,1435,5400.04002,0.749976,3.05649,26.9156
36901.84998,4.0282,0.500038,1559515380.0,2,7,26.7297,1436,5430.04002,0.754142,3.07328,26.8989
36931.84998,4.0275,0.500038,1559515440.0,2,7,26.7131,1437,5460.04002,0.758309,3.09006,26.8989
36961.84998,4.0266,0.499733,1559515440.0,2,7,26.7297,1438,5490.04002,0.762475,3.10684,26.9156
36991.84998,4.0258,0.500038,1559515500.0,2,7,26.7463,1439,5520.04002,0.766642,3.12361,26.9156
37021.84998,4.0252,0.49958,1559515500.0,2,7,26.7463,1440,5550.04002,0.770808,3.14038,26.9323
37051.84998,4.0241,0.500038,1559515560.0,2,7,26.6799,1441,5580.04002,0.774975,3.15715,26.9323
37081.84998,4.0233,0.499886,1559515560.0,2,7,26.7463,1442,5610.04002,0.779141,3.17392,26.9323
37111.84998,4.0227,0.500038,1559515620.0,2,7,26.7463,1443,5640.04002,0.783308,3.19068,26.9156
37141.84998,4.0217,0.500191,1559515620.0,2,7,26.7297,1444,5670.04002,0.787474,3.20744,26.8989
37171.84998,4.0208,0.499886,1559515680.0,2,7,26.7131,1445,5700.04002,0.791641,3.22419,26.9156
37201.84998,4.02,0.499886,1559515680.0,2,7,26.7131,1446,5730.04002,0.795807,3.24094,26.9156
37231.84998,4.0192,0.500038,1559515740.0,2,7,26.7297,1447,5760.04002,0.799974,3.25769,26.9156
37261.84998,4.0183,0.500191,1559515740.0,2,7,26.7297,1448,5790.04002,0.80414,3.27444,26.9156
37291.84998,4.0177,0.499886,1559515800.0,2,7,26.7131,1449,5820.04002,0.808307,3.29118,26.8989
37321.84998,4.0166,0.499886,1559515800.0,2,7,26.7131,1450,5850.04002,0.812473,3.30791,26.8989
37351.84998,4.0157,0.499886,1559515860.0,2,7,26.7131,1451,5880.04002,0.81664,3.32465,26.8989
37381.84998,4.015,0.499886,1559515860.0,2,7,26.7131,1452,5910.04002,0.820806,3.34138,26.8989
37411.84998,4.014,0.499733,1559515920.0,2,7,26.7131,1453,5940.04002,0.824973,3.3581,26.8989
37441.84998,4.0131,0.500343,1559515920.0,2,7,26.7297,1454,5970.04002,0.829139,3.37483,26.9323
37471.84998,4.0124,0.499886,1559515980.0,2,7,26.7297,1455,6000.04002,0.833306,3.39155,26.9323
37501.84998,4.011,0.500038,1559515980.0,2,7,26.7131,1456,6030.04002,0.837472,3.40826,26.9156
37531.84998,4.0104,0.500343,1559516040.0,2,7,26.7131,1457,6060.04002,0.841639,3.42497,26.9156
37561.84998,4.0095,0.499733,1559516040.0,2,7,26.6965,1458,6090.04002,0.845805,3.44168,26.9156
37591.84998,4.0085,0.499886,1559516100.0,2,7,26.7131,1459,6120.04002,0.849972,3.45838,26.9323
37621.84998,4.0076,0.500191,1559516100.0,2,7,26.7131,1460,6150.04002,0.854138,3.47508,26.949
37651.84998,4.0069,0.500191,1559516160.0,2,7,26.6467,1461,6180.04002,0.858305,3.49178,26.949
37681.84998,4.0058,0.500038,1559516160.0,2,7,26.7131,1462,6210.04002,0.862471,3.50847,26.9156
37711.84998,4.0049,0.500038,1559516220.0,2,7,26.7131,1463,6240.04002,0.866638,3.52516,26.9323
37741.84998,4.004,0.499733,1559516220.0,2,7,26.6467,1464,6270.04002,0.870804,3.54185,26.949
37771.84998,4.0029,0.500038,1559516280.0,2,7,26.6633,1465,6300.04002,0.874971,3.55853,26.949
37801.84998,4.0021,0.499733,1559516280.0,2,7,26.7131,1466,6330.04002,0.879137,3.5752,26.9156
37831.84998,4.0012,0.500343,1559516340.0,2,7,26.6965,1467,6360.04002,0.883304,3.59188,26.9156
37861.84998,4.0,0.49958,1559516340.0,2,7,26.6799,1468,6390.04002,0.88747,3.60855,26.8989
37891.84998,3.9992,0.500191,1559516400.0,2,7,26.6467,1469,6420.04002,0.891637,3.62521,26.9323
37921.84998,3.9983,0.500038,1559516400.0,2,7,26.6467,1470,6450.04002,0.895803,3.64187,26.949
37951.84998,3.9976,0.499886,1559516460.0,2,7,26.6799,1471,6480.04002,0.89997,3.65853,26.8989
37981.84998,3.9963,0.500191,1559516460.0,2,7,26.6799,1472,6510.04002,0.904136,3.67518,26.9156
38011.84998,3.9956,0.499886,1559516520.0,2,7,26.6965,1473,6540.04002,0.908303,3.69183,26.9156
38041.84998,3.9944,0.499733,1559516520.0,2,7,26.6799,1474,6570.04002,0.912469,3.70848,26.9156
38071.84998,3.9933,0.499886,1559516580.0,2,7,26.6799,1475,6600.04002,0.916636,3.72512,26.8823
38101.84998,3.9927,0.499886,1559516580.0,2,7,26.6467,1476,6630.04002,0.920802,3.74176,26.9323
38131.84998,3.9916,0.500038,1559516640.0,2,7,26.6467,1477,6660.04002,0.924969,3.75839,26.949
38161.84998,3.9904,0.49958,1559516640.0,2,7,26.6633,1478,6690.04002,0.929135,3.77502,26.8989
38191.84998,3.9896,0.499886,1559516700.0,2,7,26.6467,1479,6720.04002,0.933302,3.79164,26.8989
38221.84998,3.9884,0.499733,1559516700.0,2,7,26.6467,1480,6750.04002,0.937468,3.80826,26.8989
38251.84998,3.9876,0.49958,1559516760.0,2,7,26.6633,1481,6780.04002,0.941635,3.82488,26.9156
38281.84998,3.9866,0.500038,1559516760.0,2,7,26.6633,1482,6810.04002,0.945801,3.84149,26.9156
38311.84998,3.9857,0.500038,1559516820.0,2,7,26.6633,1483,6840.04002,0.949968,3.8581,26.8989
38341.84998,3.9847,0.499886,1559516820.0,2,7,26.6467,1484,6870.04002,0.954134,3.87471,26.8989
38371.84998,3.9838,0.500038,1559516880.0,2,7,26.6467,1485,6900.04002,0.958301,3.89131,26.8989
38401.84998,3.9828,0.500343,1559516880.0,2,7,26.6799,1486,6930.04002,0.962467,3.9079,26.9323
38431.84998,3.9817,0.500343,1559516940.0,2,7,26.6633,1487,6960.04002,0.966634,3.9245,26.9156
38461.84998,3.9806,0.500038,1559516940.0,2,7,26.6467,1488,6990.04002,0.9708,3.94108,26.9657
38491.84998,3.9799,0.499886,1559517000.0,2,7,26.6467,1489,7020.04002,0.974967,3.95767,26.9657
38521.84998,3.9789,0.499886,1559517000.0,2,7,26.6135,1490,7050.04002,0.979133,3.97425,26.9323
38551.84998,3.9777,0.500038,1559517060.0,2,7,26.5969,1491,7080.04002,0.9833,3.99083,26.9156
38581.84998,3.977,0.49958,1559517060.0,2,7,26.5969,1492,7110.04002,0.987467,4.0074,26.9323
38611.84998,3.9759,0.499733,1559517120.0,2,7,26.6467,1493,7140.04002,0.991633,4.02396,26.9156
38641.84998,3.9748,0.499886,1559517120.0,2,7,26.6633,1494,7170.04002,0.9958,4.04053,26.9323
38671.84998,3.9739,0.500343,1559517180.0,2,7,26.6135,1495,7200.04002,0.999966,4.05709,26.9323
38701.84998,3.9728,0.499886,1559517180.0,2,7,26.6135,1496,7230.04002,1.00413,4.07364,26.9156
38731.84998,3.9718,0.500038,1559517240.0,2,7,26.6467,1497,7260.04002,1.0083,4.09019,26.9323
38761.84998,3.9709,0.500038,1559517240.0,2,7,26.5969,1498,7290.04002,1.01247,4.10674,26.9323
38791.84998,3.9699,0.499733,1559517300.0,2,7,26.6135,1499,7320.04002,1.01663,4.12328,26.949
38821.84998,3.9689,0.499886,1559517300.0,2,7,26.6135,1500,7350.04002,1.0208,4.13982,26.949
38851.84998,3.9678,0.499733,1559517360.0,2,7,26.6467,1501,7380.04002,1.02497,4.15636,26.9323
38881.84998,3.967,0.499886,1559517360.0,2,7,26.6633,1502,7410.04002,1.02913,4.17289,26.9156
38911.84998,3.966,0.499886,1559517420.0,2,7,26.6135,1503,7440.04002,1.0333,4.18942,26.9323
38941.84998,3.9649,0.500038,1559517420.0,2,7,26.6135,1504,7470.04002,1.03746,4.20594,26.9323
38971.84998,3.9641,0.499886,1559517480.0,2,7,26.6633,1505,7500.04002,1.04163,4.22246,26.9156
39001.84998,3.9629,0.500191,1559517480.0,2,7,26.6467,1506,7530.04002,1.0458,4.23897,26.9156
39031.84998,3.962,0.499886,1559517540.0,2,7,26.6467,1507,7560.04002,1.04996,4.25548,26.9156
39061.84998,3.9612,0.500038,1559517540.0,2,7,26.6135,1508,7590.04002,1.05413,4.27199,26.9156
39091.84998,3.9599,0.500191,1559517600.0,2,7,26.6633,1509,7620.04002,1.0583,4.28849,26.9156
39121.84998,3.959,0.500038,1559517600.0,2,7,26.6633,1510,7650.04002,1.06246,4.30499,26.9323
39151.84998,3.958,0.500038,1559517660.0,2,7,26.6135,1511,7680.04002,1.06663,4.32148,26.9323
39181.84998,3.9571,0.499886,1559517660.0,2,7,26.6301,1512,7710.04002,1.0708,4.33797,26.949
39211.84998,3.9564,0.499733,1559517720.0,2,7,26.6467,1513,7740.04002,1.07496,4.35446,26.9657
39241.84998,3.9553,0.499886,1559517720.0,2,7,26.6633,1514,7770.04002,1.07913,4.37094,26.9657
39271.84998,3.9542,0.500038,1559517780.0,2,7,26.6467,1515,7800.04002,1.0833,4.38742,26.9657
39301.84998,3.9535,0.499886,1559517780.0,2,7,26.6301,1516,7830.04002,1.08746,4.40389,26.949
39331.84998,3.9524,0.500038,1559517840.0,2,7,26.6301,1517,7860.04002,1.09163,4.42036,26.949
39361.84998,3.9513,0.500038,1559517840.0,2,7,26.6301,1518,7890.04002,1.0958,4.43683,26.949
39391.84998,3.9506,0.500038,1559517900.0,2,7,26.6301,1519,7920.04002,1.09996,4.45329,26.949
39421.84998,3.9495,0.499733,1559517900.0,2,7,26.6467,1520,7950.04002,1.10413,4.46974,26.949
39451.84998,3.9484,0.499733,1559517960.0,2,7,26.6467,1521,7980.04002,1.1083,4.4862,26.949
39481.84998,3.9475,0.499886,1559517960.0,2,7,26.6301,1522,8010.04002,1.11246,4.50265,26.949
39511.84998,3.9464,0.499733,1559518020.0,2,7,26.6301,1523,8040.04002,1.11663,4.51909,26.9323
39541.84998,3.9458,0.499886,1559518020.0,2,7,26.6799,1524,8070.04002,1.12079,4.53554,26.9156
39571.84998,3.9448,0.500343,1559518080.0,2,7,26.6467,1525,8100.04002,1.12496,4.55197,26.9156
39601.84998,3.9437,0.499428,1559518080.0,2,7,26.6633,1526,8130.04002,1.12913,4.56841,26.9323
39631.84998,3.9426,0.499886,1559518140.0,2,7,26.6467,1527,8160.04002,1.13329,4.58484,26.949
39661.84998,3.9419,0.499886,1559518140.0,2,7,26.6633,1528,8190.04002,1.13746,4.60126,26.9657
39691.84998,3.9409,0.499886,1559518200.0,2,7,26.6633,1529,8220.04002,1.14163,4.61769,26.9657
39721.84998,3.94,0.499886,1559518200.0,2,7,26.6467,1530,8250.04002,1.14579,4.63411,26.949
39751.84998,3.9391,0.500038,1559518260.0,2,7,26.6799,1531,8280.04002,1.14996,4.65052,26.9657
39781.84998,3.9382,0.499886,1559518260.0,2,7,26.6467,1532,8310.04002,1.15413,4.66693,26.949
39811.84998,3.9371,0.500038,1559518320.0,2,7,26.6467,1533,8340.04002,1.15829,4.68334,26.9657
39841.84998,3.9364,0.500191,1559518320.0,2,7,26.6301,1534,8370.04002,1.16246,4.69974,26.9323
39871.84998,3.9356,0.499886,1559518380.0,2,7,26.6799,1535,8400.04002,1.16663,4.71614,26.9323
39901.84998,3.9347,0.500038,1559518380.0,2,7,26.6301,1536,8430.04002,1.17079,4.73254,26.9323
39931.84998,3.9339,0.49958,1559518440.0,2,7,26.6467,1537,8460.04002,1.17496,4.74893,26.949
39961.84998,3.9327,0.499886,1559518440.0,2,7,26.6799,1538,8490.04002,1.17913,4.76532,26.9323
39991.84998,3.9318,0.500038,1559518500.0,2,7,26.6633,1539,8520.04002,1.18329,4.7817,26.9323
40021.84998,3.931,0.499886,1559518500.0,2,7,26.6301,1540,8550.04002,1.18746,4.79808,26.9323
40051.84998,3.9303,0.499886,1559518560.0,2,7,26.6799,1541,8580.04002,1.19163,4.81446,26.9156
40081.84998,3.929,0.499733,1559518560.0,2,7,26.6799,1542,8610.04002,1.19579,4.83083,26.9156
40111.84998,3.9283,0.499886,1559518620.0,2,7,26.6799,1543,8640.04002,1.19996,4.8472,26.9156
40141.84998,3.9277,0.499886,1559518620.0,2,7,26.6633,1544,8670.04002,1.20412,4.86357,26.8989
40171.84998,3.9265,0.500038,1559518680.0,2,7,26.6633,1545,8700.04002,1.20829,4.87993,26.9156
40201.84998,3.9258,0.500038,1559518680.0,2,7,26.6633,1546,8730.04002,1.21246,4.89629,26.9156
40231.84998,3.9248,0.500191,1559518740.0,2,7,26.6633,1547,8760.04002,1.21662,4.91264,26.9156
40261.84998,3.9242,0.500191,1559518740.0,2,7,26.6467,1548,8790.04002,1.22079,4.92899,26.9657
40291.84998,3.9229,0.499733,1559518800.0,2,7,26.6633,1549,8820.04002,1.22496,4.94534,26.8989
40321.84998,3.9223,0.500038,1559518800.0,2,7,26.6799,1550,8850.04002,1.22912,4.96168,26.9323
40351.84998,3.9214,0.499886,1559518860.0,2,7,26.6633,1551,8880.04002,1.23329,4.97802,26.9156
40381.84998,3.9203,0.499733,1559518860.0,2,7,26.6633,1552,8910.04002,1.23746,4.99436,26.9156
40411.84998,3.9196,0.499733,1559518920.0,2,7,26.6633,1553,8940.04002,1.24162,5.01069,26.9323
40441.84998,3.9188,0.500191,1559518920.0,2,7,26.6301,1554,8970.04002,1.24579,5.02702,26.949
40471.84998,3.9179,0.499886,1559518980.0,2,7,26.6799,1555,9000.04002,1.24996,5.04335,26.9323
40501.84998,3.9171,0.499886,1559518980.0,2,7,26.6633,1556,9030.04002,1.25412,5.05967,26.9156
40531.84998,3.9164,0.499733,1559519040.0,2,7,26.6799,1557,9060.04002,1.25829,5.07599,26.8989
40561.84998,3.9153,0.500191,1559519040.0,2,7,26.6633,1558,9090.04002,1.26246,5.09231,26.9156
40591.84998,3.9147,0.500343,1559519100.0,2,7,26.6467,1559,9120.04002,1.26662,5.10862,26.9156
40621.84998,3.9138,0.499886,1559519100.0,2,7,26.6467,1560,9150.04002,1.27079,5.12493,26.9657
40651.84998,3.9129,0.500038,1559519160.0,2,7,26.6799,1561,9180.04002,1.27496,5.14123,26.9156
40681.84998,3.9121,0.49958,1559519160.0,2,7,26.6633,1562,9210.04002,1.27912,5.15754,26.9156
40711.84998,3.9115,0.499886,1559519220.0,2,7,26.6467,1563,9240.04002,1.28329,5.17383,26.949
40741.84998,3.9106,0.499886,1559519220.0,2,7,26.6467,1564,9270.04002,1.28746,5.19013,26.9657
40771.84998,3.9095,0.499428,1559519280.0,2,7,26.6467,1565,9300.04002,1.29162,5.20642,26.9823
40801.84998,3.9089,0.49958,1559519280.0,2,7,26.6633,1566,9330.04002,1.29579,5.22271,26.9156
40831.84998,3.908,0.500343,1559519340.0,2,7,26.6633,1567,9360.04002,1.29995,5.23899,26.8989
40861.84998,3.9072,0.499886,1559519340.0,2,7,26.6467,1568,9390.04002,1.30412,5.25527,26.8989
40891.84998,3.9065,0.499886,1559519400.0,2,7,26.6467,1569,9420.04002,1.30829,5.27155,26.949
40921.84998,3.9057,0.499733,1559519400.0,2,7,26.6633,1570,9450.04002,1.31245,5.28783,26.8989
40951.84998,3.9049,0.499733,1559519460.0,2,7,26.6633,1571,9480.04002,1.31662,5.3041,26.9156
40981.84998,3.904,0.500038,1559519460.0,2,7,26.6467,1572,9510.04002,1.32079,5.32037,26.9156
41011.84998,3.9033,0.500038,1559519520.0,2,7,26.6633,1573,9540.04002,1.32495,5.33663,26.9156
41041.84998,3.9023,0.499733,1559519520.0,2,7,26.6633,1574,9570.04002,1.32912,5.35289,26.9156
41071.84998,3.9017,0.500191,1559519580.0,2,7,26.6633,1575,9600.04002,1.33329,5.36915,26.8989
41101.84998,3.9008,0.500343,1559519580.0,2,7,26.6633,1576,9630.04002,1.33745,5.38541,26.999
41131.84998,3.9002,0.500191,1559519640.0,2,7,26.6633,1577,9660.04002,1.34162,5.40166,26.8989
41161.84998,3.8994,0.499886,1559519640.0,2,7,26.6467,1578,9690.04002,1.34579,5.41791,26.9657
41191.84998,3.8987,0.500191,1559519700.0,2,7,26.6633,1579,9720.04002,1.34995,5.43415,26.9823
41221.84998,3.8978,0.499886,1559519700.0,2,7,26.6301,1580,9750.04002,1.35412,5.45039,26.9657
41251.84998,3.897,0.500191,1559519760.0,2,7,26.6301,1581,9780.04002,1.35829,5.46663,26.9657
41281.84998,3.8962,0.500343,1559519760.0,2,7,26.6301,1582,9810.04002,1.36245,5.48287,26.949
41311.84998,3.8955,0.500191,1559519820.0,2,7,26.6301,1583,9840.04002,1.36662,5.4991,26.949
41341.84998,3.8947,0.499886,1559519820.0,2,7,26.6135,1584,9870.04002,1.37079,5.51533,26.9323
41371.84998,3.8939,0.499886,1559519880.0,2,7,26.6965,1585,9900.04002,1.37495,5.53156,26.9323
41401.84998,3.8933,0.500191,1559519880.0,2,7,26.6135,1586,9930.04002,1.37912,5.54778,26.949
41431.84998,3.8923,0.499886,1559519940.0,2,7,26.6135,1587,9960.04002,1.38328,5.564,26.9657
41461.84998,3.8915,0.500038,1559519940.0,2,7,26.6301,1588,9990.04002,1.38745,5.58021,26.9657
41491.84998,3.8909,0.499886,1562025600.0,2,7,26.6633,1589,10020.04002,1.39162,5.59643,26.999
41521.84998,3.89,0.499886,1562025600.0,2,7,26.6633,1590,10050.04002,1.39578,5.61264,26.9823
41551.84998,3.8897,0.500038,1562025660.0,2,7,26.6467,1591,10080.04002,1.39995,5.62884,26.9823
41581.84998,3.8886,0.500191,1562025660.0,2,7,26.6467,1592,10110.04002,1.40412,5.64505,26.9657
41611.84998,3.8882,0.500191,1562025720.0,2,7,26.6135,1593,10140.04002,1.40828,5.66125,26.949
41641.84998,3.8871,0.499733,1562025720.0,2,7,26.6799,1594,10170.04002,1.41245,5.67745,26.9323
41671.84998,3.8865,0.500191,1562025780.0,2,7,26.6965,1595,10200.04002,1.41662,5.69364,26.949
41701.84998,3.8856,0.500038,1562025780.0,2,7,26.6799,1596,10230.04002,1.42078,5.70983,26.949
41731.84998,3.8848,0.499733,1562025840.0,2,7,26.6965,1597,10260.04002,1.42495,5.72602,26.9323
41761.84998,3.884,0.500038,1562025840.0,2,7,26.6135,1598,10290.04002,1.42912,5.74221,26.949
41791.84998,3.8831,0.500191,1562025900.0,2,7,26.6135,1599,10320.04002,1.43328,5.75839,26.9657
41821.84998,3.8825,0.499733,1562025900.0,2,7,26.5969,1600,10350.04002,1.43745,5.77457,26.9323
41851.84998,3.8819,0.500038,1562025960.0,2,7,26.6135,1601,10380.04002,1.44162,5.79074,26.949
41881.84998,3.8811,0.49958,1562025960.0,2,7,26.6135,1602,10410.04002,1.44578,5.80692,26.9657
41911.84998,3.8805,0.499886,1562026020.0,2,7,26.6135,1603,10440.04002,1.44995,5.82309,26.949
41941.84998,3.8796,0.500343,1562026020.0,2,7,26.6965,1604,10470.04002,1.45412,5.83925,26.9323
41971.84998,3.8788,0.500191,1562026080.0,2,7,26.6799,1605,10500.04002,1.45828,5.85541,26.9323
42001.84998,3.8781,0.499733,1562026080.0,2,7,26.6799,1606,10530.04002,1.46245,5.87158,26.9156
42031.84998,3.8775,0.499886,1562026140.0,2,7,26.6633,1607,10560.04002,1.46661,5.88773,26.9323
42061.84998,3.8769,0.499886,1562026140.0,2,7,26.6633,1608,10590.04002,1.47078,5.90389,26.9323
42091.84998,3.8758,0.500191,1562026200.0,2,7,26.6799,1609,10620.04002,1.47495,5.92004,26.949
42121.84998,3.8752,0.500038,1562026200.0,2,7,26.6799,1610,10650.04002,1.47911,5.93619,26.9323
42151.84998,3.8744,0.500191,1562026260.0,2,7,26.6467,1611,10680.04002,1.48328,5.95233,26.9657
42181.84998,3.8738,0.500038,1562026260.0,2,7,26.6633,1612,10710.04002,1.48745,5.96847,26.949
42211.84998,3.873,0.499733,1562026320.0,2,7,26.6799,1613,10740.04002,1.49161,5.98461,26.9323
42241.84998,3.8723,0.500038,1562026320.0,2,7,26.6799,1614,10770.04002,1.49578,6.00075,26.949
42271.84998,3.8715,0.499733,1562026380.0,2,7,26.6799,1615,10800.04002,1.49995,6.01688,26.9156
42301.84998,3.8706,0.499886,1562026380.0,2,7,26.6799,1616,10830.04002,1.50411,6.03301,26.949
42331.84998,3.87,0.500343,1562026440.0,2,7,26.6799,1617,10860.04002,1.50828,6.04914,26.9657
42361.84998,3.8691,0.500496,1562026440.0,2,7,26.6301,1618,10890.04002,1.51245,6.06526,26.9823
42391.84998,3.8686,0.49958,1562026500.0,2,7,26.6467,1619,10920.04002,1.51661,6.08138,26.9823
42421.84998,3.8679,0.500038,1562026500.0,2,7,26.6135,1620,10950.04002,1.52078,6.0975,26.9657
42451.84998,3.8669,0.500038,1562026560.0,2,7,26.6965,1621,10980.04002,1.52495,6.11361,26.9657
42481.84998,3.8663,0.500496,1562026560.0,2,7,26.6799,1622,11010.04002,1.52911,6.12972,26.949
42511.84998,3.8656,0.49958,1562026620.0,2,7,26.6799,1623,11040.04002,1.53328,6.14583,26.9323
42541.84998,3.8647,0.499886,1562026620.0,2,7,26.6467,1624,11070.04002,1.53745,6.16193,26.9323
42571.84998,3.8642,0.500038,1562026680.0,2,7,26.6301,1625,11100.04002,1.54161,6.17803,26.949
42601.84998,3.8633,0.499886,1562026680.0,2,7,26.6301,1626,11130.04002,1.54578,6.19413,26.9657
42631.84998,3.8627,0.500343,1562026740.0,2,7,26.6301,1627,11160.04002,1.54994,6.21023,26.9657
42661.84998,3.8618,0.499886,1562026740.0,2,7,26.6135,1628,11190.04002,1.55411,6.22632,26.949
42691.84998,3.8611,0.499886,1562026800.0,2,7,26.5969,1629,11220.04002,1.55828,6.24241,26.949
42721.84998,3.8602,0.500191,1562026800.0,2,7,26.6633,1630,11250.04002,1.56244,6.25849,26.9323
42751.84998,3.8596,0.499733,1562026860.0,2,7,26.6633,1631,11280.04002,1.56661,6.27458,26.9323
42781.84998,3.8585,0.499886,1562026860.0,2,7,26.6799,1632,11310.04002,1.57078,6.29065,26.949
42811.84998,3.8581,0.499886,1562026920.0,2,7,26.6135,1633,11340.04002,1.57494,6.30673,26.9323
42841.84998,3.857,0.500191,1562026920.0,2,7,26.6799,1634,11370.04002,1.57911,6.3228,26.949
42871.84998,3.8564,0.49958,1562026980.0,2,7,26.6301,1635,11400.04002,1.58328,6.33887,26.949
42901.84998,3.8556,0.500038,1562026980.0,2,7,26.6301,1636,11430.04002,1.58744,6.35494,26.9657
42931.84998,3.855,0.499733,1562027040.0,2,7,26.6467,1637,11460.04002,1.59161,6.371,26.9823
42961.84998,3.8541,0.499886,1562027040.0,2,7,26.6467,1638,11490.04002,1.59578,6.38706,26.9823
42991.84998,3.8534,0.499733,1562027100.0,2,7,26.6633,1639,11520.04002,1.59994,6.40312,26.9657
43021.84998,3.8524,0.499886,1562027100.0,2,7,26.6467,1640,11550.04002,1.60411,6.41917,26.9657
43051.84998,3.8517,0.500038,1562027160.0,2,7,26.6633,1641,11580.04002,1.60828,6.43522,26.9823
43081.84998,3.8508,0.500038,1562027160.0,2,7,26.6799,1642,11610.04002,1.61244,6.45127,27.0157
43111.84998,3.8502,0.500038,1562027220.0,2,7,26.6799,1643,11640.04002,1.61661,6.46731,26.9823
43141.84998,3.8494,0.500191,1562027220.0,2,7,26.6799,1644,11670.04002,1.62078,6.48335,26.999
43171.84998,3.8483,0.500343,1562027280.0,2,7,26.6633,1645,11700.04002,1.62494,6.49939,26.9657
43201.84998,3.8477,0.500191,1562027280.0,2,7,26.6799,1646,11730.04002,1.62911,6.51542,26.999
43231.84998,3.847,0.500038,1562027340.0,2,7,26.6799,1647,11760.04002,1.63328,6.53145,26.9823
43261.84998,3.846,0.500191,1562027340.0,2,7,26.6965,1648,11790.04002,1.63744,6.54748,26.999
43291.84998,3.8453,0.500191,1562027400.0,2,7,26.6799,1649,11820.04002,1.64161,6.5635,27.0157
43321.84998,3.8445,0.499886,1562027400.0,2,7,26.6965,1650,11850.04002,1.64577,6.57952,26.949
43351.84998,3.8437,0.49958,1562027460.0,2,7,26.7131,1651,11880.04002,1.64994,6.59554,26.9657
43381.84998,3.8428,0.500191,1562027460.0,2,7,26.6799,1652,11910.04002,1.65411,6.61155,26.9323
43411.84998,3.8421,0.500191,1562027520.0,2,7,26.6633,1653,11940.04002,1.65827,6.62756,26.9823
43441.84998,3.8412,0.499886,1562027520.0,2,7,26.6965,1654,11970.04002,1.66244,6.64357,26.949
43471.84998,3.8404,0.499733,1562027580.0,2,7,26.6799,1655,12000.04002,1.66661,6.65957,26.9156
43501.84998,3.8395,0.500496,1562027580.0,2,7,26.6799,1656,12030.04002,1.67077,6.67557,26.9156
43531.84998,3.8387,0.499733,1562027640.0,2,7,26.6799,1657,12060.04002,1.67494,6.69157,26.9156
43561.84998,3.8379,0.500343,1562027640.0,2,7,26.6799,1658,12090.04002,1.67911,6.70756,26.9323
43591.84998,3.8369,0.500038,1562027700.0,2,7,26.6799,1659,12120.04002,1.68327,6.72355,26.949
43621.84998,3.8361,0.500038,1562027700.0,2,7,26.6799,1660,12150.04002,1.68744,6.73953,26.9823
43651.84998,3.8352,0.499733,1562027760.0,2,7,26.6799,1661,12180.04002,1.69161,6.75552,26.999
43681.84998,3.8344,0.500038,1562027760.0,2,7,26.6965,1662,12210.04002,1.69577,6.77149,26.999
43711.84998,3.8337,0.500038,1562027820.0,2,7,26.6799,1663,12240.04002,1.69994,6.78747,27.0157
43741.84998,3.8328,0.49958,1562027820.0,2,7,26.6799,1664,12270.04002,1.70411,6.80344,26.9323
43771.84998,3.8318,0.500038,1562027880.0,2,7,26.6799,1665,12300.04002,1.70827,6.81941,26.949
43801.84998,3.8309,0.49958,1562027880.0,2,7,26.6633,1666,12330.04002,1.71244,6.83537,26.999
43831.84998,3.8299,0.500191,1562027940.0,2,7,26.7131,1667,12360.04002,1.71661,6.85133,26.9823
43861.84998,3.8291,0.499733,1562027940.0,2,7,26.6633,1668,12390.04002,1.72077,6.86729,26.999
43891.84998,3.8282,0.500038,1562028000.0,2,7,26.7297,1669,12420.04002,1.72494,6.88324,26.9823
43921.84998,3.8274,0.499733,1562028000.0,2,7,26.7297,1670,12450.04002,1.7291,6.89919,26.9657
43951.84998,3.8265,0.500191,1562028060.0,2,7,26.7131,1671,12480.04002,1.73327,6.91513,26.949
43981.84998,3.8256,0.500191,1562028060.0,2,7,26.7297,1672,12510.04002,1.73744,6.93108,26.9823
44011.84998,3.8247,0.499733,1562028120.0,2,7,26.7297,1673,12540.04002,1.7416,6.94701,26.9657
44041.84998,3.8239,0.500038,1562028120.0,2,7,26.7297,1674,12570.04002,1.74577,6.96295,26.9823
44071.84998,3.823,0.499886,1562028180.0,2,7,26.7297,1675,12600.04002,1.74994,6.97888,26.9823
44101.84998,3.8219,0.499733,1562028180.0,2,7,26.6799,1676,12630.04002,1.7541,6.9948,26.9823
44131.84998,3.8212,0.499886,1562028240.0,2,7,26.6799,1677,12660.04002,1.75827,7.01073,26.9823
44161.84998,3.8199,0.500038,1562028240.0,2,7,26.7297,1678,12690.04002,1.76244,7.02665,26.9657
44191.84998,3.819,0.500191,1562028300.0,2,7,26.7131,1679,12720.04002,1.7666,7.04256,26.9657
44221.84998,3.8183,0.499886,1562028300.0,2,7,26.7131,1680,12750.04002,1.77077,7.05847,26.999
44251.84998,3.8173,0.500343,1562028360.0,2,7,26.7131,1681,12780.04002,1.77494,7.07438,27.0157
44281.84998,3.8164,0.499886,1562028360.0,2,7,26.6965,1682,12810.04002,1.7791,7.09028,26.999
44311.84998,3.8155,0.499886,1562028420.0,2,7,26.6799,1683,12840.04002,1.78327,7.10618,26.999
44341.84998,3.8146,0.500038,1562028420.0,2,7,26.6799,1684,12870.04002,1.78744,7.12208,26.9823
44371.84998,3.8137,0.500038,1562028480.0,2,7,26.6965,1685,12900.04002,1.7916,7.13797,27.0157
44401.84998,3.8126,0.500191,1562028480.0,2,7,26.7131,1686,12930.04002,1.79577,7.15386,27.0157
44431.84998,3.8117,0.500038,1562028540.0,2,7,26.7131,1687,12960.04002,1.79994,7.16974,26.9823
44461.84998,3.8108,0.499886,1562028540.0,2,7,26.7297,1688,12990.04002,1.8041,7.18562,26.9657
44491.84998,3.8099,0.499886,1562028600.0,2,7,26.7463,1689,13020.04002,1.80827,7.20149,26.999
44521.84998,3.8087,0.499886,1562028600.0,2,7,26.6799,1690,13050.04002,1.81243,7.21736,26.999
44551.84998,3.8077,0.500038,1562028660.0,2,7,26.6965,1691,13080.04002,1.8166,7.23323,27.0324
44581.84998,3.8067,0.500038,1562028660.0,2,7,26.7297,1692,13110.04002,1.82077,7.2491,27.0657
44611.84998,3.8059,0.499886,1562028720.0,2,7,26.7131,1693,13140.04002,1.82493,7.26495,27.0324
44641.84998,3.805,0.500191,1562028720.0,2,7,26.7131,1694,13170.04002,1.8291,7.28081,27.0491
44671.84998,3.8038,0.499733,1562028780.0,2,7,26.7131,1695,13200.04002,1.83327,7.29666,26.949
44701.84998,3.8027,0.499428,1562028780.0,2,7,26.6799,1696,13230.04002,1.83743,7.31251,27.0157
44731.84998,3.8018,0.500038,1562028840.0,2,7,26.7297,1697,13260.04002,1.8416,7.32835,26.999
44761.84998,3.8009,0.500343,1562028840.0,2,7,26.7297,1698,13290.04002,1.84577,7.34419,26.999
44791.84998,3.7998,0.499886,1562028900.0,2,7,26.7297,1699,13320.04002,1.84993,7.36002,27.0157
44821.84998,3.799,0.499886,1562028900.0,2,7,26.6965,1700,13350.04002,1.8541,7.37585,26.999
44851.84998,3.798,0.500038,1562028960.0,2,7,26.7463,1701,13380.04002,1.85827,7.39168,27.0157
44881.84998,3.7969,0.499733,1562028960.0,2,7,26.6799,1702,13410.04002,1.86243,7.4075,27.0491
44911.84998,3.7958,0.499733,1562029020.0,2,7,26.6965,1703,13440.04002,1.8666,7.42332,26.9657
44941.84998,3.7948,0.499886,1562029020.0,2,7,26.7131,1704,13470.04002,1.87077,7.43914,26.9657
44971.84998,3.794,0.500038,1562029080.0,2,7,26.7131,1705,13500.04002,1.87493,7.45495,26.9657
45001.84998,3.7929,0.499886,1562029080.0,2,7,26.7297,1706,13530.04002,1.8791,7.47075,26.9823
45031.84998,3.7917,0.500038,1562029140.0,2,7,26.7131,1707,13560.04002,1.88327,7.48655,26.9657
45061.84998,3.791,0.499733,1562029140.0,2,7,26.6965,1708,13590.04002,1.88743,7.50235,26.9657
45091.84998,3.7899,0.499733,1562029200.0,2,7,26.6799,1709,13620.04002,1.8916,7.51814,26.9657
45121.84998,3.7888,0.500191,1562029200.0,2,7,26.6633,1710,13650.04002,1.89577,7.53393,27.0157
45151.84998,3.7882,0.500038,1562029260.0,2,7,26.6633,1711,13680.04002,1.89993,7.54972,26.999
45181.84998,3.7871,0.499733,1562029260.0,2,7,26.7131,1712,13710.04002,1.9041,7.5655,27.0157
45211.84998,3.7858,0.500038,1562029320.0,2,7,26.6467,1713,13740.04002,1.90826,7.58127,26.999
45241.84998,3.7848,0.500191,1562029320.0,2,7,26.7297,1714,13770.04002,1.91243,7.59705,26.999
45271.84998,3.7839,0.500496,1562029380.0,2,7,26.6965,1715,13800.04002,1.9166,7.61281,26.999
45301.84998,3.7832,0.500038,1562029380.0,2,7,26.6799,1716,13830.04002,1.92076,7.62858,27.0324
45331.84998,3.7821,0.500191,1562029440.0,2,7,26.6633,1717,13860.04002,1.92493,7.64434,26.9323
45361.84998,3.7809,0.499733,1562029440.0,2,7,26.6633,1718,13890.04002,1.9291,7.66009,26.999
45391.84998,3.78,0.500038,1562029500.0,2,7,26.6633,1719,13920.04002,1.93326,7.67585,26.999
45421.84998,3.7789,0.499886,1562029500.0,2,7,26.6799,1720,13950.04002,1.93743,7.69159,27.0157
45451.84998,3.778,0.499428,1562029560.0,2,7,26.6965,1721,13980.04002,1.9416,7.70734,26.949
45481.84998,3.7771,0.500038,1562029560.0,2,7,26.7131,1722,14010.04002,1.94576,7.72308,26.9657
45511.84998,3.7763,0.500038,1562029620.0,2,7,26.7297,1723,14040.04002,1.94993,7.73881,26.9657
45541.84998,3.7752,0.499733,1562029620.0,2,7,26.7297,1724,14070.04002,1.9541,7.75454,26.9823
45571.84998,3.7742,0.499733,1562029680.0,2,7,26.7463,1725,14100.04002,1.95826,7.77027,26.9823
45601.84998,3.7731,0.500191,1562029680.0,2,7,26.6799,1726,14130.04002,1.96243,7.78599,26.949
45631.84998,3.7722,0.499886,1562029740.0,2,7,26.6965,1727,14160.04002,1.9666,7.80171,26.9323
45661.84998,3.7713,0.499886,1562029740.0,2,7,26.6965,1728,14190.04002,1.97076,7.81743,26.9323
45691.84998,3.7704,0.499733,1562029800.0,2,7,26.7131,1729,14220.04002,1.97493,7.83314,26.9657
45721.84998,3.7691,0.499886,1562029800.0,2,7,26.7131,1730,14250.04002,1.9791,7.84884,26.9657
45751.84998,3.7682,0.500191,1562029860.0,2,7,26.7131,1731,14280.04002,1.98326,7.86455,26.9156
45781.84998,3.7675,0.500038,1562029860.0,2,7,26.7131,1732,14310.04002,1.98743,7.88025,26.9156
45811.84998,3.7662,0.500038,1562029920.0,2,7,26.7297,1733,14340.04002,1.99159,7.89594,26.9323
45841.84998,3.7655,0.500496,1562029920.0,2,7,26.7131,1734,14370.04002,1.99576,7.91163,26.9323
45871.84998,3.7644,0.499886,1562029980.0,2,7,26.7463,1735,14400.04002,1.99993,7.92732,26.949
45901.84998,3.7633,0.499886,1562029980.0,2,7,26.7297,1736,14430.04002,2.00409,7.943,26.9323
45931.84998,3.7626,0.499886,1562030040.0,2,7,26.7297,1737,14460.04002,2.00826,7.95868,26.949
45961.84998,3.7617,0.500191,1562030040.0,2,7,26.7131,1738,14490.04002,2.01243,7.97435,26.9323
45991.84998,3.7607,0.500038,1562030100.0,2,7,26.7297,1739,14520.04002,2.01659,7.99003,26.949
46021.84998,3.7598,0.499886,1562030100.0,2,7,26.7297,1740,14550.04002,2.02076,8.00569,26.9156
46051.84998,3.7586,0.500191,1562030160.0,2,7,26.6799,1741,14580.04002,2.02493,8.02136,26.949
46081.84998,3.7577,0.500038,1562030160.0,2,7,26.6799,1742,14610.04002,2.02909,8.03701,26.9323
46111.84998,3.7568,0.500191,1562030220.0,2,7,26.6799,1743,14640.04002,2.03326,8.05267,26.9323
46141.84998,3.7559,0.499886,1562030220.0,2,7,26.6799,1744,14670.04002,2.03743,8.06832,26.9657
46171.84998,3.7551,0.499886,1562030280.0,2,7,26.6965,1745,14700.04002,2.04159,8.08397,26.9156
46201.84998,3.7542,0.499886,1562030280.0,2,7,26.7297,1746,14730.04002,2.04576,8.09961,26.9323
46231.84998,3.7533,0.500038,1562030340.0,2,7,26.7131,1747,14760.04002,2.04993,8.11525,26.949
46261.84998,3.7519,0.500191,1562030340.0,2,7,26.6633,1748,14790.04002,2.05409,8.13089,26.949
46291.84998,3.7513,0.500038,1562030400.0,2,7,26.6467,1749,14820.04002,2.05826,8.14652,26.949
46321.84998,3.7504,0.499886,1562030400.0,2,7,26.6467,1750,14850.04002,2.06243,8.16215,26.9323
46351.84998,3.7494,0.499733,1562030460.0,2,7,26.7131,1751,14880.04002,2.06659,8.17777,26.9156
46381.84998,3.7488,0.500343,1562030460.0,2,7,26.6965,1752,14910.04002,2.07076,8.19339,26.8989
46411.84998,3.7476,0.499733,1562030520.0,2,7,26.6965,1753,14940.04002,2.07492,8.20901,26.9156
46441.84998,3.7467,0.500343,1562030520.0,2,7,26.6965,1754,14970.04002,2.07909,8.22462,26.8989
46471.84998,3.7459,0.499886,1562030580.0,2,7,26.6799,1755,15000.04002,2.08326,8.24023,26.8823
46501.84998,3.7449,0.499733,1562030580.0,2,7,26.7131,1756,15030.04002,2.08742,8.25584,26.8989
46531.84998,3.744,0.499733,1562030640.0,2,7,26.6965,1757,15060.04002,2.09159,8.27144,26.8989
46561.84998,3.7432,0.500191,1562030640.0,2,7,26.6965,1758,15090.04002,2.09576,8.28704,26.8823
46591.84998,3.7421,0.500038,1562030700.0,2,7,26.6799,1759,15120.04002,2.09992,8.30263,26.8489
46621.84998,3.7412,0.500191,1562030700.0,2,7,26.6633,1760,15150.04002,2.10409,8.31822,26.8322
46651.84998,3.7403,0.499886,1562030760.0,2,7,26.6633,1761,15180.04002,2.10826,8.33381,26.8823
46681.84998,3.7394,0.499886,1562030760.0,2,7,26.6633,1762,15210.04002,2.11242,8.34939,26.8322
46711.84998,3.7385,0.499886,1562030820.0,2,7,26.6633,1763,15240.04002,2.11659,8.36497,26.8322
46741.84998,3.7377,0.499886,1562030820.0,2,7,26.6633,1764,15270.04002,2.12076,8.38054,26.8322
46771.84998,3.7368,0.49958,1562030880.0,2,7,26.6799,1765,15300.04002,2.12492,8.39611,26.8489
46801.84998,3.7357,0.500038,1562030880.0,2,7,26.6965,1766,15330.04002,2.12909,8.41168,26.8489
46831.84998,3.7348,0.499886,1562030940.0,2,7,26.6799,1767,15360.04002,2.13326,8.42724,26.8322
46861.84998,3.7339,0.500191,1562030940.0,2,7,26.6799,1768,15390.04002,2.13742,8.4428,26.8322
46891.84998,3.7333,0.500343,1562031000.0,2,7,26.6799,1769,15420.04002,2.14159,8.45836,26.8322
46921.84998,3.7324,0.500038,1562031000.0,2,7,26.6965,1770,15450.04002,2.14576,8.47391,26.8322
46951.84998,3.7313,0.500191,1562031060.0,2,7,26.7131,1771,15480.04002,2.14992,8.48946,26.8489
46981.84998,3.7305,0.499886,1562031060.0,2,7,26.6467,1772,15510.04002,2.15409,8.50501,26.8322
47011.84998,3.7295,0.499886,1562031120.0,2,7,26.6965,1773,15540.04002,2.15826,8.52055,26.8155
47041.84998,3.7287,0.500191,1562031120.0,2,7,26.6965,1774,15570.04002,2.16242,8.53609,26.8322
47071.84998,3.7279,0.499733,1562031180.0,2,7,26.6965,1775,15600.04002,2.16659,8.55162,26.8155
47101.84998,3.7269,0.499886,1562031180.0,2,7,26.7131,1776,15630.04002,2.17075,8.56715,26.8322
47131.84998,3.7258,0.499886,1562031240.0,2,7,26.6301,1777,15660.04002,2.17492,8.58267,26.8155
47161.84998,3.7249,0.499275,1562031240.0,2,7,26.6467,1778,15690.04002,2.17909,8.5982,26.8322
47191.84998,3.7241,0.500038,1562031300.0,2,7,26.6467,1779,15720.04002,2.18325,8.61372,26.8322
47221.84998,3.723,0.500038,1562031300.0,2,7,26.6301,1780,15750.04002,2.18742,8.62923,26.8322
47251.84998,3.7224,0.500038,1562031360.0,2,7,26.6467,1781,15780.04002,2.19159,8.64474,26.8489
47281.84998,3.7215,0.499886,1562031360.0,2,7,26.6633,1782,15810.04002,2.19575,8.66025,26.7655
47311.84998,3.7208,0.49958,1562031420.0,2,7,26.6633,1783,15840.04002,2.19992,8.67576,26.7488
47341.84998,3.7197,0.500191,1562031420.0,2,7,26.6633,1784,15870.04002,2.20409,8.69126,26.7655
47371.84998,3.7189,0.500038,1562031480.0,2,7,26.6799,1785,15900.04002,2.20825,8.70675,26.7655
47401.84998,3.718,0.500038,1562031480.0,2,7,26.6467,1786,15930.04002,2.21242,8.72225,26.8155
47431.84998,3.7169,0.499886,1562031540.0,2,7,26.7297,1787,15960.04002,2.21659,8.73773,26.7989
47461.84998,3.716,0.500191,1562031540.0,2,7,26.6467,1788,15990.04002,2.22075,8.75322,26.8155
47491.84998,3.7153,0.499886,1562031600.0,2,7,26.6633,1789,16020.04002,2.22492,8.7687,26.7989
47521.84998,3.7145,0.499886,1562031600.0,2,7,26.6799,1790,16050.04002,2.22909,8.78418,26.7655
47551.84998,3.7139,0.500038,1562031660.0,2,7,26.6633,1791,16080.04002,2.23325,8.79966,26.7822
47581.84998,3.7127,0.500191,1562031660.0,2,7,26.6965,1792,16110.04002,2.23742,8.81513,26.8155
47611.84998,3.7118,0.499886,1562031720.0,2,7,26.6965,1793,16140.04002,2.24159,8.83059,26.7989
47641.84998,3.7108,0.499733,1562031720.0,2,7,26.6965,1794,16170.04002,2.24575,8.84606,26.7655
47671.84998,3.7101,0.499733,1562031780.0,2,7,26.7297,1795,16200.04002,2.24992,8.86152,26.7655
47701.84998,3.7093,0.499886,1562031780.0,2,7,26.6633,1796,16230.04002,2.25408,8.87697,26.7655
47731.84998,3.7082,0.499733,1562031840.0,2,7,26.6633,1797,16260.04002,2.25825,8.89243,26.7655
47761.84998,3.7073,0.499886,1562031840.0,2,7,26.7131,1798,16290.04002,2.26242,8.90788,26.7488
47791.84998,3.7064,0.500496,1562031900.0,2,7,26.7297,1799,16320.04002,2.26658,8.92332,26.7488
47821.84998,3.7058,0.500343,1562031900.0,2,7,26.6799,1800,16350.04002,2.27075,8.93876,26.7155
47851.84998,3.705,0.499886,1562031960.0,2,7,26.6965,1801,16380.04002,2.27492,8.9542,26.7155
47881.84998,3.704,0.500038,1562031960.0,2,7,26.7297,1802,16410.04002,2.27908,8.96964,26.7322
47911.84998,3.7034,0.49958,1562032020.0,2,7,26.6965,1803,16440.04002,2.28325,8.98507,26.7322
47941.84998,3.7024,0.499886,1562032020.0,2,7,26.6799,1804,16470.04002,2.28742,9.00049,26.7322
47971.84998,3.7014,0.500191,1562032080.0,2,7,26.6965,1805,16500.04002,2.29158,9.01592,26.7488
48001.84998,3.7005,0.499733,1562032080.0,2,7,26.7131,1806,16530.04002,2.29575,9.03134,26.7488
48031.84998,3.6997,0.500038,1562032140.0,2,7,26.6965,1807,16560.04002,2.29992,9.04675,26.7155
48061.84998,3.6988,0.499886,1562032140.0,2,7,26.6965,1808,16590.04002,2.30408,9.06217,26.7488
48091.84998,3.698,0.500038,1562032200.0,2,7,26.6799,1809,16620.04002,2.30825,9.07758,26.7322
48121.84998,3.6973,0.499886,1562032200.0,2,7,26.7297,1810,16650.04002,2.31242,9.09298,26.7155
48151.84998,3.6962,0.499733,1562032260.0,2,7,26.6633,1811,16680.04002,2.31658,9.10839,26.6988
48181.84998,3.6953,0.499733,1562032260.0,2,7,26.6965,1812,16710.04002,2.32075,9.12379,26.6821
48211.84998,3.6945,0.500191,1562032320.0,2,7,26.7131,1813,16740.04002,2.32492,9.13918,26.6821
48241.84998,3.6938,0.499886,1562032320.0,2,7,26.7131,1814,16770.04002,2.32908,9.15457,26.6654
48271.84998,3.6928,0.499733,1562032380.0,2,7,26.7131,1815,16800.04002,2.33325,9.16996,26.6488
48301.84998,3.6919,0.500038,1562032380.0,2,7,26.6799,1816,16830.04002,2.33741,9.18535,26.6988
48331.84998,3.6912,0.500191,1562032440.0,2,7,26.7463,1817,16860.04002,2.34158,9.20073,26.6821
48361.84998,3.6901,0.500038,1562032440.0,2,7,26.6799,1818,16890.04002,2.34575,9.2161,26.7155
48391.84998,3.6896,0.499886,1562032500.0,2,7,26.7131,1819,16920.04002,2.34991,9.23148,26.7322
48421.84998,3.6887,0.499886,1562032500.0,2,7,26.7297,1820,16950.04002,2.35408,9.24685,26.6988
48451.84998,3.688,0.499886,1562032560.0,2,7,26.6799,1821,16980.04002,2.35825,9.26222,26.6988
48481.84998,3.6869,0.500038,1562032560.0,2,7,26.6633,1822,17010.04002,2.36241,9.27758,26.6988
48511.84998,3.6864,0.499886,1562032620.0,2,7,26.6799,1823,17040.04002,2.36658,9.29294,26.6821
48541.84998,3.6855,0.500038,1562032620.0,2,7,26.7297,1824,17070.04002,2.37075,9.3083,26.6988
48571.84998,3.6844,0.499886,1562032680.0,2,7,26.6799,1825,17100.04002,2.37491,9.32366,26.6988
48601.84998,3.6838,0.500191,1562032680.0,2,7,26.6799,1826,17130.04002,2.37908,9.33901,26.6988
48631.84998,3.6831,0.499733,1562032740.0,2,7,26.6799,1827,17160.04002,2.38325,9.35435,26.6988
48661.84998,3.6822,0.499886,1562032740.0,2,7,26.6965,1828,17190.04002,2.38741,9.3697,26.6821
48691.84998,3.6815,0.500191,1562032800.0,2,7,26.7131,1829,17220.04002,2.39158,9.38504,26.6821
48721.84998,3.6809,0.499886,1562032800.0,2,7,26.6965,1830,17250.04002,2.39575,9.40038,26.6488
48751.84998,3.6799,0.499886,1562032860.0,2,7,26.6965,1831,17280.04002,2.39991,9.41571,26.6988
48781.84998,3.6791,0.499886,1562032860.0,2,7,26.7131,1832,17310.04002,2.40408,9.43104,26.6654
48811.84998,3.6783,0.499886,1562032920.0,2,7,26.6799,1833,17340.04002,2.40825,9.44637,26.6488
48841.84998,3.6776,0.500191,1562032920.0,2,7,26.6965,1834,17370.04002,2.41241,9.46169,26.6488
48871.84998,3.6767,0.499733,1562032980.0,2,7,26.6799,1835,17400.04002,2.41658,9.47701,26.6821
48901.84998,3.6759,0.500038,1562032980.0,2,7,26.6799,1836,17430.04002,2.42075,9.49233,26.6488
48931.84998,3.6751,0.49958,1562033040.0,2,7,26.6467,1837,17460.04002,2.42491,9.50764,26.6488
48961.84998,3.6745,0.500038,1562033040.0,2,7,26.6467,1838,17490.04002,2.42908,9.52296,26.6488
48991.84998,3.6733,0.49958,1562033100.0,2,7,26.6799,1839,17520.04002,2.43324,9.53826,26.5987
49021.84998,3.6727,0.500191,1562033100.0,2,7,26.6799,1840,17550.04002,2.43741,9.55357,26.6821
49051.84998,3.6718,0.500343,1562033160.0,2,7,26.6965,1841,17580.04002,2.44158,9.56887,26.6821
49081.84998,3.6712,0.500191,1562033160.0,2,7,26.6799,1842,17610.04002,2.44574,9.58417,26.6154
49111.84998,3.6704,0.500038,1562033220.0,2,7,26.6799,1843,17640.04002,2.44991,9.59946,26.582
49141.84998,3.6696,0.499733,1562033220.0,2,7,26.6799,1844,17670.04002,2.45408,9.61475,26.6654
49171.84998,3.6692,0.499733,1562033280.0,2,7,26.6633,1845,17700.04002,2.45824,9.63004,26.6488
49201.84998,3.6681,0.500038,1562033280.0,2,7,26.6799,1846,17730.04002,2.46241,9.64533,26.6821
49231.84998,3.6674,0.500191,1562033340.0,2,7,26.6799,1847,17760.04002,2.46658,9.66061,26.5987
49261.84998,3.6666,0.500191,1562033340.0,2,7,26.6799,1848,17790.04002,2.47074,9.67589,26.6154
49291.84998,3.6658,0.500191,1562033400.0,2,7,26.6799,1849,17820.04002,2.47491,9.69116,26.6154
49321.84998,3.6652,0.500038,1562033400.0,2,7,26.6799,1850,17850.04002,2.47908,9.70644,26.5987
49351.84998,3.6645,0.500038,1562033460.0,2,7,26.6965,1851,17880.04002,2.48324,9.72171,26.6154
49381.84998,3.6638,0.500191,1562033460.0,2,7,26.6965,1852,17910.04002,2.48741,9.73697,26.6321
49411.84998,3.6631,0.500038,1562033520.0,2,7,26.6799,1853,17940.04002,2.49158,9.75224,26.6488
49441.84998,3.6622,0.499733,1562033520.0,2,7,26.6467,1854,17970.04002,2.49574,9.7675,26.6488
49471.84998,3.6616,0.49958,1562033580.0,2,7,26.6799,1855,18000.04002,2.49991,9.78276,26.6154
49501.84998,3.6608,0.500038,1562033580.0,2,7,26.6799,1856,18030.04002,2.50408,9.79801,26.582
49531.84998,3.6602,0.500191,1562033640.0,2,7,26.6965,1857,18060.04002,2.50824,9.81326,26.5987
49561.84998,3.6594,0.499886,1562033640.0,2,7,26.7131,1858,18090.04002,2.51241,9.82851,26.6154
49591.84998,3.6588,0.499886,1562033700.0,2,7,26.7297,1859,18120.04002,2.51657,9.84376,26.6154
49621.84998,3.658,0.499733,1562033700.0,2,7,26.7297,1860,18150.04002,2.52074,9.859,26.6154
49651.84998,3.6573,0.500191,1562033760.0,2,7,26.6633,1861,18180.04002,2.52491,9.87424,26.6488
49681.84998,3.6564,0.500343,1562033760.0,2,7,26.7131,1862,18210.04002,2.52907,9.88948,26.6321
49711.84998,3.6558,0.499886,1562033820.0,2,7,26.7131,1863,18240.04002,2.53324,9.90471,26.6321
49741.84998,3.6553,0.49958,1562033820.0,2,7,26.6633,1864,18270.04002,2.53741,9.91994,26.6488
49771.84998,3.6545,0.499886,1562033880.0,2,7,26.6965,1865,18300.04002,2.54157,9.93517,26.6154
49801.84998,3.6538,0.499886,1562033880.0,2,7,26.6965,1866,18330.04002,2.54574,9.9504,26.6154
49831.84998,3.6532,0.500191,1562033940.0,2,7,26.6965,1867,18360.04002,2.54991,9.96562,26.5987
49861.84998,3.6527,0.499886,1562033940.0,2,7,26.6799,1868,18390.04002,2.55407,9.98084,26.6654
49891.84998,3.6516,0.500038,1562034000.0,2,7,26.7131,1869,18420.04002,2.55824,9.99605,26.6488
49921.84998,3.6509,0.500038,1562034000.0,2,7,26.6965,1870,18450.04002,2.56241,10.0113,26.6654
49951.84998,3.6504,0.500038,1562034060.0,2,7,26.7131,1871,18480.04002,2.56657,10.0265,26.5987
49981.84998,3.6497,0.499733,1562034060.0,2,7,26.7297,1872,18510.04002,2.57074,10.0417,26.6321
50011.84998,3.649,0.500343,1562034120.0,2,7,26.7297,1873,18540.04002,2.57491,10.0569,26.6154
50041.84998,3.6483,0.500191,1562034120.0,2,7,26.7297,1874,18570.04002,2.57907,10.0721,26.6321
50071.84998,3.6478,0.499733,1562034180.0,2,7,26.7297,1875,18600.04002,2.58324,10.0873,26.6154
50101.84998,3.6471,0.499733,1562034180.0,2,7,26.7297,1876,18630.04002,2.58741,10.1025,26.6154
50131.84998,3.6464,0.499428,1562034240.0,2,7,26.7463,1877,18660.04002,2.59157,10.1177,26.6321
50161.84998,3.6457,0.499886,1562034240.0,2,7,26.6799,1878,18690.04002,2.59574,10.1329,26.6488
50191.84998,3.6451,0.499886,1562034300.0,2,7,26.6965,1879,18720.04002,2.5999,10.1481,26.6654
50221.84998,3.6443,0.499733,1562034300.0,2,7,26.7297,1880,18750.04002,2.60407,10.1633,26.6821
50251.84998,3.6439,0.500038,1562034360.0,2,7,26.7297,1881,18780.04002,2.60824,10.1784,26.6154
50281.84998,3.6432,0.499733,1562034360.0,2,7,26.7297,1882,18810.04002,2.6124,10.1936,26.5987
50311.84998,3.6426,0.500343,1562034420.0,2,7,26.6965,1883,18840.04002,2.61657,10.2088,26.6488
50341.84998,3.6417,0.499886,1562034420.0,2,7,26.6799,1884,18870.04002,2.62074,10.224,26.6488
50371.84998,3.6413,0.500038,1562034480.0,2,7,26.6799,1885,18900.04002,2.6249,10.2391,26.6488
50401.84998,3.6407,0.500343,1562034480.0,2,7,26.7297,1886,18930.04002,2.62907,10.2543,26.6321
50431.84998,3.6399,0.500038,1562034540.0,2,7,26.7463,1887,18960.04002,2.63324,10.2695,26.6154
50461.84998,3.6394,0.500343,1562034540.0,2,7,26.7463,1888,18990.04002,2.6374,10.2846,26.6154
50491.84998,3.6387,0.499886,1562034600.0,2,7,26.7297,1889,19020.04002,2.64157,10.2998,26.6154
50521.84998,3.6381,0.500038,1562034600.0,2,7,26.7297,1890,19050.04002,2.64574,10.315,26.6321
50551.84998,3.6376,0.49958,1562034660.0,2,7,26.7463,1891,19080.04002,2.6499,10.3301,26.6321
50581.84998,3.637,0.49958,1562034660.0,2,7,26.7297,1892,19110.04002,2.65407,10.3453,26.6321
50611.84998,3.6361,0.499886,1562034720.0,2,7,26.7297,1893,19140.04002,2.65824,10.3604,26.6488
50641.84998,3.6358,0.500343,1562034720.0,2,7,26.7297,1894,19170.04002,2.6624,10.3756,26.6321
50671.84998,3.635,0.500191,1562034780.0,2,7,26.7297,1895,19200.04002,2.66657,10.3907,26.6488
50701.84998,3.6344,0.49958,1562034780.0,2,7,26.6965,1896,19230.04002,2.67074,10.4059,26.6488
50731.84998,3.6339,0.500038,1562034840.0,2,7,26.6799,1897,19260.04002,2.6749,10.421,26.6654
50761.84998,3.6332,0.500038,1562034840.0,2,7,26.6965,1898,19290.04002,2.67907,10.4362,26.6821
50791.84998,3.6329,0.500038,1562034900.0,2,7,26.6965,1899,19320.04002,2.68323,10.4513,26.6821
50821.84998,3.632,0.500038,1562034900.0,2,7,26.7297,1900,19350.04002,2.6874,10.4664,26.6321
50851.84998,3.6313,0.500191,1562034960.0,2,7,26.7297,1901,19380.04002,2.69157,10.4816,26.6321
50881.84998,3.6307,0.500038,1562034960.0,2,7,26.7297,1902,19410.04002,2.69573,10.4967,26.6154
50911.84998,3.6304,0.500496,1562035020.0,2,7,26.7463,1903,19440.04002,2.6999,10.5118,26.6154
50941.84998,3.63,0.499886,1562035020.0,2,7,26.7297,1904,19470.04002,2.70407,10.5269,26.6154
50971.84998,3.6291,0.500496,1562035080.0,2,7,26.7297,1905,19500.04002,2.70823,10.5421,26.6154
51001.84998,3.6286,0.500191,1562035080.0,2,7,26.7131,1906,19530.04002,2.7124,10.5572,26.6654
51031.84998,3.6278,0.500343,1562035140.0,2,7,26.6965,1907,19560.04002,2.71657,10.5723,26.6654
51061.84998,3.6274,0.499886,1562035140.0,2,7,26.7131,1908,19590.04002,2.72073,10.5874,26.6488
51091.84998,3.6271,0.499886,1562035200.0,2,7,26.6965,1909,19620.04002,2.7249,10.6025,26.6488
51121.84998,3.6262,0.49958,1562035200.0,2,7,26.6633,1910,19650.04002,2.72907,10.6176,26.6488
51151.84998,3.6257,0.500343,1562035260.0,2,7,26.7463,1911,19680.04002,2.73323,10.6327,26.6321
51181.84998,3.6251,0.499886,1562035260.0,2,7,26.7463,1912,19710.04002,2.7374,10.6479,26.6821
51211.84998,3.6248,0.499886,1562035320.0,2,7,26.6633,1913,19740.04002,2.74157,10.663,26.6488
51241.84998,3.6242,0.499886,1562035320.0,2,7,26.6799,1914,19770.04002,2.74573,10.6781,26.6821
51271.84998,3.6236,0.499733,1562035380.0,2,7,26.6799,1915,19800.04002,2.7499,10.6932,26.6821
51301.84998,3.6228,0.499733,1562035380.0,2,7,26.6965,1916,19830.04002,2.75407,10.7083,26.6988
51331.84998,3.6225,0.499733,1562035440.0,2,7,26.7131,1917,19860.04002,2.75823,10.7233,26.6321
51361.84998,3.6217,0.499886,1562035440.0,2,7,26.7297,1918,19890.04002,2.7624,10.7384,26.6321
51391.84998,3.621,0.499733,1562035500.0,2,7,26.7297,1919,19920.04002,2.76657,10.7535,26.6321
51421.84998,3.6207,0.500191,1562035500.0,2,7,26.7297,1920,19950.04002,2.77073,10.7686,26.6654
51451.84998,3.6202,0.500038,1562035560.0,2,7,26.7463,1921,19980.04002,2.7749,10.7837,26.6488
51481.84998,3.6197,0.499886,1562035560.0,2,7,26.7463,1922,20010.04002,2.77906,10.7988,26.6488
51511.84998,3.619,0.499886,1562035620.0,2,7,26.7297,1923,20040.04002,2.78323,10.8139,26.6321
51541.84998,3.6185,0.500038,1562035620.0,2,7,26.7131,1924,20070.04002,2.7874,10.8289,26.6821
51571.84998,3.6179,0.500038,1562035680.0,2,7,26.6799,1925,20100.04002,2.79156,10.844,26.6488
51601.84998,3.6175,0.499733,1562035680.0,2,7,26.7297,1926,20130.04002,2.79573,10.8591,26.6154
51631.84998,3.617,0.500191,1562035740.0,2,7,26.7297,1927,20160.04002,2.7999,10.8742,26.6488
51661.84998,3.6164,0.500038,1562035740.0,2,7,26.6799,1928,20190.04002,2.80406,10.8892,26.6654
51691.84998,3.6159,0.499886,1562035800.0,2,7,26.6799,1929,20220.04002,2.80823,10.9043,26.6654
51721.84998,3.6152,0.500343,1562035800.0,2,7,26.6799,1930,20250.04002,2.8124,10.9194,26.6654
51751.84998,3.6149,0.499886,1562035860.0,2,7,26.6799,1931,20280.04002,2.81656,10.9344,26.6821
51781.84998,3.6143,0.500038,1562035860.0,2,7,26.7297,1932,20310.04002,2.82073,10.9495,26.6988
51811.84998,3.6138,0.499886,1562035920.0,2,7,26.7297,1933,20340.04002,2.8249,10.9645,26.6821
51841.84998,3.6133,0.500038,1562035920.0,2,7,26.7297,1934,20370.04002,2.82906,10.9796,26.6821
51871.84998,3.6127,0.500038,1562035980.0,2,7,26.7297,1935,20400.04002,2.83323,10.9946,26.6821
51901.84998,3.612,0.499886,1562035980.0,2,7,26.7463,1936,20430.04002,2.8374,11.0097,26.6988
51931.84998,3.6115,0.500038,1562036040.0,2,7,26.6799,1937,20460.04002,2.84156,11.0247,26.6988
51961.84998,3.611,0.500191,1562036040.0,2,7,26.6799,1938,20490.04002,2.84573,11.0398,26.7155
51991.84998,3.6104,0.500038,1562036100.0,2,7,26.6633,1939,20520.04002,2.8499,11.0548,26.6988
52021.84998,3.6098,0.500496,1562036100.0,2,7,26.7297,1940,20550.04002,2.85406,11.0699,26.6988
52051.84998,3.6097,0.499886,1562036160.0,2,7,26.7131,1941,20580.04002,2.85823,11.0849,26.6988
52081.84998,3.6089,0.499733,1562036160.0,2,7,26.7297,1942,20610.04002,2.86239,11.1,26.7155
52111.84998,3.6083,0.500191,1562036220.0,2,7,26.6799,1943,20640.04002,2.86656,11.115,26.7155
52141.84998,3.608,0.500038,1562036220.0,2,7,26.6965,1944,20670.04002,2.87073,11.13,26.6821
52171.84998,3.6074,0.499886,1562036280.0,2,7,26.7131,1945,20700.04002,2.87489,11.1451,26.6821
52201.84998,3.6069,0.500191,1562036280.0,2,7,26.7131,1946,20730.04002,2.87906,11.1601,26.6988
52231.84998,3.6063,0.499733,1562036340.0,2,7,26.7131,1947,20760.04002,2.88323,11.1751,26.6988
52261.84998,3.6059,0.499886,1562036340.0,2,7,26.6965,1948,20790.04002,2.88739,11.1901,26.7322
52291.84998,3.6054,0.499733,1562036400.0,2,7,26.6965,1949,20820.04002,2.89156,11.2052,26.7322
52321.84998,3.6049,0.500191,1562036400.0,2,7,26.7131,1950,20850.04002,2.89573,11.2202,26.7655
52351.84998,3.6043,0.499886,1562036460.0,2,7,26.7297,1951,20880.04002,2.89989,11.2352,26.6988
52381.84998,3.604,0.49958,1562036460.0,2,7,26.6799,1952,20910.04002,2.90406,11.2502,26.6821
52411.84998,3.6034,0.500191,1562036520.0,2,7,26.7131,1953,20940.04002,2.90823,11.2652,26.6821
52441.84998,3.6028,0.499886,1562036520.0,2,7,26.7131,1954,20970.04002,2.91239,11.2803,26.7155
52471.84998,3.6022,0.500191,1562036580.0,2,7,26.6633,1955,21000.04002,2.91656,11.2953,26.7322
52501.84998,3.6019,0.49958,1562036580.0,2,7,26.6633,1956,21030.04002,2.92073,11.3103,26.7155
52531.84998,3.6013,0.500038,1562036640.0,2,7,26.6965,1957,21060.04002,2.92489,11.3253,26.6988
52561.84998,3.6008,0.500191,1562036640.0,2,7,26.6799,1958,21090.04002,2.92906,11.3403,26.6988
52591.84998,3.6004,0.499733,1562036700.0,2,7,26.6799,1959,21120.04002,2.93323,11.3553,26.6988
52621.84998,3.5996,0.500191,1562036700.0,2,7,26.6799,1960,21150.04002,2.93739,11.3703,26.7155
52651.84998,3.5991,0.499428,1562036760.0,2,7,26.6467,1961,21180.04002,2.94156,11.3853,26.7322
52681.84998,3.5987,0.500191,1562036760.0,2,7,26.6799,1962,21210.04002,2.94572,11.4003,26.7322
52711.84998,3.5982,0.500038,1562036820.0,2,7,26.6633,1963,21240.04002,2.94989,11.4153,26.7322
52741.84998,3.5979,0.500038,1562036820.0,2,7,26.6965,1964,21270.04002,2.95406,11.4303,26.7155
52771.84998,3.5973,0.500191,1562036880.0,2,7,26.7131,1965,21300.04002,2.95822,11.4452,26.7322
52801.84998,3.5969,0.499886,1562036880.0,2,7,26.6799,1966,21330.04002,2.96239,11.4602,26.7322
52831.84998,3.5964,0.499733,1562036940.0,2,7,26.6799,1967,21360.04002,2.96656,11.4752,26.7488
52861.84998,3.5958,0.499733,1562036940.0,2,7,26.6633,1968,21390.04002,2.97072,11.4902,26.7488
52891.84998,3.5953,0.500038,1562037000.0,2,7,26.6965,1969,21420.04002,2.97489,11.5052,26.7155
52921.84998,3.5949,0.499886,1562037000.0,2,7,26.7131,1970,21450.04002,2.97906,11.5202,26.7322
52951.84998,3.5944,0.499886,1562037060.0,2,7,26.7131,1971,21480.04002,2.98322,11.5351,26.7488
52981.84998,3.594,0.499886,1562037060.0,2,7,26.7131,1972,21510.04002,2.98739,11.5501,26.7488
53011.84998,3.5935,0.499733,1562037120.0,2,7,26.7131,1973,21540.04002,2.99156,11.5651,26.7655
53041.84998,3.593,0.500038,1562037120.0,2,7,26.6633,1974,21570.04002,2.99572,11.5801,26.7655
53071.84998,3.5924,0.499886,1562037180.0,2,7,26.6633,1975,21600.04002,2.99989,11.595,26.7822
53101.84998,3.592,0.500038,1562037180.0,2,7,26.6633,1976,21630.04002,3.00406,11.61,26.7989
53131.84998,3.5918,0.500038,1562037240.0,2,7,26.6633,1977,21660.04002,3.00822,11.625,26.7822
53161.84998,3.5909,0.500038,1562037240.0,2,7,26.6633,1978,21690.04002,3.01239,11.6399,26.7155
53191.84998,3.5906,0.500343,1562037300.0,2,7,26.6467,1979,21720.04002,3.01656,11.6549,26.7655
53221.84998,3.59,0.500038,1562037300.0,2,7,26.6467,1980,21750.04002,3.02072,11.6698,26.7822
53251.84998,3.5892,0.500038,1562037360.0,2,7,26.6467,1981,21780.04002,3.02489,11.6848,26.7822
53281.84998,3.5889,0.500038,1562037360.0,2,7,26.6633,1982,21810.04002,3.02906,11.6998,26.7989
53311.84998,3.5886,0.499886,1562037420.0,2,7,26.6799,1983,21840.04002,3.03322,11.7147,26.7488
53341.84998,3.5882,0.500038,1562037420.0,2,7,26.6799,1984,21870.04002,3.03739,11.7297,26.7488
53371.84998,3.5874,0.500191,1562037480.0,2,7,26.6965,1985,21900.04002,3.04155,11.7446,26.7655
53401.84998,3.5871,0.499886,1562037480.0,2,7,26.6799,1986,21930.04002,3.04572,11.7596,26.7655
53431.84998,3.5865,0.500038,1562037540.0,2,7,26.6965,1987,21960.04002,3.04989,11.7745,26.7655
53461.84998,3.5859,0.500191,1562037540.0,2,7,26.6965,1988,21990.04002,3.05405,11.7894,26.7655
53491.84998,3.5856,0.500191,1562037600.0,2,7,26.6965,1989,22020.04002,3.05822,11.8044,26.7822
53521.84998,3.585,0.499886,1562037600.0,2,7,26.6965,1990,22050.04002,3.06239,11.8193,26.7822
53551.84998,3.5846,0.499733,1562037660.0,2,7,26.6799,1991,22080.04002,3.06655,11.8343,26.7655
53581.84998,3.584,0.500191,1562037660.0,2,7,26.6965,1992,22110.04002,3.07072,11.8492,26.7655
53611.84998,3.5836,0.500038,1562037720.0,2,7,26.6301,1993,22140.04002,3.07489,11.8641,26.7822
53641.84998,3.583,0.500038,1562037720.0,2,7,26.6799,1994,22170.04002,3.07905,11.8791,26.7822
53671.84998,3.5827,0.499886,1562037780.0,2,7,26.6799,1995,22200.04002,3.08322,11.894,26.7488
53701.84998,3.5822,0.499886,1562037780.0,2,7,26.6467,1996,22230.04002,3.08739,11.9089,26.7822
53731.84998,3.5816,0.500038,1562037840.0,2,7,26.6467,1997,22260.04002,3.09155,11.9238,26.7989
53761.84998,3.5811,0.500038,1562037840.0,2,7,26.6467,1998,22290.04002,3.09572,11.9388,26.7989
53791.84998,3.5805,0.500038,1562037900.0,2,7,26.6467,1999,22320.04002,3.09989,11.9537,26.8155
53821.84998,3.5802,0.500496,1562037900.0,2,7,26.6467,2000,22350.04002,3.10405,11.9686,26.8155
53851.84998,3.5796,0.499733,1562037960.0,2,7,26.6467,2001,22380.04002,3.10822,11.9835,26.8322
53881.84998,3.579,0.500038,1562037960.0,2,7,26.6633,2002,22410.04002,3.11239,11.9984,26.8155
53911.84998,3.5787,0.500343,1562038020.0,2,7,26.6467,2003,22440.04002,3.11655,12.0133,26.8155
53941.84998,3.5782,0.500038,1562038020.0,2,7,26.5969,2004,22470.04002,3.12072,12.0282,26.7822
53971.84998,3.5778,0.500038,1562038080.0,2,7,26.6799,2005,22500.04002,3.12488,12.0432,26.7989
54001.84998,3.5772,0.500343,1562038080.0,2,7,26.6965,2006,22530.04002,3.12905,12.0581,26.7989
54031.84998,3.5767,0.500038,1562038140.0,2,7,26.6301,2007,22560.04002,3.13322,12.073,26.7989
54061.84998,3.5763,0.500343,1562038140.0,2,7,26.6965,2008,22590.04002,3.13738,12.0879,26.8155
54091.84998,3.5758,0.499886,1562038200.0,2,7,26.7131,2009,22620.04002,3.14155,12.1028,26.8155
54121.84998,3.5752,0.49958,1562038200.0,2,7,26.7131,2010,22650.04002,3.14572,12.1177,26.8155
54151.84998,3.5747,0.500038,1562038260.0,2,7,26.7131,2011,22680.04002,3.14988,12.1326,26.8322
54181.84998,3.5741,0.500038,1562038260.0,2,7,26.7131,2012,22710.04002,3.15405,12.1474,26.8322
54211.84998,3.5737,0.499733,1562038320.0,2,7,26.6799,2013,22740.04002,3.15822,12.1623,26.7989
54241.84998,3.5734,0.500191,1562038320.0,2,7,26.6799,2014,22770.04002,3.16238,12.1772,26.7989
54271.84998,3.5726,0.49958,1562038380.0,2,7,26.6965,2015,22800.04002,3.16655,12.1921,26.8155
54301.84998,3.5721,0.499886,1562038380.0,2,7,26.6965,2016,22830.04002,3.17072,12.207,26.8155
54331.84998,3.5715,0.499733,1562038440.0,2,7,26.6799,2017,22860.04002,3.17488,12.2219,26.8155
54361.84998,3.5709,0.500496,1562038440.0,2,7,26.6467,2018,22890.04002,3.17905,12.2368,26.8322
54391.84998,3.5706,0.500038,1562038500.0,2,7,26.6301,2019,22920.04002,3.18322,12.2516,26.8489
54421.84998,3.5703,0.499733,1562038500.0,2,7,26.6467,2020,22950.04002,3.18738,12.2665,26.8489
54451.84998,3.5695,0.499733,1562038560.0,2,7,26.6467,2021,22980.04002,3.19155,12.2814,26.8656
54481.84998,3.5691,0.499733,1562038560.0,2,7,26.6633,2022,23010.04002,3.19572,12.2963,26.8823
54511.84998,3.5685,0.499733,1562038620.0,2,7,26.6799,2023,23040.04002,3.19988,12.3111,26.8322
54541.84998,3.5682,0.499886,1562038620.0,2,7,26.6965,2024,23070.04002,3.20405,12.326,26.8322
54571.84998,3.5674,0.500191,1562038680.0,2,7,26.6965,2025,23100.04002,3.20821,12.3409,26.8489
54601.84998,3.5671,0.500343,1562038680.0,2,7,26.6633,2026,23130.04002,3.21238,12.3557,26.8489
54631.84998,3.5665,0.499886,1562038740.0,2,7,26.7131,2027,23160.04002,3.21655,12.3706,26.8656
54661.84998,3.5659,0.500191,1562038740.0,2,7,26.6965,2028,23190.04002,3.22071,12.3854,26.8489
54691.84998,3.5656,0.499733,1562038800.0,2,7,26.6965,2029,23220.04002,3.22488,12.4003,26.8489
54721.84998,3.565,0.500038,1562038800.0,2,7,26.7131,2030,23250.04002,3.22905,12.4152,26.8489
54751.84998,3.5645,0.499886,1562038860.0,2,7,26.7297,2031,23280.04002,3.23321,12.43,26.8823
54781.84998,3.5639,0.499733,1562038860.0,2,7,26.6633,2032,23310.04002,3.23738,12.4449,26.8989
54811.84998,3.5636,0.49958,1562038920.0,2,7,26.6633,2033,23340.04002,3.24155,12.4597,26.9156
54841.84998,3.563,0.500038,1562038920.0,2,7,26.6633,2034,23370.04002,3.24571,12.4746,26.9323
54871.84998,3.5624,0.499886,1562038980.0,2,7,26.6799,2035,23400.04002,3.24988,12.4894,26.9156
54901.84998,3.5616,0.500496,1562038980.0,2,7,26.6799,2036,23430.04002,3.25405,12.5042,26.9323
54931.84998,3.5612,0.49958,1562039040.0,2,7,26.6799,2037,23460.04002,3.25821,12.5191,26.9323
54961.84998,3.5608,0.49958,1562039040.0,2,7,26.6633,2038,23490.04002,3.26238,12.5339,26.9156
54991.84998,3.5601,0.49958,1562039100.0,2,7,26.6965,2039,23520.04002,3.26655,12.5488,26.8989
55021.84998,3.5596,0.500038,1562039100.0,2,7,26.7131,2040,23550.04002,3.27071,12.5636,26.9156
55051.84998,3.5592,0.499886,1562039160.0,2,7,26.6467,2041,23580.04002,3.27488,12.5784,26.9323
55081.84998,3.5586,0.499733,1562039160.0,2,7,26.6633,2042,23610.04002,3.27905,12.5932,26.949
55111.84998,3.5581,0.500038,1562039220.0,2,7,26.6633,2043,23640.04002,3.28321,12.6081,26.949
55141.84998,3.5578,0.499886,1562039220.0,2,7,26.6467,2044,23670.04002,3.28738,12.6229,26.9156
55171.84998,3.5572,0.500343,1562039280.0,2,7,26.6467,2045,23700.04002,3.29155,12.6377,26.9323
55201.84998,3.5564,0.499733,1562039280.0,2,7,26.6965,2046,23730.04002,3.29571,12.6525,26.9323
55231.84998,3.5558,0.499886,1562039340.0,2,7,26.7297,2047,23760.04002,3.29988,12.6674,26.9323
55261.84998,3.5555,0.499886,1562039340.0,2,7,26.7297,2048,23790.04002,3.30404,12.6822,26.949
55291.84998,3.5547,0.499733,1562039400.0,2,7,26.6467,2049,23820.04002,3.30821,12.697,26.949
55321.84998,3.5543,0.500343,1562039400.0,2,7,26.6301,2050,23850.04002,3.31238,12.7118,26.949
55351.84998,3.5538,0.499886,1562039460.0,2,7,26.6965,2051,23880.04002,3.31654,12.7266,26.949
55381.84998,3.5534,0.499733,1562039460.0,2,7,26.6965,2052,23910.04002,3.32071,12.7414,26.949
55411.84998,3.5526,0.500191,1562039520.0,2,7,26.6965,2053,23940.04002,3.32488,12.7562,26.949
55441.84998,3.5521,0.499733,1562039520.0,2,7,26.7131,2054,23970.04002,3.32904,12.771,26.9657
55471.84998,3.5514,0.500038,1562039580.0,2,7,26.7131,2055,24000.04002,3.33321,12.7858,26.9823
55501.84998,3.5508,0.500038,1562039580.0,2,7,26.7131,2056,24030.04002,3.33738,12.8006,26.9823
55531.84998,3.55,0.500038,1562039640.0,2,7,26.7131,2057,24060.04002,3.34154,12.8154,26.9823
55561.84998,3.5497,0.500038,1562039640.0,2,7,26.7297,2058,24090.04002,3.34571,12.8302,26.999
55591.84998,3.5491,0.500038,1562039700.0,2,7,26.7297,2059,24120.04002,3.34988,12.845,26.999
55621.84998,3.5485,0.500191,1562039700.0,2,7,26.6467,2060,24150.04002,3.35404,12.8598,27.0157
55651.84998,3.548,0.500191,1562039760.0,2,7,26.6633,2061,24180.04002,3.35821,12.8745,27.0324
55681.84998,3.5474,0.500343,1562039760.0,2,7,26.6799,2062,24210.04002,3.36238,12.8893,27.0657
55711.84998,3.5468,0.499886,1562039820.0,2,7,26.7131,2063,24240.04002,3.36654,12.9041,27.0157
55741.84998,3.5462,0.500038,1562039820.0,2,7,26.6799,2064,24270.04002,3.37071,12.9189,27.0491
55771.84998,3.5457,0.500343,1562039880.0,2,7,26.6965,2065,24300.04002,3.37488,12.9337,27.0657
55801.84998,3.545,0.500191,1562039880.0,2,7,26.7131,2066,24330.04002,3.37904,12.9484,27.0491
55831.84998,3.5444,0.500191,1562039940.0,2,7,26.7297,2067,24360.04002,3.38321,12.9632,27.0491
55861.84998,3.5436,0.500038,1562039940.0,2,7,26.7463,2068,24390.04002,3.38737,12.978,27.0824
55891.84998,3.543,0.500191,1562040000.0,2,7,26.6633,2069,24420.04002,3.39154,12.9927,27.0991
55921.84998,3.5425,0.499886,1562040000.0,2,7,26.7131,2070,24450.04002,3.39571,13.0075,27.0657
55951.84998,3.5416,0.499733,1562040060.0,2,7,26.6799,2071,24480.04002,3.39987,13.0222,27.0991
55981.84998,3.5412,0.500191,1562040060.0,2,7,26.7131,2072,24510.04002,3.40404,13.037,27.1158
56011.84998,3.5402,0.500038,1562040120.0,2,7,26.7297,2073,24540.04002,3.40821,13.0518,27.0657
56041.84998,3.5398,0.500038,1562040120.0,2,7,26.7297,2074,24570.04002,3.41237,13.0665,27.0657
56071.84998,3.5392,0.499428,1562040180.0,2,7,26.7463,2075,24600.04002,3.41654,13.0813,27.0991
56101.84998,3.5386,0.499886,1562040180.0,2,7,26.6799,2076,24630.04002,3.42071,13.096,27.1158
56131.84998,3.5377,0.500038,1562040240.0,2,7,26.6799,2077,24660.04002,3.42487,13.1107,27.1158
56161.84998,3.5372,0.500038,1562040240.0,2,7,26.6799,2078,24690.04002,3.42904,13.1255,27.1325
56191.84998,3.5364,0.500038,1562040300.0,2,7,26.6965,2079,24720.04002,3.43321,13.1402,27.1325
56221.84998,3.5358,0.500191,1562040300.0,2,7,26.6965,2080,24750.04002,3.43737,13.155,27.1491
56251.84998,3.5351,0.500496,1562040360.0,2,7,26.7131,2081,24780.04002,3.44154,13.1697,27.1658
56281.84998,3.5344,0.500038,1562040360.0,2,7,26.7131,2082,24810.04002,3.44571,13.1844,27.1658
56311.84998,3.5337,0.499886,1562040420.0,2,7,26.7131,2083,24840.04002,3.44987,13.1991,27.1825
56341.84998,3.5331,0.499886,1562040420.0,2,7,26.7297,2084,24870.04002,3.45404,13.2139,27.1158
56371.84998,3.5322,0.499886,1562040480.0,2,7,26.7463,2085,24900.04002,3.45821,13.2286,27.1491
56401.84998,3.5317,0.500343,1562040480.0,2,7,26.7131,2086,24930.04002,3.46237,13.2433,27.1658
56431.84998,3.5309,0.500343,1562040540.0,2,7,26.6965,2087,24960.04002,3.46654,13.258,27.2158
56461.84998,3.53,0.500191,1562040540.0,2,7,26.7131,2088,24990.04002,3.4707,13.2727,27.1992
56491.84998,3.5294,0.500191,1562040600.0,2,7,26.7297,2089,25020.04002,3.47487,13.2874,27.1825
56521.84998,3.5286,0.49958,1562040600.0,2,7,26.6799,2090,25050.04002,3.47904,13.3021,27.2158
56551.84998,3.5279,0.499886,1562040660.0,2,7,26.6965,2091,25080.04002,3.4832,13.3168,27.2492
56581.84998,3.5273,0.499733,1562040660.0,2,7,26.7131,2092,25110.04002,3.48737,13.3315,27.1992
56611.84998,3.5265,0.500038,1562040720.0,2,7,26.7131,2093,25140.04002,3.49154,13.3462,27.1825
56641.84998,3.5257,0.500038,1562040720.0,2,7,26.7297,2094,25170.04002,3.4957,13.3609,27.1825
56671.84998,3.525,0.500038,1562040780.0,2,7,26.6799,2095,25200.04002,3.49987,13.3756,27.2325
56701.84998,3.5242,0.500038,1562040780.0,2,7,26.6965,2096,25230.04002,3.50404,13.3903,27.2325
56731.84998,3.5236,0.499428,1562040840.0,2,7,26.6965,2097,25260.04002,3.5082,13.405,27.2492
56761.84998,3.5229,0.500038,1562040840.0,2,7,26.7297,2098,25290.04002,3.51237,13.4196,27.2659
56791.84998,3.5219,0.499886,1562040900.0,2,7,26.7463,2099,25320.04002,3.51654,13.4343,27.2158
56821.84998,3.5212,0.500038,1562040900.0,2,7,26.6799,2100,25350.04002,3.5207,13.449,27.2492
56851.84998,3.5204,0.499886,1562040960.0,2,7,26.6799,2101,25380.04002,3.52487,13.4637,27.2659
56881.84998,3.5196,0.499886,1562040960.0,2,7,26.6965,2102,25410.04002,3.52904,13.4783,27.2659
56911.84998,3.5189,0.499886,1562041020.0,2,7,26.7131,2103,25440.04002,3.5332,13.493,27.2659
56941.84998,3.518,0.500038,1562041020.0,2,7,26.7131,2104,25470.04002,3.53737,13.5077,27.2826
56971.84998,3.5174,0.500191,1562041080.0,2,7,26.7297,2105,25500.04002,3.54154,13.5223,27.2325
57001.84998,3.5166,0.500038,1562041080.0,2,7,26.6965,2106,25530.04002,3.5457,13.537,27.2659
57031.84998,3.5155,0.49958,1562041140.0,2,7,26.6799,2107,25560.04002,3.54987,13.5516,27.2492
57061.84998,3.5149,0.500191,1562041140.0,2,7,26.6799,2108,25590.04002,3.55403,13.5663,27.2492
57091.84998,3.514,0.500191,1562041200.0,2,7,26.7297,2109,25620.04002,3.5582,13.5809,27.2158
57121.84998,3.5132,0.499886,1562041200.0,2,7,26.7297,2110,25650.04002,3.56237,13.5955,27.2826
57151.84998,3.5126,0.500038,1562041260.0,2,7,26.7297,2111,25680.04002,3.56653,13.6102,27.2992
57181.84998,3.5117,0.499886,1562041260.0,2,7,26.7297,2112,25710.04002,3.5707,13.6248,27.2826
57211.84998,3.5108,0.500038,1562041320.0,2,7,26.7297,2113,25740.04002,3.57487,13.6395,27.3159
57241.84998,3.5099,0.500038,1562041320.0,2,7,26.7297,2114,25770.04002,3.57903,13.6541,27.2992
57271.84998,3.5091,0.500038,1562041380.0,2,7,26.7297,2115,25800.04002,3.5832,13.6687,27.2826
57301.84998,3.5084,0.500038,1562041380.0,2,7,26.7297,2116,25830.04002,3.58737,13.6833,27.2992
57331.84998,3.5074,0.500191,1562041440.0,2,7,26.7131,2117,25860.04002,3.59153,13.6979,27.2826
57361.84998,3.5068,0.499733,1562041440.0,2,7,26.7297,2118,25890.04002,3.5957,13.7125,27.2992
57391.84998,3.5058,0.500038,1562041500.0,2,7,26.7463,2119,25920.04002,3.59987,13.7272,27.3159
57421.84998,3.5048,0.499733,1562041500.0,2,7,26.7463,2120,25950.04002,3.60403,13.7418,27.2992
57451.84998,3.5041,0.499886,1562041560.0,2,7,26.6965,2121,25980.04002,3.6082,13.7564,27.2826
57481.84998,3.5032,0.500496,1562041560.0,2,7,26.6965,2122,26010.04002,3.61237,13.771,27.2992
57511.84998,3.5026,0.499733,1562041620.0,2,7,26.6965,2123,26040.04002,3.61653,13.7856,27.2826
57541.84998,3.5015,0.499886,1562041620.0,2,7,26.6965,2124,26070.04002,3.6207,13.8001,27.2992
57571.84998,3.5006,0.500038,1562041680.0,2,7,26.7297,2125,26100.04002,3.62487,13.8147,27.3326
57601.84998,3.4998,0.500191,1562041680.0,2,7,26.7463,2126,26130.04002,3.62903,13.8293,27.3493
57631.84998,3.4986,0.500343,1562041740.0,2,7,26.7629,2127,26160.04002,3.6332,13.8439,27.2992
57661.84998,3.4978,0.500038,1562041740.0,2,7,26.7463,2128,26190.04002,3.63737,13.8585,27.2992
57691.84998,3.4969,0.499886,1562041800.0,2,7,26.7463,2129,26220.04002,3.64153,13.873,27.3326
57721.84998,3.4961,0.500343,1562041800.0,2,7,26.7297,2130,26250.04002,3.6457,13.8876,27.3159
57751.84998,3.4948,0.49958,1562041860.0,2,7,26.7297,2131,26280.04002,3.64986,13.9022,27.3159
57781.84998,3.494,0.500038,1562041860.0,2,7,26.7131,2132,26310.04002,3.65403,13.9167,27.2992
57811.84998,3.4928,0.500343,1562041920.0,2,7,26.6965,2133,26340.04002,3.6582,13.9313,27.2992
57841.84998,3.492,0.49958,1562041920.0,2,7,26.6965,2134,26370.04002,3.66236,13.9458,27.2826
57871.84998,3.491,0.500038,1562041980.0,2,7,26.7629,2135,26400.04002,3.66653,13.9604,27.3159
57901.84998,3.49,0.500038,1562041980.0,2,7,26.7629,2136,26430.04002,3.6707,13.9749,27.3493
57931.84998,3.489,0.499886,1562042040.0,2,7,26.7629,2137,26460.04002,3.67486,13.9895,27.3326
57961.84998,3.4878,0.499733,1562042040.0,2,7,26.7629,2138,26490.04002,3.67903,14.004,27.3326
57991.84998,3.4868,0.499886,1562042100.0,2,7,26.7795,2139,26520.04002,3.6832,14.0185,27.3159
58021.84998,3.4859,0.500038,1562042100.0,2,7,26.7297,2140,26550.04002,3.68736,14.0331,27.3159
58051.84998,3.4849,0.500191,1562042160.0,2,7,26.7961,2141,26580.04002,3.69153,14.0476,27.2992
58081.84998,3.4839,0.49958,1562042160.0,2,7,26.7795,2142,26610.04002,3.6957,14.0621,27.2826
58111.84998,3.4826,0.49958,1562042220.0,2,7,26.7795,2143,26640.04002,3.69986,14.0766,27.2826
58141.84998,3.4817,0.500038,1562042220.0,2,7,26.7961,2144,26670.04002,3.70403,14.0911,27.2992
58171.84998,3.4806,0.500191,1562042280.0,2,7,26.7131,2145,26700.04002,3.7082,14.1056,27.2992
58201.84998,3.4795,0.49958,1562042280.0,2,7,26.7297,2146,26730.04002,3.71236,14.1201,27.3159
58231.84998,3.4784,0.500038,1562042340.0,2,7,26.7297,2147,26760.04002,3.71653,14.1346,27.2992
58261.84998,3.4774,0.499886,1562042340.0,2,7,26.7463,2148,26790.04002,3.7207,14.1491,27.3159
58291.84998,3.4763,0.499733,1562042400.0,2,7,26.7463,2149,26820.04002,3.72486,14.1636,27.3159
58321.84998,3.4752,0.499428,1562042400.0,2,7,26.7463,2150,26850.04002,3.72903,14.1781,27.2992
58351.84998,3.4743,0.499886,1562042460.0,2,7,26.7297,2151,26880.04002,3.73319,14.1926,27.3159
58381.84998,3.4734,0.499733,1562042460.0,2,7,26.7629,2152,26910.04002,3.73736,14.207,27.3159
58411.84998,3.472,0.500191,1562042520.0,2,7,26.7629,2153,26940.04002,3.74153,14.2215,27.3159
58441.84998,3.4711,0.499886,1562042520.0,2,7,26.7463,2154,26970.04002,3.74569,14.236,27.2992
58471.84998,3.4701,0.499886,1562042580.0,2,7,26.7629,2155,27000.04002,3.74986,14.2504,27.3159
58501.84998,3.4691,0.499886,1562042580.0,2,7,26.7629,2156,27030.04002,3.75403,14.2649,27.3326
58531.84998,3.4682,0.500343,1562042640.0,2,7,26.7795,2157,27060.04002,3.75819,14.2793,27.3326
58561.84998,3.467,0.499886,1562042640.0,2,7,26.7795,2158,27090.04002,3.76236,14.2938,27.3493
58591.84998,3.4658,0.499886,1562042700.0,2,7,26.7795,2159,27120.04002,3.76653,14.3082,27.2826
58621.84998,3.465,0.500191,1562042700.0,2,7,26.7961,2160,27150.04002,3.77069,14.3227,27.3493
58651.84998,3.4638,0.500038,1562042760.0,2,7,26.7629,2161,27180.04002,3.77486,14.3371,27.3326
58681.84998,3.4629,0.499886,1562042760.0,2,7,26.7795,2162,27210.04002,3.77903,14.3515,27.3326
58711.84998,3.462,0.499733,1562042820.0,2,7,26.7795,2163,27240.04002,3.78319,14.366,27.3493
58741.84998,3.4604,0.500038,1562042820.0,2,7,26.8127,2164,27270.04002,3.78736,14.3804,27.2826
58771.84998,3.4597,0.499886,1562042880.0,2,7,26.7297,2165,27300.04002,3.79153,14.3948,27.2826
58801.84998,3.4583,0.500038,1562042880.0,2,7,26.7795,2166,27330.04002,3.79569,14.4092,27.2659
58831.84998,3.4572,0.500038,1562042940.0,2,7,26.7961,2167,27360.04002,3.79986,14.4236,27.3326
58861.84998,3.4562,0.500191,1562042940.0,2,7,26.7795,2168,27390.04002,3.80403,14.438,27.3159
58891.84998,3.4549,0.499886,1562043000.0,2,7,26.7795,2169,27420.04002,3.80819,14.4524,27.3493
58921.84998,3.4539,0.500038,1562043000.0,2,7,26.7961,2170,27450.04002,3.81236,14.4668,27.3493
58951.84998,3.4528,0.500343,1562043060.0,2,7,26.8127,2171,27480.04002,3.81652,14.4812,27.2826
58981.84998,3.4519,0.500191,1562043060.0,2,7,26.8127,2172,27510.04002,3.82069,14.4956,27.3493
59011.84998,3.4504,0.500343,1562043120.0,2,7,26.7961,2173,27540.04002,3.82486,14.51,27.3326
59041.84998,3.4491,0.499886,1562043120.0,2,7,26.7795,2174,27570.04002,3.82902,14.5243,27.3159
59071.84998,3.4481,0.500038,1562043180.0,2,7,26.7629,2175,27600.04002,3.83319,14.5387,27.3159
59101.84998,3.4469,0.499733,1562043180.0,2,7,26.7629,2176,27630.04002,3.83736,14.5531,27.3159
59131.84998,3.4456,0.499886,1562043240.0,2,7,26.7795,2177,27660.04002,3.84152,14.5674,27.3159
59161.84998,3.4447,0.49958,1562043240.0,2,7,26.7961,2178,27690.04002,3.84569,14.5818,27.3493
59191.84998,3.4434,0.500191,1562043300.0,2,7,26.7629,2179,27720.04002,3.84986,14.5961,27.2826
59221.84998,3.4426,0.499886,1562043300.0,2,7,26.7629,2180,27750.04002,3.85402,14.6105,27.2992
59251.84998,3.4412,0.499733,1562043360.0,2,7,26.7629,2181,27780.04002,3.85819,14.6248,27.2992
59281.84998,3.4401,0.499886,1562043360.0,2,7,26.7629,2182,27810.04002,3.86236,14.6392,27.2992
59311.84998,3.4392,0.500038,1562043420.0,2,7,26.7463,2183,27840.04002,3.86652,14.6535,27.2826
59341.84998,3.4379,0.499733,1562043420.0,2,7,26.7629,2184,27870.04002,3.87069,14.6678,27.2826
59371.84998,3.4369,0.500191,1562043480.0,2,7,26.7629,2185,27900.04002,3.87486,14.6821,27.2992
59401.84998,3.4359,0.499886,1562043480.0,2,7,26.7795,2186,27930.04002,3.87902,14.6965,27.3159
59431.84998,3.4351,0.499886,1562043540.0,2,7,26.8127,2187,27960.04002,3.88319,14.7108,27.3159
59461.84998,3.4343,0.499886,1562043540.0,2,7,26.7463,2188,27990.04002,3.88736,14.7251,27.2992
59491.84998,3.4336,0.500038,1562043600.0,2,7,26.8293,2189,28020.04002,3.89152,14.7394,27.2992
59521.84998,3.4327,0.499733,1562043600.0,2,7,26.7961,2190,28050.04002,3.89569,14.7537,27.3159
59551.84998,3.4316,0.500191,1562043660.0,2,7,26.7463,2191,28080.04002,3.89986,14.768,27.3159
59581.84998,3.431,0.500038,1562043660.0,2,7,26.7463,2192,28110.04002,3.90402,14.7823,27.3326
59611.84998,3.4302,0.500038,1562043720.0,2,7,26.7629,2193,28140.04002,3.90819,14.7966,27.3326
59641.84998,3.4296,0.500038,1562043720.0,2,7,26.7629,2194,28170.04002,3.91235,14.8109,27.3326
59671.84998,3.4287,0.500496,1562043780.0,2,7,26.7961,2195,28200.04002,3.91652,14.8252,27.3493
59701.84998,3.4281,0.499733,1562043780.0,2,7,26.7629,2196,28230.04002,3.92069,14.8395,27.2992
59731.84998,3.4273,0.500038,1562043840.0,2,7,26.8127,2197,28260.04002,3.92485,14.8537,27.2826
59761.84998,3.4267,0.49958,1562043840.0,2,7,26.8127,2198,28290.04002,3.92902,14.868,27.3159
59791.84998,3.4258,0.500191,1562043900.0,2,7,26.7961,2199,28320.04002,3.93319,14.8823,27.3326
59821.84998,3.425,0.499733,1562043900.0,2,7,26.7795,2200,28350.04002,3.93735,14.8966,27.3326
59851.84998,3.4244,0.500191,1562043960.0,2,7,26.7795,2201,28380.04002,3.94152,14.9108,27.3159
59881.84998,3.4238,0.500038,1562043960.0,2,7,26.8127,2202,28410.04002,3.94569,14.9251,27.2992
59911.84998,3.4231,0.500038,1562044020.0,2,7,26.7961,2203,28440.04002,3.94985,14.9394,27.3159
59941.84998,3.4224,0.500038,1562044020.0,2,7,26.7961,2204,28470.04002,3.95402,14.9536,27.3326
59971.84998,3.422,0.499733,1562044080.0,2,7,26.7961,2205,28500.04002,3.95819,14.9679,27.3326
60001.84998,3.4209,0.500191,1562044080.0,2,7,26.8127,2206,28530.04002,3.96235,14.9821,27.3493
60031.84998,3.4203,0.500191,1562044140.0,2,7,26.8127,2207,28560.04002,3.96652,14.9964,27.2826
60061.84998,3.4195,0.499886,1562044140.0,2,7,26.8127,2208,28590.04002,3.97069,15.0106,27.2659
60091.84998,3.4189,0.49958,1562044200.0,2,7,26.7961,2209,28620.04002,3.97485,15.0249,27.3159
60121.84998,3.4183,0.499886,1562044200.0,2,7,26.7961,2210,28650.04002,3.97902,15.0391,27.3326
60151.84998,3.4176,0.500191,1562044260.0,2,7,26.7961,2211,28680.04002,3.98319,15.0534,27.3159
60181.84998,3.417,0.500496,1562044260.0,2,7,26.8293,2212,28710.04002,3.98735,15.0676,27.3326
60211.84998,3.4162,0.499886,1562044320.0,2,7,26.8127,2213,28740.04002,3.99152,15.0818,27.2659
60241.84998,3.4153,0.499886,1562044320.0,2,7,26.8293,2214,28770.04002,3.99568,15.0961,27.2659
60271.84998,3.4145,0.500343,1562044380.0,2,7,26.8293,2215,28800.04002,3.99985,15.1103,27.2992
60301.84998,3.4141,0.500038,1562044380.0,2,7,26.7795,2216,28830.04002,4.00402,15.1245,27.2992
60331.84998,3.4134,0.499886,1562044440.0,2,7,26.7795,2217,28860.04002,4.00818,15.1388,27.2992
60361.84998,3.4127,0.500038,1562044440.0,2,7,26.7795,2218,28890.04002,4.01235,15.153,27.3159
60391.84998,3.4119,0.500191,1562044500.0,2,7,26.7795,2219,28920.04002,4.01652,15.1672,27.2992
60421.84998,3.4113,0.500038,1562044500.0,2,7,26.7795,2220,28950.04002,4.02068,15.1814,27.2826
60451.84998,3.4104,0.500191,1562044560.0,2,7,26.7961,2221,28980.04002,4.02485,15.1956,27.2992
60481.84998,3.4095,0.500191,1562044560.0,2,7,26.7961,2222,29010.04002,4.02902,15.2098,27.3159
60511.84998,3.4089,0.499886,1562044620.0,2,7,26.7961,2223,29040.04002,4.03318,15.224,27.3326
60541.84998,3.4081,0.499886,1562044620.0,2,7,26.8127,2224,29070.04002,4.03735,15.2382,27.3159
60571.84998,3.4073,0.500038,1562044680.0,2,7,26.8127,2225,29100.04002,4.04152,15.2524,27.3326
60601.84998,3.4067,0.499733,1562044680.0,2,7,26.7961,2226,29130.04002,4.04568,15.2666,27.2992
60631.84998,3.406,0.499886,1562044740.0,2,7,26.8127,2227,29160.04002,4.04985,15.2808,27.2992
60661.84998,3.4054,0.500038,1562044740.0,2,7,26.7961,2228,29190.04002,4.05402,15.295,27.3159
60691.84998,3.4044,0.499733,1562044800.0,2,7,26.8127,2229,29220.04002,4.05818,15.3092,27.3326
60721.84998,3.4038,0.499886,1562044800.0,2,7,26.8293,2230,29250.04002,4.06235,15.3234,27.3159
60751.84998,3.4031,0.500038,1562044860.0,2,7,26.7961,2231,29280.04002,4.06652,15.3376,27.2992
60781.84998,3.4023,0.499733,1562044860.0,2,7,26.7961,2232,29310.04002,4.07068,15.3517,27.2992
60811.84998,3.4015,0.500038,1562044920.0,2,7,26.7795,2233,29340.04002,4.07485,15.3659,27.2992
60841.84998,3.4008,0.499886,1562044920.0,2,7,26.7795,2234,29370.04002,4.07901,15.3801,27.2826
60871.84998,3.4002,0.500191,1562044980.0,2,7,26.7629,2235,29400.04002,4.08318,15.3943,27.2659
60901.84998,3.3994,0.499275,1562044980.0,2,7,26.7629,2236,29430.04002,4.08735,15.4084,27.2659
60931.84998,3.3985,0.499886,1562045040.0,2,7,26.7629,2237,29460.04002,4.09151,15.4226,27.2826
60961.84998,3.3977,0.500038,1562045040.0,2,7,26.7795,2238,29490.04002,4.09568,15.4367,27.2992
60991.84998,3.397,0.499886,1562045100.0,2,7,26.7795,2239,29520.04002,4.09985,15.4509,27.2992
61021.84998,3.396,0.499733,1562045100.0,2,7,26.7629,2240,29550.04002,4.10401,15.4651,27.2659
61051.84998,3.3956,0.500343,1562045160.0,2,7,26.8127,2241,29580.04002,4.10818,15.4792,27.2492
61081.84998,3.3947,0.500038,1562045160.0,2,7,26.8459,2242,29610.04002,4.11235,15.4933,27.2492
61111.84998,3.3939,0.499886,1562045220.0,2,7,26.8459,2243,29640.04002,4.11651,15.5075,27.2492
61141.84998,3.393,0.49958,1562045220.0,2,7,26.8459,2244,29670.04002,4.12068,15.5216,27.2826
61171.84998,3.3922,0.500038,1562045280.0,2,7,26.7629,2245,29700.04002,4.12485,15.5358,27.2826
61201.84998,3.3916,0.500496,1562045280.0,2,7,26.7961,2246,29730.04002,4.12901,15.5499,27.3159
61231.84998,3.3907,0.49958,1562045340.0,2,7,26.8127,2247,29760.04002,4.13318,15.564,27.3326
61261.84998,3.3899,0.499733,1562045340.0,2,7,26.7629,2248,29790.04002,4.13735,15.5782,27.2826
61291.84998,3.3892,0.500038,1562045400.0,2,7,26.7795,2249,29820.04002,4.14151,15.5923,27.2992
61321.84998,3.3881,0.500191,1562045400.0,2,7,26.8127,2250,29850.04002,4.14568,15.6064,27.3159
61351.84998,3.3874,0.499733,1562045460.0,2,7,26.7463,2251,29880.04002,4.14985,15.6205,27.2992
61381.84998,3.3866,0.499733,1562045460.0,2,7,26.7629,2252,29910.04002,4.15401,15.6346,27.2992
61411.84998,3.3857,0.499886,1562045520.0,2,7,26.7795,2253,29940.04002,4.15818,15.6487,27.3326
61441.84998,3.3846,0.499733,1562045520.0,2,7,26.7795,2254,29970.04002,4.16234,15.6628,27.3326
61471.84998,3.3838,0.500038,1562045580.0,2,7,26.7961,2255,30000.04002,4.16651,15.6769,27.3493
61501.84998,3.3831,0.499886,1562045580.0,2,7,26.8127,2256,30030.04002,4.17068,15.691,27.2826
61531.84998,3.382,0.499886,1562045640.0,2,7,26.7795,2257,30060.04002,4.17484,15.7051,27.2992
61561.84998,3.3809,0.499733,1562045640.0,2,7,26.7961,2258,30090.04002,4.17901,15.7192,27.3159
61591.84998,3.38,0.500191,1562045700.0,2,7,26.7795,2259,30120.04002,4.18318,15.7333,27.2826
61621.84998,3.3793,0.500191,1562045700.0,2,7,26.8127,2260,30150.04002,4.18734,15.7474,27.2826
61651.84998,3.3783,0.499886,1562045760.0,2,7,26.7795,2261,30180.04002,4.19151,15.7615,27.2826
61681.84998,3.3773,0.499886,1562045760.0,2,7,26.7961,2262,30210.04002,4.19568,15.7755,27.2659
61711.84998,3.3764,0.499886,1562045820.0,2,7,26.7795,2263,30240.04002,4.19984,15.7896,27.3493
61741.84998,3.375,0.499886,1562045820.0,2,7,26.7795,2264,30270.04002,4.20401,15.8037,27.3326
61771.84998,3.3739,0.500191,1562045880.0,2,7,26.7795,2265,30300.04002,4.20818,15.8177,27.3159
61801.84998,3.373,0.499733,1562045880.0,2,7,26.7629,2266,30330.04002,4.21234,15.8318,27.2992
61831.84998,3.3716,0.499886,1562045940.0,2,7,26.7463,2267,30360.04002,4.21651,15.8458,27.3159
61861.84998,3.3701,0.500191,1562045940.0,2,7,26.7463,2268,30390.04002,4.22068,15.8599,27.2992
61891.84998,3.369,0.500038,1562046000.0,2,7,26.7463,2269,30420.04002,4.22484,15.8739,27.3159
61921.84998,3.3677,0.500038,1562046000.0,2,7,26.7629,2270,30450.04002,4.22901,15.888,27.3493
61951.84998,3.3663,0.499886,1562046060.0,2,7,26.7795,2271,30480.04002,4.23318,15.902,27.3493
61981.84998,3.3643,0.500191,1562046060.0,2,7,26.7795,2272,30510.04002,4.23734,15.916,27.3826
62011.84998,3.3628,0.500038,1562046120.0,2,7,26.7629,2273,30540.04002,4.24151,15.93,27.3159
62041.84998,3.3608,0.500191,1562046120.0,2,7,26.7795,2274,30570.04002,4.24568,15.944,27.3826
62071.84998,3.359,0.500038,1562046180.0,2,7,26.7629,2275,30600.04002,4.24984,15.958,27.3493
62101.84998,3.3568,0.500038,1562046180.0,2,7,26.7463,2276,30630.04002,4.25401,15.972,27.3493
62131.84998,3.3548,0.500191,1562046240.0,2,7,26.7297,2277,30660.04002,4.25817,15.986,27.3326
62161.84998,3.3527,0.500038,1562046240.0,2,7,26.7463,2278,30690.04002,4.26234,16.0,27.3159
62191.84998,3.3506,0.500191,1562046300.0,2,7,26.7961,2279,30720.04002,4.26651,16.0139,27.3826
62221.84998,3.3481,0.499886,1562046300.0,2,7,26.7795,2280,30750.04002,4.27067,16.0279,27.366
62251.84998,3.3462,0.500038,1562046360.0,2,7,26.7629,2281,30780.04002,4.27484,16.0418,27.366
62281.84998,3.344,0.500343,1562046360.0,2,7,26.7463,2282,30810.04002,4.27901,16.0558,27.366
62311.84998,3.3422,0.499886,1562046420.0,2,7,26.7297,2283,30840.04002,4.28317,16.0697,27.366
62341.84998,3.3402,0.500343,1562046420.0,2,7,26.7463,2284,30870.04002,4.28734,16.0836,27.366
62371.84998,3.3385,0.499733,1562046480.0,2,7,26.7629,2285,30900.04002,4.29151,16.0975,27.3826
62401.84998,3.3368,0.500038,1562046480.0,2,7,26.7629,2286,30930.04002,4.29567,16.1115,27.3993
62431.84998,3.3353,0.500038,1562046540.0,2,7,26.7629,2287,30960.04002,4.29984,16.1254,27.3993
62461.84998,3.3336,0.500191,1562046540.0,2,7,26.7795,2288,30990.04002,4.30401,16.1392,27.416
62491.84998,3.332,0.499886,1562046600.0,2,7,26.7961,2289,31020.04002,4.30817,16.1531,27.4494
62521.84998,3.3303,0.500191,1562046600.0,2,7,26.7961,2290,31050.04002,4.31234,16.167,27.466
62551.84998,3.3285,0.500343,1562046660.0,2,7,26.8293,2291,31080.04002,4.31651,16.1809,27.466
62581.84998,3.3269,0.499733,1562046660.0,2,7,26.7463,2292,31110.04002,4.32067,16.1947,27.4494
62611.84998,3.3251,0.500038,1562046720.0,2,7,26.7629,2293,31140.04002,4.32484,16.2086,27.466
62641.84998,3.3233,0.500191,1562046720.0,2,7,26.7795,2294,31170.04002,4.32901,16.2225,27.4994
62671.84998,3.3216,0.499733,1562046780.0,2,7,26.7795,2295,31200.04002,4.33317,16.2363,27.4994
62701.84998,3.3194,0.500038,1562046780.0,2,7,26.7961,2296,31230.04002,4.33734,16.2501,27.5161
62731.84998,3.3178,0.499733,1562046840.0,2,7,26.7961,2297,31260.04002,4.34151,16.264,27.5161
62761.84998,3.3156,0.500038,1562046840.0,2,7,26.7961,2298,31290.04002,4.34567,16.2778,27.5327
62791.84998,3.3138,0.500496,1562046900.0,2,7,26.8127,2299,31320.04002,4.34984,16.2916,27.466
62821.84998,3.3117,0.499733,1562046900.0,2,7,26.7795,2300,31350.04002,4.354,16.3054,27.4994
62851.84998,3.3098,0.500191,1562046960.0,2,7,26.7795,2301,31380.04002,4.35817,16.3192,27.4994
62881.84998,3.3077,0.500038,1562046960.0,2,7,26.7961,2302,31410.04002,4.36234,16.333,27.5327
62911.84998,3.3056,0.500038,1562047020.0,2,7,26.8127,2303,31440.04002,4.3665,16.3468,27.5327
62941.84998,3.3034,0.499733,1562047020.0,2,7,26.8459,2304,31470.04002,4.37067,16.3605,27.4994
62971.84998,3.3013,0.500038,1562047080.0,2,7,26.8127,2305,31500.04002,4.37484,16.3743,27.5161
63001.84998,3.2992,0.499428,1562047080.0,2,7,26.8127,2306,31530.04002,4.379,16.388,27.5327
63031.84998,3.2972,0.500191,1562047140.0,2,7,26.8625,2307,31560.04002,4.38317,16.4018,27.5161
63061.84998,3.295,0.499733,1562047140.0,2,7,26.7629,2308,31590.04002,4.38734,16.4155,27.5327
63091.84998,3.2929,0.499733,1562047200.0,2,7,26.7795,2309,31620.04002,4.3915,16.4292,27.5494
63121.84998,3.2905,0.500038,1562047200.0,2,7,26.7795,2310,31650.04002,4.39567,16.4429,27.5494
63151.84998,3.2885,0.500191,1562047260.0,2,7,26.7629,2311,31680.04002,4.39984,16.4567,27.5161
63181.84998,3.2862,0.500191,1562047260.0,2,7,26.8459,2312,31710.04002,4.404,16.4704,27.5161
63211.84998,3.284,0.499886,1562047320.0,2,7,26.8293,2313,31740.04002,4.40817,16.484,27.5327
63241.84998,3.2819,0.500191,1562047320.0,2,7,26.8127,2314,31770.04002,4.41234,16.4977,27.4994
63271.84998,3.2796,0.500496,1562047380.0,2,7,26.8127,2315,31800.04002,4.4165,16.5114,27.5995
63301.84998,3.2773,0.499733,1562047380.0,2,7,26.7795,2316,31830.04002,4.42067,16.525,27.5661
63331.84998,3.275,0.500343,1562047440.0,2,7,26.7629,2317,31860.04002,4.42484,16.5387,27.5661
63361.84998,3.2728,0.49958,1562047440.0,2,7,26.7463,2318,31890.04002,4.429,16.5523,27.5494
63391.84998,3.2706,0.499886,1562047500.0,2,7,26.7463,2319,31920.04002,4.43317,16.566,27.5494
63421.84998,3.2679,0.500038,1562047500.0,2,7,26.7463,2320,31950.04002,4.43733,16.5796,27.5494
63451.84998,3.2659,0.500191,1562047560.0,2,7,26.7297,2321,31980.04002,4.4415,16.5932,27.5494
63481.84998,3.2631,0.499733,1562047560.0,2,7,26.8127,2322,32010.04002,4.44567,16.6068,27.6161
63511.84998,3.2607,0.499733,1562047620.0,2,7,26.7961,2323,32040.04002,4.44983,16.6204,27.5995
63541.84998,3.2583,0.499733,1562047620.0,2,7,26.7795,2324,32070.04002,4.454,16.634,27.5995
63571.84998,3.256,0.500343,1562047680.0,2,7,26.7795,2325,32100.04002,4.45817,16.6475,27.6161
63601.84998,3.2535,0.500038,1562047680.0,2,7,26.7795,2326,32130.04002,4.46233,16.6611,27.6161
63631.84998,3.2511,0.499733,1562047740.0,2,7,26.8127,2327,32160.04002,4.4665,16.6747,27.6328
63661.84998,3.2483,0.499733,1562047740.0,2,7,26.7463,2328,32190.04002,4.47067,16.6882,27.5995
63691.84998,3.2457,0.499886,1562047800.0,2,7,26.7463,2329,32220.04002,4.47483,16.7017,27.6161
63721.84998,3.2433,0.499733,1562047800.0,2,7,26.7629,2330,32250.04002,4.479,16.7152,27.6161
63751.84998,3.2406,0.500038,1562047860.0,2,7,26.7463,2331,32280.04002,4.48317,16.7288,27.6161
63781.84998,3.2381,0.499733,1562047860.0,2,7,26.7629,2332,32310.04002,4.48733,16.7423,27.6328
63811.84998,3.2354,0.500038,1562047920.0,2,7,26.7795,2333,32340.04002,4.4915,16.7557,27.6495
63841.84998,3.2325,0.499886,1562047920.0,2,7,26.7795,2334,32370.04002,4.49567,16.7692,27.6662
63871.84998,3.2299,0.499733,1562047980.0,2,7,26.7961,2335,32400.04002,4.49983,16.7827,27.5995
63901.84998,3.2271,0.499886,1562047980.0,2,7,26.7795,2336,32430.04002,4.504,16.7961,27.6161
63931.84998,3.2239,0.499733,1562048040.0,2,7,26.7795,2337,32460.04002,4.50817,16.8096,27.6662
63961.84998,3.2215,0.500191,1562048040.0,2,7,26.7795,2338,32490.04002,4.51233,16.823,27.6662
63991.84998,3.2183,0.499733,1562048100.0,2,7,26.7795,2339,32520.04002,4.5165,16.8364,27.6662
64021.84998,3.2155,0.500191,1562048100.0,2,7,26.7629,2340,32550.04002,4.52066,16.8498,27.6495
64051.84998,3.2125,0.500343,1562048160.0,2,7,26.7629,2341,32580.04002,4.52483,16.8632,27.6662
64081.84998,3.2096,0.500191,1562048160.0,2,7,26.7629,2342,32610.04002,4.529,16.8766,27.6495
64111.84998,3.2064,0.500343,1562048220.0,2,7,26.7463,2343,32640.04002,4.53316,16.8899,27.6328
64141.84998,3.2036,0.500191,1562048220.0,2,7,26.8127,2344,32670.04002,4.53733,16.9033,27.6328
64171.84998,3.2009,0.499886,1562048280.0,2,7,26.7961,2345,32700.04002,4.5415,16.9166,27.6829
64201.84998,3.1977,0.49958,1562048280.0,2,7,26.8127,2346,32730.04002,4.54566,16.93,27.6995
64231.84998,3.1945,0.500038,1562048340.0,2,7,26.7961,2347,32760.04002,4.54983,16.9433,27.7162
64261.84998,3.1914,0.500038,1562048340.0,2,7,26.8127,2348,32790.04002,4.554,16.9566,27.6995
64291.84998,3.1882,0.500038,1562048400.0,2,7,26.8293,2349,32820.04002,4.55816,16.9699,27.7162
64321.84998,3.185,0.499886,1562048400.0,2,7,26.7629,2350,32850.04002,4.56233,16.9832,27.6829
64351.84998,3.1818,0.499886,1562048460.0,2,7,26.7795,2351,32880.04002,4.5665,16.9964,27.7162
64381.84998,3.1786,0.500496,1562048460.0,2,7,26.8127,2352,32910.04002,4.57066,17.0097,27.7329
64411.84998,3.1756,0.499733,1562048520.0,2,7,26.8127,2353,32940.04002,4.57483,17.0229,27.7496
64441.84998,3.1722,0.500343,1562048520.0,2,7,26.8293,2354,32970.04002,4.579,17.0361,27.6662
64471.84998,3.1688,0.500496,1562048580.0,2,7,26.7629,2355,33000.04002,4.58316,17.0494,27.7162
64501.84998,3.1656,0.49958,1562048580.0,2,7,26.7961,2356,33030.04002,4.58733,17.0625,27.7162
64531.84998,3.1621,0.499886,1562048640.0,2,7,26.7961,2357,33060.04002,4.5915,17.0757,27.7329
64561.84998,3.1591,0.499733,1562048640.0,2,7,26.7961,2358,33090.04002,4.59566,17.0889,27.6995
64591.84998,3.1556,0.499886,1562048700.0,2,7,26.7795,2359,33120.04002,4.59983,17.1021,27.6995
64621.84998,3.1522,0.499733,1562048700.0,2,7,26.8459,2360,33150.04002,4.60399,17.1152,27.6829
64651.84998,3.1487,0.499886,1562048760.0,2,7,26.8293,2361,33180.04002,4.60816,17.1283,27.6662
64681.84998,3.1456,0.499886,1562048760.0,2,7,26.8293,2362,33210.04002,4.61233,17.1414,27.6662
64711.84998,3.1424,0.500343,1562048820.0,2,7,26.7961,2363,33240.04002,4.61649,17.1545,27.7329
64741.84998,3.1388,0.500038,1562048820.0,2,7,26.7795,2364,33270.04002,4.62066,17.1676,27.7496
64771.84998,3.1357,0.499886,1562048880.0,2,7,26.7795,2365,33300.04002,4.62483,17.1807,27.7496
64801.84998,3.1322,0.499886,1562048880.0,2,7,26.7795,2366,33330.04002,4.62899,17.1937,27.7162
64831.84998,3.1289,0.499733,1562048940.0,2,7,26.7463,2367,33360.04002,4.63316,17.2068,27.6995
64861.84998,3.1257,0.499733,1562048940.0,2,7,26.7629,2368,33390.04002,4.63733,17.2198,27.7329
64891.84998,3.1223,0.499886,1562049000.0,2,7,26.7795,2369,33420.04002,4.64149,17.2328,27.7329
64921.84998,3.1189,0.500038,1562049000.0,2,7,26.8625,2370,33450.04002,4.64566,17.2458,27.7162
64951.84998,3.1156,0.500191,1562049060.0,2,7,26.7795,2371,33480.04002,4.64983,17.2588,27.7329
64981.84998,3.1124,0.499886,1562049060.0,2,7,26.8459,2372,33510.04002,4.65399,17.2718,27.7329
65011.84998,3.109,0.499886,1562049120.0,2,7,26.8293,2373,33540.04002,4.65816,17.2848,27.7329
65041.84998,3.1058,0.500038,1562049120.0,2,7,26.8459,2374,33570.04002,4.66233,17.2977,27.7496
65071.84998,3.1025,0.499733,1562049180.0,2,7,26.8459,2375,33600.04002,4.66649,17.3106,27.7496
65101.84998,3.0991,0.49958,1562049180.0,2,7,26.8459,2376,33630.04002,4.67066,17.3236,27.7663
65131.84998,3.0962,0.499886,1562049240.0,2,7,26.8625,2377,33660.04002,4.67483,17.3365,27.8163
65161.84998,3.093,0.500038,1562049240.0,2,7,26.8459,2378,33690.04002,4.67899,17.3494,27.7996
65191.84998,3.0895,0.500038,1562049300.0,2,7,26.8459,2379,33720.04002,4.68316,17.3622,27.7829
65221.84998,3.0864,0.499886,1562049300.0,2,7,26.8293,2380,33750.04002,4.68733,17.3751,27.7829
65251.84998,3.0829,0.499886,1562049360.0,2,7,26.8625,2381,33780.04002,4.69149,17.388,27.7996
65281.84998,3.08,0.499886,1562049360.0,2,7,26.8625,2382,33810.04002,4.69566,17.4008,27.8163
65311.84998,3.0767,0.500038,1562049420.0,2,7,26.8625,2383,33840.04002,4.69982,17.4136,27.8163
65341.84998,3.0733,0.499733,1562049420.0,2,7,26.8791,2384,33870.04002,4.70399,17.4264,27.8163
65371.84998,3.0701,0.500191,1562049480.0,2,7,26.8625,2385,33900.04002,4.70816,17.4392,27.7996
65401.84998,3.0666,0.499886,1562049480.0,2,7,26.8127,2386,33930.04002,4.71232,17.452,27.7829
65431.84998,3.0634,0.500343,1562049540.0,2,7,26.7961,2387,33960.04002,4.71649,17.4648,27.7663
65461.84998,3.0603,0.500038,1562049540.0,2,7,26.8459,2388,33990.04002,4.72066,17.4776,27.7996
65491.84998,3.0573,0.500038,1562049600.0,2,7,26.8459,2389,34020.04002,4.72482,17.4903,27.7996
65521.84998,3.0538,0.499886,1562049600.0,2,7,26.8293,2390,34050.04002,4.72899,17.503,27.7996
65551.84998,3.0504,0.499886,1562049660.0,2,7,26.8459,2391,34080.04002,4.73316,17.5157,27.7829
65581.84998,3.0472,0.49958,1562049660.0,2,7,26.8459,2392,34110.04002,4.73732,17.5285,27.8163
65611.84998,3.0437,0.500191,1562049720.0,2,7,26.8293,2393,34140.04002,4.74149,17.5411,27.8163
65641.84998,3.0405,0.499733,1562049720.0,2,7,26.8293,2394,34170.04002,4.74566,17.5538,27.8163
65671.84998,3.037,0.499886,1562049780.0,2,7,26.8293,2395,34200.04002,4.74982,17.5665,27.8163
65701.84998,3.0335,0.500038,1562049780.0,2,7,26.8127,2396,34230.04002,4.75399,17.5791,27.7996
65731.84998,3.0301,0.500191,1562049840.0,2,7,26.8625,2397,34260.04002,4.75816,17.5918,27.8163
65761.84998,3.0263,0.49958,1562049840.0,2,7,26.8625,2398,34290.04002,4.76232,17.6044,27.8663
65791.84998,3.023,0.499428,1562049900.0,2,7,26.8459,2399,34320.04002,4.76649,17.617,27.883
65821.84998,3.0192,0.499733,1562049900.0,2,7,26.8625,2400,34350.04002,4.77066,17.6296,27.883
65851.84998,3.0153,0.499886,1562049960.0,2,7,26.8127,2401,34380.04002,4.77482,17.6421,27.8663
65881.84998,3.0118,0.500038,1562049960.0,2,7,26.8127,2402,34410.04002,4.77899,17.6547,27.8663
65911.84998,3.0077,0.500343,1562050020.0,2,7,26.7795,2403,34440.04002,4.78315,17.6672,27.8496
65941.84998,3.0039,0.499733,1562050020.0,2,7,26.7795,2404,34470.04002,4.78732,17.6798,27.883
65971.84998,2.9999,0.500038,1562050080.0,2,7,26.7795,2405,34500.04002,4.79149,17.6923,27.8663
66001.84998,2.996,0.499886,1562050080.0,2,7,26.7795,2406,34530.04002,4.79565,17.7048,27.883
66031.84998,2.9915,0.500191,1562050140.0,2,7,26.7961,2407,34560.04002,4.79982,17.7172,27.8997
66061.84998,2.9874,0.499886,1562050140.0,2,7,26.8293,2408,34590.04002,4.80399,17.7297,27.9497
66091.84998,2.9828,0.500191,1562050200.0,2,7,26.8459,2409,34620.04002,4.80815,17.7421,27.9497
66121.84998,2.9784,0.499733,1562050200.0,2,7,26.8293,2410,34650.04002,4.81232,17.7545,27.8663
66151.84998,2.974,0.499733,1562050260.0,2,7,26.8127,2411,34680.04002,4.81649,17.7669,27.9664
66181.84998,2.9693,0.500191,1562050260.0,2,7,26.8293,2412,34710.04002,4.82065,17.7793,27.9497
66211.84998,2.9647,0.499733,1562050320.0,2,7,26.8127,2413,34740.04002,4.82482,17.7917,27.9664
66241.84998,2.9596,0.500038,1562050320.0,2,7,26.7961,2414,34770.04002,4.82899,17.804,27.9497
66271.84998,2.9546,0.499886,1562050380.0,2,7,26.7795,2415,34800.04002,4.83315,17.8163,27.9664
66301.84998,2.9496,0.499733,1562050380.0,2,7,26.7795,2416,34830.04002,4.83732,17.8287,27.9497
66331.84998,2.9445,0.499886,1562050440.0,2,7,26.7629,2417,34860.04002,4.84149,17.8409,27.9497
66361.84998,2.9392,0.500038,1562050440.0,2,7,26.7795,2418,34890.04002,4.84565,17.8532,27.9831
66391.84998,2.9335,0.499733,1562050500.0,2,7,26.7795,2419,34920.04002,4.84982,17.8654,27.9831
66421.84998,2.9281,0.499886,1562050500.0,2,7,26.7961,2420,34950.04002,4.85399,17.8776,27.9831
66451.84998,2.9224,0.500038,1562050560.0,2,7,26.7795,2421,34980.04002,4.85815,17.8898,27.9831
66481.84998,2.9163,0.500191,1562050560.0,2,7,26.7795,2422,35010.04002,4.86232,17.902,27.9831
66511.84998,2.9104,0.500038,1562050620.0,2,7,26.8293,2423,35040.04002,4.86649,17.9141,27.9998
66541.84998,2.9041,0.500191,1562050620.0,2,7,26.7961,2424,35070.04002,4.87065,17.9262,28.0331
66571.84998,2.8978,0.500191,1562050680.0,2,7,26.7795,2425,35100.04002,4.87482,17.9383,28.0331
66601.84998,2.8911,0.499733,1562050680.0,2,7,26.7795,2426,35130.04002,4.87898,17.9504,28.0498
66631.84998,2.8844,0.499733,1562050740.0,2,7,26.7629,2427,35160.04002,4.88315,17.9624,28.0498
66661.84998,2.8775,0.49958,1562050740.0,2,7,26.7795,2428,35190.04002,4.88732,17.9744,28.0498
66691.84998,2.8702,0.499733,1562050800.0,2,7,26.7629,2429,35220.04002,4.89148,17.9864,28.0665
66721.84998,2.8627,0.500191,1562050800.0,2,7,26.7795,2430,35250.04002,4.89565,17.9983,28.0998
66751.84998,2.8553,0.500191,1562050860.0,2,7,26.7795,2431,35280.04002,4.89982,18.0102,28.0998
66781.84998,2.8472,0.499733,1562050860.0,2,7,26.7629,2432,35310.04002,4.90398,18.0221,28.1165
66811.84998,2.8392,0.500191,1562050920.0,2,7,26.7629,2433,35340.04002,4.90815,18.034,28.1165
66841.84998,2.8305,0.499733,1562050920.0,2,7,26.7629,2434,35370.04002,4.91232,18.0458,28.1165
66871.84998,2.8217,0.499733,1562050980.0,2,7,26.8459,2435,35400.04002,4.91648,18.0576,28.1332
66901.84998,2.8124,0.499733,1562050980.0,2,7,26.8293,2436,35430.04002,4.92065,18.0693,28.1165
66931.84998,2.8026,0.499733,1562051040.0,2,7,26.8459,2437,35460.04002,4.92482,18.081,28.1832
66961.78998,2.7926,0.500191,1562051040.0,2,7,26.8293,2438,35489.98002,4.92897,18.0926,28.1999
66989.59002,2.7823,0.500038,1562051100.0,2,7,26.8293,2439,35517.78,4.93284,18.1034,28.2166
67016.62998,2.7723,0.500496,1562051100.0,2,7,26.8127,2440,35544.82002,4.93659,18.1138,28.1999
67041.55998,2.7622,0.499886,1562051160.0,2,7,26.7961,2441,35569.75002,4.94005,18.1234,28.1999
67065.39,2.752,0.500038,1562051160.0,2,7,26.7961,2442,35593.57998,4.94336,18.1325,28.2333
67088.55,2.7417,0.500191,1562051160.0,2,7,26.8127,2443,35616.73998,4.94658,18.1414,28.2333
67110.67002,2.7317,0.500191,1562051220.0,2,7,26.7961,2444,35638.86,4.94965,18.1498,28.2666
67131.15,2.7214,0.49958,1562051220.0,2,7,26.8127,2445,35659.33998,4.9525,18.1575,28.2833
67151.44002,2.7114,0.499886,1562051280.0,2,7,26.7961,2446,35679.63,4.95531,18.1652,28.3
67170.45,2.7013,0.499886,1562051280.0,2,7,26.7961,2447,35698.63998,4.95795,18.1723,28.3167
67189.26,2.6911,0.499733,1562051280.0,2,7,26.7795,2448,35717.44998,4.96057,18.1794,28.3
67207.54002,2.6809,0.500038,1562051280.0,2,7,26.7795,2449,35735.73,4.9631,18.1862,28.3167
67225.18002,2.6708,0.500038,1562051340.0,2,7,26.7795,2450,35753.37,4.96555,18.1927,28.3167
67241.67,2.6607,0.500038,1562051340.0,2,7,26.7795,2451,35769.85998,4.96784,18.1989,28.35
67257.93,2.6506,0.500191,1562051340.0,2,7,26.7961,2452,35786.11998,4.9701,18.2049,28.35
67273.69998,2.6406,0.500191,1562051400.0,2,7,26.7961,2453,35801.89002,4.97229,18.2106,28.3834
67289.02998,2.6305,0.500191,1562051400.0,2,7,26.7961,2454,35817.22002,4.97442,18.2163,28.3834
67303.74,2.6204,0.500038,1562051400.0,2,7,26.7961,2455,35831.92998,4.97647,18.2216,28.4001
67318.38,2.6104,0.500191,1562051400.0,2,7,26.8127,2456,35846.56998,4.9785,18.2269,28.3834
67332.3,2.6003,0.499886,1562051460.0,2,7,26.7961,2457,35860.48998,4.98043,18.232,28.4334
67346.23002,2.5902,0.500191,1562051460.0,2,7,26.7961,2458,35874.42,4.98237,18.237,28.4167
67359.67998,2.58,0.499886,1562051460.0,2,7,26.7961,2459,35887.87002,4.98423,18.2418,28.4167
67373.04,2.5698,0.499886,1562051460.0,2,7,26.7961,2460,35901.22998,4.98609,18.2466,28.4334
67385.89002,2.5597,0.499886,1562051460.0,2,7,26.7795,2461,35914.08,4.98787,18.2512,28.4501
67398.39,2.5495,0.500191,1562051520.0,2,7,26.7961,2462,35926.57998,4.98961,18.2556,28.4668
67411.00998,2.5394,0.499886,1562051520.0,2,7,26.7961,2463,35939.20002,4.99136,18.2601,28.4835
67423.18998,2.5293,0.500038,1562051520.0,2,7,26.7961,2464,35951.38002,4.99305,18.2644,28.5001
67435.14,2.5191,0.499886,1562051520.0,2,7,26.8127,2465,35963.32998,4.99471,18.2686,28.5168
67447.15998,2.5089,0.499886,1562051520.0,2,7,26.8127,2466,35975.35002,4.99638,18.2728,28.5502
67457.08002,2.5,0.500191,1562051580.0,2,7,26.8293,2467,35985.27,4.99776,18.2762,28.5335
67457.08998,2.5177,0.0,1562051580.0,2,8,26.8293,2468,0.01002,0.0,0.0,28.5335
67457.38002,2.5306,0.0,1562051580.0,2,8,26.8293,2469,0.3,0.0,0.0,28.5335
67457.92998,2.5418,0.0,1562051580.0,2,8,26.8293,2470,0.85002,0.0,0.0,28.5335
67458.9,2.5522,0.0,1562051580.0,2,8,26.8293,2471,1.81998,0.0,0.0,28.5335
67460.53998,2.5628,0.0,1562051580.0,2,8,26.8459,2472,3.46002,0.0,0.0,28.5335
67463.20998,2.573,0.0,1562051580.0,2,8,26.8459,2473,6.13002,0.0,0.0,28.5335
67467.06,2.583,0.0,1562051580.0,2,8,26.8293,2474,9.97998,0.0,0.0,28.5335
67472.08002,2.5933,0.0,1562051580.0,2,8,26.8459,2475,15.0,0.0,0.0,28.5668
67478.85,2.6033,0.0,1562051580.0,2,8,26.8293,2476,21.76998,0.0,0.0,28.5668
67487.35998,2.6134,0.0,1562051580.0,2,8,26.8459,2477,30.28002,0.0,0.0,28.5502
67498.12998,2.6235,0.0,1562051580.0,2,8,26.8459,2478,41.05002,0.0,0.0,28.5335
67511.13,2.6336,0.0,1562051640.0,2,8,26.8127,2479,54.04998,0.0,0.0,28.5335
67527.6,2.6436,0.0,1562051640.0,2,8,26.8127,2480,70.51998,0.0,0.0,28.5168
67547.19,2.6537,0.0,1562051640.0,2,8,26.8127,2481,90.10998,0.0,0.0,28.4835
67570.92,2.6638,0.0,1562051700.0,2,8,26.7961,2482,113.83998,0.0,0.0,28.4501
67600.32,2.674,0.0,1562051700.0,2,8,26.7795,2483,143.23998,0.0,0.0,28.4001
67630.32,2.6825,0.0,1562051760.0,2,8,26.7795,2484,173.23998,0.0,0.0,28.3667
67660.32,2.6906,0.0,1562051760.0,2,8,26.7961,2485,203.23998,0.0,0.0,28.3667
67690.32,2.6976,0.0,1562051820.0,2,8,26.7961,2486,233.23998,0.0,0.0,28.3333
67720.32,2.7037,0.0,1562051820.0,2,8,26.8127,2487,263.23998,0.0,0.0,28.3167
67750.32,2.7097,0.0,1562051880.0,2,8,26.8127,2488,293.23998,0.0,0.0,28.2833
67780.32,2.7149,0.0,1562051880.0,2,8,26.8127,2489,323.23998,0.0,0.0,28.2499
67810.32,2.7199,0.0,1562051940.0,2,8,26.8293,2490,353.23998,0.0,0.0,28.2333
67840.32,2.7243,0.0,1562051940.0,2,8,26.8127,2491,383.23998,0.0,0.0,28.1832
67870.32,2.7288,0.0,1562052000.0,2,8,26.7961,2492,413.23998,0.0,0.0,28.1499
67900.32,2.7327,0.0,1562052000.0,2,8,26.7795,2493,443.23998,0.0,0.0,28.1165
67930.32,2.7366,0.0,1562052060.0,2,8,26.7795,2494,473.23998,0.0,0.0,28.0665
67960.32,2.7402,0.0,1562052060.0,2,8,26.7629,2495,503.23998,0.0,0.0,28.0498
67990.32,2.7436,0.0,1562052120.0,2,8,26.7961,2496,533.23998,0.0,0.0,27.9831
68020.32,2.7468,0.0,1562052120.0,2,8,26.7961,2497,563.23998,0.0,0.0,28.0331
68050.32,2.7501,0.0,1562052180.0,2,8,26.7961,2498,593.23998,0.0,0.0,27.9998
68080.32,2.7529,0.0,1562052180.0,2,8,26.7629,2499,623.23998,0.0,0.0,27.933
68110.32,2.7558,0.0,1562052240.0,2,8,26.7629,2500,653.23998,0.0,0.0,27.8997
68140.32,2.7584,0.0,1562052240.0,2,8,26.7463,2501,683.23998,0.0,0.0,27.8997
68170.32,2.7611,0.0,1562052300.0,2,8,26.7463,2502,713.23998,0.0,0.0,27.883
68200.32,2.7636,0.0,1562052300.0,2,8,26.7463,2503,743.23998,0.0,0.0,27.8496
68230.32,2.7663,0.0,1562052360.0,2,8,26.7629,2504,773.23998,0.0,0.0,27.8163
68260.32,2.7684,0.0,1562052360.0,2,8,26.7463,2505,803.23998,0.0,0.0,27.7996
68290.32,2.7709,0.0,1562052420.0,2,8,26.7463,2506,833.23998,0.0,0.0,27.7996
68320.32,2.7729,0.0,1562052420.0,2,8,26.7463,2507,863.23998,0.0,0.0,27.7663
68350.32,2.7752,0.0,1562052480.0,2,8,26.7463,2508,893.23998,0.0,0.0,27.7663
68380.32,2.777,0.0,1562052480.0,2,8,26.7463,2509,923.23998,0.0,0.0,27.7329
68410.32,2.7793,0.0,1562052540.0,2,8,26.7463,2510,953.23998,0.0,0.0,27.7162
68440.32,2.781,0.0,1562052540.0,2,8,26.7463,2511,983.23998,0.0,0.0,27.6829
68470.32,2.7829,0.0,1562052600.0,2,8,26.7131,2512,1013.23998,0.0,0.0,27.6328
68500.32,2.7845,0.0,1562052600.0,2,8,26.7795,2513,1043.23998,0.0,0.0,27.5995
68530.32,2.7861,0.0,1562052660.0,2,8,26.7961,2514,1073.23998,0.0,0.0,27.5995
68560.32,2.788,0.0,1562052660.0,2,8,26.7961,2515,1103.23998,0.0,0.0,27.5995
68590.32,2.7897,0.0,1562052720.0,2,8,26.7297,2516,1133.23998,0.0,0.0,27.5661
68620.32,2.7913,0.0,1562052720.0,2,8,26.7131,2517,1163.23998,0.0,0.0,27.5494
68650.32,2.7929,0.0,1562052780.0,2,8,26.7131,2518,1193.23998,0.0,0.0,27.5494
68680.32,2.7945,0.0,1562052780.0,2,8,26.7297,2519,1223.23998,0.0,0.0,27.5327
68710.32,2.7958,0.0,1562052840.0,2,8,26.7297,2520,1253.23998,0.0,0.0,27.5327
68740.32,2.7973,0.0,1562052840.0,2,8,26.7463,2521,1283.23998,0.0,0.0,27.5327
68770.32,2.7988,0.0,1562052900.0,2,8,26.7463,2522,1313.23998,0.0,0.0,27.5327
68800.32,2.8,0.0,1562052900.0,2,8,26.7629,2523,1343.23998,0.0,0.0,27.5161
68830.32,2.8014,0.0,1562052960.0,2,8,26.7463,2524,1373.23998,0.0,0.0,27.4994
68860.32,2.8026,0.0,1562052960.0,2,8,26.7463,2525,1403.23998,0.0,0.0,27.4827
68890.32,2.8037,0.0,1562053020.0,2,8,26.7463,2526,1433.23998,0.0,0.0,27.466
68920.32,2.8052,0.0,1562053020.0,2,8,26.7297,2527,1463.23998,0.0,0.0,27.466
68950.32,2.8061,0.0,1562053080.0,2,8,26.7463,2528,1493.23998,0.0,0.0,27.4494
68980.32,2.8075,0.0,1562053080.0,2,8,26.7463,2529,1523.23998,0.0,0.0,27.4327
69010.32,2.8084,0.0,1562053140.0,2,8,26.7463,2530,1553.23998,0.0,0.0,27.416
69040.32,2.8099,0.0,1562053140.0,2,8,26.7463,2531,1583.23998,0.0,0.0,27.3993
69070.32,2.811,0.0,1562053200.0,2,8,26.7463,2532,1613.23998,0.0,0.0,27.3993
69100.32,2.8122,0.0,1562053200.0,2,8,26.7463,2533,1643.23998,0.0,0.0,27.3993
69130.32,2.813,0.0,1562053260.0,2,8,26.7463,2534,1673.23998,0.0,0.0,27.3826
69160.32,2.8139,0.0,1562053260.0,2,8,26.7463,2535,1703.23998,0.0,0.0,27.366
69190.32,2.8151,0.0,1562053320.0,2,8,26.7463,2536,1733.23998,0.0,0.0,27.3493
69220.32,2.8162,0.0,1562053320.0,2,8,26.7463,2537,1763.23998,0.0,0.0,27.3326
69250.32,2.8171,0.0,1562053380.0,2,8,26.7795,2538,1793.23998,0.0,0.0,27.3493
69280.32,2.8182,0.0,1562053380.0,2,8,26.7961,2539,1823.23998,0.0,0.0,27.2992
69310.32,2.819,0.0,1562053440.0,2,8,26.7297,2540,1853.23998,0.0,0.0,27.2826
69340.32,2.8199,0.0,1562053440.0,2,8,26.7131,2541,1883.23998,0.0,0.0,27.2826
69370.32,2.8209,0.0,1562053500.0,2,8,26.7131,2542,1913.23998,0.0,0.0,27.2826
69400.32,2.8219,0.0,1562053500.0,2,8,26.7131,2543,1943.23998,0.0,0.0,27.2492
69430.32,2.8226,0.0,1562053560.0,2,8,26.7131,2544,1973.23998,0.0,0.0,27.2325
69460.32,2.8235,0.0,1562053560.0,2,8,26.7463,2545,2003.23998,0.0,0.0,27.1992
69490.32,2.8244,0.0,1562053620.0,2,8,26.7131,2546,2033.23998,0.0,0.0,27.2158
69520.32,2.8251,0.0,1562053620.0,2,8,26.7131,2547,2063.23998,0.0,0.0,27.2158
69550.32,2.826,0.0,1562053680.0,2,8,26.7131,2548,2093.23998,0.0,0.0,27.1992
69580.32,2.8267,0.0,1562053680.0,2,8,26.6965,2549,2123.23998,0.0,0.0,27.1825
69610.32,2.8276,0.0,1562053740.0,2,8,26.7795,2550,2153.23998,0.0,0.0,27.1658
69640.32,2.8283,0.0,1562053740.0,2,8,26.7463,2551,2183.23998,0.0,0.0,27.1491
69670.32,2.8292,0.0,1562053800.0,2,8,26.7297,2552,2213.23998,0.0,0.0,27.2158
69700.32,2.8299,0.0,1562053800.0,2,8,26.7463,2553,2243.23998,0.0,0.0,27.2158
69730.32,2.8305,0.0,1562053860.0,2,8,26.7629,2554,2273.23998,0.0,0.0,27.2158
69760.32,2.8315,0.0,1562053860.0,2,8,26.7629,2555,2303.23998,0.0,0.0,27.2158
69790.32,2.8322,0.0,1562053920.0,2,8,26.7795,2556,2333.23998,0.0,0.0,27.1325
69820.32,2.8328,0.0,1562053920.0,2,8,26.7463,2557,2363.23998,0.0,0.0,27.1158
69850.32,2.8334,0.0,1562053980.0,2,8,26.7463,2558,2393.23998,0.0,0.0,27.1825
69880.32,2.8342,0.0,1562053980.0,2,8,26.7463,2559,2423.23998,0.0,0.0,27.1825
69910.32,2.835,0.0,1562054040.0,2,8,26.7463,2560,2453.23998,0.0,0.0,27.1658
69940.32,2.8353,0.0,1562054040.0,2,8,26.7463,2561,2483.23998,0.0,0.0,27.1491
69970.32,2.8362,0.0,1562054100.0,2,8,26.7463,2562,2513.23998,0.0,0.0,27.1491
70000.32,2.8368,0.0,1562054100.0,2,8,26.7297,2563,2543.23998,0.0,0.0,27.1325
70030.32,2.8377,0.0,1562054160.0,2,8,26.7297,2564,2573.23998,0.0,0.0,27.1158
70060.32,2.8382,0.0,1562054160.0,2,8,26.7297,2565,2603.23998,0.0,0.0,27.1325
70090.32,2.8388,0.0,1562054220.0,2,8,26.7463,2566,2633.23998,0.0,0.0,27.0824
70120.32,2.8394,0.0,1562054220.0,2,8,26.6633,2567,2663.23998,0.0,0.0,27.0657
70150.32,2.8402,0.0,1562054280.0,2,8,26.7463,2568,2693.23998,0.0,0.0,27.0657
70180.32,2.8406,0.0,1562054280.0,2,8,26.6965,2569,2723.23998,0.0,0.0,27.0991
70210.32,2.8412,0.0,1562054340.0,2,8,26.7131,2570,2753.23998,0.0,0.0,27.1158
70240.32,2.8418,0.0,1562054340.0,2,8,26.7131,2571,2783.23998,0.0,0.0,27.0991
70270.32,2.8423,0.0,1562054400.0,2,8,26.7131,2572,2813.23998,0.0,0.0,27.0824
70300.32,2.8431,0.0,1562054400.0,2,8,26.7131,2573,2843.23998,0.0,0.0,27.0657
70330.32,2.8437,0.0,1562054460.0,2,8,26.6965,2574,2873.23998,0.0,0.0,27.0491
70360.32,2.8443,0.0,1562054460.0,2,8,26.6799,2575,2903.23998,0.0,0.0,27.0491
70390.32,2.8447,0.0,1562054520.0,2,8,26.6799,2576,2933.23998,0.0,0.0,27.0324
70420.32,2.8453,0.0,1562054520.0,2,8,26.7463,2577,2963.23998,0.0,0.0,27.0824
70450.32,2.8457,0.0,1562054580.0,2,8,26.7629,2578,2993.23998,0.0,0.0,27.0324
70480.32,2.8463,0.0,1562054580.0,2,8,26.7297,2579,3023.23998,0.0,0.0,26.999
70510.32,2.8467,0.0,1562054640.0,2,8,26.7297,2580,3053.23998,0.0,0.0,27.0657
70540.32,2.8472,0.0,1562054640.0,2,8,26.7297,2581,3083.23998,0.0,0.0,27.0491
70570.32,2.8476,0.0,1562054700.0,2,8,26.7297,2582,3113.23998,0.0,0.0,27.0657
70600.32,2.8482,0.0,1562054700.0,2,8,26.7297,2583,3143.23998,0.0,0.0,27.0657
70630.32,2.8486,0.0,1562054760.0,2,8,26.7297,2584,3173.23998,0.0,0.0,27.0491
70660.32,2.8492,0.0,1562054760.0,2,8,26.7297,2585,3203.23998,0.0,0.0,27.0491
70690.32,2.8498,0.0,1562054820.0,2,8,26.7297,2586,3233.23998,0.0,0.0,27.0491
70720.32,2.8502,0.0,1562054820.0,2,8,26.7463,2587,3263.23998,0.0,0.0,27.0491
70750.32,2.8508,0.0,1562054880.0,2,8,26.7463,2588,3293.23998,0.0,0.0,27.0491
70780.32,2.8511,0.0,1562054880.0,2,8,26.7463,2589,3323.23998,0.0,0.0,27.0491
70810.32,2.8515,0.0,1562054940.0,2,8,26.7463,2590,3353.23998,0.0,0.0,27.0491
70840.32,2.8521,0.0,1562054940.0,2,8,26.7297,2591,3383.23998,0.0,0.0,27.0324
70870.32,2.8527,0.0,1562055000.0,2,8,26.7463,2592,3413.23998,0.0,0.0,27.0491
70900.32,2.8531,0.0,1562055000.0,2,8,26.7463,2593,3443.23998,0.0,0.0,27.0491
70930.32,2.8536,0.0,1562055060.0,2,8,26.7629,2594,3473.23998,0.0,0.0,27.0491
70960.32,2.854,0.0,1562055060.0,2,8,26.7463,2595,3503.23998,0.0,0.0,27.0491
70990.32,2.8547,0.0,1562055120.0,2,8,26.7463,2596,3533.23998,0.0,0.0,27.0324
71020.32,2.855,0.0,1562055120.0,2,8,26.7463,2597,3563.23998,0.0,0.0,27.0324
71050.32,2.8554,0.0,1562055180.0,2,8,26.7463,2598,3593.23998,0.0,0.0,27.0324
71080.32,2.8557,0.0,1562055180.0,2,8,26.7463,2599,3623.23998,0.0,0.0,27.0324
71110.32,2.8562,0.0,1562055240.0,2,8,26.7463,2600,3653.23998,0.0,0.0,27.0324
71140.32,2.8566,0.0,1562055240.0,2,8,26.7629,2601,3683.23998,0.0,0.0,27.0324
71170.32,2.8571,0.0,1562055300.0,2,8,26.6965,2602,3713.23998,0.0,0.0,26.9823
71200.32,2.8574,0.0,1562055300.0,2,8,26.6799,2603,3743.23998,0.0,0.0,26.9823
71230.32,2.8577,0.0,1562055360.0,2,8,26.6965,2604,3773.23998,0.0,0.0,26.9823
71260.32,2.8583,0.0,1562055360.0,2,8,26.7131,2605,3803.23998,0.0,0.0,26.9823
71290.32,2.8585,0.0,1562055420.0,2,8,26.7131,2606,3833.23998,0.0,0.0,26.9823
71320.32,2.8591,0.0,1562055420.0,2,8,26.6965,2607,3863.23998,0.0,0.0,26.9657
71350.32,2.8594,0.0,1562055480.0,2,8,26.6965,2608,3893.23998,0.0,0.0,26.9657
71380.32,2.8598,0.0,1562055480.0,2,8,26.6965,2609,3923.23998,0.0,0.0,26.9823
71410.32,2.8602,0.0,1562055540.0,2,8,26.6965,2610,3953.23998,0.0,0.0,26.9657
71440.32,2.8608,0.0,1562055540.0,2,8,26.6965,2611,3983.23998,0.0,0.0,26.9823
71470.32,2.8609,0.0,1562055600.0,2,8,26.6965,2612,4013.23998,0.0,0.0,26.9657
71500.32,2.8614,0.0,1562055600.0,2,8,26.7131,2613,4043.23998,0.0,0.0,26.9823
71530.32,2.8618,0.0,1562055660.0,2,8,26.7297,2614,4073.23998,0.0,0.0,27.0157
71560.32,2.8621,0.0,1562055660.0,2,8,26.7463,2615,4103.23998,0.0,0.0,27.0157
71590.32,2.8624,0.0,1562055720.0,2,8,26.7629,2616,4133.23998,0.0,0.0,26.9657
71620.32,2.8627,0.0,1562055720.0,2,8,26.7131,2617,4163.23998,0.0,0.0,26.949
71650.32,2.8632,0.0,1562055780.0,2,8,26.7297,2618,4193.23998,0.0,0.0,26.9657
71680.32,2.8634,0.0,1562055780.0,2,8,26.7297,2619,4223.23998,0.0,0.0,26.9823
71710.32,2.864,0.0,1562055840.0,2,8,26.7463,2620,4253.23998,0.0,0.0,26.999
71740.32,2.8644,0.0,1562055840.0,2,8,26.7463,2621,4283.23998,0.0,0.0,26.999
71770.32,2.8646,0.0,1562055900.0,2,8,26.7297,2622,4313.23998,0.0,0.0,26.9823
71800.32,2.8649,0.0,1562055900.0,2,8,26.7297,2623,4343.23998,0.0,0.0,26.9657
71830.32,2.8652,0.0,1562055960.0,2,8,26.7297,2624,4373.23998,0.0,0.0,26.949
71860.32,2.8658,0.0,1562055960.0,2,8,26.7131,2625,4403.23998,0.0,0.0,26.949
71890.32,2.8661,0.0,1562056020.0,2,8,26.6965,2626,4433.23998,0.0,0.0,26.9323
71920.32,2.8664,0.0,1562056020.0,2,8,26.7629,2627,4463.23998,0.0,0.0,26.9323
71950.32,2.8667,0.0,1562056080.0,2,8,26.7297,2628,4493.23998,0.0,0.0,26.8989
71980.32,2.867,0.0,1562056080.0,2,8,26.7629,2629,4523.23998,0.0,0.0,26.999
72010.32,2.8673,0.0,1562056140.0,2,8,26.7629,2630,4553.23998,0.0,0.0,26.9323
72040.32,2.8678,0.0,1562056140.0,2,8,26.7629,2631,4583.23998,0.0,0.0,26.9156
72070.32,2.8681,0.0,1562056200.0,2,8,26.7629,2632,4613.23998,0.0,0.0,26.9323
72100.32,2.8682,0.0,1562056200.0,2,8,26.7131,2633,4643.23998,0.0,0.0,26.9323
72130.32,2.8685,0.0,1562056260.0,2,8,26.7131,2634,4673.23998,0.0,0.0,26.9156
72160.32,2.869,0.0,1562056260.0,2,8,26.7629,2635,4703.23998,0.0,0.0,26.9323
72190.32,2.869,0.0,1562056320.0,2,8,26.7131,2636,4733.23998,0.0,0.0,26.9156
72220.32,2.8696,0.0,1562056320.0,2,8,26.7629,2637,4763.23998,0.0,0.0,26.949
72250.32,2.8698,0.0,1562056380.0,2,8,26.7463,2638,4793.23998,0.0,0.0,26.9657
72280.32,2.8701,0.0,1562056380.0,2,8,26.7297,2639,4823.23998,0.0,0.0,26.9657
72310.32,2.8705,0.0,1562056440.0,2,8,26.7463,2640,4853.23998,0.0,0.0,26.999
72340.32,2.8705,0.0,1562056440.0,2,8,26.7463,2641,4883.23998,0.0,0.0,26.9823
72370.32,2.871,0.0,1562056500.0,2,8,26.7629,2642,4913.23998,0.0,0.0,26.9156
72400.32,2.8713,0.0,1562056500.0,2,8,26.7795,2643,4943.23998,0.0,0.0,26.9323
72430.32,2.8717,0.0,1562056560.0,2,8,26.7297,2644,4973.23998,0.0,0.0,26.9323
72460.32,2.8722,0.0,1562056560.0,2,8,26.7131,2645,5003.23998,0.0,0.0,26.9323
72490.32,2.8722,0.0,1562056620.0,2,8,26.7629,2646,5033.23998,0.0,0.0,26.9156
72520.32,2.8725,0.0,1562056620.0,2,8,26.7795,2647,5063.23998,0.0,0.0,26.9156
72550.32,2.8728,0.0,1562056680.0,2,8,26.7463,2648,5093.23998,0.0,0.0,26.9323
72580.32,2.873,0.0,1562056680.0,2,8,26.7297,2649,5123.23998,0.0,0.0,26.9156
72610.32,2.8734,0.0,1562056740.0,2,8,26.7795,2650,5153.23998,0.0,0.0,26.8989
72640.32,2.8737,0.0,1562056740.0,2,8,26.7795,2651,5183.23998,0.0,0.0,26.949
72670.32,2.8739,0.0,1562056800.0,2,8,26.7629,2652,5213.23998,0.0,0.0,26.949
72700.32,2.8742,0.0,1562056800.0,2,8,26.7629,2653,5243.23998,0.0,0.0,26.9657
72730.32,2.8743,0.0,1562056860.0,2,8,26.7463,2654,5273.23998,0.0,0.0,26.9323
72760.32,2.875,0.0,1562056860.0,2,8,26.7629,2655,5303.23998,0.0,0.0,26.949
72790.32,2.875,0.0,1562056920.0,2,8,26.7629,2656,5333.23998,0.0,0.0,26.9657
72820.32,2.8753,0.0,1562056920.0,2,8,26.7795,2657,5363.23998,0.0,0.0,26.949
72850.32,2.8754,0.0,1562056980.0,2,8,26.7629,2658,5393.23998,0.0,0.0,26.9657
72880.32,2.8757,0.0,1562056980.0,2,8,26.7795,2659,5423.23998,0.0,0.0,26.9657
72910.32,2.876,0.0,1562057040.0,2,8,26.7795,2660,5453.23998,0.0,0.0,26.9657
72940.32,2.8762,0.0,1562057040.0,2,8,26.7795,2661,5483.23998,0.0,0.0,26.9657
72970.32,2.8766,0.0,1562057100.0,2,8,26.7795,2662,5513.23998,0.0,0.0,26.949
73000.32,2.8769,0.0,1562057100.0,2,8,26.7795,2663,5543.23998,0.0,0.0,26.949
73030.32,2.8771,0.0,1562057160.0,2,8,26.7463,2664,5573.23998,0.0,0.0,26.949
73060.32,2.8772,0.0,1562057160.0,2,8,26.7463,2665,5603.23998,0.0,0.0,26.9323
73090.32,2.8775,0.0,1562057220.0,2,8,26.7629,2666,5633.23998,0.0,0.0,26.949
73120.32,2.8779,0.0,1562057220.0,2,8,26.7795,2667,5663.23998,0.0,0.0,26.9657
73150.32,2.8783,0.0,1562057280.0,2,8,26.7961,2668,5693.23998,0.0,0.0,26.9156
73180.32,2.8782,0.0,1562057280.0,2,8,26.7463,2669,5723.23998,0.0,0.0,26.949
73210.32,2.8785,0.0,1562057340.0,2,8,26.7629,2670,5753.23998,0.0,0.0,26.9657
73240.32,2.8788,0.0,1562057340.0,2,8,26.7795,2671,5783.23998,0.0,0.0,26.9823
73270.32,2.8792,0.0,1562057400.0,2,8,26.7795,2672,5813.23998,0.0,0.0,26.9657
73300.32,2.8792,0.0,1562057400.0,2,8,26.7961,2673,5843.23998,0.0,0.0,26.9823
73330.32,2.8797,0.0,1562057460.0,2,8,26.7795,2674,5873.23998,0.0,0.0,26.8989
73360.32,2.8797,0.0,1562057460.0,2,8,26.7961,2675,5903.23998,0.0,0.0,26.8989
73390.32,2.8801,0.0,1562057520.0,2,8,26.7961,2676,5933.23998,0.0,0.0,26.8989
73420.32,2.8803,0.0,1562057520.0,2,8,26.7629,2677,5963.23998,0.0,0.0,26.9156
73450.32,2.8806,0.0,1562057580.0,2,8,26.7629,2678,5993.23998,0.0,0.0,26.9156
73480.32,2.8808,0.0,1562057580.0,2,8,26.7961,2679,6023.23998,0.0,0.0,26.949
73510.32,2.8811,0.0,1562057640.0,2,8,26.7795,2680,6053.23998,0.0,0.0,26.9657
73540.32,2.8812,0.0,1562057640.0,2,8,26.7961,2681,6083.23998,0.0,0.0,26.8989
73570.32,2.8814,0.0,1562057700.0,2,8,26.8127,2682,6113.23998,0.0,0.0,26.8989
73600.32,2.8815,0.0,1562057700.0,2,8,26.7795,2683,6143.23998,0.0,0.0,26.9323
73630.32,2.8818,0.0,1562057760.0,2,8,26.7629,2684,6173.23998,0.0,0.0,26.8989
73649.64,2.8821,0.0,1562057760.0,2,8,26.8127,2685,6192.55998,0.0,0.0,26.8823
73649.64,2.8975,0.0,1562060460.0,2,8,26.7131,2686,6192.55998,0.0,0.0,26.8989
73649.71998,2.8975,0.0,1562060460.0,2,8,26.7131,2687,6192.64002,0.0,0.0,26.8823
73679.71998,2.8975,0.0,1562060460.0,2,8,26.6965,2688,6222.64002,0.0,0.0,26.8823
73709.71998,2.8978,0.0,1562060520.0,2,8,26.6965,2689,6252.64002,0.0,0.0,26.8823
73739.71998,2.8981,0.0,1562060520.0,2,8,26.7131,2690,6282.64002,0.0,0.0,26.8989
73769.71998,2.8983,0.0,1562060580.0,2,8,26.7131,2691,6312.64002,0.0,0.0,26.8823
73799.71998,2.8981,0.0,1562060580.0,2,8,26.7131,2692,6342.64002,0.0,0.0,26.8656
73829.71998,2.8981,0.0,1562060640.0,2,8,26.7131,2693,6372.64002,0.0,0.0,26.8823
73859.71998,2.8985,0.0,1562060640.0,2,8,26.7131,2694,6402.64002,0.0,0.0,26.8823
73889.71998,2.8986,0.0,1562060700.0,2,8,26.7131,2695,6432.64002,0.0,0.0,26.9156
73919.71998,2.8986,0.0,1562060700.0,2,8,26.7297,2696,6462.64002,0.0,0.0,26.8823
73949.71998,2.8989,0.0,1562060760.0,2,8,26.7131,2697,6492.64002,0.0,0.0,26.8656
73979.71998,2.8992,0.0,1562060760.0,2,8,26.7297,2698,6522.64002,0.0,0.0,26.9323
74009.71998,2.8991,0.0,1562060820.0,2,8,26.6965,2699,6552.64002,0.0,0.0,26.8989
74039.71998,2.8994,0.0,1562060820.0,2,8,26.6965,2700,6582.64002,0.0,0.0,26.8989
74069.71998,2.8997,0.0,1562060880.0,2,8,26.6965,2701,6612.64002,0.0,0.0,26.8823
74099.71998,2.8998,0.0,1562060880.0,2,8,26.7463,2702,6642.64002,0.0,0.0,26.8656
74129.71998,2.9,0.0,1562060940.0,2,8,26.7463,2703,6672.64002,0.0,0.0,26.8489
74159.71998,2.9001,0.0,1562060940.0,2,8,26.7463,2704,6702.64002,0.0,0.0,26.8656
74189.71998,2.9001,0.0,1562061000.0,2,8,26.7297,2705,6732.64002,0.0,0.0,26.8489
74219.71998,2.9001,0.0,1562061000.0,2,8,26.7463,2706,6762.64002,0.0,0.0,26.8656
74249.71998,2.9004,0.0,1562061060.0,2,8,26.7463,2707,6792.64002,0.0,0.0,26.8656
74279.71998,2.9004,0.0,1562061060.0,2,8,26.7131,2708,6822.64002,0.0,0.0,26.8656
74309.71998,2.9007,0.0,1562061120.0,2,8,26.7463,2709,6852.64002,0.0,0.0,26.8656
74339.71998,2.9006,0.0,1562061120.0,2,8,26.7629,2710,6882.64002,0.0,0.0,26.8656
74369.71998,2.9009,0.0,1562061180.0,2,8,26.7131,2711,6912.64002,0.0,0.0,26.8823
74399.71998,2.9009,0.0,1562061180.0,2,8,26.7131,2712,6942.64002,0.0,0.0,26.9156
74429.71998,2.9009,0.0,1562061240.0,2,8,26.7463,2713,6972.64002,0.0,0.0,26.9323
74459.71998,2.9014,0.0,1562061240.0,2,8,26.7463,2714,7002.64002,0.0,0.0,26.9156
74489.71998,2.9014,0.0,1562061300.0,2,8,26.7297,2715,7032.64002,0.0,0.0,26.8989
74519.71998,2.9014,0.0,1562061300.0,2,8,26.7297,2716,7062.64002,0.0,0.0,26.8989
74549.71998,2.9015,0.0,1562061360.0,2,8,26.7131,2717,7092.64002,0.0,0.0,26.8823
74579.71998,2.9018,0.0,1562061360.0,2,8,26.7131,2718,7122.64002,0.0,0.0,26.8989
74609.71998,2.9018,0.0,1562061420.0,2,8,26.7297,2719,7152.64002,0.0,0.0,26.8989
74639.71998,2.9018,0.0,1562061420.0,2,8,26.7297,2720,7182.64002,0.0,0.0,26.8989
74657.08002,2.902,0.0,1562061480.0,2,8,26.7463,2721,7200.0,0.0,0.0,26.8989
74657.11998,2.9587,1.50164,1562061480.0,2,9,26.7463,2722,0.04002,1.55e-05,4.584e-05,26.8989
74657.31,2.9744,1.49966,1562061480.0,2,9,26.7463,2723,0.22998,9.467e-05,0.0002809,26.8989
74657.68998,2.9859,1.49981,1562061480.0,2,9,26.7463,2724,0.61002,0.000253,0.00075301,26.8989
74658.79002,2.9966,1.50011,1562061480.0,2,9,26.7463,2725,1.71,0.00071131,0.00212445,26.8989
74661.04002,3.0068,1.50011,1562061480.0,2,9,26.7463,2726,3.96,0.00164875,0.00493882,26.9156
74663.94,3.017,1.50042,1562061480.0,2,9,26.7463,2727,6.85998,0.00285701,0.00857833,26.9156
74667.28998,3.0271,1.50011,1562061480.0,2,9,26.7463,2728,10.21002,0.00425276,0.0127967,26.9156
74670.87,3.0373,1.49966,1562061480.0,2,9,26.7463,2729,13.78998,0.00574433,0.0173199,26.9156
74674.84998,3.0477,1.49996,1562061480.0,2,9,26.7463,2730,17.77002,0.00740255,0.0223652,26.9156
74679.13998,3.0579,1.50027,1562061480.0,2,9,26.7463,2731,22.06002,0.00918994,0.027822,26.9156
74683.60998,3.068,1.49996,1562061480.0,2,9,26.7463,2732,26.53002,0.0110523,0.0335267,26.8989
74688.54,3.0784,1.50011,1562061480.0,2,9,26.7297,2733,31.45998,0.0131064,0.0398392,26.8989
74693.89998,3.0886,1.49966,1562061480.0,2,9,26.7297,2734,36.82002,0.0153395,0.0467256,26.8989
74699.55,3.0988,1.49981,1562061480.0,2,9,26.7463,2735,42.46998,0.0176936,0.0540087,26.8989
74705.58,3.109,1.49996,1562061480.0,2,9,26.7463,2736,48.49998,0.0202059,0.0618072,26.8823
74712.04998,3.1192,1.50011,1562061540.0,2,9,26.7463,2737,54.97002,0.0229016,0.0702022,26.8989
74719.03998,3.1293,1.49935,1562061540.0,2,9,26.7463,2738,61.96002,0.0258139,0.0793015,26.8823
74726.50998,3.1395,1.49996,1562061540.0,2,9,26.7463,2739,69.43002,0.0289262,0.0890574,26.8656
74734.51998,3.1499,1.4995,1562061540.0,2,9,26.7463,2740,77.44002,0.0322635,0.0995525,26.8489
74743.06998,3.1601,1.49966,1562061540.0,2,9,26.7297,2741,85.99002,0.0358257,0.110792,26.8489
74752.2,3.1702,1.49966,1562061540.0,2,9,26.7297,2742,95.11998,0.0396297,0.122832,26.8656
74761.78998,3.1806,1.50011,1562061540.0,2,9,26.7297,2743,104.71002,0.0436252,0.13552,26.8656
74772.10998,3.1908,1.49966,1562061600.0,2,9,26.7131,2744,115.03002,0.047925,0.149218,26.8656
74782.60998,3.2009,1.50011,1562061600.0,2,9,26.7131,2745,125.53002,0.0522997,0.163199,26.8823
74793.75,3.2111,1.50011,1562061600.0,2,9,26.7297,2746,136.66998,0.0569411,0.178079,26.8823
74805.52998,3.2212,1.4995,1562061600.0,2,9,26.7297,2747,148.45002,0.0618491,0.193864,26.8989
74818.00998,3.2317,1.49996,1562061600.0,2,9,26.7297,2748,160.93002,0.0670487,0.21064,26.9156
74831.46,3.2419,1.49996,1562061660.0,2,9,26.7297,2749,174.37998,0.0726525,0.228778,26.9323
74845.02,3.252,1.49996,1562061660.0,2,9,26.7297,2750,187.93998,0.0783022,0.247123,26.9323
74859.31998,3.2621,1.49996,1562061660.0,2,9,26.7463,2751,202.24002,0.0842602,0.266529,26.949
74874.19998,3.2723,1.49981,1562061660.0,2,9,26.7297,2752,217.12002,0.0904598,0.286784,26.9657
74890.18002,3.2825,1.49981,1562061720.0,2,9,26.7463,2753,233.1,0.0971177,0.308604,26.9657
74907.3,3.2927,1.49996,1562061720.0,2,9,26.7463,2754,250.21998,0.104251,0.332055,26.999
74924.86998,3.303,1.49996,1562061720.0,2,9,26.7629,2755,267.79002,0.111571,0.356197,27.0157
74943.55002,3.313,1.49981,1562061720.0,2,9,26.7629,2756,286.47,0.119354,0.381944,27.0324
74962.87998,3.3231,1.49966,1562061780.0,2,9,26.7463,2757,305.80002,0.127407,0.408667,27.0491
74983.51002,3.3333,1.49996,1562061780.0,2,9,26.7463,2758,326.43,0.136003,0.437274,27.0657
75006.13002,3.3434,1.49981,1562061780.0,2,9,26.7297,2759,349.05,0.145427,0.468736,27.0657
75030.01002,3.3535,1.50027,1562061840.0,2,9,26.7297,2760,372.93,0.155376,0.502052,27.0991
75056.17002,3.3635,1.49996,1562061840.0,2,9,26.7297,2761,399.09,0.166276,0.538659,27.1325
75085.12998,3.3736,1.49981,1562061900.0,2,9,26.7463,2762,428.05002,0.178342,0.579306,27.1992
75115.12998,3.3826,1.50011,1562061900.0,2,9,26.7297,2763,458.05002,0.190841,0.621531,27.2325
75145.12998,3.3904,1.49966,1562061960.0,2,9,26.7297,2764,488.05002,0.20334,0.663863,27.2659
75175.12998,3.3973,1.50011,1562061960.0,2,9,26.7297,2765,518.05002,0.215839,0.706285,27.3326
75205.12998,3.4028,1.50042,1562062020.0,2,9,26.7463,2766,548.05002,0.228339,0.748783,27.416
75235.12998,3.4079,1.49981,1562062020.0,2,9,26.7629,2767,578.05002,0.240838,0.791349,27.4827
75265.12998,3.4128,1.49981,1562062080.0,2,9,26.7795,2768,608.05002,0.253337,0.833976,27.5494
75295.12998,3.417,1.49966,1562062080.0,2,9,26.7629,2769,638.05002,0.265836,0.87666,27.6495
75325.12998,3.4215,1.50011,1562062140.0,2,9,26.7629,2770,668.05002,0.278335,0.9194,27.6995
75355.12998,3.4258,1.49981,1562062140.0,2,9,26.7795,2771,698.05002,0.290835,0.962193,27.7829
75385.12998,3.4299,1.49996,1562062200.0,2,9,26.7795,2772,728.05002,0.303334,1.00504,27.8496
75415.12998,3.4339,1.49981,1562062200.0,2,9,26.7795,2773,758.05002,0.315833,1.04794,27.8997
75445.12998,3.4383,1.49966,1562062260.0,2,9,26.7629,2774,788.05002,0.328332,1.09089,27.9664
75475.12998,3.4423,1.49996,1562062260.0,2,9,26.7795,2775,818.05002,0.340831,1.13389,28.0164
75505.12998,3.4464,1.49935,1562062320.0,2,9,26.7795,2776,848.05002,0.353331,1.17694,28.0665
75535.12998,3.4501,1.49996,1562062320.0,2,9,26.7795,2777,878.05002,0.36583,1.22004,28.1332
75565.12998,3.4542,1.49981,1562062380.0,2,9,26.7961,2778,908.05002,0.378329,1.2632,28.2166
75595.12998,3.4575,1.49981,1562062380.0,2,9,26.7961,2779,938.05002,0.390828,1.30639,28.2166
75625.12998,3.4606,1.49966,1562062440.0,2,9,26.7795,2780,968.05002,0.403327,1.34963,28.2833
75655.12998,3.4633,1.49966,1562062440.0,2,9,26.7795,2781,998.05002,0.415827,1.3929,28.3333
75685.12998,3.4656,1.49996,1562062500.0,2,9,26.7795,2782,1028.05002,0.428326,1.43621,28.3667
75715.12998,3.4676,1.49966,1562062500.0,2,9,26.7795,2783,1058.05002,0.440825,1.47954,28.3834
75745.12998,3.4696,1.50011,1562062560.0,2,9,26.8293,2784,1088.05002,0.453324,1.52289,28.4167
75775.12998,3.4714,1.49966,1562062560.0,2,9,26.8459,2785,1118.05002,0.465823,1.56627,28.4501
75805.12998,3.4733,1.50042,1562062620.0,2,9,26.8293,2786,1148.05002,0.478323,1.60968,28.5335
75835.12998,3.4752,1.49981,1562062620.0,2,9,26.8625,2787,1178.05002,0.490822,1.6531,28.5001
75865.12998,3.4771,1.49996,1562062680.0,2,9,26.8459,2788,1208.05002,0.503321,1.69655,28.5335
75895.12998,3.4791,1.49935,1562062680.0,2,9,26.8127,2789,1238.05002,0.51582,1.74003,28.5668
75925.12998,3.4812,1.49981,1562062740.0,2,9,26.8127,2790,1268.05002,0.528319,1.78353,28.5668
75955.12998,3.4833,1.49981,1562062740.0,2,9,26.8127,2791,1298.05002,0.540819,1.82706,28.6169
75985.12998,3.4853,1.50011,1562062800.0,2,9,26.8127,2792,1328.05002,0.553318,1.87061,28.6002
76015.12998,3.4874,1.50027,1562062800.0,2,9,26.7961,2793,1358.05002,0.565817,1.91419,28.6002
76045.12998,3.4896,1.50011,1562062860.0,2,9,26.8791,2794,1388.05002,0.578316,1.95779,28.6169
76075.12998,3.4919,1.50042,1562062860.0,2,9,26.8127,2795,1418.05002,0.590815,2.00142,28.6336
76105.12998,3.494,1.49996,1562062920.0,2,9,26.8127,2796,1448.05002,0.603315,2.04508,28.6336
76135.12998,3.4961,1.50011,1562062920.0,2,9,26.8293,2797,1478.05002,0.615814,2.08877,28.6669
76165.12998,3.4987,1.50011,1562062980.0,2,9,26.8459,2798,1508.05002,0.628313,2.13249,28.6836
76195.12998,3.5007,1.49966,1562062980.0,2,9,26.8293,2799,1538.05002,0.640812,2.17623,28.6669
76225.12998,3.503,1.50027,1562063040.0,2,9,26.8459,2800,1568.05002,0.653311,2.22,28.6836
76255.12998,3.5051,1.49996,1562063040.0,2,9,26.8459,2801,1598.05002,0.665811,2.2638,28.6669
76285.12998,3.5073,1.49996,1562063100.0,2,9,26.8127,2802,1628.05002,0.67831,2.30762,28.6836
76315.12998,3.5096,1.50011,1562063100.0,2,9,26.8127,2803,1658.05002,0.690809,2.35148,28.6502
76345.12998,3.5122,1.4995,1562063160.0,2,9,26.8127,2804,1688.05002,0.703308,2.39536,28.6669
76375.12998,3.5146,1.50027,1562063160.0,2,9,26.8459,2805,1718.05002,0.715807,2.43928,28.6836
76405.12998,3.5171,1.49981,1562063220.0,2,9,26.8459,2806,1748.05002,0.728307,2.48322,28.6336
76435.12998,3.5192,1.49996,1562063220.0,2,9,26.8957,2807,1778.05002,0.740806,2.52719,28.6336
76465.12998,3.5216,1.49996,1562063280.0,2,9,26.8791,2808,1808.05002,0.753305,2.5712,28.6336
76495.12998,3.5239,1.4995,1562063280.0,2,9,26.8791,2809,1838.05002,0.765804,2.61523,28.6502
76525.12998,3.5265,1.49981,1562063340.0,2,9,26.8791,2810,1868.05002,0.778304,2.65929,28.6502
76555.12998,3.5291,1.50011,1562063340.0,2,9,26.8791,2811,1898.05002,0.790803,2.70339,28.6336
76585.12998,3.532,1.49966,1562063400.0,2,9,26.8625,2812,1928.05002,0.803302,2.74752,28.717
76615.12998,3.5344,1.49966,1562063400.0,2,9,26.8625,2813,1958.05002,0.815801,2.79168,28.717
76645.12998,3.5372,1.49966,1562063460.0,2,9,26.8625,2814,1988.05002,0.8283,2.83587,28.717
76675.12998,3.5398,1.49996,1562063460.0,2,9,26.8459,2815,2018.05002,0.8408,2.8801,28.7003
76705.12998,3.5424,1.49996,1562063520.0,2,9,26.8459,2816,2048.05002,0.853299,2.92436,28.7003
76735.12998,3.5454,1.49996,1562063520.0,2,9,26.8127,2817,2078.05002,0.865798,2.96866,28.6669
76765.12998,3.5483,1.49981,1562063580.0,2,9,26.8293,2818,2108.05002,0.878297,3.013,28.6836
76795.12998,3.5515,1.50011,1562063580.0,2,9,26.8127,2819,2138.05002,0.890796,3.05737,28.6502
76825.12998,3.5544,1.49981,1562063640.0,2,9,26.8127,2820,2168.05002,0.903296,3.10178,28.6669
76855.12998,3.5575,1.49996,1562063640.0,2,9,26.8293,2821,2198.05002,0.915795,3.14622,28.6669
76885.12998,3.5604,1.49996,1562063700.0,2,9,26.8625,2822,2228.05002,0.928294,3.19071,28.6169
76915.12998,3.5634,1.50011,1562063700.0,2,9,26.8791,2823,2258.05002,0.940793,3.23523,28.6336
76945.12998,3.5663,1.50027,1562063760.0,2,9,26.8791,2824,2288.05002,0.953292,3.27979,28.6169
76975.12998,3.5694,1.49996,1562063760.0,2,9,26.7961,2825,2318.05002,0.965792,3.32439,28.6336
77005.12998,3.5721,1.49935,1562063820.0,2,9,26.7961,2826,2348.05002,0.978291,3.36902,28.6002
77035.12998,3.5749,1.49996,1562063820.0,2,9,26.8791,2827,2378.05002,0.99079,3.41369,28.6002
77065.12998,3.5779,1.50042,1562063880.0,2,9,26.7961,2828,2408.05002,1.00329,3.45839,28.6169
77095.12998,3.5805,1.49996,1562063880.0,2,9,26.7961,2829,2438.05002,1.01579,3.50313,28.6169
77125.12998,3.5834,1.49981,1562063940.0,2,9,26.7961,2830,2468.05002,1.02829,3.54791,28.6169
77155.12998,3.586,1.49996,1562063940.0,2,9,26.8293,2831,2498.05002,1.04079,3.59271,28.6169
77185.12998,3.5889,1.50027,1562064000.0,2,9,26.8293,2832,2528.05002,1.05329,3.63756,28.6502
77215.12998,3.5918,1.49996,1562064000.0,2,9,26.8459,2833,2558.05002,1.06579,3.68243,28.6669
77245.12998,3.5947,1.50011,1562064060.0,2,9,26.8459,2834,2588.05002,1.07828,3.72735,28.6336
77275.12998,3.5975,1.50011,1562064060.0,2,9,26.8293,2835,2618.05002,1.09078,3.7723,28.6169
77305.12998,3.6001,1.50011,1562064120.0,2,9,26.8293,2836,2648.05002,1.10328,3.81728,28.6169
77335.12998,3.603,1.49996,1562064120.0,2,9,26.8459,2837,2678.05002,1.11578,3.8623,28.6169
77365.12998,3.6056,1.50011,1562064180.0,2,9,26.8459,2838,2708.05002,1.12828,3.90735,28.6002
77395.12998,3.6081,1.50011,1562064180.0,2,9,26.8293,2839,2738.05002,1.14078,3.95243,28.6002
77425.12998,3.611,1.50011,1562064240.0,2,9,26.7961,2840,2768.05002,1.15328,3.99755,28.5835
77455.12998,3.6133,1.49996,1562064240.0,2,9,26.7961,2841,2798.05002,1.16578,4.0427,28.5835
77485.12998,3.6161,1.49996,1562064300.0,2,9,26.8625,2842,2828.05002,1.17828,4.08788,28.5835
77515.12998,3.6182,1.49981,1562064300.0,2,9,26.8791,2843,2858.05002,1.19078,4.1331,28.5835
77545.12998,3.6205,1.49981,1562064360.0,2,9,26.8459,2844,2888.05002,1.20328,4.17834,28.5668
77575.12998,3.6229,1.49996,1562064360.0,2,9,26.8957,2845,2918.05002,1.21578,4.22361,28.5668
77605.12998,3.6249,1.49996,1562064420.0,2,9,26.8791,2846,2948.05002,1.22827,4.26891,28.5668
77635.12998,3.6272,1.50027,1562064420.0,2,9,26.8957,2847,2978.05002,1.24077,4.31423,28.5668
77665.12998,3.6292,1.49996,1562064480.0,2,9,26.8293,2848,3008.05002,1.25327,4.35958,28.5835
77695.12998,3.6312,1.49996,1562064480.0,2,9,26.8459,2849,3038.05002,1.26577,4.40496,28.6002
77725.12998,3.6333,1.49966,1562064540.0,2,9,26.8459,2850,3068.05002,1.27827,4.45036,28.5835
77755.12998,3.6353,1.49981,1562064540.0,2,9,26.8459,2851,3098.05002,1.29077,4.49579,28.5835
77785.12998,3.6371,1.49981,1562064600.0,2,9,26.8459,2852,3128.05002,1.30327,4.54124,28.5502
77815.12998,3.6388,1.50011,1562064600.0,2,9,26.8293,2853,3158.05002,1.31577,4.58671,28.5668
77845.12998,3.6405,1.49966,1562064660.0,2,9,26.8459,2854,3188.05002,1.32827,4.63221,28.5168
77875.12998,3.6423,1.49981,1562064660.0,2,9,26.8625,2855,3218.05002,1.34077,4.67772,28.5835
77905.12998,3.6437,1.49996,1562064720.0,2,9,26.8791,2856,3248.05002,1.35327,4.72326,28.5668
77935.12998,3.6454,1.49981,1562064720.0,2,9,26.8459,2857,3278.05002,1.36577,4.76882,28.5835
77965.12998,3.6469,1.49981,1562064780.0,2,9,26.8625,2858,3308.05002,1.37827,4.81439,28.5835
77995.12998,3.6484,1.49996,1562064780.0,2,9,26.8625,2859,3338.05002,1.39076,4.85998,28.6002
78025.12998,3.65,1.49981,1562064840.0,2,9,26.8625,2860,3368.05002,1.40326,4.9056,28.5835
78055.12998,3.6515,1.49981,1562064840.0,2,9,26.8625,2861,3398.05002,1.41576,4.95123,28.6002
78085.12998,3.6527,1.49966,1562064900.0,2,9,26.8625,2862,3428.05002,1.42826,4.99688,28.6002
78115.12998,3.6544,1.49996,1562064900.0,2,9,26.8791,2863,3458.05002,1.44076,5.04254,28.6002
78145.12998,3.6559,1.49966,1562064960.0,2,9,26.8957,2864,3488.05002,1.45326,5.08823,28.6336
78175.12998,3.6574,1.49996,1562064960.0,2,9,26.9123,2865,3518.05002,1.46576,5.13394,28.5835
78205.12998,3.6588,1.50011,1562065020.0,2,9,26.8293,2866,3548.05002,1.47826,5.17966,28.5835
78235.12998,3.66,1.49981,1562065020.0,2,9,26.8957,2867,3578.05002,1.49076,5.2254,28.6002
78265.12998,3.6614,1.50011,1562065080.0,2,9,26.8957,2868,3608.05002,1.50326,5.27116,28.6169
78295.12998,3.6628,1.50011,1562065080.0,2,9,26.8791,2869,3638.05002,1.51576,5.31693,28.6002
78325.12998,3.6645,1.50011,1562065140.0,2,9,26.8791,2870,3668.05002,1.52826,5.36273,28.6336
78355.12998,3.666,1.49996,1562065140.0,2,9,26.8791,2871,3698.05002,1.54075,5.40854,28.6669
78385.12998,3.6674,1.49996,1562065200.0,2,9,26.8791,2872,3728.05002,1.55325,5.45437,28.6002
78415.12998,3.6686,1.49981,1562065200.0,2,9,26.8957,2873,3758.05002,1.56575,5.50021,28.6002
78445.12998,3.6701,1.49981,1562065260.0,2,9,26.8791,2874,3788.05002,1.57825,5.54608,28.6002
78475.12998,3.6715,1.50042,1562065260.0,2,9,26.8791,2875,3818.05002,1.59075,5.59196,28.6669
78505.12998,3.6732,1.4995,1562065320.0,2,9,26.8791,2876,3848.05002,1.60325,5.63786,28.6836
78535.12998,3.6744,1.4995,1562065320.0,2,9,26.8459,2877,3878.05002,1.61575,5.68378,28.6502
78565.12998,3.6759,1.49966,1562065380.0,2,9,26.8127,2878,3908.05002,1.62825,5.72972,28.6502
78595.12998,3.6773,1.4992,1562065380.0,2,9,26.8957,2879,3938.05002,1.64075,5.77567,28.6502
78625.12998,3.6786,1.4995,1562065440.0,2,9,26.8791,2880,3968.05002,1.65325,5.82165,28.6836
78655.12998,3.6802,1.49966,1562065440.0,2,9,26.8957,2881,3998.05002,1.66575,5.86764,28.717
78685.12998,3.6814,1.50042,1562065500.0,2,9,26.8791,2882,4028.05002,1.67825,5.91365,28.6669
78715.12998,3.6832,1.4995,1562065500.0,2,9,26.8791,2883,4058.05002,1.69075,5.95967,28.7003
78745.12998,3.6847,1.49996,1562065560.0,2,9,26.8791,2884,4088.05002,1.70324,6.00572,28.7336
78775.12998,3.6861,1.49966,1562065560.0,2,9,26.8791,2885,4118.05002,1.71574,6.05179,28.7503
78805.12998,3.6873,1.49981,1562065620.0,2,9,26.8625,2886,4148.05002,1.72824,6.09787,28.7503
78835.12998,3.689,1.49996,1562065620.0,2,9,26.8791,2887,4178.05002,1.74074,6.14397,28.7503
78865.12998,3.6905,1.49996,1562065680.0,2,9,26.8791,2888,4208.05002,1.75324,6.19009,28.7503
78895.12998,3.6919,1.49996,1562065680.0,2,9,26.8791,2889,4238.05002,1.76574,6.23623,28.817
78925.12998,3.6938,1.50011,1562065740.0,2,9,26.8625,2890,4268.05002,1.77824,6.28238,28.717
78955.12998,3.695,1.49996,1562065740.0,2,9,26.8625,2891,4298.05002,1.79074,6.32856,28.817
78985.12998,3.6967,1.49996,1562065800.0,2,9,26.8791,2892,4328.05002,1.80324,6.37476,28.817
79015.12998,3.698,1.50027,1562065800.0,2,9,26.8625,2893,4358.05002,1.81574,6.42097,28.817
79045.12998,3.6995,1.49981,1562065860.0,2,9,26.8791,2894,4388.05002,1.82824,6.4672,28.8337
79075.12998,3.7011,1.4995,1562065860.0,2,9,26.8791,2895,4418.05002,1.84074,6.51346,28.8504
79105.12998,3.7029,1.49996,1562065920.0,2,9,26.8957,2896,4448.05002,1.85324,6.55973,28.8838
79135.12998,3.7043,1.50011,1562065920.0,2,9,26.9123,2897,4478.05002,1.86573,6.60602,28.9171
79165.12998,3.7058,1.4995,1562065980.0,2,9,26.8293,2898,4508.05002,1.87823,6.65233,28.9004
79195.12998,3.7075,1.49981,1562065980.0,2,9,26.8293,2899,4538.05002,1.89073,6.69866,28.9004
79225.12998,3.709,1.50057,1562066040.0,2,9,26.8791,2900,4568.05002,1.90323,6.74501,28.8838
79255.12998,3.7104,1.4995,1562066040.0,2,9,26.8625,2901,4598.05002,1.91573,6.79138,28.9505
79285.12998,3.7124,1.49966,1562066100.0,2,9,26.8459,2902,4628.05002,1.92823,6.83777,28.9171
79315.12998,3.714,1.49981,1562066100.0,2,9,26.8625,2903,4658.05002,1.94073,6.88418,28.9338
79345.12998,3.7154,1.50027,1562066160.0,2,9,26.8459,2904,4688.05002,1.95323,6.93061,28.9505
79375.12998,3.7169,1.49996,1562066160.0,2,9,26.8791,2905,4718.05002,1.96573,6.97706,29.0172
79405.12998,3.7186,1.49966,1562066220.0,2,9,26.8957,2906,4748.05002,1.97823,7.02353,29.0005
79435.12998,3.7205,1.50011,1562066220.0,2,9,26.8957,2907,4778.05002,1.99073,7.07003,28.9838
79465.12998,3.7218,1.50011,1562066280.0,2,9,26.9289,2908,4808.05002,2.00323,7.11654,29.0172
79495.12998,3.7238,1.49996,1562066280.0,2,9,26.8293,2909,4838.05002,2.01572,7.16307,29.0172
79525.12998,3.7253,1.49981,1562066340.0,2,9,26.8625,2910,4868.05002,2.02822,7.20963,29.0505
79555.12998,3.7269,1.4995,1562066340.0,2,9,26.8625,2911,4898.05002,2.04072,7.2562,29.0839
79585.12998,3.7288,1.49966,1562066400.0,2,9,26.8625,2912,4928.05002,2.05322,7.3028,29.0672
79615.12998,3.7307,1.49966,1562066400.0,2,9,26.9455,2913,4958.05002,2.06572,7.34942,29.1173
79645.12998,3.7322,1.49981,1562066460.0,2,9,26.9289,2914,4988.05002,2.07822,7.39606,29.0839
79675.12998,3.734,1.50011,1562066460.0,2,9,26.9123,2915,5018.05002,2.09072,7.44272,29.1339
79705.12998,3.7357,1.49981,1562066520.0,2,9,26.8957,2916,5048.05002,2.10322,7.4894,29.1506
79735.12998,3.7375,1.49935,1562066520.0,2,9,26.8957,2917,5078.05002,2.11572,7.53611,29.1506
79765.12998,3.7395,1.49996,1562066580.0,2,9,26.8791,2918,5108.05002,2.12822,7.58284,29.1506
79795.12998,3.7412,1.49981,1562066580.0,2,9,26.8791,2919,5138.05002,2.14072,7.62959,29.184
79825.12998,3.743,1.49996,1562066640.0,2,9,26.8957,2920,5168.05002,2.15322,7.67636,29.2173
79855.12998,3.7447,1.4995,1562066640.0,2,9,26.8957,2921,5198.05002,2.16572,7.72316,29.2007
79885.12998,3.7467,1.49966,1562066700.0,2,9,26.8791,2922,5228.05002,2.17821,7.76998,29.184
79915.12998,3.7488,1.50011,1562066700.0,2,9,26.9289,2923,5258.05002,2.19071,7.81682,29.284
79945.12998,3.7502,1.4995,1562066760.0,2,9,26.9289,2924,5288.05002,2.20321,7.86369,29.3341
79975.12998,3.7523,1.49996,1562066760.0,2,9,26.9787,2925,5318.05002,2.21571,7.91058,29.4342
80005.12998,3.7543,1.49996,1562066820.0,2,9,26.9289,2926,5348.05002,2.22821,7.95749,29.4508
80035.12998,3.7563,1.50011,1562066820.0,2,9,13.3181,2927,5378.05002,2.24071,8.00443,15.9375
80065.12998,3.7581,1.49981,1562066880.0,2,9,13.487,2928,5408.05002,2.25321,8.05139,16.0902
80095.12998,3.76,1.49996,1562066880.0,2,9,13.6728,2929,5438.05002,2.26571,8.09838,16.3109
80125.12998,3.7621,1.50027,1562066940.0,2,9,13.8417,2930,5468.05002,2.27821,8.14539,16.5654
80155.12998,3.7642,1.49966,1562066940.0,2,9,13.9261,2931,5498.05002,2.29071,8.19243,16.6164
80185.12998,3.7661,1.49966,1562067000.0,2,9,13.943,2932,5528.05002,2.30321,8.23949,16.5994
80215.12998,3.7682,1.49981,1562067000.0,2,9,13.9261,2933,5558.05002,2.31571,8.28658,16.5654
80245.12998,3.7704,1.49966,1562067060.0,2,9,13.8924,2934,5588.05002,2.3282,8.33369,16.5315
80275.12998,3.7723,1.49996,1562067060.0,2,9,13.8586,2935,5618.05002,2.3407,8.38083,16.4975
80305.12998,3.7746,1.50011,1562067120.0,2,9,13.8248,2936,5648.05002,2.3532,8.42799,16.4297
80335.12998,3.7765,1.49966,1562067120.0,2,9,13.7572,2937,5678.05002,2.3657,8.47519,16.3787
80365.12998,3.7789,1.4995,1562067180.0,2,9,13.7234,2938,5708.05002,2.3782,8.5224,16.3618
80395.12998,3.781,1.49981,1562067180.0,2,9,13.7066,2939,5738.05002,2.3907,8.56965,16.3448
80425.12998,3.783,1.49996,1562067240.0,2,9,13.6728,2940,5768.05002,2.4032,8.61692,16.3448
80455.12998,3.7852,1.49981,1562067240.0,2,9,13.6728,2941,5798.05002,2.4157,8.66422,16.3109
80485.12998,3.7873,1.49981,1562067300.0,2,9,13.639,2942,5828.05002,2.4282,8.71155,16.3109
80515.12998,3.7896,1.49996,1562067300.0,2,9,13.5883,2943,5858.05002,2.4407,8.7589,16.243
80545.12998,3.792,1.49981,1562067360.0,2,9,13.5714,2944,5888.05002,2.4532,8.80628,16.243
80575.12998,3.7943,1.49966,1562067360.0,2,9,13.5545,2945,5918.05002,2.4657,8.8537,16.209
80605.12998,3.7963,1.50027,1562067420.0,2,9,13.5208,2946,5948.05002,2.4782,8.90113,16.1751
80635.12998,3.7987,1.49981,1562067420.0,2,9,13.5208,2947,5978.05002,2.49069,8.9486,16.1921
80665.12998,3.801,1.49996,1562067480.0,2,9,13.5039,2948,6008.05002,2.50319,8.9961,16.1751
80695.12998,3.8035,1.49966,1562067480.0,2,9,13.487,2949,6038.05002,2.51569,9.04363,16.1921
80725.12998,3.8058,1.49996,1562067540.0,2,9,13.4532,2950,6068.05002,2.52819,9.09118,16.1751
80755.12998,3.8083,1.49966,1562067540.0,2,9,13.4363,2951,6098.05002,2.54069,9.13877,16.1581
80785.12998,3.8105,1.49981,1562067600.0,2,9,13.4194,2952,6128.05002,2.55319,9.18639,16.1921
80815.12998,3.8132,1.49996,1562067600.0,2,9,13.3687,2953,6158.05002,2.56569,9.23403,16.1411
80845.12998,3.8154,1.49996,1562067660.0,2,9,13.335,2954,6188.05002,2.57819,9.28171,16.1242
80875.12998,3.8181,1.49966,1562067660.0,2,9,13.5883,2955,6218.05002,2.59069,9.32942,16.0902
80905.12998,3.8206,1.49981,1562067720.0,2,9,26.9621,2956,6248.05002,2.60319,9.37715,16.0733
80935.12998,3.8231,1.49981,1562067720.0,2,9,26.9455,2957,6278.05002,2.61569,9.42492,16.0393
80965.12998,3.8256,1.49996,1562067780.0,2,9,26.9289,2958,6308.05002,2.62819,9.47273,16.0393
80995.12998,3.8282,1.49996,1562067780.0,2,9,26.9787,2959,6338.05002,2.64069,9.52056,25.6814
81025.12998,3.8308,1.49996,1562067840.0,2,9,26.9621,2960,6368.05002,2.65318,9.56842,29.6843
81055.12998,3.8334,1.50011,1562067840.0,2,9,26.9455,2961,6398.05002,2.66568,9.61632,29.6843
81085.12998,3.8358,1.4995,1562067900.0,2,9,26.9455,2962,6428.05002,2.67818,9.66425,29.6677
81115.12998,3.8386,1.49996,1562067900.0,2,9,26.9455,2963,6458.05002,2.69068,9.71221,29.6677
81145.12998,3.8408,1.4995,1562067960.0,2,9,26.9621,2964,6488.05002,2.70318,9.76021,29.6343
81175.12998,3.8434,1.49996,1562067960.0,2,9,26.9953,2965,6518.05002,2.71568,9.80823,29.6843
81205.12998,3.8463,1.49966,1562068020.0,2,9,26.9953,2966,6548.05002,2.72818,9.85629,29.651
81235.12998,3.8491,1.49966,1562068020.0,2,9,26.9953,2967,6578.05002,2.74068,9.90439,29.6677
81265.12998,3.8514,1.50011,1562068080.0,2,9,26.9787,2968,6608.05002,2.75318,9.95251,29.651
81295.12998,3.8543,1.50011,1562068080.0,2,9,26.9621,2969,6638.05002,2.76568,10.0007,29.7344
81325.12998,3.8567,1.49996,1562068140.0,2,9,26.9289,2970,6668.05002,2.77818,10.0489,29.6843
81355.12998,3.8595,1.49966,1562068140.0,2,9,26.9953,2971,6698.05002,2.79068,10.0971,29.6843
81385.12998,3.8619,1.50011,1562068200.0,2,9,26.9787,2972,6728.05002,2.80317,10.1453,29.7344
81415.12998,3.8647,1.50011,1562068200.0,2,9,26.9621,2973,6758.05002,2.81567,10.1936,29.7177
81445.12998,3.8672,1.49981,1562068260.0,2,9,26.9621,2974,6788.05002,2.82817,10.2419,29.701
81475.12998,3.8697,1.49996,1562068260.0,2,9,26.9455,2975,6818.05002,2.84067,10.2903,29.6843
81505.12998,3.8726,1.50027,1562068320.0,2,9,26.9621,2976,6848.05002,2.85317,10.3387,29.651
81535.12998,3.875,1.50011,1562068320.0,2,9,26.9123,2977,6878.05002,2.86567,10.3871,29.6843
81565.12998,3.8778,1.49981,1562068380.0,2,9,26.9123,2978,6908.05002,2.87817,10.4356,29.701
81595.12998,3.8804,1.49966,1562068380.0,2,9,26.9123,2979,6938.05002,2.89067,10.484,29.6843
81625.12998,3.8828,1.50011,1562068440.0,2,9,26.9621,2980,6968.05002,2.90317,10.5326,29.6677
81655.12998,3.8856,1.49981,1562068440.0,2,9,26.9621,2981,6998.05002,2.91567,10.5811,29.651
81685.12998,3.8882,1.49981,1562068500.0,2,9,26.9455,2982,7028.05002,2.92817,10.6297,29.651
81715.12998,3.8906,1.50011,1562068500.0,2,9,26.9289,2983,7058.05002,2.94067,10.6783,29.651
81745.12998,3.8933,1.49966,1562068560.0,2,9,26.9289,2984,7088.05002,2.95317,10.727,29.6176
81775.12998,3.8959,1.49996,1562068560.0,2,9,26.9289,2985,7118.05002,2.96566,10.7756,29.6343
81805.12998,3.8985,1.49996,1562068620.0,2,9,26.9289,2986,7148.05002,2.97816,10.8244,29.601
81835.12998,3.901,1.50042,1562068620.0,2,9,26.9621,2987,7178.05002,2.99066,10.8731,29.6176
81865.12998,3.9039,1.49996,1562068680.0,2,9,26.9123,2988,7208.05002,3.00316,10.9219,29.5843
81895.12998,3.9062,1.50011,1562068680.0,2,9,26.8957,2989,7238.05002,3.01566,10.9707,29.601
81925.12998,3.9088,1.49981,1562068740.0,2,9,26.9621,2990,7268.05002,3.02816,11.0195,29.5676
81955.12998,3.9112,1.49966,1562068740.0,2,9,26.8957,2991,7298.05002,3.04066,11.0684,29.5843
81985.12998,3.9138,1.50042,1562068800.0,2,9,26.9123,2992,7328.05002,3.05316,11.1173,29.5843
82015.12998,3.9162,1.50027,1562068800.0,2,9,26.9123,2993,7358.05002,3.06566,11.1662,29.5176
82045.12998,3.9185,1.50011,1562068860.0,2,9,26.9123,2994,7388.05002,3.07816,11.2152,29.5176
82075.12998,3.9211,1.49996,1562068860.0,2,9,26.9123,2995,7418.05002,3.09066,11.2642,29.5509
82105.12998,3.9237,1.49966,1562068920.0,2,9,26.9123,2996,7448.05002,3.10316,11.3132,29.5342
82135.12998,3.926,1.50011,1562068920.0,2,9,26.8957,2997,7478.05002,3.11565,11.3623,29.5342
82165.12998,3.9286,1.49981,1562068980.0,2,9,26.9621,2998,7508.05002,3.12815,11.4114,29.5009
82195.12998,3.9306,1.49981,1562068980.0,2,9,26.9621,2999,7538.05002,3.14065,11.4605,29.4675
82225.12998,3.9336,1.50011,1562069040.0,2,9,26.8957,3000,7568.05002,3.15315,11.5096,29.4675
82255.12998,3.9361,1.49966,1562069040.0,2,9,26.9123,3001,7598.05002,3.16565,11.5588,29.4842
82285.12998,3.9384,1.50027,1562069100.0,2,9,26.9123,3002,7628.05002,3.17815,11.608,29.4508
82315.12998,3.9408,1.49996,1562069100.0,2,9,26.9123,3003,7658.05002,3.19065,11.6573,29.4508
82345.12998,3.9429,1.49966,1562069160.0,2,9,26.9123,3004,7688.05002,3.20315,11.7065,29.4175
82375.12998,3.9454,1.50027,1562069160.0,2,9,26.8957,3005,7718.05002,3.21565,11.7558,29.4008
82405.12998,3.9475,1.50011,1562069220.0,2,9,26.9455,3006,7748.05002,3.22815,11.8052,29.4175
82435.12998,3.95,1.49966,1562069220.0,2,9,26.9289,3007,7778.05002,3.24065,11.8545,29.3841
82465.12998,3.9524,1.50011,1562069280.0,2,9,26.9123,3008,7808.05002,3.25315,11.9039,29.4008
82495.12998,3.9548,1.49996,1562069280.0,2,9,26.9289,3009,7838.05002,3.26565,11.9533,29.4342
82525.12998,3.957,1.49981,1562069340.0,2,9,26.9123,3010,7868.05002,3.27814,12.0028,29.4175
82555.12998,3.9593,1.50011,1562069340.0,2,9,26.9289,3011,7898.05002,3.29064,12.0522,29.4175
82585.12998,3.9615,1.49981,1562069400.0,2,9,26.9289,3012,7928.05002,3.30314,12.1018,29.3841
82615.12998,3.9637,1.50011,1562069400.0,2,9,26.9289,3013,7958.05002,3.31564,12.1513,29.3174
82645.12998,3.966,1.49966,1562069460.0,2,9,26.9123,3014,7988.05002,3.32814,12.2008,29.3508
82675.12998,3.9683,1.49996,1562069460.0,2,9,26.9123,3015,8018.05002,3.34064,12.2504,29.3841
82705.12998,3.9702,1.49935,1562069520.0,2,9,26.9123,3016,8048.05002,3.35314,12.3,29.3007
82735.12998,3.9727,1.49981,1562069520.0,2,9,26.9289,3017,8078.05002,3.36564,12.3497,29.2674
82765.12998,3.975,1.49981,1562069580.0,2,9,26.9123,3018,8108.05002,3.37814,12.3994,29.2507
82795.12998,3.9773,1.4995,1562069580.0,2,9,26.9289,3019,8138.05002,3.39064,12.4491,29.2674
82825.12998,3.9796,1.49981,1562069640.0,2,9,26.9123,3020,8168.05002,3.40314,12.4988,29.234
82855.12998,3.9815,1.50027,1562069640.0,2,9,26.9123,3021,8198.05002,3.41564,12.5485,29.2507
82885.12998,3.9843,1.50011,1562069700.0,2,9,26.8957,3022,8228.05002,3.42813,12.5983,29.284
82915.12998,3.9863,1.49996,1562069700.0,2,9,26.8791,3023,8258.05002,3.44063,12.6481,29.284
82945.12998,3.9887,1.50011,1562069760.0,2,9,26.8957,3024,8288.05002,3.45313,12.698,29.2674
82975.12998,3.9907,1.49981,1562069760.0,2,9,26.9123,3025,8318.05002,3.46563,12.7478,29.2007
83005.12998,3.9928,1.49996,1562069820.0,2,9,26.9123,3026,8348.05002,3.47813,12.7977,29.184
83035.12998,3.9954,1.50011,1562069820.0,2,9,26.9289,3027,8378.05002,3.49063,12.8477,29.2173
83065.12998,3.9977,1.49996,1562069880.0,2,9,26.8957,3028,8408.05002,3.50313,12.8976,29.184
83095.12998,4.0,1.50011,1562069880.0,2,9,26.8957,3029,8438.05002,3.51563,12.9476,29.1673
83125.12998,4.0024,1.49996,1562069940.0,2,9,26.8957,3030,8468.05002,3.52813,12.9976,29.1673
83155.12998,4.0044,1.49996,1562069940.0,2,9,26.8791,3031,8498.05002,3.54063,13.0477,29.2007
83185.12998,4.0067,1.4995,1562070000.0,2,9,26.8625,3032,8528.05002,3.55313,13.0977,29.2173
83215.12998,4.0095,1.50011,1562070000.0,2,9,26.8791,3033,8558.05002,3.56563,13.1478,29.2173
83245.12998,4.0119,1.49996,1562070060.0,2,9,26.8791,3034,8588.05002,3.57813,13.198,29.234
83275.12998,4.0143,1.50027,1562070060.0,2,9,26.8625,3035,8618.05002,3.59062,13.2481,29.2007
83305.12998,4.0168,1.49966,1562070120.0,2,9,26.8459,3036,8648.05002,3.60312,13.2983,29.184
83335.12998,4.0188,1.49966,1562070120.0,2,9,26.8625,3037,8678.05002,3.61562,13.3485,29.2007
83365.12998,4.0212,1.49981,1562070180.0,2,9,26.8459,3038,8708.05002,3.62812,13.3988,29.2007
83395.12998,4.0241,1.49981,1562070180.0,2,9,26.8293,3039,8738.05002,3.64062,13.4491,29.184
83425.12998,4.0266,1.49966,1562070240.0,2,9,26.8127,3040,8768.05002,3.65312,13.4994,29.1673
83455.12998,4.0291,1.49981,1562070240.0,2,9,26.8957,3041,8798.05002,3.66562,13.5497,29.184
83485.12998,4.0317,1.49996,1562070300.0,2,9,26.8957,3042,8828.05002,3.67812,13.6001,29.1339
83515.12998,4.0345,1.49981,1562070300.0,2,9,26.8957,3043,8858.05002,3.69062,13.6505,29.1673
83545.12998,4.0369,1.49935,1562070360.0,2,9,26.8957,3044,8888.05002,3.70312,13.7009,29.1673
83575.12998,4.0397,1.50011,1562070360.0,2,9,26.8293,3045,8918.05002,3.71562,13.7514,29.1673
83605.12998,4.0424,1.50011,1562070420.0,2,9,26.8127,3046,8948.05002,3.72812,13.8019,29.184
83635.12998,4.0452,1.49996,1562070420.0,2,9,26.8791,3047,8978.05002,3.74062,13.8525,29.1506
83665.12998,4.0479,1.49996,1562070480.0,2,9,26.8957,3048,9008.05002,3.75311,13.9031,29.1506
83695.12998,4.0505,1.49966,1562070480.0,2,9,26.8625,3049,9038.05002,3.76561,13.9537,29.184
83725.12998,4.0534,1.49996,1562070540.0,2,9,26.8625,3050,9068.05002,3.77811,14.0043,29.2007
83755.12998,4.0565,1.49996,1562070540.0,2,9,26.8625,3051,9098.05002,3.79061,14.055,29.184
83785.12998,4.0592,1.49996,1562070600.0,2,9,26.8459,3052,9128.05002,3.80311,14.1057,29.1673
83815.12998,4.0621,1.50011,1562070600.0,2,9,26.8625,3053,9158.05002,3.81561,14.1565,29.1673
83845.12998,4.0652,1.49996,1562070660.0,2,9,26.8625,3054,9188.05002,3.82811,14.2073,29.1673
83875.12998,4.0682,1.49981,1562070660.0,2,9,26.8459,3055,9218.05002,3.84061,14.2581,29.1506
83905.12998,4.0713,1.50027,1562070720.0,2,9,26.8459,3056,9248.05002,3.85311,14.309,29.1673
83935.12998,4.0743,1.4995,1562070720.0,2,9,26.8791,3057,9278.05002,3.86561,14.3599,29.184
83965.12998,4.0772,1.49981,1562070780.0,2,9,26.8791,3058,9308.05002,3.87811,14.4108,29.184
83995.12998,4.0801,1.49966,1562070780.0,2,9,26.8791,3059,9338.05002,3.89061,14.4618,29.2173
84025.12998,4.0833,1.50011,1562070840.0,2,9,26.8791,3060,9368.05002,3.9031,14.5128,29.1673
84055.12998,4.0865,1.49996,1562070840.0,2,9,26.8459,3061,9398.05002,3.9156,14.5639,29.1506
84085.12998,4.0894,1.49981,1562070900.0,2,9,26.8459,3062,9428.05002,3.9281,14.615,29.1673
84115.12998,4.0925,1.49981,1562070900.0,2,9,26.8459,3063,9458.05002,3.9406,14.6661,29.1506
84145.12998,4.0958,1.4995,1562070960.0,2,9,26.8127,3064,9488.05002,3.9531,14.7173,29.1339
84175.12998,4.0989,1.50027,1562070960.0,2,9,26.8127,3065,9518.05002,3.9656,14.7685,29.1339
84205.12998,4.1021,1.50011,1562071020.0,2,9,26.8127,3066,9548.05002,3.9781,14.8198,29.1339
84235.12998,4.105,1.49935,1562071020.0,2,9,26.8127,3067,9578.05002,3.9906,14.871,29.1506
84265.12998,4.1082,1.49966,1562071080.0,2,9,26.8127,3068,9608.05002,4.0031,14.9224,29.1506
84295.12998,4.1112,1.50042,1562071080.0,2,9,26.8293,3069,9638.05002,4.0156,14.9737,29.1339
84325.12998,4.1144,1.50011,1562071140.0,2,9,26.8791,3070,9668.05002,4.0281,15.0252,29.1506
84355.12998,4.1173,1.50027,1562071140.0,2,9,26.8791,3071,9698.05002,4.0406,15.0766,29.1506
84385.12998,4.1207,1.49966,1562071200.0,2,9,26.8625,3072,9728.05002,4.0531,15.1281,29.1506
84415.12998,4.1234,1.49996,1562071200.0,2,9,26.8791,3073,9758.05002,4.06559,15.1796,29.1506
84445.12998,4.1265,1.50011,1562071260.0,2,9,26.8625,3074,9788.05002,4.07809,15.2312,29.1339
84475.12998,4.1295,1.49981,1562071260.0,2,9,26.8625,3075,9818.05002,4.09059,15.2828,29.234
84505.12998,4.1326,1.4995,1562071320.0,2,9,26.8625,3076,9848.05002,4.10309,15.3344,29.2007
84535.12998,4.1353,1.49981,1562071320.0,2,9,26.8625,3077,9878.05002,4.11559,15.3861,29.2007
84565.12998,4.1382,1.50042,1562071380.0,2,9,26.8459,3078,9908.05002,4.12809,15.4378,29.2173
84595.12998,4.1411,1.49996,1562071380.0,2,9,26.8459,3079,9938.05002,4.14059,15.4895,29.2507
84625.12998,4.1442,1.49996,1562071440.0,2,9,26.8791,3080,9968.05002,4.15309,15.5413,29.1673
84655.12998,4.1466,1.49996,1562071440.0,2,9,26.8791,3081,9998.05002,4.16559,15.5931,29.1673
84685.12998,4.1494,1.49981,1562071500.0,2,9,26.8625,3082,10028.05002,4.17809,15.645,29.2507
84715.12998,4.152,1.49981,1562071500.0,2,9,26.8957,3083,10058.05002,4.19059,15.6968,29.184
84745.12998,4.1547,1.50011,1562071560.0,2,9,26.8791,3084,10088.05002,4.20309,15.7488,29.1673
84775.12998,4.1572,1.49981,1562071560.0,2,9,26.8625,3085,10118.05002,4.21558,15.8007,29.184
84805.12998,4.1595,1.49981,1562071620.0,2,9,26.8791,3086,10148.05002,4.22808,15.8527,29.1673
84835.12998,4.1617,1.49981,1562071620.0,2,9,26.8791,3087,10178.05002,4.24058,15.9047,29.2173
84865.12998,4.1642,1.49966,1562071680.0,2,9,26.8293,3088,10208.05002,4.25308,15.9567,29.2173
84895.12998,4.166,1.50011,1562071680.0,2,9,26.8459,3089,10238.05002,4.26558,16.0088,29.2173
84925.12998,4.1682,1.50042,1562071740.0,2,9,26.8293,3090,10268.05002,4.27808,16.0609,29.2507
84955.12998,4.1706,1.50011,1562071740.0,2,9,26.8293,3091,10298.05002,4.29058,16.113,29.234
84985.12998,4.1723,1.49996,1562071800.0,2,9,26.8293,3092,10328.05002,4.30308,16.1651,29.2173
85015.12998,4.1743,1.4995,1562071800.0,2,9,26.8791,3093,10358.05002,4.31558,16.2173,29.2173
85045.12998,4.1761,1.49996,1562071860.0,2,9,26.8791,3094,10388.05002,4.32808,16.2695,29.2173
85075.12998,4.1776,1.49981,1562071860.0,2,9,26.8791,3095,10418.05002,4.34058,16.3217,29.2173
85105.12998,4.1791,1.49996,1562071920.0,2,9,26.8625,3096,10448.05002,4.35308,16.3739,29.2173
85135.12998,4.1808,1.49981,1562071920.0,2,9,26.8293,3097,10478.05002,4.36558,16.4262,29.2507
85165.12998,4.1823,1.4995,1562071980.0,2,9,26.8791,3098,10508.05002,4.37807,16.4784,29.234
85195.12998,4.1839,1.49966,1562071980.0,2,9,26.8957,3099,10538.05002,4.39057,16.5307,29.2674
85225.12998,4.1854,1.49981,1562072040.0,2,9,26.8791,3100,10568.05002,4.40307,16.583,29.2507
85255.12998,4.1868,1.49996,1562072040.0,2,9,26.8791,3101,10598.05002,4.41557,16.6353,29.2507
85285.12998,4.1883,1.49996,1562072100.0,2,9,26.8791,3102,10628.05002,4.42807,16.6877,29.2507
85315.12998,4.1895,1.50011,1562072100.0,2,9,26.8625,3103,10658.05002,4.44057,16.74,29.2507
85345.12998,4.1909,1.49966,1562072160.0,2,9,26.8459,3104,10688.05002,4.45307,16.7924,29.2507
85375.12998,4.1921,1.4995,1562072160.0,2,9,26.8625,3105,10718.05002,4.46557,16.8448,29.3674
85405.12998,4.1935,1.49996,1562072220.0,2,9,26.8459,3106,10748.05002,4.47807,16.8972,29.3674
85435.12998,4.1949,1.49981,1562072220.0,2,9,26.8625,3107,10778.05002,4.49057,16.9496,29.3674
85465.12998,4.1962,1.49981,1562072280.0,2,9,26.8459,3108,10808.05002,4.50307,17.0021,29.3841
85495.12998,4.1979,1.49966,1562072280.0,2,9,26.8459,3109,10838.05002,4.51557,17.0545,29.3508
85525.12998,4.1993,1.49966,1562072340.0,2,9,26.8459,3110,10868.05002,4.52807,17.107,29.3841
85539.18,4.2,1.49981,1562072340.0,2,9,26.8293,3111,10882.09998,4.53392,17.1316,29.3841
85539.21,4.2029,1.60433,1562072340.0,2,10,26.8127,3112,0.03,4.53393,17.1316,29.3841
85569.21,4.2,1.46883,1562072400.0,2,10,26.8127,3113,30.03,4.54637,17.1839,29.3674
85599.21,4.2002,1.44015,1562072400.0,2,10,26.7795,3114,60.03,4.55848,17.2347,29.3841
85629.21,4.2,1.41497,1562072460.0,2,10,26.8791,3115,90.03,4.57037,17.2847,29.3674
85659.21,4.2,1.39147,1562072460.0,2,10,26.8791,3116,120.03,4.58206,17.3338,29.3841
85689.21,4.2,1.36828,1562072520.0,2,10,26.8791,3117,150.03,4.59356,17.3821,29.3508
85719.21,4.2,1.34646,1562072520.0,2,10,26.8625,3118,180.03,4.60486,17.4296,29.3841
85749.21,4.1999,1.3225,1562072580.0,2,10,26.8127,3119,210.03,4.61598,17.4762,29.3508
85779.21,4.2,1.30037,1562072580.0,2,10,26.8957,3120,240.03,4.62691,17.5222,29.3174
85809.21,4.1999,1.28023,1562072640.0,2,10,26.8791,3121,270.03,4.63766,17.5673,29.3508
85839.21,4.2,1.25689,1562072640.0,2,10,26.8791,3122,300.03,4.64822,17.6117,29.3341
85869.21,4.2,1.23552,1562072700.0,2,10,26.8459,3123,330.03,4.6586,17.6553,29.3007
85899.21,4.1999,1.21218,1562072700.0,2,10,26.8459,3124,360.03,4.66879,17.6981,29.3174
85929.21,4.2,1.19081,1562072760.0,2,10,26.8293,3125,390.03,4.6788,17.7401,29.3841
85959.21,4.1999,1.16716,1562072760.0,2,10,26.8459,3126,420.03,4.68862,17.7814,29.3508
85989.21,4.2,1.14427,1562072820.0,2,10,26.8459,3127,450.03,4.69826,17.8218,29.2674
86019.21,4.2,1.12184,1562072820.0,2,10,26.8791,3128,480.03,4.7077,17.8615,29.2674
86049.21,4.2,1.1017,1562072880.0,2,10,26.7961,3129,510.03,4.71696,17.9004,29.2507
86079.21,4.2,1.07774,1562072880.0,2,10,26.7961,3130,540.03,4.72604,17.9385,29.2674
86109.21,4.2,1.05318,1562072940.0,2,10,26.8459,3131,570.03,4.73492,17.9758,29.2507
86139.21,4.1999,1.03029,1562072940.0,2,10,26.8293,3132,600.03,4.74361,18.0123,29.234
86169.21,4.1999,1.00923,1562073000.0,2,10,26.8459,3133,630.03,4.75211,18.048,29.2173
86199.21,4.1999,0.98558,1562073000.0,2,10,26.8127,3134,660.03,4.76042,18.0829,29.2007
86229.21,4.1999,0.963149,1562073060.0,2,10,26.8127,3135,690.03,4.76854,18.117,29.1173
86259.21,4.2,0.939651,1562073060.0,2,10,26.8127,3136,720.03,4.77647,18.1503,29.1506
86289.21,4.2,0.91783,1562073120.0,2,10,26.8293,3137,750.03,4.78421,18.1828,29.1006
86319.21,4.1999,0.894484,1562073120.0,2,10,26.8127,3138,780.03,4.79177,18.2146,29.1006
86349.21,4.2,0.872053,1562073180.0,2,10,26.8127,3139,810.03,4.79913,18.2455,29.0839
86379.21,4.1999,0.850385,1562073180.0,2,10,26.8293,3140,840.03,4.80631,18.2756,29.0339
86409.21,4.2002,0.826734,1562073240.0,2,10,26.8127,3141,870.03,4.8133,18.305,29.0172
86439.21,4.1999,0.806134,1562073240.0,2,10,26.8293,3142,900.03,4.82012,18.3336,28.9671
86469.21,4.2002,0.784161,1562073300.0,2,10,26.8127,3143,930.03,4.82674,18.3615,28.9671
86499.21,4.1999,0.762188,1562073300.0,2,10,26.8127,3144,960.03,4.83319,18.3885,28.9671
86529.21,4.1999,0.741588,1562073360.0,2,10,26.7961,3145,990.03,4.83946,18.4149,28.9004
86559.21,4.2,0.720989,1562073360.0,2,10,26.8459,3146,1020.03,4.84555,18.4405,28.8504
86589.21,4.2,0.700999,1562073420.0,2,10,26.8625,3147,1050.03,4.85147,18.4653,28.817
86619.21,4.2,0.677653,1562073420.0,2,10,26.7795,3148,1080.03,4.85721,18.4895,28.817
86649.21,4.2002,0.658579,1562073480.0,2,10,26.7961,3149,1110.03,4.86279,18.5129,28.7837
86679.21,4.2,0.638743,1562073480.0,2,10,26.7795,3150,1140.03,4.8682,18.5356,28.7503
86709.21,4.1997,0.619516,1562073540.0,2,10,26.7961,3151,1170.03,4.87345,18.5576,28.717
86739.21,4.2,0.600443,1562073540.0,2,10,26.7961,3152,1200.03,4.87853,18.579,28.7003
86769.21,4.2,0.582589,1562073600.0,2,10,26.7961,3153,1230.03,4.88346,18.5997,28.6669
86799.21,4.2,0.563668,1562073600.0,2,10,26.7961,3154,1260.03,4.88823,18.6197,28.6336
86829.21,4.2,0.54551,1562073660.0,2,10,26.8293,3155,1290.03,4.89285,18.6391,28.6502
86859.21,4.2,0.526436,1562073660.0,2,10,26.8127,3156,1320.03,4.89731,18.6579,28.6336
86889.21,4.2,0.509957,1562073720.0,2,10,26.8459,3157,1350.03,4.90164,18.676,28.5668
86919.21,4.2,0.492866,1562073720.0,2,10,26.8459,3158,1380.03,4.90582,18.6936,28.5668
86949.21,4.1999,0.475776,1562073780.0,2,10,26.8459,3159,1410.03,4.90986,18.7106,28.5168
86979.21,4.1999,0.46128,1562073780.0,2,10,26.8459,3160,1440.03,4.91377,18.727,28.4668
87009.21,4.2002,0.445411,1562073840.0,2,10,26.8459,3161,1470.03,4.91754,18.7428,28.4501
87039.21,4.1999,0.430304,1562073840.0,2,10,26.8625,3162,1500.03,4.92119,18.7582,28.4001
87069.21,4.1999,0.415503,1562073900.0,2,10,26.8459,3163,1530.03,4.92471,18.7729,28.4334
87099.21,4.1999,0.40116,1562073900.0,2,10,26.8459,3164,1560.03,4.92812,18.7872,28.3667
87129.21,4.2,0.386206,1562073960.0,2,10,26.8293,3165,1590.03,4.9314,18.801,28.35
87159.21,4.2,0.374456,1562073960.0,2,10,26.7961,3166,1620.03,4.93457,18.8143,28.2833
87189.21,4.1999,0.35996,1562074020.0,2,10,26.8459,3167,1650.03,4.93763,18.8272,28.2333
87219.21,4.2,0.347753,1562074020.0,2,10,26.8127,3168,1680.03,4.94058,18.8396,28.2833
87249.21,4.2002,0.335088,1562074080.0,2,10,26.8293,3169,1710.03,4.94343,18.8516,28.1332
87279.21,4.1999,0.325475,1562074080.0,2,10,26.7961,3170,1740.03,4.94618,18.8631,28.1999
87309.21,4.2,0.311742,1562074140.0,2,10,26.8127,3171,1770.03,4.94883,18.8743,28.1832
87339.21,4.1999,0.301213,1562074140.0,2,10,26.7961,3172,1800.03,4.95139,18.885,28.1499
87369.21,4.2,0.290379,1562074200.0,2,10,26.8127,3173,1830.03,4.95386,18.8954,28.1165
87399.21,4.2,0.279088,1562074200.0,2,10,26.7961,3174,1860.03,4.95624,18.9053,28.0998
87429.21,4.2,0.271153,1562074260.0,2,10,26.7795,3175,1890.03,4.95853,18.915,28.0665
87459.21,4.1999,0.260624,1562074260.0,2,10,26.7629,3176,1920.03,4.96074,18.9243,28.0164
87489.21,4.1999,0.252384,1562074320.0,2,10,26.7795,3177,1950.03,4.96288,18.9333,27.9831
87519.21,4.2,0.242924,1562074320.0,2,10,26.7629,3178,1980.03,4.96494,18.9419,27.9497
87549.21,4.2,0.234073,1562074380.0,2,10,26.7629,3179,2010.03,4.96693,18.9503,27.9164
87579.21,4.2,0.226902,1562074380.0,2,10,26.8293,3180,2040.03,4.96884,18.9583,27.883
87609.21,4.1999,0.218967,1562074440.0,2,10,26.8459,3181,2070.03,4.97069,18.9661,27.8663
87639.21,4.1999,0.210117,1562074440.0,2,10,26.8293,3182,2100.03,4.97248,18.9736,27.8663
87669.21,4.2,0.20325,1562074500.0,2,10,26.8293,3183,2130.03,4.9742,18.9808,27.8663
87699.21,4.1999,0.194858,1562074500.0,2,10,26.8293,3184,2160.03,4.97586,18.9878,27.8163
87729.21,4.1997,0.188144,1562074560.0,2,10,26.7629,3185,2190.03,4.97746,18.9945,27.7829
87759.21,4.2,0.181582,1562074560.0,2,10,26.8625,3186,2220.03,4.97901,19.001,27.7663
87789.21,4.2002,0.17731,1562074620.0,2,10,26.8127,3187,2250.03,4.9805,19.0072,27.6995
87819.21,4.1999,0.16907,1562074620.0,2,10,26.8127,3188,2280.03,4.98194,19.0133,27.7663
87849.21,4.2,0.164492,1562074680.0,2,10,26.7961,3189,2310.03,4.98333,19.0192,27.6662
87879.21,4.1999,0.158846,1562074680.0,2,10,26.8293,3190,2340.03,4.98468,19.0248,27.6662
87909.21,4.2,0.153201,1562074740.0,2,10,26.8459,3191,2370.03,4.98598,19.0303,27.6495
87939.21,4.1999,0.148165,1562074740.0,2,10,26.8127,3192,2400.03,4.98723,19.0355,27.6161
87969.21,4.2,0.142367,1562074800.0,2,10,26.8625,3193,2430.03,4.98845,19.0406,27.6161
87999.21,4.1999,0.13901,1562074800.0,2,10,26.8459,3194,2460.03,4.98962,19.0456,27.5995
88029.21,4.2,0.134737,1562074860.0,2,10,26.8293,3195,2490.03,4.99075,19.0503,27.5661
88059.21,4.2002,0.128786,1562074860.0,2,10,26.8293,3196,2520.03,4.99185,19.0549,27.6161
88089.21,4.1999,0.124819,1562074920.0,2,10,26.7961,3197,2550.03,4.9929,19.0594,27.5661
88119.21,4.2002,0.120699,1562074920.0,2,10,26.7629,3198,2580.03,4.99393,19.0637,27.5494
88149.21,4.2,0.118563,1562074980.0,2,10,26.8127,3199,2610.03,4.99492,19.0678,27.4827
88179.21,4.2,0.11429,1562074980.0,2,10,26.7795,3200,2640.03,4.99588,19.0719,27.5161
88209.21,4.2002,0.11017,1562075040.0,2,10,26.7463,3201,2670.03,4.99681,19.0758,27.4994
88239.21,4.1999,0.10544,1562075040.0,2,10,26.7463,3202,2700.03,4.99771,19.0795,27.4827
88269.21,4.2,0.102693,1562075100.0,2,10,26.8293,3203,2730.03,4.99858,19.0832,27.4494
88299.21,4.1999,0.0988785,1562075100.0,2,10,26.8127,3204,2760.03,4.99942,19.0867,27.4327
88329.21,4.2,0.0958267,1562075160.0,2,10,26.7961,3205,2790.03,5.00024,19.0902,27.4327
88359.21,4.2,0.0926223,1562075160.0,2,10,26.7795,3206,2820.03,5.00103,19.0935,27.4327
88389.21,4.2,0.0918593,1562075220.0,2,10,26.7795,3207,2850.03,5.00179,19.0967,27.3993
88419.21,4.2,0.0881971,1562075220.0,2,10,26.7629,3208,2880.03,5.00254,19.0998,27.3826
88449.21,4.2,0.0848402,1562075280.0,2,10,26.8293,3209,2910.03,5.00326,19.1028,27.3326
88479.21,4.2002,0.083772,1562075280.0,2,10,26.8459,3210,2940.03,5.00396,19.1058,27.3326
88509.21,4.1999,0.0816358,1562075340.0,2,10,26.8459,3211,2970.03,5.00464,19.1087,27.3326
88539.21,4.2,0.0775158,1562075340.0,2,10,26.8459,3212,3000.03,5.0053,19.1114,27.3159
88569.21,4.2,0.0756847,1562075400.0,2,10,26.8459,3213,3030.03,5.00594,19.1141,27.366
88599.21,4.1997,0.0727855,1562075400.0,2,10,26.8293,3214,3060.03,5.00656,19.1167,27.3493
88629.21,4.2,0.071107,1562075460.0,2,10,26.8293,3215,3090.03,5.00717,19.1193,27.2826
88659.21,4.2002,0.0686656,1562075460.0,2,10,26.8459,3216,3120.03,5.00776,19.1217,27.2992
88689.21,4.2,0.0695811,1562075520.0,2,10,26.8459,3217,3150.03,5.00833,19.1242,27.2659
88719.21,4.1999,0.0650034,1562075520.0,2,10,26.8459,3218,3180.03,5.00889,19.1265,27.2659
88749.21,4.2,0.0642405,1562075580.0,2,10,26.8625,3219,3210.03,5.00943,19.1288,27.2492
88779.21,4.2,0.061799,1562075580.0,2,10,26.8459,3220,3240.03,5.00995,19.131,27.2325
88809.21,4.1999,0.0596628,1562075640.0,2,10,26.8293,3221,3270.03,5.01046,19.1331,27.2325
88839.21,4.1999,0.0595102,1562075640.0,2,10,26.8127,3222,3300.03,5.01096,19.1352,27.2659
88869.21,4.2002,0.0579843,1562075700.0,2,10,26.7795,3223,3330.03,5.01145,19.1372,27.2492
88899.21,4.2,0.0555428,1562075700.0,2,10,26.8293,3224,3360.03,5.01192,19.1392,27.1992
88929.21,4.2,0.0546273,1562075760.0,2,10,26.7629,3225,3390.03,5.01238,19.1412,27.2325
88959.21,4.2,0.0534066,1562075760.0,2,10,26.8127,3226,3420.03,5.01283,19.143,27.2158
88989.21,4.2,0.0515755,1562075820.0,2,10,26.7961,3227,3450.03,5.01327,19.1449,27.1992
88990.17,4.2,0.0500496,1562075820.0,2,10,26.7961,3228,3450.99,5.01328,19.1449,27.1825
88990.18002,4.1984,0.0,1562075820.0,2,11,26.7961,3229,0.01002,0.0,0.0,27.1825
89020.18002,4.1976,0.0,1562075820.0,2,11,26.7961,3230,30.01002,0.0,0.0,27.1992
89050.18002,4.1971,0.0,1562075880.0,2,11,26.8127,3231,60.01002,0.0,0.0,27.1658
89080.18002,4.197,0.0,1562075880.0,2,11,26.7961,3232,90.01002,0.0,0.0,27.1491
89110.18002,4.1964,0.0,1562075940.0,2,11,26.7961,3233,120.01002,0.0,0.0,27.1992
89140.18002,4.1962,0.0,1562075940.0,2,11,26.7629,3234,150.01002,0.0,0.0,27.1325
89170.18002,4.1959,0.0,1562076000.0,2,11,26.8293,3235,180.01002,0.0,0.0,27.1158
89200.18002,4.1959,0.0,1562076000.0,2,11,26.7795,3236,210.01002,0.0,0.0,27.0657
89230.18002,4.1956,0.0,1562076060.0,2,11,26.7463,3237,240.01002,0.0,0.0,27.1158
89260.18002,4.1953,0.0,1562076060.0,2,11,26.8127,3238,270.01002,0.0,0.0,27.0991
89290.18002,4.1953,0.0,1562076120.0,2,11,26.7297,3239,300.01002,0.0,0.0,27.0991
89320.18002,4.195,0.0,1562076120.0,2,11,26.7297,3240,330.01002,0.0,0.0,27.0991
89350.18002,4.195,0.0,1562076180.0,2,11,26.7961,3241,360.01002,0.0,0.0,27.0991
89380.18002,4.1947,0.0,1562076180.0,2,11,26.7463,3242,390.01002,0.0,0.0,27.0991
89410.18002,4.1947,0.0,1562076240.0,2,11,26.7463,3243,420.01002,0.0,0.0,27.0657
89440.18002,4.1942,0.0,1562076240.0,2,11,26.7795,3244,450.01002,0.0,0.0,27.0824
89470.18002,4.1946,0.0,1562076300.0,2,11,26.7463,3245,480.01002,0.0,0.0,27.0991
89500.18002,4.1942,0.0,1562076300.0,2,11,26.7629,3246,510.01002,0.0,0.0,27.0991
89530.18002,4.1941,0.0,1562076360.0,2,11,26.7795,3247,540.01002,0.0,0.0,27.0991
89560.18002,4.1939,0.0,1562076360.0,2,11,26.8127,3248,570.01002,0.0,0.0,27.0491
89590.18002,4.1935,0.0,1562076420.0,2,11,26.7463,3249,600.01002,0.0,0.0,27.0491
89620.18002,4.1938,0.0,1562076420.0,2,11,26.7463,3250,630.01002,0.0,0.0,27.0491
89650.18002,4.1935,0.0,1562076480.0,2,11,26.7463,3251,660.01002,0.0,0.0,27.0491
89680.18002,4.1935,0.0,1562076480.0,2,11,26.7463,3252,690.01002,0.0,0.0,27.0324
89710.18002,4.1933,0.0,1562076540.0,2,11,26.7463,3253,720.01002,0.0,0.0,27.0491
89740.18002,4.1933,0.0,1562076540.0,2,11,26.7795,3254,750.01002,0.0,0.0,27.0657
89770.18002,4.193,0.0,1562076600.0,2,11,26.7795,3255,780.01002,0.0,0.0,27.0157
89800.18002,4.1929,0.0,1562076600.0,2,11,26.7795,3256,810.01002,0.0,0.0,27.0324
89830.18002,4.1929,0.0,1562076660.0,2,11,26.7961,3257,840.01002,0.0,0.0,27.0324
89860.18002,4.1929,0.0,1562076660.0,2,11,26.7131,3258,870.01002,0.0,0.0,27.0491
89890.18002,4.1924,0.0,1562076720.0,2,11,26.7463,3259,900.01002,0.0,0.0,27.0491
89920.18002,4.1927,0.0,1562076720.0,2,11,26.7629,3260,930.01002,0.0,0.0,27.0657
89950.18002,4.1924,0.0,1562076780.0,2,11,26.7629,3261,960.01002,0.0,0.0,27.0491
89980.18002,4.1926,0.0,1562076780.0,2,11,26.7629,3262,990.01002,0.0,0.0,27.0657
90010.18002,4.1924,0.0,1562076840.0,2,11,26.7297,3263,1020.01002,0.0,0.0,27.0157
90040.18002,4.1924,0.0,1562076840.0,2,11,26.7961,3264,1050.01002,0.0,0.0,27.0157
90070.18002,4.1923,0.0,1562076900.0,2,11,26.7297,3265,1080.01002,0.0,0.0,27.0157
90100.18002,4.1921,0.0,1562076900.0,2,11,26.7297,3266,1110.01002,0.0,0.0,27.0157
90130.18002,4.192,0.0,1562076960.0,2,11,26.7297,3267,1140.01002,0.0,0.0,27.0324
90160.18002,4.1918,0.0,1562076960.0,2,11,26.7629,3268,1170.01002,0.0,0.0,27.0324
90190.18002,4.1918,0.0,1562077020.0,2,11,26.7629,3269,1200.01002,0.0,0.0,26.949
90220.18002,4.192,0.0,1562077020.0,2,11,26.7795,3270,1230.01002,0.0,0.0,26.9657
90250.18002,4.1918,0.0,1562077080.0,2,11,26.7629,3271,1260.01002,0.0,0.0,27.0157
90280.18002,4.1918,0.0,1562077080.0,2,11,26.7629,3272,1290.01002,0.0,0.0,27.0157
90310.18002,4.1917,0.0,1562077140.0,2,11,26.7629,3273,1320.01002,0.0,0.0,26.999
90340.18002,4.1915,0.0,1562077140.0,2,11,26.7629,3274,1350.01002,0.0,0.0,27.0157
90370.18002,4.1913,0.0,1562077200.0,2,11,26.7961,3275,1380.01002,0.0,0.0,27.0157
90400.18002,4.1915,0.0,1562077200.0,2,11,26.7795,3276,1410.01002,0.0,0.0,26.9323
90430.18002,4.1912,0.0,1562077260.0,2,11,26.7795,3277,1440.01002,0.0,0.0,26.9323
90460.18002,4.191,0.0,1562077260.0,2,11,26.7795,3278,1470.01002,0.0,0.0,26.949
90490.18002,4.1913,0.0,1562077320.0,2,11,26.7795,3279,1500.01002,0.0,0.0,27.0157
90520.18002,4.191,0.0,1562077320.0,2,11,26.7629,3280,1530.01002,0.0,0.0,27.0157
90550.18002,4.1909,0.0,1562077380.0,2,11,26.7463,3281,1560.01002,0.0,0.0,26.9823
90580.18002,4.1907,0.0,1562077380.0,2,11,26.7795,3282,1590.01002,0.0,0.0,27.0157
90610.18002,4.1907,0.0,1562077440.0,2,11,26.7961,3283,1620.01002,0.0,0.0,26.949
90640.18002,4.1909,0.0,1562077440.0,2,11,26.7795,3284,1650.01002,0.0,0.0,26.9657
90670.18002,4.1907,0.0,1562077500.0,2,11,26.7961,3285,1680.01002,0.0,0.0,26.949
90700.18002,4.1906,0.0,1562077500.0,2,11,26.7961,3286,1710.01002,0.0,0.0,26.949
90730.18002,4.1907,0.0,1562077560.0,2,11,26.7629,3287,1740.01002,0.0,0.0,26.949
90760.18002,4.1904,0.0,1562077560.0,2,11,26.7629,3288,1770.01002,0.0,0.0,26.949
90790.18002,4.1904,0.0,1562077620.0,2,11,26.8293,3289,1800.01002,0.0,0.0,26.9323
90820.18002,4.1906,0.0,1562077620.0,2,11,26.7629,3290,1830.01002,0.0,0.0,26.949
90850.18002,4.1903,0.0,1562077680.0,2,11,26.7795,3291,1860.01002,0.0,0.0,26.9156
90880.18002,4.1901,0.0,1562077680.0,2,11,26.7961,3292,1890.01002,0.0,0.0,26.9323
90910.18002,4.1904,0.0,1562077740.0,2,11,26.7463,3293,1920.01002,0.0,0.0,26.9657
90940.18002,4.1901,0.0,1562077740.0,2,11,26.7463,3294,1950.01002,0.0,0.0,26.9657
90970.18002,4.1903,0.0,1562077800.0,2,11,26.7297,3295,1980.01002,0.0,0.0,26.949
91000.18002,4.1901,0.0,1562077800.0,2,11,26.7297,3296,2010.01002,0.0,0.0,26.949
91030.18002,4.1901,0.0,1562077860.0,2,11,26.7795,3297,2040.01002,0.0,0.0,26.9323
91060.18002,4.1901,0.0,1562077860.0,2,11,26.7961,3298,2070.01002,0.0,0.0,26.9323
91090.18002,4.1901,0.0,1562077920.0,2,11,26.7795,3299,2100.01002,0.0,0.0,26.9323
91120.18002,4.1901,0.0,1562077920.0,2,11,26.7297,3300,2130.01002,0.0,0.0,26.9323
91150.18002,4.1898,0.0,1562077980.0,2,11,26.7795,3301,2160.01002,0.0,0.0,26.8989
91180.18002,4.19,0.0,1562077980.0,2,11,26.7463,3302,2190.01002,0.0,0.0,26.9323
91210.18002,4.1897,0.0,1562078040.0,2,11,26.7463,3303,2220.01002,0.0,0.0,26.9156
91240.18002,4.1897,0.0,1562078040.0,2,11,26.7463,3304,2250.01002,0.0,0.0,26.9323
91270.18002,4.1895,0.0,1562078100.0,2,11,26.7463,3305,2280.01002,0.0,0.0,26.9156
91300.18002,4.1897,0.0,1562078100.0,2,11,26.7297,3306,2310.01002,0.0,0.0,26.9156
91330.18002,4.1897,0.0,1562078160.0,2,11,26.7795,3307,2340.01002,0.0,0.0,26.8989
91360.18002,4.1897,0.0,1562078160.0,2,11,26.7463,3308,2370.01002,0.0,0.0,26.8823
91390.18002,4.1895,0.0,1562078220.0,2,11,26.7131,3309,2400.01002,0.0,0.0,26.9156
91420.18002,4.1895,0.0,1562078220.0,2,11,26.7629,3310,2430.01002,0.0,0.0,26.8823
91450.18002,4.1895,0.0,1562078280.0,2,11,26.7463,3311,2460.01002,0.0,0.0,26.9156
91480.18002,4.1894,0.0,1562078280.0,2,11,26.7629,3312,2490.01002,0.0,0.0,26.8823
91510.18002,4.1894,0.0,1562078340.0,2,11,26.7795,3313,2520.01002,0.0,0.0,26.8989
91540.18002,4.1894,0.0,1562078340.0,2,11,26.7629,3314,2550.01002,0.0,0.0,26.8989
91570.18002,4.1894,0.0,1562078400.0,2,11,26.7795,3315,2580.01002,0.0,0.0,26.8989
91600.18002,4.1894,0.0,1562078400.0,2,11,26.7795,3316,2610.01002,0.0,0.0,26.8989
91630.18002,4.1891,0.0,1562078460.0,2,11,26.7629,3317,2640.01002,0.0,0.0,26.8989
91660.18002,4.1891,0.0,1562078460.0,2,11,26.7629,3318,2670.01002,0.0,0.0,26.9323
91690.18002,4.1892,0.0,1562078520.0,2,11,26.7629,3319,2700.01002,0.0,0.0,26.9323
91720.18002,4.1892,0.0,1562078520.0,2,11,26.7629,3320,2730.01002,0.0,0.0,26.8989
91750.18002,4.1889,0.0,1562078580.0,2,11,26.7795,3321,2760.01002,0.0,0.0,26.9156
91780.18002,4.1889,0.0,1562078580.0,2,11,26.7297,3322,2790.01002,0.0,0.0,26.8989
91810.18002,4.1889,0.0,1562078640.0,2,11,26.7463,3323,2820.01002,0.0,0.0,26.9323
91840.18002,4.1889,0.0,1562078640.0,2,11,26.7463,3324,2850.01002,0.0,0.0,26.8989
91870.18002,4.1889,0.0,1562078700.0,2,11,26.7463,3325,2880.01002,0.0,0.0,26.8823
91900.18002,4.1888,0.0,1562078700.0,2,11,26.7463,3326,2910.01002,0.0,0.0,26.8823
91930.18002,4.1888,0.0,1562078760.0,2,11,26.7629,3327,2940.01002,0.0,0.0,26.8989
91960.18002,4.1888,0.0,1562078760.0,2,11,26.7463,3328,2970.01002,0.0,0.0,26.8823
91990.18002,4.1888,0.0,1562078820.0,2,11,26.7297,3329,3000.01002,0.0,0.0,26.9156
92020.18002,4.1888,0.0,1562078820.0,2,11,26.7297,3330,3030.01002,0.0,0.0,26.9323
92050.18002,4.1888,0.0,1562078880.0,2,11,26.6965,3331,3060.01002,0.0,0.0,26.8989
92080.18002,4.1886,0.0,1562078880.0,2,11,26.7297,3332,3090.01002,0.0,0.0,26.8989
92110.18002,4.1886,0.0,1562078940.0,2,11,26.6965,3333,3120.01002,0.0,0.0,26.9156
92140.18002,4.1884,0.0,1562078940.0,2,11,26.6799,3334,3150.01002,0.0,0.0,26.8989
92170.18002,4.1884,0.0,1562079000.0,2,11,26.7297,3335,3180.01002,0.0,0.0,26.8656
92200.18002,4.1883,0.0,1562079000.0,2,11,26.7131,3336,3210.01002,0.0,0.0,26.8489
92230.18002,4.1886,0.0,1562079060.0,2,11,26.7131,3337,3240.01002,0.0,0.0,26.9323
92260.18002,4.1886,0.0,1562079060.0,2,11,26.7131,3338,3270.01002,0.0,0.0,26.9156
92290.18002,4.1883,0.0,1562079120.0,2,11,26.7297,3339,3300.01002,0.0,0.0,26.8656
92320.18002,4.1881,0.0,1562079120.0,2,11,26.6965,3340,3330.01002,0.0,0.0,26.9323
92350.18002,4.1881,0.0,1562079180.0,2,11,26.7131,3341,3360.01002,0.0,0.0,26.9323
92380.18002,4.1884,0.0,1562079180.0,2,11,26.7131,3342,3390.01002,0.0,0.0,26.8489
92410.18002,4.1883,0.0,1562079240.0,2,11,26.7297,3343,3420.01002,0.0,0.0,26.8656
92440.18002,4.1881,0.0,1562079240.0,2,11,26.7463,3344,3450.01002,0.0,0.0,26.8656
92470.18002,4.1881,0.0,1562079300.0,2,11,26.7131,3345,3480.01002,0.0,0.0,26.9323
92500.18002,4.1883,0.0,1562079300.0,2,11,26.7131,3346,3510.01002,0.0,0.0,26.9323
92530.18002,4.1881,0.0,1562079360.0,2,11,26.7131,3347,3540.01002,0.0,0.0,26.9323
92560.18002,4.188,0.0,1562079360.0,2,11,26.6799,3348,3570.01002,0.0,0.0,26.9156
92590.18002,4.188,0.0,1562079420.0,2,11,26.6633,3349,3600.01002,0.0,0.0,26.8823
92620.18002,4.188,0.0,1562079420.0,2,11,26.7463,3350,3630.01002,0.0,0.0,26.8989
92650.18002,4.1881,0.0,1562079480.0,2,11,26.6799,3351,3660.01002,0.0,0.0,26.8823
92680.18002,4.1881,0.0,1562079480.0,2,11,26.7463,3352,3690.01002,0.0,0.0,26.8823
92710.18002,4.188,0.0,1562079540.0,2,11,26.7463,3353,3720.01002,0.0,0.0,26.8823
92740.18002,4.188,0.0,1562079540.0,2,11,26.7297,3354,3750.01002,0.0,0.0,26.8489
92770.18002,4.1878,0.0,1562079600.0,2,11,26.6965,3355,3780.01002,0.0,0.0,26.8989
92800.18002,4.1878,0.0,1562079600.0,2,11,26.6799,3356,3810.01002,0.0,0.0,26.8823
92830.18002,4.1877,0.0,1562079660.0,2,11,26.6799,3357,3840.01002,0.0,0.0,26.8489
92860.18002,4.188,0.0,1562079660.0,2,11,26.6799,3358,3870.01002,0.0,0.0,26.8656
92890.18002,4.1877,0.0,1562079720.0,2,11,26.6633,3359,3900.01002,0.0,0.0,26.8489
92920.18002,4.1877,0.0,1562079720.0,2,11,26.7297,3360,3930.01002,0.0,0.0,26.8656
92950.18002,4.1878,0.0,1562079780.0,2,11,26.7463,3361,3960.01002,0.0,0.0,26.8656
92980.18002,4.1877,0.0,1562079780.0,2,11,26.7297,3362,3990.01002,0.0,0.0,26.8489
93010.18002,4.1875,0.0,1562079840.0,2,11,26.6965,3363,4020.01002,0.0,0.0,26.8155
93040.18002,4.1875,0.0,1562079840.0,2,11,26.6799,3364,4050.01002,0.0,0.0,26.8656
93070.18002,4.1877,0.0,1562079900.0,2,11,26.6799,3365,4080.01002,0.0,0.0,26.8656
93100.18002,4.1875,0.0,1562079900.0,2,11,26.6633,3366,4110.01002,0.0,0.0,26.8656
93130.18002,4.1875,0.0,1562079960.0,2,11,26.6467,3367,4140.01002,0.0,0.0,26.8489
93160.18002,4.1875,0.0,1562079960.0,2,11,26.7297,3368,4170.01002,0.0,0.0,26.8489
93190.18002,4.1874,0.0,1562080020.0,2,11,26.7131,3369,4200.01002,0.0,0.0,26.8489
93220.18002,4.1874,0.0,1562080020.0,2,11,26.7131,3370,4230.01002,0.0,0.0,26.8322
93250.18002,4.1875,0.0,1562080080.0,2,11,26.7131,3371,4260.01002,0.0,0.0,26.8656
93280.18002,4.1874,0.0,1562080080.0,2,11,26.6633,3372,4290.01002,0.0,0.0,26.8656
93310.18002,4.1872,0.0,1562080140.0,2,11,26.6633,3373,4320.01002,0.0,0.0,26.8489
93340.18002,4.1875,0.0,1562080140.0,2,11,26.7297,3374,4350.01002,0.0,0.0,26.8489
93370.18002,4.1874,0.0,1562080200.0,2,11,26.7463,3375,4380.01002,0.0,0.0,26.8489
93400.18002,4.1874,0.0,1562080200.0,2,11,26.6633,3376,4410.01002,0.0,0.0,26.8489
93430.18002,4.1874,0.0,1562080260.0,2,11,26.6799,3377,4440.01002,0.0,0.0,26.8656
93460.18002,4.1874,0.0,1562080260.0,2,11,26.6799,3378,4470.01002,0.0,0.0,26.8656
93490.18002,4.1872,0.0,1562080320.0,2,11,26.6633,3379,4500.01002,0.0,0.0,26.8489
93520.18002,4.1874,0.0,1562080320.0,2,11,26.7297,3380,4530.01002,0.0,0.0,26.8155
93550.18002,4.1872,0.0,1562080380.0,2,11,26.7131,3381,4560.01002,0.0,0.0,26.8823
93580.18002,4.1872,0.0,1562080380.0,2,11,26.7297,3382,4590.01002,0.0,0.0,26.8489
93610.18002,4.1871,0.0,1562080440.0,2,11,26.7297,3383,4620.01002,0.0,0.0,26.8489
93640.18002,4.1872,0.0,1562080440.0,2,11,26.7463,3384,4650.01002,0.0,0.0,26.8322
93670.18002,4.1871,0.0,1562080500.0,2,11,26.7297,3385,4680.01002,0.0,0.0,26.8989
93700.18002,4.1869,0.0,1562080500.0,2,11,26.7131,3386,4710.01002,0.0,0.0,26.8989
93730.18002,4.1871,0.0,1562080560.0,2,11,26.7131,3387,4740.01002,0.0,0.0,26.8489
93760.18002,4.1871,0.0,1562080560.0,2,11,26.7297,3388,4770.01002,0.0,0.0,26.8322
93790.18002,4.1871,0.0,1562080620.0,2,11,26.7131,3389,4800.01002,0.0,0.0,26.8322
93820.18002,4.1871,0.0,1562080620.0,2,11,26.6799,3390,4830.01002,0.0,0.0,26.8155
93850.18002,4.1871,0.0,1562080680.0,2,11,26.7131,3391,4860.01002,0.0,0.0,26.8155
93880.18002,4.1869,0.0,1562080680.0,2,11,26.7131,3392,4890.01002,0.0,0.0,26.8155
93910.18002,4.1868,0.0,1562080740.0,2,11,26.7131,3393,4920.01002,0.0,0.0,26.8155
93940.18002,4.1871,0.0,1562080740.0,2,11,26.7297,3394,4950.01002,0.0,0.0,26.8489
93970.18002,4.1868,0.0,1562080800.0,2,11,26.7297,3395,4980.01002,0.0,0.0,26.8489
94000.18002,4.1868,0.0,1562080800.0,2,11,26.6633,3396,5010.01002,0.0,0.0,26.8656
94030.18002,4.1869,0.0,1562080860.0,2,11,26.6799,3397,5040.01002,0.0,0.0,26.8989
94060.18002,4.1868,0.0,1562080860.0,2,11,26.6965,3398,5070.01002,0.0,0.0,26.8322
94090.18002,4.1869,0.0,1562080920.0,2,11,26.7297,3399,5100.01002,0.0,0.0,26.8489
94120.18002,4.1868,0.0,1562080920.0,2,11,26.6633,3400,5130.01002,0.0,0.0,26.8322
94150.18002,4.1868,0.0,1562080980.0,2,11,26.7297,3401,5160.01002,0.0,0.0,26.8322
94180.18002,4.1869,0.0,1562080980.0,2,11,26.7131,3402,5190.01002,0.0,0.0,26.8155
94210.18002,4.1868,0.0,1562081040.0,2,11,26.7297,3403,5220.01002,0.0,0.0,26.8322
94240.18002,4.1868,0.0,1562081040.0,2,11,26.6799,3404,5250.01002,0.0,0.0,26.8322
94270.18002,4.1866,0.0,1562081100.0,2,11,26.7297,3405,5280.01002,0.0,0.0,26.8155
94300.18002,4.1866,0.0,1562081100.0,2,11,26.7463,3406,5310.01002,0.0,0.0,26.8489
94330.18002,4.1868,0.0,1562081160.0,2,11,26.7463,3407,5340.01002,0.0,0.0,26.8489
94360.18002,4.1866,0.0,1562081160.0,2,11,26.6799,3408,5370.01002,0.0,0.0,26.8489
94390.18002,4.1868,0.0,1562081220.0,2,11,26.6965,3409,5400.01002,0.0,0.0,26.8656
94420.18002,4.1865,0.0,1562081220.0,2,11,26.7131,3410,5430.01002,0.0,0.0,26.8656
94450.18002,4.1866,0.0,1562081280.0,2,11,26.7131,3411,5460.01002,0.0,0.0,26.8823
94480.18002,4.1865,0.0,1562081280.0,2,11,26.7131,3412,5490.01002,0.0,0.0,26.8823
94510.18002,4.1865,0.0,1562081340.0,2,11,26.7297,3413,5520.01002,0.0,0.0,26.8322
94540.18002,4.1865,0.0,1562081340.0,2,11,26.7297,3414,5550.01002,0.0,0.0,26.9657
94570.18002,4.1865,0.0,1562081400.0,2,11,26.7131,3415,5580.01002,0.0,0.0,26.9156
94600.18002,4.1865,0.0,1562081400.0,2,11,26.7297,3416,5610.01002,0.0,0.0,26.8489
94630.18002,4.1866,0.0,1562081460.0,2,11,26.7297,3417,5640.01002,0.0,0.0,26.8489
94660.18002,4.1865,0.0,1562081460.0,2,11,26.7463,3418,5670.01002,0.0,0.0,26.8489
94690.18002,4.1862,0.0,1562081520.0,2,11,26.7131,3419,5700.01002,0.0,0.0,26.8322
94720.18002,4.1865,0.0,1562081520.0,2,11,26.7629,3420,5730.01002,0.0,0.0,26.8823
94750.18002,4.1865,0.0,1562081580.0,2,11,26.6965,3421,5760.01002,0.0,0.0,26.8823
94780.18002,4.1862,0.0,1562081580.0,2,11,26.6965,3422,5790.01002,0.0,0.0,26.8823
94810.18002,4.1862,0.0,1562081640.0,2,11,26.7629,3423,5820.01002,0.0,0.0,26.8489
94840.18002,4.1863,0.0,1562081640.0,2,11,26.7463,3424,5850.01002,0.0,0.0,26.8489
94870.18002,4.186,0.0,1562081700.0,2,11,26.7463,3425,5880.01002,0.0,0.0,26.8489
94900.18002,4.1862,0.0,1562081700.0,2,11,26.7463,3426,5910.01002,0.0,0.0,26.8322
94930.18002,4.1865,0.0,1562081760.0,2,11,26.7463,3427,5940.01002,0.0,0.0,26.8322
94960.18002,4.1862,0.0,1562081760.0,2,11,26.7463,3428,5970.01002,0.0,0.0,26.8322
94990.18002,4.1863,0.0,1562081820.0,2,11,26.7463,3429,6000.01002,0.0,0.0,26.8322
95020.18002,4.1863,0.0,1562081820.0,2,11,26.7629,3430,6030.01002,0.0,0.0,26.8489
95050.18002,4.186,0.0,1562081880.0,2,11,26.7795,3431,6060.01002,0.0,0.0,26.8656
95080.18002,4.1862,0.0,1562081880.0,2,11,26.7629,3432,6090.01002,0.0,0.0,26.8489
95110.18002,4.1859,0.0,1562081940.0,2,11,26.7795,3433,6120.01002,0.0,0.0,26.8489
95140.18002,4.186,0.0,1562081940.0,2,11,26.7131,3434,6150.01002,0.0,0.0,26.8823
95170.18002,4.1862,0.0,1562082000.0,2,11,26.7131,3435,6180.01002,0.0,0.0,26.8823
95200.18002,4.1862,0.0,1562082000.0,2,11,26.7131,3436,6210.01002,0.0,0.0,26.8656
95230.18002,4.1862,0.0,1562082060.0,2,11,26.6965,3437,6240.01002,0.0,0.0,26.8489
95260.18002,4.1859,0.0,1562082060.0,2,11,26.7131,3438,6270.01002,0.0,0.0,26.8823
95290.18002,4.1859,0.0,1562082120.0,2,11,26.7131,3439,6300.01002,0.0,0.0,26.8823
95320.18002,4.186,0.0,1562082120.0,2,11,26.7297,3440,6330.01002,0.0,0.0,26.8989
95350.18002,4.1859,0.0,1562082180.0,2,11,26.7297,3441,6360.01002,0.0,0.0,26.8155
95380.18002,4.1857,0.0,1562082180.0,2,11,26.7131,3442,6390.01002,0.0,0.0,26.8989
95410.18002,4.1859,0.0,1562082240.0,2,11,26.7297,3443,6420.01002,0.0,0.0,26.8989
95440.18002,4.186,0.0,1562082240.0,2,11,26.7131,3444,6450.01002,0.0,0.0,26.8656
95470.18002,4.1857,0.0,1562082300.0,2,11,26.7795,3445,6480.01002,0.0,0.0,26.8656
95500.18002,4.1857,0.0,1562082300.0,2,11,26.7463,3446,6510.01002,0.0,0.0,26.8989
95530.18002,4.186,0.0,1562082360.0,2,11,26.7629,3447,6540.01002,0.0,0.0,26.8322
95560.18002,4.1855,0.0,1562082360.0,2,11,26.7795,3448,6570.01002,0.0,0.0,26.8656
95590.18002,4.1859,0.0,1562082420.0,2,11,26.7297,3449,6600.01002,0.0,0.0,26.8656
95620.18002,4.1859,0.0,1562082420.0,2,11,26.7297,3450,6630.01002,0.0,0.0,26.8823
95650.18002,4.1859,0.0,1562082480.0,2,11,26.7629,3451,6660.01002,0.0,0.0,26.8989
95680.18002,4.1859,0.0,1562082480.0,2,11,26.7463,3452,6690.01002,0.0,0.0,26.8823
95710.18002,4.1857,0.0,1562082540.0,2,11,26.7463,3453,6720.01002,0.0,0.0,26.8823
95740.18002,4.1855,0.0,1562082540.0,2,11,26.7629,3454,6750.01002,0.0,0.0,26.8823
95770.18002,4.1857,0.0,1562082600.0,2,11,26.7795,3455,6780.01002,0.0,0.0,26.8989
95800.18002,4.1859,0.0,1562082600.0,2,11,26.7795,3456,6810.01002,0.0,0.0,26.8989
95830.18002,4.1855,0.0,1562082660.0,2,11,26.7795,3457,6840.01002,0.0,0.0,26.8989
95860.18002,4.1855,0.0,1562082660.0,2,11,26.7795,3458,6870.01002,0.0,0.0,26.8823
95890.18002,4.1857,0.0,1562082720.0,2,11,26.7629,3459,6900.01002,0.0,0.0,26.8989
95920.18002,4.1855,0.0,1562082720.0,2,11,26.7795,3460,6930.01002,0.0,0.0,26.8489
95950.18002,4.1857,0.0,1562082780.0,2,11,26.7629,3461,6960.01002,0.0,0.0,26.8656
95980.18002,4.1854,0.0,1562082780.0,2,11,26.7795,3462,6990.01002,0.0,0.0,26.8489
96010.18002,4.1855,0.0,1562082840.0,2,11,26.7629,3463,7020.01002,0.0,0.0,26.8489
96040.18002,4.1855,0.0,1562082840.0,2,11,26.7297,3464,7050.01002,0.0,0.0,26.8489
96070.18002,4.1854,0.0,1562082900.0,2,11,26.7795,3465,7080.01002,0.0,0.0,26.8489
96100.18002,4.1855,0.0,1562082900.0,2,11,26.7961,3466,7110.01002,0.0,0.0,26.8656
96130.18002,4.1855,0.0,1562082960.0,2,11,26.7961,3467,7140.01002,0.0,0.0,26.8489
96160.18002,4.1852,0.0,1562082960.0,2,11,26.7961,3468,7170.01002,0.0,0.0,26.8322
96190.17,4.1855,0.0,1562083020.0,2,11,26.7629,3469,7200.0,0.0,0.0,26.8489
96190.21002,4.1053,2.50034,1562083020.0,3,12,26.7629,3470,0.04002,2.691e-05,0.00011049,26.8489
96192.10002,4.0951,2.50065,1562083020.0,3,12,26.7629,3471,1.93002,0.00133942,0.00548937,26.8656
96198.43002,4.0848,2.50004,1562083020.0,3,12,26.7463,3472,8.26002,0.00573522,0.0234656,26.8656
96208.51002,4.0746,2.50004,1562083020.0,3,12,26.7297,3473,18.34002,0.0127352,0.0520213,26.8823
96222.58998,4.0644,2.49973,1562083020.0,3,12,26.7297,3474,32.41998,0.0225129,0.0918093,26.8989
96240.93,4.0543,2.49973,1562083020.0,3,12,26.7131,3475,50.76,0.0352489,0.143507,26.9323
96264.55002,4.0443,2.49973,1562083080.0,3,12,26.7131,3476,74.38002,0.0516515,0.209923,26.9823
96294.55002,4.0345,2.49958,1562083080.0,3,12,26.7297,3477,104.38002,0.0724847,0.294071,27.0491
96324.55002,4.0261,2.49958,1562083140.0,3,12,26.7297,3478,134.38002,0.0933179,0.378031,27.0991
96354.55002,4.0195,2.49973,1562083140.0,3,12,26.7297,3479,164.38002,0.114151,0.461837,27.1992
96384.55002,4.0134,2.50019,1562083200.0,3,12,26.7297,3480,194.38002,0.134984,0.545512,27.2492
96414.55002,4.0084,2.5005,1562083200.0,3,12,26.7297,3481,224.38002,0.155817,0.629071,27.3326
96444.55002,4.0037,2.49973,1562083260.0,3,12,26.7297,3482,254.38002,0.176651,0.71253,27.3993
96474.55002,3.9997,2.50034,1562083260.0,3,12,26.7463,3483,284.38002,0.197484,0.795899,27.4994
96504.55002,3.9962,2.50004,1562083320.0,3,12,26.7795,3484,314.38002,0.218317,0.879189,27.4827
96534.55002,3.9925,2.50004,1562083320.0,3,12,26.7629,3485,344.38002,0.23915,0.962406,27.6161
96564.55002,3.9896,2.50004,1562083380.0,3,12,26.7629,3486,374.38002,0.259983,1.04555,27.6829
96594.55002,3.9867,2.50019,1562083380.0,3,12,26.7795,3487,404.38002,0.280816,1.12864,27.7496
96624.55002,3.9841,2.50019,1562083440.0,3,12,26.7629,3488,434.38002,0.30165,1.21167,27.7996
96654.55002,3.9814,2.50034,1562083440.0,3,12,26.7629,3489,464.38002,0.322483,1.29465,27.8496
96684.55002,3.9789,2.49973,1562083500.0,3,12,26.7629,3490,494.38002,0.343316,1.37757,27.8663
96714.55002,3.9767,2.50004,1562083500.0,3,12,26.8459,3491,524.38002,0.364149,1.46044,27.9164
96744.55002,3.9744,2.49989,1562083560.0,3,12,26.8293,3492,554.38002,0.384982,1.54326,27.9998
96774.55002,3.9719,2.49989,1562083560.0,3,12,26.7961,3493,584.38002,0.405816,1.62603,28.0164
96804.55002,3.9695,2.49973,1562083620.0,3,12,26.8127,3494,614.38002,0.426649,1.70876,28.0998
96834.55002,3.9672,2.50019,1562083620.0,3,12,26.7795,3495,644.38002,0.447482,1.79143,28.1499
96864.55002,3.9649,2.49973,1562083680.0,3,12,26.7961,3496,674.38002,0.468315,1.87406,28.1999
96894.55002,3.9626,2.49989,1562083680.0,3,12,26.7629,3497,704.38002,0.489148,1.95664,28.2499
96924.55002,3.9602,2.49989,1562083740.0,3,12,26.8127,3498,734.38002,0.509981,2.03917,28.3167
96954.55002,3.9579,2.49989,1562083740.0,3,12,26.8127,3499,764.38002,0.530815,2.12165,28.3667
96984.55002,3.9554,2.50034,1562083800.0,3,12,26.8459,3500,794.38002,0.551648,2.20408,28.4167
97014.55002,3.9528,2.49989,1562083800.0,3,12,26.7795,3501,824.38002,0.572481,2.28646,28.5001
97044.55002,3.9503,2.49989,1562083860.0,3,12,26.7795,3502,854.38002,0.593314,2.36879,28.5335
97074.55002,3.9475,2.50004,1562083860.0,3,12,26.7795,3503,884.38002,0.614147,2.45106,28.6002
97104.55002,3.9446,2.50019,1562083920.0,3,12,26.7795,3504,914.38002,0.63498,2.53327,28.6336
97134.55002,3.9419,2.50004,1562083920.0,3,12,26.8625,3505,944.38002,0.655814,2.61542,28.6669
97164.55002,3.9387,2.50019,1562083980.0,3,12,26.8459,3506,974.38002,0.676647,2.69751,28.7003
97194.55002,3.9355,2.50004,1562083980.0,3,12,26.8127,3507,1004.38002,0.69748,2.77953,28.8004
97224.55002,3.9316,2.49989,1562084040.0,3,12,26.7961,3508,1034.38002,0.718313,2.86148,28.8671
97254.55002,3.9283,2.5005,1562084040.0,3,12,26.8127,3509,1064.38002,0.739146,2.94336,28.9004
97284.55002,3.9245,2.49973,1562084100.0,3,12,26.8459,3510,1094.38002,0.75998,3.02516,28.9171
97314.55002,3.9205,2.49989,1562084100.0,3,12,26.8459,3511,1124.38002,0.780813,3.10688,28.9171
97344.55002,3.9164,2.50004,1562084160.0,3,12,26.8127,3512,1154.38002,0.801646,3.18851,29.0172
97374.55002,3.912,2.50004,1562084160.0,3,12,26.8293,3513,1184.38002,0.822479,3.27006,29.0172
97404.55002,3.9074,2.50019,1562084220.0,3,12,26.8459,3514,1214.38002,0.843312,3.35152,29.0505
97434.55002,3.903,2.49989,1562084220.0,3,12,26.7961,3515,1244.38002,0.864145,3.43288,29.1173
97464.55002,3.8982,2.50034,1562084280.0,3,12,26.7795,3516,1274.38002,0.884979,3.51414,29.184
97494.55002,3.8936,2.50019,1562084280.0,3,12,26.7961,3517,1304.38002,0.905812,3.59531,29.2173
97524.55002,3.8888,2.50004,1562084340.0,3,12,26.8293,3518,1334.38002,0.926645,3.67637,29.2674
97554.55002,3.8839,2.50004,1562084340.0,3,12,26.8459,3519,1364.38002,0.947478,3.75734,29.3341
97584.55002,3.8788,2.50019,1562084400.0,3,12,26.8293,3520,1394.38002,0.968311,3.8382,29.3508
97614.55002,3.8741,2.49973,1562084400.0,3,12,26.7961,3521,1424.38002,0.989144,3.91896,29.3341
97644.55002,3.8689,2.50004,1562084460.0,3,12,26.7795,3522,1454.38002,1.00998,3.99962,29.3508
97674.55002,3.8639,2.50019,1562084460.0,3,12,26.8293,3523,1484.38002,1.03081,4.08017,29.3674
97704.55002,3.8592,2.50004,1562084520.0,3,12,26.8127,3524,1514.38002,1.05164,4.16062,29.4008
97734.55002,3.8541,2.49989,1562084520.0,3,12,26.8459,3525,1544.38002,1.07248,4.24096,29.4675
97764.55002,3.8494,2.49989,1562084580.0,3,12,26.8791,3526,1574.38002,1.09331,4.32121,29.4508
97794.55002,3.8445,2.50019,1562084580.0,3,12,26.8791,3527,1604.38002,1.11414,4.40135,29.4842
97824.55002,3.8395,2.50004,1562084640.0,3,12,26.8459,3528,1634.38002,1.13498,4.48139,29.5342
97854.55002,3.8349,2.50004,1562084640.0,3,12,26.8625,3529,1664.38002,1.15581,4.56134,29.5843
97884.55002,3.8303,2.49989,1562084700.0,3,12,26.8625,3530,1694.38002,1.17664,4.64118,29.5009
97914.55002,3.826,2.50019,1562084700.0,3,12,26.8625,3531,1724.38002,1.19748,4.72094,29.5176
97944.55002,3.8216,2.49989,1562084760.0,3,12,26.8625,3532,1754.38002,1.21831,4.8006,29.5342
97974.55002,3.8172,2.50019,1562084760.0,3,12,26.8293,3533,1784.38002,1.23914,4.88017,29.5843
98004.55002,3.8131,2.49989,1562084820.0,3,12,26.8127,3534,1814.38002,1.25998,4.95965,29.651
98034.55002,3.8087,2.50004,1562084820.0,3,12,26.8459,3535,1844.38002,1.28081,5.03904,29.6176
98064.55002,3.8045,2.50034,1562084880.0,3,12,26.8625,3536,1874.38002,1.30164,5.11834,29.6176
98094.55002,3.8003,2.50004,1562084880.0,3,12,26.8957,3537,1904.38002,1.32248,5.19756,29.6343
98124.55002,3.7963,2.49989,1562084940.0,3,12,26.8293,3538,1934.38002,1.34331,5.2767,29.651
98154.55002,3.7925,2.49989,1562084940.0,3,12,26.8293,3539,1964.38002,1.36414,5.35575,29.701
98184.55002,3.7888,2.50004,1562085000.0,3,12,26.7961,3540,1994.38002,1.38497,5.43472,29.701
98214.55002,3.7847,2.50019,1562085000.0,3,12,26.8127,3541,2024.38002,1.40581,5.51361,29.7344
98244.55002,3.781,2.49989,1562085060.0,3,12,26.8459,3542,2054.38002,1.42664,5.59242,29.6843
98274.55002,3.7774,2.49973,1562085060.0,3,12,26.8127,3543,2084.38002,1.44747,5.67115,29.6843
98304.55002,3.7734,2.49989,1562085120.0,3,12,26.8459,3544,2114.38002,1.46831,5.74981,29.701
98334.55002,3.7696,2.49943,1562085120.0,3,12,26.8293,3545,2144.38002,1.48914,5.82838,29.7511
98364.55002,3.7659,2.50019,1562085180.0,3,12,26.7795,3546,2174.38002,1.50997,5.90688,29.7344
98394.55002,3.7621,2.50019,1562085180.0,3,12,26.8625,3547,2204.38002,1.53081,5.98529,29.7677
98424.55002,3.7581,2.49989,1562085240.0,3,12,26.8791,3548,2234.38002,1.55164,6.06363,29.9512
98454.55002,3.7546,2.49973,1562085240.0,3,12,26.8625,3549,2264.38002,1.57247,6.14189,30.0012
98484.55002,3.7507,2.49973,1562085300.0,3,12,26.7961,3550,2294.38002,1.59331,6.22007,29.9512
98514.55002,3.7467,2.50019,1562085300.0,3,12,26.8459,3551,2324.38002,1.61414,6.29818,29.9512
98544.55002,3.7433,2.49973,1562085360.0,3,12,26.8459,3552,2354.38002,1.63497,6.3762,29.9512
98574.55002,3.7392,2.49973,1562085360.0,3,12,26.8127,3553,2384.38002,1.65581,6.45414,29.8678
98604.55002,3.7356,2.49973,1562085420.0,3,12,26.8791,3554,2414.38002,1.67664,6.532,29.8845
98634.55002,3.7314,2.49958,1562085420.0,3,12,26.8957,3555,2444.38002,1.69747,6.60978,29.9012
98664.55002,3.7275,2.50004,1562085480.0,3,12,26.8791,3556,2474.38002,1.71831,6.68748,29.9179
98694.55002,3.7235,2.49973,1562085480.0,3,12,26.8625,3557,2504.38002,1.73914,6.7651,29.9012
98724.55002,3.7195,2.49958,1562085540.0,3,12,26.8957,3558,2534.38002,1.75997,6.84263,29.9345
98754.55002,3.7153,2.5005,1562085540.0,3,12,26.8459,3559,2564.38002,1.78081,6.92007,29.8845
98784.55002,3.7108,2.49989,1562085600.0,3,12,26.8957,3560,2594.38002,1.80164,6.99743,29.9512
98814.55002,3.7069,2.50019,1562085600.0,3,12,26.8625,3561,2624.38002,1.82247,7.0747,29.9345
98844.55002,3.7026,2.49973,1562085660.0,3,12,26.8459,3562,2654.38002,1.8433,7.15188,29.9512
98874.55002,3.6983,2.50034,1562085660.0,3,12,26.8625,3563,2684.38002,1.86414,7.22897,29.9512
98904.55002,3.6941,2.49958,1562085720.0,3,12,26.8791,3564,2714.38002,1.88497,7.30597,29.9679
98934.55002,3.6893,2.50034,1562085720.0,3,12,26.8459,3565,2744.38002,1.9058,7.38289,29.9679
98964.55002,3.6851,2.50004,1562085780.0,3,12,26.8127,3566,2774.38002,1.92664,7.45971,30.0175
98994.55002,3.6806,2.50004,1562085780.0,3,12,26.8625,3567,2804.38002,1.94747,7.53643,30.0012
99024.55002,3.6764,2.49989,1562085840.0,3,12,26.8293,3568,2834.38002,1.9683,7.61307,30.0012
99054.55002,3.6715,2.50004,1562085840.0,3,12,26.8791,3569,2864.38002,1.98914,7.68961,30.0663
99084.55002,3.6669,2.50034,1562085900.0,3,12,26.8957,3570,2894.38002,2.00997,7.76605,30.0989
99114.55002,3.6623,2.49989,1562085900.0,3,12,26.8791,3571,2924.38002,2.0308,7.8424,30.1152
99144.55002,3.6579,2.50004,1562085960.0,3,12,26.8791,3572,2954.38002,2.05164,7.91865,30.0663
99174.55002,3.6532,2.49989,1562085960.0,3,12,26.8791,3573,2984.38002,2.07247,7.99481,30.0663
99204.55002,3.6484,2.49989,1562086020.0,3,12,26.8791,3574,3014.38002,2.0933,8.07087,30.0989
99234.55002,3.6437,2.49989,1562086020.0,3,12,26.8293,3575,3044.38002,2.11414,8.14683,30.1477
99264.55002,3.6391,2.49973,1562086080.0,3,12,26.8127,3576,3074.38002,2.13497,8.2227,30.1152
99294.55002,3.6344,2.49973,1562086080.0,3,12,26.8791,3577,3104.38002,2.1558,8.29846,30.0663
99324.55002,3.6297,2.49973,1562086140.0,3,12,26.8625,3578,3134.38002,2.17664,8.37413,30.1477
99354.55002,3.6251,2.49989,1562086140.0,3,12,26.8791,3579,3164.38002,2.19747,8.4497,30.1314
99384.55002,3.6204,2.49989,1562086200.0,3,12,26.8957,3580,3194.38002,2.2183,8.52518,30.0826
99414.55002,3.6156,2.50034,1562086200.0,3,12,26.8625,3581,3224.38002,2.23914,8.60055,30.1803
99444.55002,3.611,2.50004,1562086260.0,3,12,26.8293,3582,3254.38002,2.25997,8.67583,30.164
99474.55002,3.6063,2.49973,1562086260.0,3,12,26.8293,3583,3284.38002,2.2808,8.75101,30.1477
99504.55002,3.6017,2.50034,1562086320.0,3,12,26.8293,3584,3314.38002,2.30163,8.8261,30.1477
99534.55002,3.5972,2.50004,1562086320.0,3,12,26.8625,3585,3344.38002,2.32247,8.90109,30.1966
99564.55002,3.5929,2.50019,1562086380.0,3,12,26.8625,3586,3374.38002,2.3433,8.97598,30.1803
99594.55002,3.5885,2.49989,1562086380.0,3,12,26.8625,3587,3404.38002,2.36413,9.05079,30.1803
99624.55002,3.5839,2.50034,1562086440.0,3,12,26.8293,3588,3434.38002,2.38497,9.1255,30.1314
99654.55002,3.5795,2.49973,1562086440.0,3,12,26.8459,3589,3464.38002,2.4058,9.20012,30.164
99684.55002,3.5752,2.50019,1562086500.0,3,12,26.8293,3590,3494.38002,2.42663,9.27465,30.164
99714.55002,3.5711,2.49973,1562086500.0,3,12,26.8293,3591,3524.38002,2.44747,9.34909,30.1803
99744.55002,3.5671,2.49958,1562086560.0,3,12,26.8459,3592,3554.38002,2.4683,9.42345,30.2291
99774.55002,3.563,2.49973,1562086560.0,3,12,26.8791,3593,3584.38002,2.48913,9.49772,30.164
99804.55002,3.5592,2.50019,1562086620.0,3,12,26.8625,3594,3614.38002,2.50997,9.5719,30.1966
99834.55002,3.5549,2.49989,1562086620.0,3,12,26.8625,3595,3644.38002,2.5308,9.64601,30.1803
99864.55002,3.5512,2.50019,1562086680.0,3,12,26.8625,3596,3674.38002,2.55163,9.72003,30.1966
99894.55002,3.5476,2.50004,1562086680.0,3,12,26.8293,3597,3704.38002,2.57247,9.79397,30.164
99924.55002,3.5438,2.49989,1562086740.0,3,12,26.8293,3598,3734.38002,2.5933,9.86784,30.1966
99954.55002,3.5402,2.50004,1562086740.0,3,12,26.8127,3599,3764.38002,2.61413,9.94163,30.1477
99984.55002,3.5364,2.50019,1562086800.0,3,12,26.8459,3600,3794.38002,2.63497,10.0153,30.2291
100014.55,3.5329,2.5005,1562086800.0,3,12,26.8625,3601,3824.38002,2.6558,10.089,30.1803
100044.55,3.5294,2.49989,1562086860.0,3,12,26.8127,3602,3854.38002,2.67663,10.1626,30.1477
100074.55,3.5261,2.49989,1562086860.0,3,12,26.8459,3603,3884.38002,2.69746,10.2361,30.1314
100104.55,3.5229,2.49989,1562086920.0,3,12,26.8791,3604,3914.38002,2.7183,10.3095,30.164
100134.55,3.5196,2.49989,1562086920.0,3,12,26.8791,3605,3944.38002,2.73913,10.3828,30.164
100164.55,3.5164,2.49989,1562086980.0,3,12,26.8625,3606,3974.38002,2.75996,10.4561,30.1803
100194.55,3.5131,2.50019,1562086980.0,3,12,26.8293,3607,4004.38002,2.7808,10.5294,30.164
100224.55,3.5099,2.50019,1562087040.0,3,12,26.8459,3608,4034.38002,2.80163,10.6025,30.1803
100254.55,3.507,2.50019,1562087040.0,3,12,26.8127,3609,4064.38002,2.82246,10.6756,30.2128
100284.55,3.5038,2.49973,1562087100.0,3,12,26.8459,3610,4094.38002,2.8433,10.7486,30.2128
100314.55,3.5007,2.50019,1562087100.0,3,12,26.8625,3611,4124.38002,2.86413,10.8216,30.2291
100344.55,3.4978,2.50019,1562087160.0,3,12,26.8791,3612,4154.38002,2.88496,10.8945,30.1803
100374.55,3.4948,2.49989,1562087160.0,3,12,26.8957,3613,4184.38002,2.9058,10.9673,30.2291
100404.55,3.4919,2.50004,1562087220.0,3,12,26.8791,3614,4214.38002,2.92663,11.0401,30.2128
100434.55,3.4885,2.49989,1562087220.0,3,12,26.8625,3615,4244.38002,2.94746,11.1128,30.2128
100464.55,3.4858,2.50004,1562087280.0,3,12,26.8625,3616,4274.38002,2.9683,11.1855,30.1966
100494.55,3.4827,2.49989,1562087280.0,3,12,26.8791,3617,4304.38002,2.98913,11.2581,30.2291
100524.55,3.48,2.50034,1562087340.0,3,12,26.8957,3618,4334.38002,3.00996,11.3306,30.2128
100554.55,3.4771,2.49973,1562087340.0,3,12,26.8957,3619,4364.38002,3.0308,11.4031,30.2942
100584.55,3.4743,2.50019,1562087400.0,3,12,26.8957,3620,4394.38002,3.05163,11.4755,30.2617
100614.55,3.4714,2.50004,1562087400.0,3,12,26.8957,3621,4424.38002,3.07246,11.5478,30.2779
100644.55,3.4685,2.49989,1562087460.0,3,12,26.8957,3622,4454.38002,3.0933,11.6201,30.3105
100674.55,3.4658,2.49973,1562087460.0,3,12,26.8791,3623,4484.38002,3.11413,11.6924,30.3105
100704.55,3.4629,2.50004,1562087520.0,3,12,26.8625,3624,4514.38002,3.13496,11.7645,30.3268
100734.55,3.4598,2.49989,1562087520.0,3,12,26.8625,3625,4544.38002,3.15579,11.8367,30.3431
100764.55,3.4572,2.50004,1562087580.0,3,12,26.8625,3626,4574.38002,3.17663,11.9087,30.3268
100794.55,3.4543,2.50034,1562087580.0,3,12,26.8625,3627,4604.38002,3.19746,11.9807,30.3268
100824.55,3.4516,2.49973,1562087640.0,3,12,26.8791,3628,4634.38002,3.21829,12.0526,30.3919
100854.55,3.4482,2.49989,1562087640.0,3,12,26.8791,3629,4664.38002,3.23913,12.1245,30.3593
100884.55,3.4456,2.49989,1562087700.0,3,12,26.8957,3630,4694.38002,3.25996,12.1963,30.4407
100914.55,3.4429,2.49973,1562087700.0,3,12,26.8957,3631,4724.38002,3.28079,12.2681,30.4733
100944.55,3.4397,2.50019,1562087760.0,3,12,26.8957,3632,4754.38002,3.30163,12.3398,30.4733
100974.55,3.4369,2.50019,1562087760.0,3,12,26.8459,3633,4784.38002,3.32246,12.4114,30.5058
101004.55,3.4339,2.49989,1562087820.0,3,12,26.8957,3634,4814.38002,3.34329,12.483,30.5384
101034.55,3.431,2.49989,1562087820.0,3,12,26.8459,3635,4844.38002,3.36413,12.5545,30.5547
101064.55,3.4281,2.49943,1562087880.0,3,12,26.8791,3636,4874.38002,3.38496,12.6259,30.5547
101094.55,3.425,2.49989,1562087880.0,3,12,26.8791,3637,4904.38002,3.40579,12.6973,30.5709
101124.55,3.422,2.50019,1562087940.0,3,12,26.8957,3638,4934.38002,3.42663,12.7686,30.6198
101154.55,3.4188,2.49958,1562087940.0,3,12,26.8957,3639,4964.38002,3.44746,12.8399,30.6361
101184.55,3.4157,2.50004,1562088000.0,3,12,26.8957,3640,4994.38002,3.46829,12.9111,30.6686
101214.55,3.413,2.49989,1562088000.0,3,12,26.8625,3641,5024.38002,3.48913,12.9822,30.6849
101244.55,3.4095,2.49989,1562088060.0,3,12,26.8791,3642,5054.38002,3.50996,13.0533,30.7175
101274.55,3.4066,2.5005,1562088060.0,3,12,26.8791,3643,5084.38002,3.53079,13.1243,30.7826
101304.55,3.4031,2.49973,1562088120.0,3,12,26.8957,3644,5114.38002,3.55163,13.1952,30.7826
101334.55,3.4,2.49973,1562088120.0,3,12,26.8957,3645,5144.38002,3.57246,13.2661,30.7988
101364.55,3.3965,2.50019,1562088180.0,3,12,26.8957,3646,5174.38002,3.59329,13.3369,30.8151
101394.55,3.3931,2.49989,1562088180.0,3,12,26.8791,3647,5204.38002,3.61412,13.4076,30.8965
101424.55,3.3898,2.50019,1562088240.0,3,12,26.8957,3648,5234.38002,3.63496,13.4783,30.9291
101454.55,3.3864,2.49943,1562088240.0,3,12,26.8957,3649,5264.38002,3.65579,13.5489,30.9291
101484.55,3.3831,2.49958,1562088300.0,3,12,26.8791,3650,5294.38002,3.67662,13.6194,30.9779
101514.55,3.3796,2.5005,1562088300.0,3,12,26.8957,3651,5324.38002,3.69746,13.6898,30.9942
101544.55,3.3761,2.50004,1562088360.0,3,12,26.8957,3652,5354.38002,3.71829,13.7602,31.043
101574.55,3.3725,2.49958,1562088360.0,3,12,26.8957,3653,5384.38002,3.73912,13.8305,31.0593
101604.55,3.3689,2.50019,1562088420.0,3,12,26.8791,3654,5414.38002,3.75996,13.9007,31.0593
101634.55,3.3652,2.50004,1562088420.0,3,12,26.8957,3655,5444.38002,3.78079,13.9709,31.1244
101664.55,3.3617,2.50004,1562088480.0,3,12,26.8791,3656,5474.38002,3.80162,14.0409,31.1244
101694.55,3.3574,2.49973,1562088480.0,3,12,26.9455,3657,5504.38002,3.82246,14.1109,31.1244
101724.55,3.3536,2.49989,1562088540.0,3,12,26.6965,3658,5534.38002,3.84329,14.1808,30.9942
101754.55,3.3492,2.50004,1562088540.0,3,12,26.5305,3659,5564.38002,3.86412,14.2507,31.0593
101784.55,3.3451,2.49989,1562088600.0,3,12,26.5969,3660,5594.38002,3.88496,14.3204,31.157
101814.55,3.3405,2.50004,1562088600.0,3,12,26.5803,3661,5624.38002,3.90579,14.39,31.2221
101844.55,3.3359,2.49989,1562088660.0,3,12,26.6301,3662,5654.38002,3.92662,14.4596,31.1895
101874.55,3.3312,2.49989,1562088660.0,3,12,26.6799,3663,5684.38002,3.94746,14.529,31.1895
101904.55,3.3266,2.50034,1562088720.0,3,12,26.7131,3664,5714.38002,3.96829,14.5984,31.2709
101934.55,3.3217,2.50019,1562088720.0,3,12,26.7629,3665,5744.38002,3.98912,14.6676,31.2709
101964.55,3.3164,2.49989,1562088780.0,3,12,26.7795,3666,5774.38002,4.00995,14.7368,31.3197
101994.55,3.3115,2.49958,1562088780.0,3,12,26.8293,3667,5804.38002,4.03079,14.8058,31.3523
102024.55,3.3063,2.50004,1562088840.0,3,12,26.8791,3668,5834.38002,4.05162,14.8748,31.4174
102054.55,3.301,2.50019,1562088840.0,3,12,26.9289,3669,5864.38002,4.07245,14.9436,31.4174
102084.55,3.2956,2.50004,1562088900.0,3,12,26.9289,3670,5894.38002,4.09329,15.0123,31.4174
102114.55,3.2902,2.50004,1562088900.0,3,12,26.9455,3671,5924.38002,4.11412,15.0809,31.45
102144.55,3.2845,2.50004,1562088960.0,3,12,26.9621,3672,5954.38002,4.13495,15.1494,31.4988
102174.55,3.2789,2.50019,1562088960.0,3,12,26.9787,3673,5984.38002,4.15579,15.2177,31.4662
102204.55,3.2731,2.50034,1562089020.0,3,12,27.0119,3674,6014.38002,4.17662,15.286,31.5151
102234.55,3.2671,2.50004,1562089020.0,3,12,26.9953,3675,6044.38002,4.19745,15.3541,31.5965
102264.55,3.2609,2.49989,1562089080.0,3,12,27.0119,3676,6074.38002,4.21829,15.4221,31.5965
102294.55,3.254,2.49989,1562089080.0,3,12,27.0285,3677,6104.38002,4.23912,15.49,31.6453
102324.55,3.2468,2.50004,1562089140.0,3,12,27.0451,3678,6134.38002,4.25995,15.5577,31.629
102354.55,3.2392,2.50004,1562089140.0,3,12,27.0451,3679,6164.38002,4.28079,15.6253,31.6616
102384.55,3.2309,2.49989,1562089200.0,3,12,27.0617,3680,6194.38002,4.30162,15.6927,31.743
102414.55,3.2219,2.50004,1562089200.0,3,12,27.0783,3681,6224.38002,4.32245,15.7599,31.7593
102444.55,3.2125,2.50019,1562089260.0,3,12,27.0783,3682,6254.38002,4.34329,15.8269,31.7755
102474.55,3.2024,2.50004,1562089260.0,3,12,27.0783,3683,6284.38002,4.36412,15.8937,31.9058
102503.69,3.1923,2.49973,1562089320.0,3,12,27.0617,3684,6313.51998,4.38435,15.9584,31.9546
102530.44,3.1823,2.50019,1562089320.0,3,12,27.0617,3685,6340.27002,4.40293,16.0176,31.9709
102555.98,3.1722,2.50019,1562089380.0,3,12,27.0617,3686,6365.80998,4.42067,16.074,32.0685
102580.04,3.162,2.50004,1562089380.0,3,12,27.0617,3687,6389.86998,4.43738,16.1269,32.1011
102603.73,3.1518,2.50019,1562089380.0,3,12,27.0285,3688,6413.56002,4.45383,16.1788,32.1499
102626.2,3.1417,2.50004,1562089440.0,3,12,27.0285,3689,6436.03002,4.46943,16.228,32.1499
102647.51,3.1316,2.49989,1562089440.0,3,12,27.0119,3690,6457.33998,4.48423,16.2744,32.2313
102667.61,3.1215,2.49973,1562089440.0,3,12,27.0119,3691,6477.43998,4.49819,16.318,32.2313
102686.95,3.1115,2.50004,1562089500.0,3,12,27.0119,3692,6496.78002,4.51162,16.3599,32.2964
102705.95,3.1014,2.49958,1562089500.0,3,12,27.0285,3693,6515.77998,4.52481,16.4009,32.3615
102724.24,3.0913,2.50019,1562089500.0,3,12,27.0119,3694,6534.07002,4.53751,16.4402,32.329
102741.51,3.0813,2.50019,1562089560.0,3,12,27.0617,3695,6551.34,4.54951,16.4772,32.4104
102758.7,3.0712,2.49958,1562089560.0,3,12,27.0783,3696,6568.53,4.56144,16.5139,32.4592
102775.55,3.061,2.50004,1562089560.0,3,12,27.0783,3697,6585.37998,4.57314,16.5498,32.508
102792.51,3.0506,2.50019,1562089620.0,3,12,27.0949,3698,6602.34,4.58492,16.5858,32.508
102809.11,3.0405,2.49989,1562089620.0,3,12,27.0617,3699,6618.94002,4.59645,16.6209,32.5732
102825.22,3.0304,2.49989,1562089620.0,3,12,27.0285,3700,6635.05002,4.60764,16.6549,32.5732
102840.89,3.0204,2.49958,1562089620.0,3,12,27.0285,3701,6650.71998,4.61852,16.6878,32.6383
102856.7,3.0103,2.50004,1562089680.0,3,12,27.0119,3702,6666.52998,4.6295,16.7209,32.6871
102872.57,3.0002,2.50019,1562089680.0,3,12,27.0119,3703,6682.39998,4.64052,16.754,32.6708
102887.94,2.9902,2.5005,1562089680.0,3,12,27.0783,3704,6697.77,4.65119,16.786,32.7034
102903.23,2.9801,2.49958,1562089680.0,3,12,27.0783,3705,6713.05998,4.66181,16.8177,32.7522
102918.3,2.9699,2.50034,1562089740.0,3,12,27.1115,3706,6728.13,4.67228,16.8488,32.8336
102933.29,2.9598,2.50034,1562089740.0,3,12,27.0119,3707,6743.11998,4.68269,16.8797,32.8824
102948.1,2.9494,2.49989,1562089740.0,3,12,27.0119,3708,6757.93002,4.69297,16.9101,32.9476
102963.05,2.9392,2.50034,1562089740.0,3,12,27.0285,3709,6772.87998,4.70335,16.9406,32.915
102977.02,2.9291,2.49989,1562089800.0,3,12,27.0285,3710,6786.85002,4.71305,16.9691,32.9476
102991.1,2.9189,2.50004,1562089800.0,3,12,27.0285,3711,6800.92998,4.72283,16.9977,32.9638
103004.46,2.9088,2.50034,1562089800.0,3,12,27.0285,3712,6814.29,4.73211,17.0247,33.0452
103017.3,2.8986,2.50019,1562089800.0,3,12,27.0451,3713,6827.13,4.74103,17.0506,33.0615
103030.09,2.8885,2.49989,1562089860.0,3,12,27.0451,3714,6839.92002,4.74991,17.0763,33.1266
103042.19,2.8785,2.49958,1562089860.0,3,12,27.0451,3715,6852.01998,4.75831,17.1005,33.1266
103053.61,2.8684,2.50004,1562089860.0,3,12,27.0451,3716,6863.44002,4.76624,17.1233,33.1754
103064.63,2.8583,2.50004,1562089860.0,3,12,27.0285,3717,6874.45998,4.77389,17.1452,33.1917
103075.34,2.8482,2.50004,1562089860.0,3,12,27.0783,3718,6885.16998,4.78133,17.1665,33.2406
103085.66,2.8382,2.50004,1562089860.0,3,12,27.1115,3719,6895.48998,4.7885,17.1868,33.2568
103095.51,2.8281,2.49958,1562089920.0,3,12,27.1115,3720,6905.34,4.79534,17.2062,33.3219
103104.9,2.8179,2.50019,1562089920.0,3,12,27.1281,3721,6914.73,4.80186,17.2246,33.3382
103113.97,2.8078,2.49973,1562089920.0,3,12,27.1281,3722,6923.80002,4.80816,17.2423,33.4359
103122.82,2.7976,2.50019,1562089920.0,3,12,27.0451,3723,6932.65002,4.8143,17.2596,33.4847
103131.36,2.7874,2.50004,1562089920.0,3,12,27.0451,3724,6941.19,4.82023,17.2761,33.4847
103139.56,2.777,2.50004,1562089920.0,3,12,27.0617,3725,6949.39002,4.82593,17.292,33.5336
103147.59,2.7669,2.49989,1562089920.0,3,12,27.0451,3726,6957.42,4.8315,17.3074,33.5824
103154.97,2.7567,2.50004,1562089980.0,3,12,27.1115,3727,6964.8,4.83663,17.3216,33.615
103162.37,2.7466,2.50004,1562089980.0,3,12,27.1281,3728,6972.19998,4.84177,17.3357,33.6312
103169.37,2.7364,2.50019,1562089980.0,3,12,27.1281,3729,6979.2,4.84663,17.3491,33.615
103176.05,2.7263,2.50019,1562089980.0,3,12,27.1115,3730,6985.87998,4.85127,17.3617,33.6638
103182.53,2.7163,2.50019,1562089980.0,3,12,27.1115,3731,6992.35998,4.85577,17.374,33.6801
103188.81,2.7059,2.49989,1562089980.0,3,12,27.1115,3732,6998.64,4.86013,17.3858,33.7289
103195.04,2.6957,2.50004,1562089980.0,3,12,27.1115,3733,7004.86998,4.86446,17.3975,33.794
103201.05,2.6853,2.50004,1562089980.0,3,12,27.1115,3734,7010.88,4.86863,17.4087,33.8428
103206.91,2.6751,2.49973,1562089980.0,3,12,27.1281,3735,7016.74002,4.8727,17.4196,33.8917
103212.37,2.665,2.49989,1562090040.0,3,12,27.1281,3736,7022.20002,4.87649,17.4297,33.9405
103217.69,2.6548,2.50004,1562090040.0,3,12,27.1281,3737,7027.51998,4.88018,17.4396,34.0056
103222.88,2.6445,2.49989,1562090040.0,3,12,27.1281,3738,7032.70998,4.88379,17.4491,34.0219
103227.91,2.6345,2.49973,1562090040.0,3,12,27.1281,3739,7037.74002,4.88728,17.4583,34.0707
103232.74,2.6244,2.50004,1562090040.0,3,12,27.1281,3740,7042.57002,4.89064,17.4672,34.1359
103237.37,2.6142,2.50004,1562090040.0,3,12,27.1281,3741,7047.19998,4.89385,17.4756,34.1684
103241.92,2.604,2.50019,1562090040.0,3,12,27.1115,3742,7051.75002,4.89701,17.4838,34.1847
103246.31,2.5936,2.49989,1562090040.0,3,12,27.1115,3743,7056.13998,4.90006,17.4918,34.201
103250.61,2.5835,2.49973,1562090040.0,3,12,27.1281,3744,7060.44,4.90305,17.4995,34.201
103254.78,2.573,2.50065,1562090040.0,3,12,27.1281,3745,7064.61,4.90594,17.5069,34.2498
103258.86,2.5626,2.50004,1562090040.0,3,12,27.1281,3746,7068.69,4.90877,17.5142,34.3149
103262.77,2.5524,2.50004,1562090040.0,3,12,27.1281,3747,7072.60002,4.91149,17.5212,34.3475
103266.54,2.542,2.50034,1562090040.0,3,12,27.1115,3748,7076.37,4.91411,17.5278,34.3475
103270.22,2.5316,2.50004,1562090100.0,3,12,27.1115,3749,7080.04998,4.91666,17.5343,34.3638
103273.76,2.5212,2.49989,1562090100.0,3,12,27.1281,3750,7083.58998,4.91912,17.5405,34.38
103277.22,2.511,2.50004,1562090100.0,3,12,27.1115,3751,7087.05,4.92152,17.5466,34.38
103280.57,2.5008,2.50004,1562090100.0,3,12,27.1115,3752,7090.39998,4.92385,17.5524,34.4126
103280.74,2.4999,2.49989,1562090100.0,3,12,27.1115,3753,7090.57002,4.92397,17.5527,34.4126
103280.75,2.5797,0.0,1562090100.0,3,13,27.1115,3754,0.01002,0.0,0.0,34.4126
103280.91,2.6087,0.0,1562090100.0,3,13,27.1115,3755,0.16998,0.0,0.0,34.4126
103281.07,2.6279,0.0,1562090100.0,3,13,27.1115,3756,0.33,0.0,0.0,34.4126
103281.26,2.6453,0.0,1562090100.0,3,13,27.1115,3757,0.52002,0.0,0.0,34.4126
103281.48,2.6612,0.0,1562090100.0,3,13,27.1115,3758,0.73998,0.0,0.0,34.4126
103281.73,2.6757,0.0,1562090100.0,3,13,27.1115,3759,0.99,0.0,0.0,34.4126
103282.03,2.6896,0.0,1562090100.0,3,13,27.1115,3760,1.29,0.0,0.0,34.4126
103282.39,2.7027,0.0,1562090100.0,3,13,27.1115,3761,1.65,0.0,0.0,34.4126
103282.82,2.7146,0.0,1562090100.0,3,13,27.1115,3762,2.08002,0.0,0.0,34.4289
103283.36,2.7263,0.0,1562090100.0,3,13,27.1115,3763,2.62002,0.0,0.0,34.4289
103284.06,2.7376,0.0,1562090100.0,3,13,27.1115,3764,3.31998,0.0,0.0,34.4289
103284.96,2.7485,0.0,1562090100.0,3,13,27.1115,3765,4.21998,0.0,0.0,34.4289
103286.1,2.7591,0.0,1562090100.0,3,13,27.1115,3766,5.35998,0.0,0.0,34.4451
103287.6,2.7697,0.0,1562090100.0,3,13,27.1115,3767,6.85998,0.0,0.0,34.4451
103289.56,2.78,0.0,1562090100.0,3,13,27.1281,3768,8.82,0.0,0.0,34.4614
103292.04,2.7904,0.0,1562090100.0,3,13,27.1281,3769,11.29998,0.0,0.0,34.4614
103295.27,2.8005,0.0,1562090100.0,3,13,27.1281,3770,14.53002,0.0,0.0,34.4451
103299.29,2.8107,0.0,1562090100.0,3,13,27.1281,3771,18.55002,0.0,0.0,34.4289
103304.73,2.8209,0.0,1562090100.0,3,13,27.1281,3772,23.98998,0.0,0.0,34.4126
103311.9,2.831,0.0,1562090100.0,3,13,27.1281,3773,31.15998,0.0,0.0,34.3638
103321.23,2.8411,0.0,1562090100.0,3,13,27.1281,3774,40.48998,0.0,0.0,34.3149
103334.26,2.8511,0.0,1562090160.0,3,13,27.1281,3775,53.52,0.0,0.0,34.3312
103352.38,2.8614,0.0,1562090160.0,3,13,27.1281,3776,71.64,0.0,0.0,34.2824
103378.75,2.8714,0.0,1562090160.0,3,13,27.0949,3777,98.01,0.0,0.0,34.0382
103408.75,2.8795,0.0,1562090220.0,3,13,27.0949,3778,128.01,0.0,0.0,33.9568
103438.75,2.8859,0.0,1562090220.0,3,13,27.1115,3779,158.01,0.0,0.0,33.7126
103468.75,2.8911,0.0,1562090280.0,3,13,27.0949,3780,188.01,0.0,0.0,33.4359
103498.75,2.8957,0.0,1562090280.0,3,13,27.1115,3781,218.01,0.0,0.0,33.3382
103528.75,2.8994,0.0,1562090340.0,3,13,27.1115,3782,248.01,0.0,0.0,33.1103
103558.75,2.9027,0.0,1562090340.0,3,13,27.0783,3783,278.01,0.0,0.0,32.9313
103588.75,2.9062,0.0,1562090400.0,3,13,27.0783,3784,308.01,0.0,0.0,32.7197
103618.75,2.909,0.0,1562090400.0,3,13,27.0783,3785,338.01,0.0,0.0,32.6057
103648.75,2.9119,0.0,1562090460.0,3,13,27.0783,3786,368.01,0.0,0.0,32.5243
103678.75,2.9142,0.0,1562090460.0,3,13,27.0949,3787,398.01,0.0,0.0,32.2964
103708.75,2.9165,0.0,1562090520.0,3,13,27.0783,3788,428.01,0.0,0.0,32.1336
103738.75,2.9186,0.0,1562090520.0,3,13,27.0617,3789,458.01,0.0,0.0,32.0197
103768.75,2.9207,0.0,1562090580.0,3,13,27.0451,3790,488.01,0.0,0.0,31.8569
103798.75,2.9229,0.0,1562090580.0,3,13,27.0617,3791,518.01,0.0,0.0,31.7104
103828.75,2.9244,0.0,1562090640.0,3,13,27.0617,3792,548.01,0.0,0.0,31.5639
103858.75,2.9262,0.0,1562090640.0,3,13,27.0285,3793,578.01,0.0,0.0,31.3686
103888.75,2.9281,0.0,1562090700.0,3,13,26.9953,3794,608.01,0.0,0.0,31.336
103918.75,2.9294,0.0,1562090700.0,3,13,27.0119,3795,638.01,0.0,0.0,31.1895
103948.75,2.9311,0.0,1562090760.0,3,13,27.0285,3796,668.01,0.0,0.0,31.0756
103978.75,2.9325,0.0,1562090760.0,3,13,27.0119,3797,698.01,0.0,0.0,30.9616
104008.75,2.9342,0.0,1562090820.0,3,13,26.9787,3798,728.01,0.0,0.0,30.7988
104038.75,2.9357,0.0,1562090820.0,3,13,26.9953,3799,758.01,0.0,0.0,30.7012
104068.75,2.9368,0.0,1562090880.0,3,13,26.9787,3800,788.01,0.0,0.0,30.6035
104098.75,2.9378,0.0,1562090880.0,3,13,26.9621,3801,818.01,0.0,0.0,30.5221
104128.75,2.9393,0.0,1562090940.0,3,13,26.9621,3802,848.01,0.0,0.0,30.4407
104158.75,2.9406,0.0,1562090940.0,3,13,26.9455,3803,878.01,0.0,0.0,30.2942
104188.75,2.9418,0.0,1562091000.0,3,13,26.9289,3804,908.01,0.0,0.0,30.2291
104218.75,2.9429,0.0,1562091000.0,3,13,26.9455,3805,938.01,0.0,0.0,30.1477
104248.75,2.9436,0.0,1562091060.0,3,13,26.9455,3806,968.01,0.0,0.0,30.0501
104278.75,2.9451,0.0,1562091060.0,3,13,26.9787,3807,998.01,0.0,0.0,29.9179
104308.75,2.9462,0.0,1562091120.0,3,13,26.9123,3808,1028.01,0.0,0.0,29.8345
104338.75,2.9471,0.0,1562091120.0,3,13,26.9123,3809,1058.01,0.0,0.0,29.8011
104368.75,2.9479,0.0,1562091180.0,3,13,26.9289,3810,1088.01,0.0,0.0,29.7344
104398.75,2.9491,0.0,1562091180.0,3,13,26.9289,3811,1118.01,0.0,0.0,29.5843
104428.75,2.9502,0.0,1562091240.0,3,13,26.9123,3812,1148.01,0.0,0.0,29.5176
104458.75,2.9511,0.0,1562091240.0,3,13,26.8957,3813,1178.01,0.0,0.0,29.4175
104488.75,2.952,0.0,1562091300.0,3,13,26.8791,3814,1208.01,0.0,0.0,29.3674
104518.75,2.9528,0.0,1562091300.0,3,13,26.8791,3815,1238.01,0.0,0.0,29.2674
104548.75,2.9535,0.0,1562091360.0,3,13,26.9289,3816,1268.01,0.0,0.0,29.184
104578.75,2.9546,0.0,1562091360.0,3,13,26.9289,3817,1298.01,0.0,0.0,29.1339
104608.75,2.9555,0.0,1562091420.0,3,13,26.9123,3818,1328.01,0.0,0.0,29.0339
104638.75,2.9561,0.0,1562091420.0,3,13,26.9123,3819,1358.01,0.0,0.0,29.0339
104668.75,2.957,0.0,1562091480.0,3,13,26.8791,3820,1388.01,0.0,0.0,28.9505
104698.75,2.9577,0.0,1562091480.0,3,13,26.8957,3821,1418.01,0.0,0.0,28.9171
104728.75,2.9586,0.0,1562091540.0,3,13,26.8791,3822,1448.01,0.0,0.0,28.8504
104758.75,2.959,0.0,1562091540.0,3,13,26.8625,3823,1478.01,0.0,0.0,28.7837
104788.75,2.9599,0.0,1562091600.0,3,13,26.8791,3824,1508.01,0.0,0.0,28.7336
104818.75,2.9609,0.0,1562091600.0,3,13,26.8791,3825,1538.01,0.0,0.0,28.7003
104848.75,2.9615,0.0,1562091660.0,3,13,26.8791,3826,1568.01,0.0,0.0,28.6502
104878.75,2.9622,0.0,1562091660.0,3,13,26.8791,3827,1598.01,0.0,0.0,28.5835
104908.75,2.9628,0.0,1562091720.0,3,13,26.8957,3828,1628.01,0.0,0.0,28.5168
104938.75,2.9633,0.0,1562091720.0,3,13,26.8791,3829,1658.01,0.0,0.0,28.4668
104968.75,2.9638,0.0,1562091780.0,3,13,26.8625,3830,1688.01,0.0,0.0,28.4334
104998.75,2.9645,0.0,1562091780.0,3,13,26.8791,3831,1718.01,0.0,0.0,28.3667
105028.75,2.9653,0.0,1562091840.0,3,13,26.8791,3832,1748.01,0.0,0.0,28.35
105058.75,2.9659,0.0,1562091840.0,3,13,26.8459,3833,1778.01,0.0,0.0,28.3
105088.75,2.9665,0.0,1562091900.0,3,13,26.8293,3834,1808.01,0.0,0.0,28.2499
105118.75,2.9673,0.0,1562091900.0,3,13,26.8459,3835,1838.01,0.0,0.0,28.1999
105148.75,2.9679,0.0,1562091960.0,3,13,26.8459,3836,1868.01,0.0,0.0,28.1666
105178.75,2.9683,0.0,1562091960.0,3,13,26.8459,3837,1898.01,0.0,0.0,28.1499
105208.75,2.9689,0.0,1562092020.0,3,13,26.8459,3838,1928.01,0.0,0.0,28.0832
105238.75,2.9696,0.0,1562092020.0,3,13,26.7961,3839,1958.01,0.0,0.0,28.0498
105268.75,2.9702,0.0,1562092080.0,3,13,26.8127,3840,1988.01,0.0,0.0,28.0164
105298.75,2.9708,0.0,1562092080.0,3,13,26.8459,3841,2018.01,0.0,0.0,27.9998
105328.75,2.9712,0.0,1562092140.0,3,13,26.8459,3842,2048.01,0.0,0.0,27.9831
105358.75,2.9717,0.0,1562092140.0,3,13,26.8459,3843,2078.01,0.0,0.0,27.9664
105388.75,2.9723,0.0,1562092200.0,3,13,26.7795,3844,2108.01,0.0,0.0,27.9497
105418.75,2.9728,0.0,1562092200.0,3,13,26.7961,3845,2138.01,0.0,0.0,27.9164
105448.75,2.9734,0.0,1562092260.0,3,13,26.7795,3846,2168.01,0.0,0.0,27.8663
105478.75,2.974,0.0,1562092260.0,3,13,26.7795,3847,2198.01,0.0,0.0,27.833
105508.75,2.9743,0.0,1562092320.0,3,13,26.7795,3848,2228.01,0.0,0.0,27.833
105538.75,2.9749,0.0,1562092320.0,3,13,26.7795,3849,2258.01,0.0,0.0,27.7829
105568.75,2.9754,0.0,1562092380.0,3,13,26.7629,3850,2288.01,0.0,0.0,27.7496
105598.75,2.9761,0.0,1562092380.0,3,13,26.7795,3851,2318.01,0.0,0.0,27.7329
105628.75,2.9763,0.0,1562092440.0,3,13,26.7795,3852,2348.01,0.0,0.0,27.7162
105658.75,2.9767,0.0,1562092440.0,3,13,26.7795,3853,2378.01,0.0,0.0,27.6995
105688.75,2.977,0.0,1562092500.0,3,13,26.7961,3854,2408.01,0.0,0.0,27.6161
105718.75,2.9776,0.0,1562092500.0,3,13,26.7463,3855,2438.01,0.0,0.0,27.6328
105748.75,2.9783,0.0,1562092560.0,3,13,26.7961,3856,2468.01,0.0,0.0,27.5995
105778.75,2.9789,0.0,1562092560.0,3,13,26.7961,3857,2498.01,0.0,0.0,27.5828
105808.75,2.9792,0.0,1562092620.0,3,13,26.8127,3858,2528.01,0.0,0.0,27.5494
105838.75,2.9795,0.0,1562092620.0,3,13,26.7795,3859,2558.01,0.0,0.0,27.5661
105868.75,2.9801,0.0,1562092680.0,3,13,26.7795,3860,2588.01,0.0,0.0,27.5661
105898.75,2.9805,0.0,1562092680.0,3,13,26.7961,3861,2618.01,0.0,0.0,27.5494
105928.75,2.9807,0.0,1562092740.0,3,13,26.7795,3862,2648.01,0.0,0.0,27.5327
105958.75,2.9812,0.0,1562092740.0,3,13,26.7795,3863,2678.01,0.0,0.0,27.5161
105988.75,2.9816,0.0,1562092800.0,3,13,26.7961,3864,2708.01,0.0,0.0,27.4827
106018.75,2.9821,0.0,1562092800.0,3,13,26.8459,3865,2738.01,0.0,0.0,27.466
106048.75,2.9825,0.0,1562092860.0,3,13,26.7795,3866,2768.01,0.0,0.0,27.466
106078.75,2.9828,0.0,1562092860.0,3,13,26.7961,3867,2798.01,0.0,0.0,27.4494
106108.75,2.9833,0.0,1562092920.0,3,13,26.7961,3868,2828.01,0.0,0.0,27.3826
106138.75,2.9837,0.0,1562092920.0,3,13,26.7961,3869,2858.01,0.0,0.0,27.366
106168.75,2.9842,0.0,1562092980.0,3,13,26.7961,3870,2888.01,0.0,0.0,27.366
106198.75,2.9845,0.0,1562092980.0,3,13,26.7961,3871,2918.01,0.0,0.0,27.366
106228.75,2.9851,0.0,1562093040.0,3,13,26.7961,3872,2948.01,0.0,0.0,27.3326
106258.75,2.9853,0.0,1562093040.0,3,13,26.7961,3873,2978.01,0.0,0.0,27.3159
106288.75,2.9856,0.0,1562093100.0,3,13,26.8293,3874,3008.01,0.0,0.0,27.3326
106318.75,2.986,0.0,1562093100.0,3,13,26.8293,3875,3038.01,0.0,0.0,27.2992
106348.75,2.9863,0.0,1562093160.0,3,13,26.8127,3876,3068.01,0.0,0.0,27.2992
106378.75,2.9866,0.0,1562093160.0,3,13,26.8459,3877,3098.01,0.0,0.0,27.2826
106408.75,2.987,0.0,1562093220.0,3,13,26.7961,3878,3128.01,0.0,0.0,27.2659
106438.75,2.9873,0.0,1562093220.0,3,13,26.8459,3879,3158.01,0.0,0.0,27.2826
106468.75,2.9877,0.0,1562093280.0,3,13,26.7463,3880,3188.01,0.0,0.0,27.2492
106498.75,2.988,0.0,1562093280.0,3,13,26.8127,3881,3218.01,0.0,0.0,27.2492
106528.75,2.9883,0.0,1562093340.0,3,13,26.7629,3882,3248.01,0.0,0.0,27.2659
106558.75,2.9886,0.0,1562093340.0,3,13,26.7795,3883,3278.01,0.0,0.0,27.2826
106588.75,2.9889,0.0,1562093400.0,3,13,26.7961,3884,3308.01,0.0,0.0,27.2659
106618.75,2.9897,0.0,1562093400.0,3,13,26.7795,3885,3338.01,0.0,0.0,27.2492
106648.75,2.99,0.0,1562093460.0,3,13,26.7629,3886,3368.01,0.0,0.0,27.2158
106678.75,2.9902,0.0,1562093460.0,3,13,26.7629,3887,3398.01,0.0,0.0,27.2158
106708.75,2.9908,0.0,1562093520.0,3,13,26.7463,3888,3428.01,0.0,0.0,27.2158
106738.75,2.9908,0.0,1562093520.0,3,13,26.7629,3889,3458.01,0.0,0.0,27.2325
106768.75,2.9911,0.0,1562093580.0,3,13,26.7795,3890,3488.01,0.0,0.0,27.1158
106798.75,2.9915,0.0,1562093580.0,3,13,26.7795,3891,3518.01,0.0,0.0,27.1158
106828.75,2.9918,0.0,1562093640.0,3,13,26.7795,3892,3548.01,0.0,0.0,27.1158
106858.75,2.992,0.0,1562093640.0,3,13,26.7961,3893,3578.01,0.0,0.0,27.1158
106888.75,2.9923,0.0,1562093700.0,3,13,26.7961,3894,3608.01,0.0,0.0,27.1158
106918.75,2.9928,0.0,1562093700.0,3,13,26.7629,3895,3638.01,0.0,0.0,27.0991
106948.75,2.9928,0.0,1562093760.0,3,13,26.7463,3896,3668.01,0.0,0.0,27.0491
106978.75,2.9932,0.0,1562093760.0,3,13,26.7463,3897,3698.01,0.0,0.0,27.1158
107008.75,2.9935,0.0,1562093820.0,3,13,26.7131,3898,3728.01,0.0,0.0,27.0991
107038.75,2.9938,0.0,1562093820.0,3,13,26.7795,3899,3758.01,0.0,0.0,27.0991
107068.75,2.994,0.0,1562093880.0,3,13,26.7131,3900,3788.01,0.0,0.0,27.1158
107098.75,2.9943,0.0,1562093880.0,3,13,26.7297,3901,3818.01,0.0,0.0,27.1158
107128.75,2.9947,0.0,1562093940.0,3,13,26.7131,3902,3848.01,0.0,0.0,27.0991
107158.75,2.9952,0.0,1562093940.0,3,13,26.6965,3903,3878.01,0.0,0.0,27.0824
107188.75,2.9953,0.0,1562094000.0,3,13,26.7131,3904,3908.01,0.0,0.0,27.0824
107218.75,2.9957,0.0,1562094000.0,3,13,26.7131,3905,3938.01,0.0,0.0,27.0657
107248.75,2.996,0.0,1562094060.0,3,13,26.7297,3906,3968.01,0.0,0.0,27.0824
107278.75,2.9961,0.0,1562094060.0,3,13,26.7463,3907,3998.01,0.0,0.0,27.0991
107308.75,2.9966,0.0,1562094120.0,3,13,26.7297,3908,4028.01,0.0,0.0,27.0824
107338.75,2.9967,0.0,1562094120.0,3,13,26.7297,3909,4058.01,0.0,0.0,27.0157
107368.75,2.997,0.0,1562094180.0,3,13,26.7131,3910,4088.01,0.0,0.0,27.0824
107398.75,2.9973,0.0,1562094180.0,3,13,26.7297,3911,4118.01,0.0,0.0,27.0657
107428.75,2.9976,0.0,1562094240.0,3,13,26.7629,3912,4148.01,0.0,0.0,26.999
107458.75,2.9976,0.0,1562094240.0,3,13,26.7629,3913,4178.01,0.0,0.0,26.999
107488.75,2.9981,0.0,1562094300.0,3,13,26.7795,3914,4208.01,0.0,0.0,27.0324
107518.75,2.9982,0.0,1562094300.0,3,13,26.7629,3915,4238.01,0.0,0.0,26.999
107548.75,2.9987,0.0,1562094360.0,3,13,26.7463,3916,4268.01,0.0,0.0,26.999
107578.75,2.9989,0.0,1562094360.0,3,13,26.7297,3917,4298.01,0.0,0.0,26.9823
107608.75,2.999,0.0,1562094420.0,3,13,26.7463,3918,4328.01,0.0,0.0,26.999
107638.75,2.9992,0.0,1562094420.0,3,13,26.7463,3919,4358.01,0.0,0.0,26.999
107668.75,2.9995,0.0,1562094480.0,3,13,26.7463,3920,4388.01,0.0,0.0,26.9823
107698.75,2.9999,0.0,1562094480.0,3,13,26.7629,3921,4418.01,0.0,0.0,26.999
107728.75,3.0001,0.0,1562094540.0,3,13,26.7131,3922,4448.01,0.0,0.0,26.999
107758.75,3.0004,0.0,1562094540.0,3,13,26.7131,3923,4478.01,0.0,0.0,27.0157
107788.75,3.0007,0.0,1562094600.0,3,13,26.7629,3924,4508.01,0.0,0.0,26.9823
107818.75,3.001,0.0,1562094600.0,3,13,26.7297,3925,4538.01,0.0,0.0,26.949
107848.75,3.0011,0.0,1562094660.0,3,13,26.7297,3926,4568.01,0.0,0.0,26.949
107878.75,3.0013,0.0,1562094660.0,3,13,26.7463,3927,4598.01,0.0,0.0,26.9657
107908.75,3.0016,0.0,1562094720.0,3,13,26.7297,3928,4628.01,0.0,0.0,26.9657
107938.75,3.0018,0.0,1562094720.0,3,13,26.7463,3929,4658.01,0.0,0.0,26.9823
107968.75,3.0021,0.0,1562094780.0,3,13,26.6965,3930,4688.01,0.0,0.0,26.9823
107998.75,3.0022,0.0,1562094780.0,3,13,26.7297,3931,4718.01,0.0,0.0,26.9823
108028.75,3.0025,0.0,1562094840.0,3,13,26.7297,3932,4748.01,0.0,0.0,26.9823
108058.75,3.0027,0.0,1562094840.0,3,13,26.7463,3933,4778.01,0.0,0.0,26.999
108088.75,3.0028,0.0,1562094900.0,3,13,26.7463,3934,4808.01,0.0,0.0,26.999
108118.75,3.0031,0.0,1562094900.0,3,13,26.7297,3935,4838.01,0.0,0.0,26.999
108148.75,3.0034,0.0,1562094960.0,3,13,26.7297,3936,4868.01,0.0,0.0,26.9823
108178.75,3.0034,0.0,1562094960.0,3,13,26.7297,3937,4898.01,0.0,0.0,26.9823
108208.75,3.0039,0.0,1562095020.0,3,13,26.7297,3938,4928.01,0.0,0.0,26.9823
108238.75,3.004,0.0,1562095020.0,3,13,26.7131,3939,4958.01,0.0,0.0,26.9657
108268.75,3.0042,0.0,1562095080.0,3,13,26.7131,3940,4988.01,0.0,0.0,26.949
108298.75,3.0045,0.0,1562095080.0,3,13,26.7131,3941,5018.01,0.0,0.0,26.949
108328.75,3.0047,0.0,1562095140.0,3,13,26.7131,3942,5048.01,0.0,0.0,26.9657
108358.75,3.005,0.0,1562095140.0,3,13,26.6965,3943,5078.01,0.0,0.0,26.9323
108388.75,3.005,0.0,1562095200.0,3,13,26.7131,3944,5108.01,0.0,0.0,26.9657
108418.75,3.0054,0.0,1562095200.0,3,13,26.7297,3945,5138.01,0.0,0.0,26.9657
108448.75,3.0054,0.0,1562095260.0,3,13,26.7297,3946,5168.01,0.0,0.0,26.9823
108478.75,3.0059,0.0,1562095260.0,3,13,26.7297,3947,5198.01,0.0,0.0,26.9156
108508.75,3.006,0.0,1562095320.0,3,13,26.6965,3948,5228.01,0.0,0.0,26.949
108538.75,3.006,0.0,1562095320.0,3,13,26.7131,3949,5258.01,0.0,0.0,26.949
108568.75,3.0065,0.0,1562095380.0,3,13,26.7297,3950,5288.01,0.0,0.0,26.9657
108598.75,3.0068,0.0,1562095380.0,3,13,26.7297,3951,5318.01,0.0,0.0,26.9657
108628.75,3.0068,0.0,1562095440.0,3,13,26.7463,3952,5348.01,0.0,0.0,26.9156
108658.75,3.0069,0.0,1562095440.0,3,13,26.7463,3953,5378.01,0.0,0.0,26.9156
108688.75,3.0072,0.0,1562095500.0,3,13,26.7463,3954,5408.01,0.0,0.0,26.9156
108718.75,3.0072,0.0,1562095500.0,3,13,26.7463,3955,5438.01,0.0,0.0,26.9156
108748.75,3.0076,0.0,1562095560.0,3,13,26.7463,3956,5468.01,0.0,0.0,26.9323
108778.75,3.0079,0.0,1562095560.0,3,13,26.7463,3957,5498.01,0.0,0.0,26.9156
108808.75,3.008,0.0,1562095620.0,3,13,26.7463,3958,5528.01,0.0,0.0,26.9156
108838.75,3.008,0.0,1562095620.0,3,13,26.7463,3959,5558.01,0.0,0.0,26.9156
108868.75,3.0085,0.0,1562095680.0,3,13,26.7463,3960,5588.01,0.0,0.0,26.9156
108898.75,3.0085,0.0,1562095680.0,3,13,26.7463,3961,5618.01,0.0,0.0,26.8989
108928.75,3.0086,0.0,1562095740.0,3,13,26.7463,3962,5648.01,0.0,0.0,26.9156
108958.75,3.0089,0.0,1562095740.0,3,13,26.7297,3963,5678.01,0.0,0.0,26.8989
108988.75,3.0089,0.0,1562095800.0,3,13,26.7131,3964,5708.01,0.0,0.0,26.9156
109018.75,3.0092,0.0,1562095800.0,3,13,26.7297,3965,5738.01,0.0,0.0,26.9323
109048.75,3.0095,0.0,1562095860.0,3,13,26.7297,3966,5768.01,0.0,0.0,26.9323
109078.75,3.0097,0.0,1562095860.0,3,13,26.7297,3967,5798.01,0.0,0.0,26.9323
109108.75,3.0097,0.0,1562095920.0,3,13,26.7297,3968,5828.01,0.0,0.0,26.9323
109138.75,3.0101,0.0,1562095920.0,3,13,26.7463,3969,5858.01,0.0,0.0,26.9323
109168.75,3.0101,0.0,1562095980.0,3,13,26.7297,3970,5888.01,0.0,0.0,26.9156
109198.75,3.0103,0.0,1562095980.0,3,13,26.7463,3971,5918.01,0.0,0.0,26.9156
109228.75,3.0105,0.0,1562096040.0,3,13,26.7463,3972,5948.01,0.0,0.0,26.9323
109258.75,3.0108,0.0,1562096040.0,3,13,26.7629,3973,5978.01,0.0,0.0,26.8989
109288.75,3.0109,0.0,1562096100.0,3,13,26.7795,3974,6008.01,0.0,0.0,26.8989
109318.75,3.0111,0.0,1562096100.0,3,13,26.7463,3975,6038.01,0.0,0.0,26.8989
109348.75,3.0114,0.0,1562096160.0,3,13,26.7463,3976,6068.01,0.0,0.0,26.9156
109378.75,3.0117,0.0,1562096160.0,3,13,26.7629,3977,6098.01,0.0,0.0,26.9323
109408.75,3.0117,0.0,1562096220.0,3,13,26.7629,3978,6128.01,0.0,0.0,26.9323
109438.75,3.0118,0.0,1562096220.0,3,13,26.7629,3979,6158.01,0.0,0.0,26.9323
109468.75,3.0121,0.0,1562096280.0,3,13,26.7629,3980,6188.01,0.0,0.0,26.8656
109498.75,3.0123,0.0,1562096280.0,3,13,26.7629,3981,6218.01,0.0,0.0,26.8989
109528.75,3.0124,0.0,1562096340.0,3,13,26.7629,3982,6248.01,0.0,0.0,26.8823
109558.75,3.0124,0.0,1562096340.0,3,13,26.7629,3983,6278.01,0.0,0.0,26.8823
109588.75,3.0126,0.0,1562096400.0,3,13,26.7463,3984,6308.01,0.0,0.0,26.9156
109618.75,3.0127,0.0,1562096400.0,3,13,26.7463,3985,6338.01,0.0,0.0,26.8989
109648.75,3.0132,0.0,1562096460.0,3,13,26.7131,3986,6368.01,0.0,0.0,26.8823
109678.75,3.0132,0.0,1562096460.0,3,13,26.7795,3987,6398.01,0.0,0.0,26.8823
109708.75,3.0135,0.0,1562096520.0,3,13,26.7463,3988,6428.01,0.0,0.0,26.8989
109738.75,3.0135,0.0,1562096520.0,3,13,26.7297,3989,6458.01,0.0,0.0,26.8989
109768.75,3.0137,0.0,1562096580.0,3,13,26.7463,3990,6488.01,0.0,0.0,26.8989
109798.75,3.0138,0.0,1562096580.0,3,13,26.7297,3991,6518.01,0.0,0.0,26.8989
109828.75,3.014,0.0,1562096640.0,3,13,26.7297,3992,6548.01,0.0,0.0,26.9156
109858.75,3.014,0.0,1562096640.0,3,13,26.7629,3993,6578.01,0.0,0.0,26.9323
109888.75,3.0143,0.0,1562096700.0,3,13,26.7629,3994,6608.01,0.0,0.0,26.8656
109918.75,3.0143,0.0,1562096700.0,3,13,26.7629,3995,6638.01,0.0,0.0,26.8656
109948.75,3.0147,0.0,1562096760.0,3,13,26.7795,3996,6668.01,0.0,0.0,26.8656
109978.75,3.0146,0.0,1562096760.0,3,13,26.7795,3997,6698.01,0.0,0.0,26.8989
110008.75,3.0149,0.0,1562096820.0,3,13,26.7795,3998,6728.01,0.0,0.0,26.8823
110038.75,3.0149,0.0,1562096820.0,3,13,26.7629,3999,6758.01,0.0,0.0,26.8489
110068.75,3.0152,0.0,1562096880.0,3,13,26.7463,4000,6788.01,0.0,0.0,26.8823
110098.75,3.0152,0.0,1562096880.0,3,13,26.7629,4001,6818.01,0.0,0.0,26.9156
110128.75,3.0155,0.0,1562096940.0,3,13,26.7463,4002,6848.01,0.0,0.0,26.8989
110158.75,3.0156,0.0,1562096940.0,3,13,26.7629,4003,6878.01,0.0,0.0,26.9156
110188.75,3.0158,0.0,1562097000.0,3,13,26.7629,4004,6908.01,0.0,0.0,26.9156
110218.75,3.0159,0.0,1562097000.0,3,13,26.7629,4005,6938.01,0.0,0.0,26.9156
110248.75,3.0159,0.0,1562097060.0,3,13,26.7795,4006,6968.01,0.0,0.0,26.8823
110278.75,3.0163,0.0,1562097060.0,3,13,26.7961,4007,6998.01,0.0,0.0,26.8823
110308.75,3.0163,0.0,1562097120.0,3,13,26.7795,4008,7028.01,0.0,0.0,26.8823
110338.75,3.0166,0.0,1562097120.0,3,13,26.7961,4009,7058.01,0.0,0.0,26.8656
110368.75,3.0164,0.0,1562097180.0,3,13,26.7795,4010,7088.01,0.0,0.0,26.8489
110398.75,3.0167,0.0,1562097180.0,3,13,26.7629,4011,7118.01,0.0,0.0,26.8989
110428.75,3.0167,0.0,1562097240.0,3,13,26.7463,4012,7148.01,0.0,0.0,26.8989
110458.75,3.0173,0.0,1562097240.0,3,13,26.7463,4013,7178.01,0.0,0.0,26.9156
110480.74,3.0175,0.0,1562097300.0,3,13,26.7463,4014,7200.0,0.0,0.0,26.8989
110480.78,3.0729,1.50042,1562097300.0,3,14,26.7463,4015,0.04002,1.551e-05,4.764e-05,26.8989
110480.99,3.0872,1.49996,1562097300.0,3,14,26.7463,4016,0.25002,0.00010302,0.00031737,26.8989
110481.53,3.0982,1.49981,1562097300.0,3,14,26.7463,4017,0.79002,0.00032801,0.00101362,26.8989
110483.53,3.1086,1.49996,1562097300.0,3,14,26.7463,4018,2.79,0.00116129,0.00360047,26.9156
110487.26,3.1186,1.50011,1562097300.0,3,14,26.7629,4019,6.52002,0.00271536,0.00843996,26.9156
110491.88,3.1289,1.49966,1562097300.0,3,14,26.7629,4020,11.14002,0.00464024,0.0144535,26.8989
110497.2,3.1391,1.49996,1562097300.0,3,14,26.7463,4021,16.45998,0.00685676,0.0214004,26.9156
110502.95,3.1493,1.50042,1562097300.0,3,14,26.7629,4022,22.21002,0.00925244,0.0289333,26.8823
110509.24,3.1595,1.49981,1562097300.0,3,14,26.7629,4023,28.5,0.0118731,0.0372003,26.8489
110515.99,3.1696,1.49981,1562097300.0,3,14,26.7629,4024,35.25,0.0146854,0.0461005,26.8489
110523.51,3.18,1.50027,1562097300.0,3,14,26.7629,4025,42.76998,0.0178186,0.0560479,26.8489
110531.61,3.1901,1.49981,1562097360.0,3,14,26.7795,4026,50.86998,0.0211934,0.0667974,26.8489
110540.17,3.2003,1.50011,1562097360.0,3,14,26.7795,4027,59.43,0.0247598,0.0781934,26.8489
110549.52,3.2105,1.49981,1562097360.0,3,14,26.7795,4028,68.77998,0.0286554,0.0906804,26.8322
110559.76,3.2209,1.4995,1562097360.0,3,14,26.7795,4029,79.02,0.0329218,0.104399,26.8322
110570.95,3.2309,1.50042,1562097360.0,3,14,26.7629,4030,90.21,0.037584,0.119439,26.8322
110582.63,3.241,1.50011,1562097360.0,3,14,26.7629,4031,101.89002,0.0424503,0.135187,26.8489
110594.98,3.2512,1.49981,1562097420.0,3,14,26.7463,4032,114.24,0.0475959,0.15189,26.8656
110608.22,3.2615,1.50027,1562097420.0,3,14,26.7463,4033,127.48002,0.0531122,0.169853,26.8656
110622.41,3.2717,1.50011,1562097420.0,3,14,26.7463,4034,141.67002,0.0590243,0.189165,26.8823
110637.63,3.2819,1.49966,1562097420.0,3,14,26.7463,4035,156.88998,0.0653656,0.209944,26.8823
110653.44,3.2921,1.49966,1562097480.0,3,14,26.7463,4036,172.69998,0.0719526,0.231596,26.8823
110670.38,3.3022,1.50027,1562097480.0,3,14,26.7297,4037,189.64002,0.0790105,0.254868,26.8989
110687.82,3.3123,1.4995,1562097480.0,3,14,26.7463,4038,207.07998,0.0862767,0.2789,26.9156
110706.56,3.3223,1.50011,1562097480.0,3,14,26.7463,4039,225.82002,0.0940846,0.304801,26.9323
110726.54,3.3324,1.49996,1562097540.0,3,14,26.7463,4040,245.80002,0.102409,0.332501,26.949
110747.79,3.3425,1.49996,1562097540.0,3,14,26.7297,4041,267.04998,0.111263,0.362052,26.9657
110770.13,3.3526,1.49981,1562097600.0,3,14,26.7463,4042,289.39002,0.12057,0.39321,26.9323
110794.96,3.3628,1.4995,1562097600.0,3,14,26.7795,4043,314.22,0.130916,0.427946,26.9657
110822.15,3.3729,1.49981,1562097600.0,3,14,26.7463,4044,341.41002,0.142244,0.466097,27.0157
110852.15,3.3825,1.49981,1562097660.0,3,14,26.7131,4045,371.41002,0.154743,0.508316,27.0657
110882.15,3.391,1.4995,1562097660.0,3,14,26.7463,4046,401.41002,0.167242,0.550652,27.1325
110912.15,3.3985,1.49966,1562097720.0,3,14,26.7463,4047,431.41002,0.179742,0.593088,27.1825
110942.15,3.4051,1.49981,1562097720.0,3,14,26.7463,4048,461.41002,0.192241,0.63561,27.2325
110972.15,3.4105,1.49996,1562097780.0,3,14,26.7629,4049,491.41002,0.20474,0.678207,27.3159
111002.15,3.416,1.49981,1562097780.0,3,14,26.7795,4050,521.41002,0.217239,0.720872,27.3493
111032.15,3.4208,1.49981,1562097840.0,3,14,26.7795,4051,551.41002,0.229738,0.763601,27.416
111062.15,3.4255,1.50027,1562097840.0,3,14,26.7961,4052,581.41002,0.242238,0.806389,27.5161
111092.15,3.4301,1.50011,1562097900.0,3,14,26.7795,4053,611.41002,0.254737,0.849235,27.5494
111122.15,3.4348,1.49966,1562097900.0,3,14,26.7961,4054,641.41002,0.267236,0.892138,27.6161
111152.15,3.4389,1.49996,1562097960.0,3,14,26.8127,4055,671.41002,0.279735,0.935096,27.6995
111182.15,3.4432,1.50027,1562097960.0,3,14,26.8127,4056,701.41002,0.292234,0.978108,27.7663
111212.15,3.4475,1.50011,1562098020.0,3,14,26.8459,4057,731.41002,0.304734,1.02117,27.8163
111242.15,3.4516,1.49966,1562098020.0,3,14,26.8625,4058,761.41002,0.317233,1.06429,27.883
111272.15,3.4551,1.49996,1562098080.0,3,14,26.7629,4059,791.41002,0.329732,1.10746,27.9497
111302.15,3.4589,1.49996,1562098080.0,3,14,26.7629,4060,821.41002,0.342231,1.15067,27.9998
111332.15,3.4618,1.49966,1562098140.0,3,14,26.7961,4061,851.41002,0.35473,1.19392,28.0665
111362.15,3.4644,1.49981,1562098140.0,3,14,26.8127,4062,881.41002,0.36723,1.23721,28.0998
111392.15,3.4665,1.49996,1562098200.0,3,14,26.7961,4063,911.41002,0.379729,1.28053,28.1499
111422.15,3.4687,1.49935,1562098200.0,3,14,26.8791,4064,941.41002,0.392228,1.32387,28.1832
111452.15,3.4705,1.50027,1562098260.0,3,14,26.7795,4065,971.41002,0.404727,1.36724,28.2166
111482.15,3.4725,1.49981,1562098260.0,3,14,26.7795,4066,1001.41002,0.417226,1.41063,28.2333
111512.15,3.4743,1.4995,1562098320.0,3,14,26.8791,4067,1031.41002,0.429726,1.45404,28.2833
111542.15,3.4765,1.49966,1562098320.0,3,14,26.8625,4068,1061.41002,0.442225,1.49749,28.3167
111572.15,3.4783,1.49981,1562098380.0,3,14,26.8625,4069,1091.41002,0.454724,1.54095,28.3333
111602.15,3.4804,1.49996,1562098380.0,3,14,26.8459,4070,1121.41002,0.467223,1.58444,28.3333
111632.15,3.4826,1.50011,1562098440.0,3,14,26.8625,4071,1151.41002,0.479723,1.62796,28.3667
111662.15,3.4847,1.49966,1562098440.0,3,14,26.8625,4072,1181.41002,0.492222,1.6715,28.4001
111692.15,3.4868,1.4995,1562098500.0,3,14,26.8625,4073,1211.41002,0.504721,1.71507,28.3834
111722.15,3.4888,1.49981,1562098500.0,3,14,26.8791,4074,1241.41002,0.51722,1.75867,28.4167
111752.15,3.4913,1.49966,1562098560.0,3,14,26.8791,4075,1271.41002,0.529719,1.80229,28.4334
111782.15,3.4937,1.50027,1562098560.0,3,14,26.7795,4076,1301.41002,0.542219,1.84595,28.4501
111812.15,3.4955,1.49996,1562098620.0,3,14,26.7961,4077,1331.41002,0.554718,1.88963,28.4501
111842.15,3.4978,1.50011,1562098620.0,3,14,26.7961,4078,1361.41002,0.567217,1.93333,28.5001
111872.15,3.5003,1.49996,1562098680.0,3,14,26.7961,4079,1391.41002,0.579716,1.97707,28.5001
111902.15,3.5026,1.49966,1562098680.0,3,14,26.7961,4080,1421.41002,0.592215,2.02083,28.5168
111932.15,3.5045,1.49981,1562098740.0,3,14,26.7961,4081,1451.41002,0.604715,2.06463,28.5335
111962.15,3.507,1.50011,1562098740.0,3,14,26.8127,4082,1481.41002,0.617214,2.10845,28.5335
111992.15,3.5096,1.49996,1562098800.0,3,14,26.8127,4083,1511.41002,0.629713,2.1523,28.5502
112022.15,3.5117,1.4995,1562098800.0,3,14,26.8293,4084,1541.41002,0.642212,2.19618,28.5502
112052.15,3.5142,1.49996,1562098860.0,3,14,26.7961,4085,1571.41002,0.654711,2.24008,28.5502
112082.15,3.5166,1.50011,1562098860.0,3,14,26.7961,4086,1601.41002,0.667211,2.28402,28.5502
112112.15,3.5186,1.49981,1562098920.0,3,14,26.7961,4087,1631.41002,0.67971,2.32799,28.5668
112142.15,3.5212,1.49981,1562098920.0,3,14,26.8127,4088,1661.41002,0.692209,2.37199,28.5502
112172.15,3.5238,1.50011,1562098980.0,3,14,26.8127,4089,1691.41002,0.704708,2.41602,28.5502
112202.15,3.5264,1.50011,1562098980.0,3,14,26.7795,4090,1721.41002,0.717207,2.46008,28.5502
112232.15,3.5286,1.49981,1562099040.0,3,14,26.8625,4091,1751.41002,0.729707,2.50417,28.5668
112262.15,3.5314,1.49966,1562099040.0,3,14,26.7961,4092,1781.41002,0.742206,2.5483,28.5502
112292.15,3.5338,1.50011,1562099100.0,3,14,26.7795,4093,1811.41002,0.754705,2.59245,28.5502
112322.15,3.5367,1.49996,1562099100.0,3,14,26.7961,4094,1841.41002,0.767204,2.63665,28.5835
112352.15,3.5395,1.50011,1562099160.0,3,14,26.7795,4095,1871.41002,0.779703,2.68087,28.5168
112382.15,3.5427,1.49996,1562099160.0,3,14,26.8625,4096,1901.41002,0.792203,2.72513,28.5335
112412.15,3.5454,1.50011,1562099220.0,3,14,26.7795,4097,1931.41002,0.804702,2.76943,28.5168
112442.15,3.5483,1.49966,1562099220.0,3,14,26.7961,4098,1961.41002,0.817201,2.81376,28.5335
112472.15,3.5512,1.50027,1562099280.0,3,14,26.7795,4099,1991.41002,0.8297,2.85813,28.5502
112502.15,3.5543,1.49981,1562099280.0,3,14,26.8459,4100,2021.41002,0.8422,2.90254,28.5168
112532.15,3.5572,1.50011,1562099340.0,3,14,26.8127,4101,2051.41002,0.854699,2.94698,28.4835
112562.15,3.5602,1.49996,1562099340.0,3,14,26.7961,4102,2081.41002,0.867198,2.99146,28.5168
112592.15,3.5633,1.50011,1562099400.0,3,14,26.7961,4103,2111.41002,0.879697,3.03598,28.5168
112622.15,3.5663,1.50027,1562099400.0,3,14,26.8127,4104,2141.41002,0.892196,3.08054,28.5001
112652.15,3.5692,1.49996,1562099460.0,3,14,26.7961,4105,2171.41002,0.904696,3.12514,28.5168
112682.15,3.5721,1.49996,1562099460.0,3,14,26.8127,4106,2201.41002,0.917195,3.16977,28.4668
112712.15,3.5749,1.49981,1562099520.0,3,14,26.7961,4107,2231.41002,0.929694,3.21444,28.5001
112742.15,3.5781,1.49996,1562099520.0,3,14,26.7795,4108,2261.41002,0.942193,3.25914,28.4501
112772.15,3.5807,1.50027,1562099580.0,3,14,26.7961,4109,2291.41002,0.954692,3.30388,28.5335
112802.15,3.5837,1.49966,1562099580.0,3,14,26.7961,4110,2321.41002,0.967192,3.34866,28.4835
112832.15,3.5863,1.49996,1562099640.0,3,14,26.8459,4111,2351.41002,0.979691,3.39347,28.5168
112862.15,3.5891,1.4995,1562099640.0,3,14,26.8293,4112,2381.41002,0.99219,3.43831,28.5001
112892.15,3.5917,1.49996,1562099700.0,3,14,26.8459,4113,2411.41002,1.00469,3.48319,28.5001
112922.15,3.5947,1.50011,1562099700.0,3,14,26.8459,4114,2441.41002,1.01719,3.52811,28.5168
112952.15,3.5975,1.49966,1562099760.0,3,14,26.8625,4115,2471.41002,1.02969,3.57306,28.5001
112982.15,3.6004,1.49996,1562099760.0,3,14,26.8625,4116,2501.41002,1.04219,3.61804,28.4835
113012.15,3.603,1.49996,1562099820.0,3,14,26.7629,4117,2531.41002,1.05469,3.66306,28.5168
113042.15,3.6059,1.50011,1562099820.0,3,14,26.7629,4118,2561.41002,1.06719,3.70811,28.5335
113072.15,3.6086,1.50011,1562099880.0,3,14,26.7629,4119,2591.41002,1.07968,3.7532,28.5168
113102.15,3.6112,1.4995,1562099880.0,3,14,26.8625,4120,2621.41002,1.09218,3.79832,28.5168
113132.15,3.6138,1.49996,1562099940.0,3,14,26.7629,4121,2651.41002,1.10468,3.84348,28.5001
113162.15,3.6164,1.49996,1562099940.0,3,14,26.7463,4122,2681.41002,1.11718,3.88866,28.5168
113192.15,3.6184,1.50027,1562100000.0,3,14,26.8459,4123,2711.41002,1.12968,3.93388,28.4835
113222.15,3.621,1.49981,1562100000.0,3,14,26.7961,4124,2741.41002,1.14218,3.97913,28.4501
113252.15,3.6233,1.50027,1562100060.0,3,14,26.7961,4125,2771.41002,1.15468,4.0244,28.4334
113282.15,3.6254,1.49981,1562100060.0,3,14,26.7961,4126,2801.41002,1.16718,4.0697,28.4668
113312.15,3.6275,1.49996,1562100120.0,3,14,26.7961,4127,2831.41002,1.17968,4.11503,28.4501
113342.15,3.6298,1.49996,1562100120.0,3,14,26.8127,4128,2861.41002,1.19218,4.16039,28.5001
113372.15,3.6313,1.49966,1562100180.0,3,14,26.7961,4129,2891.41002,1.20468,4.20577,28.4835
113402.15,3.6339,1.49981,1562100180.0,3,14,26.7795,4130,2921.41002,1.21718,4.25117,28.4835
113432.15,3.6356,1.49981,1562100240.0,3,14,26.7795,4131,2951.41002,1.22967,4.29661,28.4668
113462.15,3.6374,1.49996,1562100240.0,3,14,26.7795,4132,2981.41002,1.24217,4.34206,28.5001
113492.15,3.6394,1.49996,1562100300.0,3,14,26.7795,4133,3011.41002,1.25467,4.38754,28.4835
113522.15,3.641,1.49996,1562100300.0,3,14,26.7795,4134,3041.41002,1.26717,4.43304,28.4835
113552.15,3.6428,1.50011,1562100360.0,3,14,26.7961,4135,3071.41002,1.27967,4.47856,28.5001
113582.15,3.6445,1.49996,1562100360.0,3,14,26.7961,4136,3101.41002,1.29217,4.5241,28.4835
113612.15,3.6458,1.50027,1562100420.0,3,14,26.8293,4137,3131.41002,1.30467,4.56966,28.4668
113642.15,3.6477,1.50011,1562100420.0,3,14,26.8293,4138,3161.41002,1.31717,4.61525,28.4501
113672.15,3.6489,1.49981,1562100480.0,3,14,26.8293,4139,3191.41002,1.32967,4.66085,28.4668
113702.15,3.6506,1.50027,1562100480.0,3,14,26.8293,4140,3221.41002,1.34217,4.70647,28.4835
113732.15,3.6521,1.49966,1562100540.0,3,14,26.7463,4141,3251.41002,1.35467,4.7521,28.4835
113762.15,3.6535,1.49981,1562100540.0,3,14,26.7463,4142,3281.41002,1.36717,4.79776,28.5001
113792.15,3.655,1.49981,1562100600.0,3,14,26.7297,4143,3311.41002,1.37967,4.84344,28.4835
113822.15,3.6565,1.49996,1562100600.0,3,14,26.8293,4144,3341.41002,1.39216,4.88913,28.5001
113852.15,3.6579,1.49981,1562100660.0,3,14,26.7463,4145,3371.41002,1.40466,4.93484,28.5168
113882.15,3.6593,1.49996,1562100660.0,3,14,26.7629,4146,3401.41002,1.41716,4.98057,28.5168
113912.15,3.6608,1.50027,1562100720.0,3,14,26.7297,4147,3431.41002,1.42966,5.02632,28.5168
113942.15,3.6622,1.50011,1562100720.0,3,14,26.7463,4148,3461.41002,1.44216,5.07209,28.5335
113972.15,3.6635,1.49981,1562100780.0,3,14,26.7463,4149,3491.41002,1.45466,5.11787,28.5335
114002.15,3.6648,1.50011,1562100780.0,3,14,26.7629,4150,3521.41002,1.46716,5.16367,28.5502
114032.15,3.6664,1.49996,1562100840.0,3,14,26.7629,4151,3551.41002,1.47966,5.20949,28.5502
114062.15,3.668,1.49981,1562100840.0,3,14,26.7629,4152,3581.41002,1.49216,5.25533,28.5668
114092.15,3.6693,1.49981,1562100900.0,3,14,26.7629,4153,3611.41002,1.50466,5.30119,28.5668
114122.15,3.6707,1.49966,1562100900.0,3,14,26.7629,4154,3641.41002,1.51716,5.34706,28.5668
114152.15,3.6724,1.49966,1562100960.0,3,14,26.7463,4155,3671.41002,1.52966,5.39295,28.5502
114182.15,3.6738,1.49996,1562100960.0,3,14,26.7961,4156,3701.41002,1.54216,5.43886,28.5835
114212.15,3.6751,1.49981,1562101020.0,3,14,26.8127,4157,3731.41002,1.55465,5.48479,28.5835
114242.15,3.6765,1.50011,1562101020.0,3,14,26.8293,4158,3761.41002,1.56715,5.53074,28.5835
114272.15,3.678,1.49966,1562101080.0,3,14,26.7297,4159,3791.41002,1.57965,5.5767,28.6002
114302.15,3.6796,1.4995,1562101080.0,3,14,26.7463,4160,3821.41002,1.59215,5.62268,28.6002
114332.15,3.6809,1.50027,1562101140.0,3,14,26.7463,4161,3851.41002,1.60465,5.66868,28.6169
114362.15,3.6826,1.50011,1562101140.0,3,14,26.7795,4162,3881.41002,1.61715,5.7147,28.6169
114392.15,3.6837,1.49996,1562101200.0,3,14,26.7297,4163,3911.41002,1.62965,5.76074,28.6169
114422.15,3.6854,1.49966,1562101200.0,3,14,26.7961,4164,3941.41002,1.64215,5.8068,28.6002
114452.15,3.6869,1.50027,1562101260.0,3,14,26.7961,4165,3971.41002,1.65465,5.85287,28.6336
114482.15,3.6881,1.50011,1562101260.0,3,14,26.7961,4166,4001.41002,1.66715,5.89896,28.6502
114512.15,3.6899,1.50011,1562101320.0,3,14,26.7961,4167,4031.41002,1.67965,5.94507,28.6669
114542.15,3.6913,1.49981,1562101320.0,3,14,26.7961,4168,4061.41002,1.69215,5.9912,28.6836
114572.15,3.6928,1.50011,1562101380.0,3,14,26.8127,4169,4091.41002,1.70464,6.03735,28.717
114602.15,3.6944,1.49996,1562101380.0,3,14,26.7629,4170,4121.41002,1.71714,6.08352,28.7003
114632.15,3.6959,1.50011,1562101440.0,3,14,26.7629,4171,4151.41002,1.72964,6.1297,28.717
114662.15,3.6973,1.49981,1562101440.0,3,14,26.8625,4172,4181.41002,1.74214,6.17591,28.7503
114692.15,3.6988,1.49981,1562101500.0,3,14,26.7629,4173,4211.41002,1.75464,6.22213,28.767
114722.15,3.7003,1.49966,1562101500.0,3,14,26.8293,4174,4241.41002,1.76714,6.26838,28.767
114752.15,3.702,1.49966,1562101560.0,3,14,26.8127,4175,4271.41002,1.77964,6.31464,28.767
114782.15,3.7035,1.49981,1562101560.0,3,14,26.8127,4176,4301.41002,1.79214,6.36092,28.8004
114812.15,3.7052,1.49996,1562101620.0,3,14,26.8127,4177,4331.41002,1.80464,6.40723,28.8004
114842.15,3.7066,1.49996,1562101620.0,3,14,26.8127,4178,4361.41002,1.81714,6.45355,28.8337
114872.15,3.7082,1.49966,1562101680.0,3,14,26.8293,4179,4391.41002,1.82964,6.49989,28.8504
114902.15,3.7099,1.49981,1562101680.0,3,14,26.8127,4180,4421.41002,1.84214,6.54625,28.8504
114932.15,3.7116,1.49966,1562101740.0,3,14,26.7961,4181,4451.41002,1.85464,6.59263,28.8504
114962.15,3.7131,1.49981,1562101740.0,3,14,26.8293,4182,4481.41002,1.86713,6.63903,28.8838
114992.15,3.7147,1.49996,1562101800.0,3,14,26.8459,4183,4511.41002,1.87963,6.68546,28.9004
115022.15,3.7163,1.49966,1562101800.0,3,14,26.8459,4184,4541.41002,1.89213,6.7319,28.9338
115052.15,3.7179,1.49996,1562101860.0,3,14,26.8293,4185,4571.41002,1.90463,6.77836,28.9505
115082.15,3.7197,1.49981,1562101860.0,3,14,26.7463,4186,4601.41002,1.91713,6.82485,28.9338
115112.15,3.7215,1.49981,1562101920.0,3,14,26.8293,4187,4631.41002,1.92963,6.87135,28.9505
115142.15,3.7227,1.50011,1562101920.0,3,14,26.8127,4188,4661.41002,1.94213,6.91787,28.9505
115172.15,3.7246,1.50011,1562101980.0,3,14,26.8127,4189,4691.41002,1.95463,6.96442,28.9671
115202.15,3.7264,1.50027,1562101980.0,3,14,26.7795,4190,4721.41002,1.96713,7.01099,28.9671
115232.15,3.7281,1.49966,1562102040.0,3,14,26.7795,4191,4751.41002,1.97963,7.05758,29.0172
115262.15,3.7299,1.49966,1562102040.0,3,14,26.7795,4192,4781.41002,1.99213,7.10419,29.0505
115292.15,3.7314,1.49981,1562102100.0,3,14,26.7629,4193,4811.41002,2.00463,7.15082,29.0672
115322.15,3.7333,1.49966,1562102100.0,3,14,26.7795,4194,4841.41002,2.01712,7.19747,29.0839
115352.15,3.7354,1.49966,1562102160.0,3,14,26.7795,4195,4871.41002,2.02962,7.24415,29.1006
115382.15,3.7369,1.49981,1562102160.0,3,14,26.7629,4196,4901.41002,2.04212,7.29084,29.1006
115412.15,3.7386,1.50011,1562102220.0,3,14,26.7795,4197,4931.41002,2.05462,7.33756,29.1506
115442.15,3.7406,1.49966,1562102220.0,3,14,26.7795,4198,4961.41002,2.06712,7.38431,29.1673
115472.15,3.7424,1.49981,1562102280.0,3,14,26.8127,4199,4991.41002,2.07962,7.43107,29.1173
115502.15,3.7443,1.50011,1562102280.0,3,14,26.7961,4200,5021.41002,2.09212,7.47786,29.1173
115532.15,3.7462,1.4995,1562102340.0,3,14,26.7795,4201,5051.41002,2.10462,7.52467,29.1673
115562.15,3.7481,1.50042,1562102340.0,3,14,26.8459,4202,5081.41002,2.11712,7.57151,29.1673
115592.15,3.7496,1.50011,1562102400.0,3,14,26.8127,4203,5111.41002,2.12962,7.61837,29.2007
115622.15,3.7516,1.4995,1562102400.0,3,14,26.7795,4204,5141.41002,2.14212,7.66525,29.2173
115652.15,3.7537,1.49966,1562102460.0,3,14,26.7795,4205,5171.41002,2.15462,7.71215,29.234
115682.15,3.7557,1.49981,1562102460.0,3,14,26.7795,4206,5201.41002,2.16712,7.75908,29.284
115712.15,3.7575,1.49996,1562102520.0,3,14,26.7463,4207,5231.41002,2.17961,7.80604,29.2674
115742.15,3.7595,1.49981,1562102520.0,3,14,26.8293,4208,5261.41002,2.19211,7.85302,29.2674
115772.15,3.7613,1.49996,1562102580.0,3,14,26.8127,4209,5291.41002,2.20461,7.90002,29.3508
115802.15,3.7636,1.49981,1562102580.0,3,14,26.7463,4210,5321.41002,2.21711,7.94705,29.3007
115832.15,3.7655,1.49996,1562102640.0,3,14,26.8127,4211,5351.41002,2.22961,7.99411,29.3341
115862.15,3.7676,1.50042,1562102640.0,3,14,26.7629,4212,5381.41002,2.24211,8.04119,29.3674
115892.15,3.7697,1.50011,1562102700.0,3,14,26.7795,4213,5411.41002,2.25461,8.08829,29.4008
115922.15,3.7716,1.49966,1562102700.0,3,14,26.7795,4214,5441.41002,2.26711,8.13543,29.4008
115952.15,3.774,1.50011,1562102760.0,3,14,26.7961,4215,5471.41002,2.27961,8.18258,29.4508
115982.15,3.7762,1.49966,1562102760.0,3,14,26.8127,4216,5501.41002,2.29211,8.22977,29.4342
116012.15,3.7781,1.49996,1562102820.0,3,14,26.8459,4217,5531.41002,2.30461,8.27698,29.4508
116042.15,3.7804,1.50042,1562102820.0,3,14,26.8625,4218,5561.41002,2.31711,8.32422,29.4508
116072.15,3.7826,1.50027,1562102880.0,3,14,26.8293,4219,5591.41002,2.3296,8.37149,29.4842
116102.15,3.7848,1.50027,1562102880.0,3,14,26.7961,4220,5621.41002,2.3421,8.41878,29.4842
116132.15,3.787,1.50027,1562102940.0,3,14,26.7795,4221,5651.41002,2.3546,8.4661,29.5176
116162.15,3.789,1.50042,1562102940.0,3,14,26.7961,4222,5681.41002,2.3671,8.51345,29.5176
116192.15,3.7914,1.49981,1562103000.0,3,14,26.7961,4223,5711.41002,2.3796,8.56083,29.5342
116222.15,3.7937,1.49981,1562103000.0,3,14,26.8127,4224,5741.41002,2.3921,8.60823,29.5509
116252.15,3.7963,1.50011,1562103060.0,3,14,26.8127,4225,5771.41002,2.4046,8.65567,29.5676
116282.15,3.7986,1.49996,1562103060.0,3,14,26.7961,4226,5801.41002,2.4171,8.70313,29.5509
116312.15,3.8007,1.49996,1562103120.0,3,14,26.8791,4227,5831.41002,2.4296,8.75062,29.5342
116342.15,3.8032,1.50011,1562103120.0,3,14,26.8791,4228,5861.41002,2.4421,8.79814,29.5676
116372.15,3.8054,1.49996,1562103180.0,3,14,26.8957,4229,5891.41002,2.4546,8.84569,29.5676
116402.15,3.808,1.50011,1562103180.0,3,14,26.8957,4230,5921.41002,2.4671,8.89327,29.5676
116432.15,3.8103,1.4995,1562103240.0,3,14,26.8791,4231,5951.41002,2.4796,8.94088,29.5843
116462.15,3.8128,1.49981,1562103240.0,3,14,26.7961,4232,5981.41002,2.49209,8.98853,29.601
116492.15,3.8152,1.49966,1562103300.0,3,14,26.8625,4233,6011.41002,2.50459,9.0362,29.5676
116522.15,3.8175,1.4995,1562103300.0,3,14,26.8625,4234,6041.41002,2.51709,9.0839,29.5676
116552.15,3.8202,1.49981,1562103360.0,3,14,26.8625,4235,6071.41002,2.52959,9.13164,29.5843
116582.15,3.8227,1.4995,1562103360.0,3,14,26.8791,4236,6101.41002,2.54209,9.1794,29.6176
116612.15,3.8254,1.50027,1562103420.0,3,14,26.8791,4237,6131.41002,2.55459,9.2272,29.651
116642.15,3.8277,1.50011,1562103420.0,3,14,26.7961,4238,6161.41002,2.56709,9.27503,29.6343
116672.15,3.8305,1.49996,1562103480.0,3,14,26.8957,4239,6191.41002,2.57959,9.32289,29.6677
116702.15,3.8332,1.4995,1562103480.0,3,14,26.8957,4240,6221.41002,2.59209,9.37078,29.651
116732.15,3.8358,1.50042,1562103540.0,3,14,26.8127,4241,6251.41002,2.60459,9.41871,29.6677
116762.15,3.8379,1.50011,1562103540.0,3,14,26.8293,4242,6281.41002,2.61709,9.46666,29.6843
116792.15,3.8405,1.49996,1562103600.0,3,14,26.8957,4243,6311.41002,2.62959,9.51465,29.701
116822.15,3.8433,1.49966,1562103600.0,3,14,26.9123,4244,6341.41002,2.64209,9.56268,29.6843
116852.15,3.8459,1.50027,1562103660.0,3,14,26.8957,4245,6371.41002,2.65458,9.61073,29.651
116882.15,3.8488,1.49966,1562103660.0,3,14,26.8957,4246,6401.41002,2.66708,9.65882,29.6843
116912.15,3.8512,1.49996,1562103720.0,3,14,26.8293,4247,6431.41002,2.67958,9.70694,29.6843
116942.15,3.854,1.50027,1562103720.0,3,14,26.8459,4248,6461.41002,2.69208,9.7551,29.701
116972.15,3.8564,1.49981,1562103780.0,3,14,26.8459,4249,6491.41002,2.70458,9.80328,29.6843
117002.15,3.8592,1.49966,1562103780.0,3,14,26.8459,4250,6521.41002,2.71708,9.8515,29.701
117032.15,3.8618,1.49996,1562103840.0,3,14,26.8625,4251,6551.41002,2.72958,9.89976,29.6843
117062.15,3.8643,1.49981,1562103840.0,3,14,26.8791,4252,6581.41002,2.74208,9.94804,29.701
117092.15,3.8669,1.49981,1562103900.0,3,14,26.8791,4253,6611.41002,2.75458,9.99636,29.701
117122.15,3.8698,1.49981,1562103900.0,3,14,26.8791,4254,6641.41002,2.76708,10.0447,29.6843
117152.15,3.8724,1.49981,1562103960.0,3,14,26.8791,4255,6671.41002,2.77958,10.0931,29.6843
117182.15,3.8747,1.49966,1562103960.0,3,14,26.8625,4256,6701.41002,2.79208,10.1415,29.6843
117212.15,3.8775,1.49996,1562104020.0,3,14,26.8625,4257,6731.41002,2.80457,10.19,29.6843
117242.15,3.8804,1.49935,1562104020.0,3,14,26.8625,4258,6761.41002,2.81707,10.2385,29.6843
117272.15,3.883,1.49981,1562104080.0,3,14,26.8625,4259,6791.41002,2.82957,10.287,29.6677
117302.15,3.8856,1.50042,1562104080.0,3,14,26.8459,4260,6821.41002,2.84207,10.3355,29.651
117332.15,3.8882,1.49996,1562104140.0,3,14,26.8127,4261,6851.41002,2.85457,10.3841,29.6176
117362.15,3.8906,1.49981,1562104140.0,3,14,26.8957,4262,6881.41002,2.86707,10.4327,29.601
117392.15,3.8933,1.49981,1562104200.0,3,14,26.9123,4263,6911.41002,2.87957,10.4814,29.601
117422.15,3.8959,1.49996,1562104200.0,3,14,26.8957,4264,6941.41002,2.89207,10.53,29.6176
117452.15,3.8984,1.49996,1562104260.0,3,14,26.9123,4265,6971.41002,2.90457,10.5788,29.5676
117482.15,3.901,1.49996,1562104260.0,3,14,26.8957,4266,7001.41002,2.91707,10.6275,29.5676
117512.15,3.9037,1.49996,1562104320.0,3,14,26.8957,4267,7031.41002,2.92957,10.6763,29.5509
117542.15,3.906,1.49996,1562104320.0,3,14,26.9123,4268,7061.41002,2.94207,10.7251,29.5509
117572.15,3.9088,1.50011,1562104380.0,3,14,26.9123,4269,7091.41002,2.95457,10.7739,29.5342
117602.15,3.9113,1.49966,1562104380.0,3,14,26.9123,4270,7121.41002,2.96706,10.8228,29.5009
117632.15,3.9135,1.50011,1562104440.0,3,14,26.8957,4271,7151.41002,2.97956,10.8717,29.5176
117662.15,3.9162,1.49981,1562104440.0,3,14,26.8957,4272,7181.41002,2.99206,10.9206,29.5509
117692.15,3.9187,1.50011,1562104500.0,3,14,26.8957,4273,7211.41002,3.00456,10.9696,29.4842
117722.15,3.9213,1.49966,1562104500.0,3,14,26.9123,4274,7241.41002,3.01706,11.0186,29.4842
117752.15,3.9236,1.49981,1562104560.0,3,14,26.9289,4275,7271.41002,3.02956,11.0676,29.5009
117782.15,3.9261,1.49981,1562104560.0,3,14,26.9123,4276,7301.41002,3.04206,11.1167,29.4508
117812.15,3.9286,1.49996,1562104620.0,3,14,26.9123,4277,7331.41002,3.05456,11.1658,29.5009
117842.15,3.9309,1.49981,1562104620.0,3,14,26.9123,4278,7361.41002,3.06706,11.2149,29.4508
117872.15,3.9333,1.49996,1562104680.0,3,14,26.8791,4279,7391.41002,3.07956,11.264,29.4175
117902.15,3.9361,1.50011,1562104680.0,3,14,26.8791,4280,7421.41002,3.09206,11.3132,29.4508
117932.15,3.9384,1.49966,1562104740.0,3,14,26.8625,4281,7451.41002,3.10456,11.3624,29.4342
117962.15,3.9406,1.50011,1562104740.0,3,14,26.9289,4282,7481.41002,3.11705,11.4117,29.4175
117992.15,3.9432,1.50011,1562104800.0,3,14,26.9123,4283,7511.41002,3.12955,11.461,29.4008
118022.15,3.9455,1.49981,1562104800.0,3,14,26.9123,4284,7541.41002,3.14205,11.5103,29.3674
118052.15,3.9477,1.49996,1562104860.0,3,14,26.8957,4285,7571.41002,3.15455,11.5596,29.3508
118082.15,3.9501,1.49996,1562104860.0,3,14,26.9123,4286,7601.41002,3.16705,11.6089,29.3341
118112.15,3.9524,1.50027,1562104920.0,3,14,26.9123,4287,7631.41002,3.17955,11.6583,29.3341
118142.15,3.9547,1.50011,1562104920.0,3,14,26.9123,4288,7661.41002,3.19205,11.7078,29.3341
118172.15,3.9571,1.50027,1562104980.0,3,14,26.9289,4289,7691.41002,3.20455,11.7572,29.3174
118202.15,3.9594,1.49996,1562104980.0,3,14,26.9289,4290,7721.41002,3.21705,11.8067,29.3007
118232.15,3.9615,1.49981,1562105040.0,3,14,26.9289,4291,7751.41002,3.22955,11.8562,29.284
118262.15,3.9638,1.49996,1562105040.0,3,14,26.8957,4292,7781.41002,3.24205,11.9057,29.2507
118292.15,3.9664,1.50011,1562105100.0,3,14,26.8957,4293,7811.41002,3.25455,11.9553,29.234
118322.15,3.9687,1.49966,1562105100.0,3,14,26.8957,4294,7841.41002,3.26705,12.0049,29.2507
118352.15,3.971,1.4995,1562105160.0,3,14,26.9123,4295,7871.41002,3.27954,12.0545,29.2173
118382.15,3.973,1.49981,1562105160.0,3,14,26.9123,4296,7901.41002,3.29204,12.1041,29.234
118412.15,3.9751,1.50011,1562105220.0,3,14,26.9289,4297,7931.41002,3.30454,12.1538,29.234
118442.15,3.9774,1.50027,1562105220.0,3,14,26.9123,4298,7961.41002,3.31704,12.2035,29.234
118472.15,3.9799,1.49981,1562105280.0,3,14,26.8791,4299,7991.41002,3.32954,12.2532,29.2007
118502.15,3.9818,1.49981,1562105280.0,3,14,26.8957,4300,8021.41002,3.34204,12.303,29.184
118532.15,3.9841,1.49981,1562105340.0,3,14,26.8957,4301,8051.41002,3.35454,12.3528,29.184
118562.15,3.9863,1.49996,1562105340.0,3,14,26.8957,4302,8081.41002,3.36704,12.4026,29.1506
118592.15,3.9887,1.49981,1562105400.0,3,14,26.9123,4303,8111.41002,3.37954,12.4524,29.1673
118622.15,3.991,1.49981,1562105400.0,3,14,26.9123,4304,8141.41002,3.39204,12.5023,29.1673
118652.15,3.9934,1.49981,1562105460.0,3,14,26.9123,4305,8171.41002,3.40454,12.5522,29.1506
118682.15,3.9956,1.4995,1562105460.0,3,14,26.8957,4306,8201.41002,3.41704,12.6021,29.184
118712.15,3.998,1.49996,1562105520.0,3,14,26.9123,4307,8231.41002,3.42953,12.6521,29.1339
118742.15,4.0002,1.49996,1562105520.0,3,14,26.9123,4308,8261.41002,3.44203,12.7021,29.1506
118772.15,4.0024,1.49966,1562105580.0,3,14,26.9123,4309,8291.41002,3.45453,12.7521,29.1506
118802.15,4.005,1.50011,1562105580.0,3,14,26.9123,4310,8321.41002,3.46703,12.8021,29.1339
118832.15,4.0072,1.49996,1562105640.0,3,14,26.8957,4311,8351.41002,3.47953,12.8522,29.1173
118862.15,4.0095,1.49981,1562105640.0,3,14,26.9123,4312,8381.41002,3.49203,12.9023,29.1339
118892.15,4.0121,1.49981,1562105700.0,3,14,26.8957,4313,8411.41002,3.50453,12.9524,29.1173
118922.15,4.0145,1.50011,1562105700.0,3,14,26.9123,4314,8441.41002,3.51703,13.0026,29.1673
118952.15,4.0169,1.49981,1562105760.0,3,14,26.9123,4315,8471.41002,3.52953,13.0528,29.1006
118982.15,4.0194,1.50011,1562105760.0,3,14,26.8957,4316,8501.41002,3.54203,13.103,29.1006
119012.15,4.0218,1.50011,1562105820.0,3,14,26.9123,4317,8531.41002,3.55453,13.1533,29.1006
119042.15,4.0243,1.4992,1562105820.0,3,14,26.8957,4318,8561.41002,3.56703,13.2036,29.1173
119072.15,4.0269,1.50011,1562105880.0,3,14,26.8957,4319,8591.41002,3.57953,13.2539,29.0672
119102.15,4.0294,1.49966,1562105880.0,3,14,26.8957,4320,8621.41002,3.59202,13.3042,29.1673
119132.15,4.0322,1.49981,1562105940.0,3,14,26.8957,4321,8651.41002,3.60452,13.3546,29.1506
119162.15,4.0349,1.49981,1562105940.0,3,14,26.8957,4322,8681.41002,3.61702,13.405,29.1673
119192.15,4.0374,1.4995,1562106000.0,3,14,26.9123,4323,8711.41002,3.62952,13.4555,29.0839
119222.15,4.0404,1.50027,1562106000.0,3,14,26.8957,4324,8741.41002,3.64202,13.506,29.0672
119252.15,4.0429,1.49966,1562106060.0,3,14,26.8791,4325,8771.41002,3.65452,13.5565,29.1506
119282.15,4.0456,1.50011,1562106060.0,3,14,26.8791,4326,8801.41002,3.66702,13.607,29.1339
119312.15,4.0484,1.4995,1562106120.0,3,14,26.8957,4327,8831.41002,3.67952,13.6576,29.0839
119342.15,4.0511,1.49981,1562106120.0,3,14,26.8957,4328,8861.41002,3.69202,13.7082,29.0839
119372.15,4.0542,1.50027,1562106180.0,3,14,26.8957,4329,8891.41002,3.70452,13.7589,29.0839
119402.15,4.0569,1.49996,1562106180.0,3,14,26.9123,4330,8921.41002,3.71702,13.8096,29.1006
119432.15,4.06,1.50011,1562106240.0,3,14,26.8957,4331,8951.41002,3.72952,13.8603,29.0839
119462.15,4.0627,1.49996,1562106240.0,3,14,26.8957,4332,8981.41002,3.74202,13.9111,29.1506
119492.15,4.0655,1.50011,1562106300.0,3,14,26.8957,4333,9011.41002,3.75451,13.9619,29.1006
119522.15,4.0687,1.49966,1562106300.0,3,14,26.8957,4334,9041.41002,3.76701,14.0127,29.1506
119552.15,4.0717,1.50011,1562106360.0,3,14,26.8957,4335,9071.41002,3.77951,14.0636,29.1506
119582.15,4.0748,1.49996,1562106360.0,3,14,26.8957,4336,9101.41002,3.79201,14.1145,29.1006
119612.15,4.0777,1.49981,1562106420.0,3,14,26.8791,4337,9131.41002,3.80451,14.1655,29.0839
119642.15,4.0809,1.49966,1562106420.0,3,14,26.8791,4338,9161.41002,3.81701,14.2164,29.0839
119672.15,4.0842,1.50011,1562106480.0,3,14,26.8957,4339,9191.41002,3.82951,14.2675,29.1006
119702.15,4.0871,1.50011,1562106480.0,3,14,26.8791,4340,9221.41002,3.84201,14.3185,29.0839
119732.15,4.0903,1.49996,1562106540.0,3,14,26.8791,4341,9251.41002,3.85451,14.3696,29.0839
119762.15,4.0932,1.50011,1562106540.0,3,14,26.8957,4342,9281.41002,3.86701,14.4208,29.1006
119792.15,4.0966,1.50042,1562106600.0,3,14,26.8957,4343,9311.41002,3.87951,14.472,29.0839
119822.15,4.0995,1.50011,1562106600.0,3,14,26.8791,4344,9341.41002,3.89201,14.5232,29.1006
119852.15,4.1028,1.4995,1562106660.0,3,14,26.8957,4345,9371.41002,3.9045,14.5745,29.1006
119882.15,4.1057,1.50011,1562106660.0,3,14,26.8957,4346,9401.41002,3.917,14.6258,29.1006
119912.15,4.1088,1.4995,1562106720.0,3,14,26.8791,4347,9431.41002,3.9295,14.6771,29.1006
119942.15,4.1117,1.49966,1562106720.0,3,14,26.9123,4348,9461.41002,3.942,14.7285,29.1506
119972.15,4.1154,1.49981,1562106780.0,3,14,26.9289,4349,9491.41002,3.9545,14.7799,29.1339
120002.15,4.1183,1.50011,1562106780.0,3,14,26.8625,4350,9521.41002,3.967,14.8313,29.1506
120032.15,4.1212,1.49996,1562106840.0,3,14,26.8791,4351,9551.41002,3.9795,14.8828,29.1673
120062.15,4.1245,1.49981,1562106840.0,3,14,26.8791,4352,9581.41002,3.992,14.9344,29.1673
120092.15,4.1273,1.49981,1562106900.0,3,14,26.8957,4353,9611.41002,4.0045,14.9859,29.1339
120122.15,4.1303,1.49996,1562106900.0,3,14,26.8957,4354,9641.41002,4.017,15.0375,29.1173
120152.15,4.1332,1.49996,1562106960.0,3,14,26.8957,4355,9671.41002,4.0295,15.0892,29.1173
120182.15,4.1363,1.49996,1562106960.0,3,14,26.8957,4356,9701.41002,4.042,15.1409,29.1673
120212.15,4.139,1.50027,1562107020.0,3,14,26.8791,4357,9731.41002,4.0545,15.1926,29.184
120242.15,4.1419,1.50011,1562107020.0,3,14,26.8957,4358,9761.41002,4.06699,15.2443,29.1673
120272.15,4.1447,1.49966,1562107080.0,3,14,26.8791,4359,9791.41002,4.07949,15.2961,29.184
120302.15,4.1474,1.49981,1562107080.0,3,14,26.8957,4360,9821.41002,4.09199,15.348,29.2007
120332.15,4.15,1.50011,1562107140.0,3,14,26.8791,4361,9851.41002,4.10449,15.3998,29.184
120362.15,4.1527,1.49981,1562107140.0,3,14,26.8791,4362,9881.41002,4.11699,15.4517,29.2007
120392.15,4.1553,1.49966,1562107200.0,3,14,26.8791,4363,9911.41002,4.12949,15.5036,29.1673
120422.15,4.1578,1.50011,1562107200.0,3,14,26.8791,4364,9941.41002,4.14199,15.5556,29.184
120452.15,4.1601,1.50027,1562107260.0,3,14,26.8625,4365,9971.41002,4.15449,15.6076,29.1506
120482.15,4.1625,1.49966,1562107260.0,3,14,26.8625,4366,10001.41002,4.16699,15.6596,29.1673
120512.15,4.1648,1.50027,1562107320.0,3,14,26.8625,4367,10031.41002,4.17949,15.7116,29.184
120542.15,4.1668,1.49981,1562107320.0,3,14,26.8791,4368,10061.41002,4.19199,15.7637,29.2007
120572.15,4.1689,1.49981,1562107380.0,3,14,26.8791,4369,10091.41002,4.20449,15.8158,29.2007
120602.15,4.1707,1.49981,1562107380.0,3,14,26.8791,4370,10121.41002,4.21698,15.8679,29.2007
120632.15,4.1727,1.49935,1562107440.0,3,14,26.8625,4371,10151.41002,4.22948,15.92,29.184
120662.15,4.1749,1.4995,1562107440.0,3,14,26.8957,4372,10181.41002,4.24198,15.9722,29.184
120692.15,4.1764,1.50011,1562107500.0,3,14,26.9123,4373,10211.41002,4.25448,16.0244,29.184
120722.15,4.1779,1.49996,1562107500.0,3,14,26.9123,4374,10241.41002,4.26698,16.0766,29.184
120752.15,4.1796,1.49996,1562107560.0,3,14,26.8957,4375,10271.41002,4.27948,16.1289,29.2007
120782.15,4.1811,1.50011,1562107560.0,3,14,26.9123,4376,10301.41002,4.29198,16.1811,29.2007
120812.15,4.1828,1.50011,1562107620.0,3,14,26.9123,4377,10331.41002,4.30448,16.2334,29.2173
120842.15,4.1842,1.4995,1562107620.0,3,14,26.8459,4378,10361.41002,4.31698,16.2857,29.234
120872.15,4.1857,1.49996,1562107680.0,3,14,26.8791,4379,10391.41002,4.32948,16.338,29.2674
120902.15,4.1869,1.49981,1562107680.0,3,14,26.8791,4380,10421.41002,4.34198,16.3903,29.2674
120932.15,4.1883,1.50011,1562107740.0,3,14,26.8791,4381,10451.41002,4.35448,16.4426,29.284
120962.15,4.1898,1.50027,1562107740.0,3,14,26.8791,4382,10481.41002,4.36698,16.495,29.284
120992.15,4.1912,1.49981,1562107800.0,3,14,26.8791,4383,10511.41002,4.37947,16.5474,29.284
121022.15,4.1926,1.49996,1562107800.0,3,14,26.8957,4384,10541.41002,4.39197,16.5998,29.2674
121052.15,4.1938,1.49966,1562107860.0,3,14,26.8957,4385,10571.41002,4.40447,16.6522,29.2674
121082.15,4.1953,1.50011,1562107860.0,3,14,26.9289,4386,10601.41002,4.41697,16.7046,29.234
121112.15,4.1967,1.50011,1562107920.0,3,14,26.9289,4387,10631.41002,4.42947,16.7571,29.3007
121142.15,4.1981,1.49996,1562107920.0,3,14,26.9455,4388,10661.41002,4.44197,16.8095,29.3007
121172.15,4.1994,1.49981,1562107980.0,3,14,26.8791,4389,10691.41002,4.45447,16.862,29.3174
121176.91,4.2,1.4995,1562107980.0,3,14,26.8957,4390,10696.17,4.45645,16.8703,29.3174
121176.94,4.2031,1.60372,1562107980.0,3,15,26.8957,4391,0.03,4.45647,16.8704,29.3174
121206.94,4.1999,1.46975,1562107980.0,3,15,26.8791,4392,30.03,4.46891,16.9227,29.3174
121236.94,4.1999,1.43984,1562108040.0,3,15,26.9455,4393,60.03,4.48103,16.9736,29.3174
121266.94,4.2,1.41375,1562108040.0,3,15,26.8625,4394,90.03,4.49293,17.0235,29.3508
121296.94,4.2,1.39117,1562108100.0,3,15,26.8791,4395,120.03,4.50461,17.0726,29.3508
121326.94,4.2,1.36782,1562108100.0,3,15,26.8957,4396,150.03,4.51611,17.1209,29.2674
121356.94,4.1999,1.34524,1562108160.0,3,15,26.9123,4397,180.03,4.52741,17.1684,29.284
121386.94,4.2,1.3228,1562108160.0,3,15,26.9123,4398,210.03,4.53853,17.2151,29.3007
121416.94,4.2002,1.30098,1562108220.0,3,15,26.9123,4399,240.03,4.54947,17.261,29.3341
121446.94,4.2,1.27886,1562108220.0,3,15,26.9289,4400,270.03,4.56021,17.3062,29.3174
121476.94,4.2,1.25612,1562108280.0,3,15,26.9123,4401,300.03,4.57078,17.3505,29.284
121506.94,4.1999,1.2343,1562108280.0,3,15,26.9123,4402,330.03,4.58115,17.3941,29.2674
121536.94,4.2,1.21141,1562108340.0,3,15,26.8957,4403,360.03,4.59135,17.4369,29.2674
121566.94,4.2,1.18944,1562108340.0,3,15,26.8957,4404,390.03,4.60135,17.4789,29.2507
121596.94,4.2,1.16777,1562108400.0,3,15,26.9123,4405,420.03,4.61117,17.5202,29.2507
121626.94,4.2,1.14458,1562108400.0,3,15,26.8957,4406,450.03,4.6208,17.5606,29.2007
121656.94,4.1999,1.12154,1562108460.0,3,15,26.9123,4407,480.03,4.63024,17.6003,29.2173
121686.94,4.2,1.09819,1562108460.0,3,15,26.8957,4408,510.03,4.6395,17.6392,29.2007
121716.94,4.2,1.0753,1562108520.0,3,15,26.8957,4409,540.03,4.64856,17.6772,29.184
121746.94,4.2,1.05455,1562108520.0,3,15,26.9123,4410,570.03,4.65744,17.7145,29.184
121776.94,4.1999,1.03075,1562108580.0,3,15,26.9289,4411,600.03,4.66613,17.751,29.1673
121806.94,4.2,1.00923,1562108580.0,3,15,26.9123,4412,630.03,4.67462,17.7867,29.1506
121836.94,4.2,0.985733,1562108640.0,3,15,26.9289,4413,660.03,4.68293,17.8216,29.1173
121866.94,4.2,0.96376,1562108640.0,3,15,26.9123,4414,690.03,4.69105,17.8557,29.1173
121896.94,4.2,0.939651,1562108700.0,3,15,26.9123,4415,720.03,4.69898,17.889,29.0839
121926.94,4.2,0.916609,1562108700.0,3,15,26.8957,4416,750.03,4.70672,17.9215,29.0672
121956.94,4.2,0.893416,1562108760.0,3,15,26.9123,4417,780.03,4.71427,17.9532,29.0505
121986.94,4.1999,0.871748,1562108760.0,3,15,26.8957,4418,810.03,4.72163,17.9841,29.0339
122016.94,4.1999,0.850843,1562108820.0,3,15,26.8957,4419,840.03,4.72881,18.0143,29.0005
122046.94,4.2,0.827344,1562108820.0,3,15,26.8957,4420,870.03,4.7358,18.0436,28.9671
122076.94,4.1999,0.806592,1562108880.0,3,15,26.8127,4421,900.03,4.74261,18.0722,28.9671
122106.94,4.2,0.785077,1562108880.0,3,15,26.8127,4422,930.03,4.74924,18.1001,28.9505
122136.94,4.2,0.762036,1562108940.0,3,15,26.8127,4423,960.03,4.75568,18.1271,28.9338
122166.94,4.2,0.742351,1562108940.0,3,15,26.8625,4424,990.03,4.76194,18.1534,28.8504
122196.94,4.2002,0.719463,1562109000.0,3,15,26.8625,4425,1020.03,4.76803,18.179,28.8337
122226.94,4.2,0.697948,1562109000.0,3,15,26.8459,4426,1050.03,4.77394,18.2038,28.8838
122256.94,4.2,0.678416,1562109060.0,3,15,26.8293,4427,1080.03,4.77969,18.228,28.817
122286.94,4.2,0.658427,1562109060.0,3,15,26.8293,4428,1110.03,4.78526,18.2513,28.8004
122316.94,4.1999,0.638437,1562109120.0,3,15,26.8127,4429,1140.03,4.79066,18.274,28.7837
122346.94,4.2,0.617227,1562109120.0,3,15,26.8293,4430,1170.03,4.79589,18.296,28.7503
122376.94,4.1999,0.600137,1562109180.0,3,15,26.8459,4431,1200.03,4.80097,18.3173,28.717
122406.94,4.1999,0.579538,1562109180.0,3,15,26.8293,4432,1230.03,4.80588,18.338,28.6169
122436.94,4.2,0.56199,1562109240.0,3,15,26.8127,4433,1260.03,4.81064,18.358,28.6502
122466.94,4.1999,0.543526,1562109240.0,3,15,26.7961,4434,1290.03,4.81525,18.3773,28.6169
122496.94,4.1999,0.525368,1562109300.0,3,15,26.8127,4435,1320.03,4.81971,18.3961,28.5835
122526.94,4.2,0.509957,1562109300.0,3,15,26.7961,4436,1350.03,4.82402,18.4142,28.5668
122556.94,4.1999,0.491035,1562109360.0,3,15,26.7961,4437,1380.03,4.82819,18.4317,28.5502
122586.94,4.1999,0.475013,1562109360.0,3,15,26.8459,4438,1410.03,4.83223,18.4486,28.4501
122616.94,4.1999,0.457771,1562109420.0,3,15,26.8459,4439,1440.03,4.83612,18.465,28.4501
122646.94,4.2,0.443427,1562109420.0,3,15,26.8459,4440,1470.03,4.83989,18.4808,28.4001
122676.94,4.2,0.429084,1562109480.0,3,15,26.7795,4441,1500.03,4.84352,18.4961,28.3834
122706.94,4.2,0.414588,1562109480.0,3,15,26.7629,4442,1530.03,4.84703,18.5108,28.3667
122736.94,4.2,0.400854,1562109540.0,3,15,26.7629,4443,1560.03,4.85043,18.5251,28.3333
122766.94,4.1999,0.386511,1562109540.0,3,15,26.7629,4444,1590.03,4.8537,18.5388,28.3167
122796.94,4.2,0.373083,1562109600.0,3,15,26.8127,4445,1620.03,4.85686,18.5521,28.2833
122826.94,4.2,0.359808,1562109600.0,3,15,26.8293,4446,1650.03,4.85991,18.5649,28.2499
122856.94,4.2,0.347448,1562109660.0,3,15,26.7629,4447,1680.03,4.86286,18.5773,28.2166
122886.94,4.2002,0.335546,1562109660.0,3,15,26.7463,4448,1710.03,4.8657,18.5892,28.2166
122916.94,4.2,0.323339,1562109720.0,3,15,26.7629,4449,1740.03,4.86844,18.6007,28.1832
122946.94,4.2,0.310826,1562109720.0,3,15,26.7795,4450,1770.03,4.87108,18.6118,28.1499
122976.94,4.1999,0.299382,1562109780.0,3,15,26.7795,4451,1800.03,4.87363,18.6225,28.1165
123006.94,4.2,0.289769,1562109780.0,3,15,26.7629,4452,1830.03,4.87609,18.6329,28.1165
123036.94,4.1999,0.279088,1562109840.0,3,15,26.7795,4453,1860.03,4.87846,18.6428,28.0331
123066.94,4.2,0.267948,1562109840.0,3,15,26.7795,4454,1890.03,4.88075,18.6524,28.0331
123096.94,4.1999,0.260166,1562109900.0,3,15,26.7795,4455,1920.03,4.88295,18.6617,27.9998
123126.94,4.2,0.250553,1562109900.0,3,15,26.7961,4456,1950.03,4.88507,18.6706,27.9664
123156.94,4.1999,0.241398,1562109960.0,3,15,26.8127,4457,1980.03,4.88712,18.6792,27.9497
123186.94,4.1999,0.232395,1562109960.0,3,15,26.8127,4458,2010.03,4.88909,18.6875,27.9164
123216.94,4.1999,0.224002,1562110020.0,3,15,26.8127,4459,2040.03,4.891,18.6955,27.8997
123246.94,4.2,0.216373,1562110020.0,3,15,26.8127,4460,2070.03,4.89284,18.7032,27.883
123276.94,4.2,0.209812,1562110080.0,3,15,26.7961,4461,2100.03,4.89461,18.7106,27.833
123306.94,4.2,0.200809,1562110080.0,3,15,26.7795,4462,2130.03,4.89632,18.7178,27.8163
123336.94,4.1999,0.194247,1562110140.0,3,15,26.7795,4463,2160.03,4.89797,18.7247,27.8163
123366.94,4.2,0.187381,1562110140.0,3,15,26.7795,4464,2190.03,4.89956,18.7314,27.7829
123396.94,4.2,0.180819,1562110200.0,3,15,26.7795,4465,2220.03,4.9011,18.7379,27.7496
123426.94,4.2,0.173342,1562110200.0,3,15,26.7795,4466,2250.03,4.90258,18.7441,27.7496
123456.94,4.1999,0.16907,1562110260.0,3,15,26.7795,4467,2280.03,4.90401,18.7501,27.7162
123486.94,4.1999,0.162051,1562110260.0,3,15,26.7795,4468,2310.03,4.90539,18.7559,27.6829
123516.94,4.2,0.158389,1562110320.0,3,15,26.7795,4469,2340.03,4.90673,18.7615,27.6829
123546.94,4.1999,0.153353,1562110320.0,3,15,26.8127,4470,2370.03,4.90802,18.7669,27.6662
123576.94,4.2,0.146181,1562110380.0,3,15,26.7961,4471,2400.03,4.90926,18.7722,27.6495
123606.94,4.2,0.141604,1562110380.0,3,15,26.7463,4472,2430.03,4.91046,18.7772,27.6662
123636.94,4.2002,0.137789,1562110440.0,3,15,26.7463,4473,2460.03,4.91162,18.7821,27.6328
123666.94,4.2,0.133974,1562110440.0,3,15,26.7463,4474,2490.03,4.91275,18.7868,27.6328
123696.94,4.2,0.128328,1562110500.0,3,15,26.7463,4475,2520.03,4.91384,18.7914,27.6161
123726.94,4.2,0.124056,1562110500.0,3,15,26.7795,4476,2550.03,4.91489,18.7958,27.5661
123756.94,4.2,0.118715,1562110560.0,3,15,26.7961,4477,2580.03,4.9159,18.8,27.5494
123786.94,4.2,0.115053,1562110560.0,3,15,26.7961,4478,2610.03,4.91688,18.8042,27.5161
123816.94,4.1999,0.112154,1562110620.0,3,15,26.7961,4479,2640.03,4.91783,18.8082,27.4994
123846.94,4.2,0.106355,1562110620.0,3,15,26.7795,4480,2670.03,4.91875,18.812,27.4994
123876.94,4.1999,0.104372,1562110680.0,3,15,26.7297,4481,2700.03,4.91964,18.8158,27.4994
123906.94,4.1999,0.100557,1562110680.0,3,15,26.7297,4482,2730.03,4.9205,18.8194,27.4994
123936.94,4.2,0.0994888,1562110740.0,3,15,26.7463,4483,2760.03,4.92133,18.8229,27.466
123966.94,4.2,0.0956741,1562110740.0,3,15,26.7463,4484,2790.03,4.92214,18.8263,27.4327
123996.94,4.1999,0.0943008,1562110800.0,3,15,26.8127,4485,2820.03,4.92293,18.8296,27.4327
124026.94,4.2,0.0889601,1562110800.0,3,15,26.7463,4486,2850.03,4.92369,18.8328,27.416
124056.94,4.2002,0.0874342,1562110860.0,3,15,26.7463,4487,2880.03,4.92443,18.8359,27.416
124086.94,4.2,0.084535,1562110860.0,3,15,26.7629,4488,2910.03,4.92514,18.8389,27.416
124116.94,4.2,0.0825513,1562110920.0,3,15,26.7629,4489,2940.03,4.92584,18.8418,27.3993
124146.94,4.2,0.0782788,1562110920.0,3,15,26.7463,4490,2970.03,4.92651,18.8446,27.3826
124176.94,4.1999,0.0772106,1562110980.0,3,15,26.7463,4491,3000.03,4.92716,18.8474,27.3493
124206.94,4.1999,0.075227,1562110980.0,3,15,26.7463,4492,3030.03,4.9278,18.85,27.3493
124236.94,4.1999,0.0727855,1562111040.0,3,15,26.7463,4493,3060.03,4.92841,18.8526,27.366
124266.94,4.2,0.0703441,1562111040.0,3,15,26.7463,4494,3090.03,4.92901,18.8551,27.3326
124296.94,4.2002,0.0700389,1562111100.0,3,15,26.7961,4495,3120.03,4.92959,18.8576,27.2826
124326.94,4.1999,0.0668345,1562111100.0,3,15,26.8293,4496,3150.03,4.93016,18.8599,27.2992
124356.94,4.1999,0.0660716,1562111160.0,3,15,26.7961,4497,3180.03,4.93071,18.8622,27.2826
124386.94,4.2,0.0634775,1562111160.0,3,15,26.7463,4498,3210.03,4.93124,18.8645,27.2826
124416.94,4.2,0.0614939,1562111220.0,3,15,26.7463,4499,3240.03,4.93176,18.8667,27.2659
124446.94,4.2,0.0605783,1562111220.0,3,15,26.7629,4500,3270.03,4.93227,18.8688,27.2826
124476.94,4.2,0.0596628,1562111280.0,3,15,26.7463,4501,3300.03,4.93276,18.8708,27.2659
124506.94,4.2002,0.0575265,1562111280.0,3,15,26.7629,4502,3330.03,4.93323,18.8728,27.2826
124536.94,4.2,0.0546273,1562111340.0,3,15,26.7629,4503,3360.03,4.93369,18.8748,27.2492
124566.94,4.2,0.0527962,1562111340.0,3,15,26.7795,4504,3390.03,4.93414,18.8767,27.2659
124596.94,4.2,0.0517281,1562111400.0,3,15,26.7463,4505,3420.03,4.93458,18.8785,27.2325
124611.12,4.2,0.0500496,1562111400.0,3,15,26.7629,4506,3434.20998,4.93479,18.8794,27.2492
124611.13,4.1984,0.0,1562111400.0,3,16,26.7629,4507,0.01002,0.0,0.0,27.2492
124641.13,4.1975,0.0,1562111460.0,3,16,26.7463,4508,30.01002,0.0,0.0,27.2158
124671.13,4.197,0.0,1562111460.0,3,16,26.7629,4509,60.01002,0.0,0.0,27.2158
124701.13,4.1965,0.0,1562111520.0,3,16,26.7463,4510,90.01002,0.0,0.0,27.2158
124731.13,4.1967,0.0,1562111520.0,3,16,26.7297,4511,120.01002,0.0,0.0,27.1992
124761.13,4.1964,0.0,1562111580.0,3,16,26.8127,4512,150.01002,0.0,0.0,27.1491
124791.13,4.1961,0.0,1562111580.0,3,16,26.8127,4513,180.01002,0.0,0.0,27.1491
124821.13,4.1956,0.0,1562111640.0,3,16,26.8127,4514,210.01002,0.0,0.0,27.1325
124851.13,4.1956,0.0,1562111640.0,3,16,26.8293,4515,240.01002,0.0,0.0,27.1158
124881.13,4.1956,0.0,1562111700.0,3,16,26.8127,4516,270.01002,0.0,0.0,27.1158
124911.13,4.1952,0.0,1562111700.0,3,16,26.7961,4517,300.01002,0.0,0.0,27.1158
124941.13,4.195,0.0,1562111760.0,3,16,26.7795,4518,330.01002,0.0,0.0,27.1158
124971.13,4.195,0.0,1562111760.0,3,16,26.7961,4519,360.01002,0.0,0.0,27.0991
125001.13,4.1946,0.0,1562111820.0,3,16,26.8127,4520,390.01002,0.0,0.0,27.0991
125031.13,4.1947,0.0,1562111820.0,3,16,26.7629,4521,420.01002,0.0,0.0,27.0824
125061.13,4.1946,0.0,1562111880.0,3,16,26.7629,4522,450.01002,0.0,0.0,27.0657
125091.13,4.1944,0.0,1562111880.0,3,16,26.7795,4523,480.01002,0.0,0.0,27.0824
125121.13,4.1941,0.0,1562111940.0,3,16,26.7629,4524,510.01002,0.0,0.0,27.0657
125151.13,4.1939,0.0,1562111940.0,3,16,26.7629,4525,540.01002,0.0,0.0,27.0657
125181.13,4.1939,0.0,1564704000.0,3,16,26.7629,4526,570.01002,0.0,0.0,27.0657
125211.13,4.1938,0.0,1564704000.0,3,16,26.7629,4527,600.01002,0.0,0.0,27.0824
125241.13,4.1936,0.0,1564704060.0,3,16,26.7795,4528,630.01002,0.0,0.0,27.0491
125271.13,4.1936,0.0,1564704060.0,3,16,26.7795,4529,660.01002,0.0,0.0,27.0324
125301.13,4.1933,0.0,1564704120.0,3,16,26.7795,4530,690.01002,0.0,0.0,27.0157
125331.13,4.1935,0.0,1564704120.0,3,16,26.7795,4531,720.01002,0.0,0.0,26.999
125361.13,4.1932,0.0,1564704180.0,3,16,26.7629,4532,750.01002,0.0,0.0,27.0324
125391.13,4.1932,0.0,1564704180.0,3,16,26.7629,4533,780.01002,0.0,0.0,26.999
125421.13,4.193,0.0,1564704240.0,3,16,26.7629,4534,810.01002,0.0,0.0,26.999
125451.13,4.193,0.0,1564704240.0,3,16,26.7795,4535,840.01002,0.0,0.0,26.999
125481.13,4.1929,0.0,1564704300.0,3,16,26.7795,4536,870.01002,0.0,0.0,26.9823
125511.13,4.1926,0.0,1564704300.0,3,16,26.7629,4537,900.01002,0.0,0.0,26.9823
125541.13,4.1926,0.0,1564704360.0,3,16,26.7795,4538,930.01002,0.0,0.0,26.9657
125571.13,4.1926,0.0,1564704360.0,3,16,26.7795,4539,960.01002,0.0,0.0,27.0324
125601.13,4.1926,0.0,1564704420.0,3,16,26.7629,4540,990.01002,0.0,0.0,26.9823
125631.13,4.1926,0.0,1564704420.0,3,16,26.7795,4541,1020.01002,0.0,0.0,26.9823
125661.13,4.1923,0.0,1564704480.0,3,16,26.7795,4542,1050.01002,0.0,0.0,26.9823
125691.13,4.1924,0.0,1564704480.0,3,16,26.7795,4543,1080.01002,0.0,0.0,26.9657
125721.13,4.1923,0.0,1564704540.0,3,16,26.7629,4544,1110.01002,0.0,0.0,26.949
125751.13,4.192,0.0,1564704540.0,3,16,26.7297,4545,1140.01002,0.0,0.0,26.9823
125781.13,4.1921,0.0,1564704600.0,3,16,26.7297,4546,1170.01002,0.0,0.0,26.9823
125811.13,4.1921,0.0,1564704600.0,3,16,26.7297,4547,1200.01002,0.0,0.0,26.9823
125841.13,4.1918,0.0,1564704660.0,3,16,26.7297,4548,1230.01002,0.0,0.0,26.9657
125871.13,4.1918,0.0,1564704660.0,3,16,26.7297,4549,1260.01002,0.0,0.0,26.9657
125901.13,4.1918,0.0,1564704720.0,3,16,26.7795,4550,1290.01002,0.0,0.0,26.949
125931.13,4.1918,0.0,1564704720.0,3,16,26.7795,4551,1320.01002,0.0,0.0,26.949
125961.13,4.1915,0.0,1564704780.0,3,16,26.7795,4552,1350.01002,0.0,0.0,26.949
125991.13,4.1915,0.0,1564704780.0,3,16,26.7297,4553,1380.01002,0.0,0.0,26.8989
126021.13,4.1913,0.0,1564704840.0,3,16,26.7629,4554,1410.01002,0.0,0.0,26.9657
126051.13,4.1913,0.0,1564704840.0,3,16,26.7629,4555,1440.01002,0.0,0.0,26.9323
126081.13,4.191,0.0,1564704900.0,3,16,26.7629,4556,1470.01002,0.0,0.0,26.949
126111.13,4.1913,0.0,1564704900.0,3,16,26.7795,4557,1500.01002,0.0,0.0,26.9323
126141.13,4.1907,0.0,1564704960.0,3,16,26.7629,4558,1530.01002,0.0,0.0,26.949
126171.13,4.1909,0.0,1564704960.0,3,16,26.6965,4559,1560.01002,0.0,0.0,26.9323
126201.13,4.1909,0.0,1564705020.0,3,16,26.7629,4560,1590.01002,0.0,0.0,26.9323
126231.13,4.1909,0.0,1564705020.0,3,16,26.7795,4561,1620.01002,0.0,0.0,26.9156
126261.13,4.1907,0.0,1564705080.0,3,16,26.7463,4562,1650.01002,0.0,0.0,26.8823
126291.13,4.1909,0.0,1564705080.0,3,16,26.7297,4563,1680.01002,0.0,0.0,26.9323
126321.13,4.1906,0.0,1564705140.0,3,16,26.7629,4564,1710.01002,0.0,0.0,26.9156
126351.13,4.1904,0.0,1564705140.0,3,16,26.7131,4565,1740.01002,0.0,0.0,26.949
126381.13,4.1906,0.0,1564705200.0,3,16,26.7297,4566,1770.01002,0.0,0.0,26.9323
126411.13,4.1904,0.0,1564705200.0,3,16,26.7629,4567,1800.01002,0.0,0.0,26.9156
126441.13,4.1906,0.0,1564705260.0,3,16,26.7297,4568,1830.01002,0.0,0.0,26.9323
126471.13,4.1903,0.0,1564705260.0,3,16,26.7297,4569,1860.01002,0.0,0.0,26.949
126501.13,4.1903,0.0,1564705320.0,3,16,26.7297,4570,1890.01002,0.0,0.0,26.9323
126531.13,4.1903,0.0,1564705320.0,3,16,26.7297,4571,1920.01002,0.0,0.0,26.9323
126561.13,4.1901,0.0,1564705380.0,3,16,26.7297,4572,1950.01002,0.0,0.0,26.9156
126591.13,4.1903,0.0,1564705380.0,3,16,26.7795,4573,1980.01002,0.0,0.0,26.9156
126621.13,4.1901,0.0,1564705440.0,3,16,26.7629,4574,2010.01002,0.0,0.0,26.9323
126651.13,4.1903,0.0,1564705440.0,3,16,26.7795,4575,2040.01002,0.0,0.0,26.9323
126681.13,4.1901,0.0,1564705500.0,3,16,26.7629,4576,2070.01002,0.0,0.0,26.9156
126711.13,4.1901,0.0,1564705500.0,3,16,26.7463,4577,2100.01002,0.0,0.0,26.8989
126741.13,4.19,0.0,1564705560.0,3,16,26.7297,4578,2130.01002,0.0,0.0,26.8823
126771.13,4.1898,0.0,1564705560.0,3,16,26.7463,4579,2160.01002,0.0,0.0,26.8823
126801.13,4.1898,0.0,1564705620.0,3,16,26.7463,4580,2190.01002,0.0,0.0,26.8823
126831.13,4.1898,0.0,1564705620.0,3,16,26.7463,4581,2220.01002,0.0,0.0,26.8989
126861.13,4.19,0.0,1564705680.0,3,16,26.7297,4582,2250.01002,0.0,0.0,26.8823
126891.13,4.1895,0.0,1564705680.0,3,16,26.7463,4583,2280.01002,0.0,0.0,26.8989
126921.13,4.19,0.0,1564705740.0,3,16,26.7629,4584,2310.01002,0.0,0.0,26.8989
126951.13,4.1897,0.0,1564705740.0,3,16,26.7795,4585,2340.01002,0.0,0.0,26.9156
126981.13,4.1895,0.0,1564705800.0,3,16,26.7463,4586,2370.01002,0.0,0.0,26.9323
127011.13,4.1895,0.0,1564705800.0,3,16,26.7463,4587,2400.01002,0.0,0.0,26.9323
127041.13,4.1895,0.0,1564705860.0,3,16,26.7463,4588,2430.01002,0.0,0.0,26.949
127071.13,4.1894,0.0,1564705860.0,3,16,26.7463,4589,2460.01002,0.0,0.0,26.9323
127101.13,4.1894,0.0,1564705920.0,3,16,26.7629,4590,2490.01002,0.0,0.0,26.8823
127131.13,4.1895,0.0,1564705920.0,3,16,26.7795,4591,2520.01002,0.0,0.0,26.8823
127161.13,4.1892,0.0,1564705980.0,3,16,26.7629,4592,2550.01002,0.0,0.0,26.8989
127191.13,4.1894,0.0,1564705980.0,3,16,26.7795,4593,2580.01002,0.0,0.0,26.9156
127221.13,4.1894,0.0,1564706040.0,3,16,26.7795,4594,2610.01002,0.0,0.0,26.9156
127251.13,4.1892,0.0,1564706040.0,3,16,26.6965,4595,2640.01002,0.0,0.0,26.9156
127281.13,4.1892,0.0,1564706100.0,3,16,26.6965,4596,2670.01002,0.0,0.0,26.8989
127311.13,4.1894,0.0,1564706100.0,3,16,26.7629,4597,2700.01002,0.0,0.0,26.8656
127341.13,4.1891,0.0,1564706160.0,3,16,26.7629,4598,2730.01002,0.0,0.0,26.8823
127371.13,4.1891,0.0,1564706160.0,3,16,26.7629,4599,2760.01002,0.0,0.0,26.8823
127401.13,4.1889,0.0,1564706220.0,3,16,26.7297,4600,2790.01002,0.0,0.0,26.8823
127431.13,4.1891,0.0,1564706220.0,3,16,26.7297,4601,2820.01002,0.0,0.0,26.9156
127461.13,4.1889,0.0,1564706280.0,3,16,26.7297,4602,2850.01002,0.0,0.0,26.8989
127491.13,4.1889,0.0,1564706280.0,3,16,26.7131,4603,2880.01002,0.0,0.0,26.8989
127521.13,4.1889,0.0,1564706340.0,3,16,26.6965,4604,2910.01002,0.0,0.0,26.8823
127551.13,4.1889,0.0,1564706340.0,3,16,26.7463,4605,2940.01002,0.0,0.0,26.8989
127581.13,4.1891,0.0,1564706400.0,3,16,26.7131,4606,2970.01002,0.0,0.0,26.8989
127611.13,4.1889,0.0,1564706400.0,3,16,26.6965,4607,3000.01002,0.0,0.0,26.8823
127641.13,4.1889,0.0,1564706460.0,3,16,26.7297,4608,3030.01002,0.0,0.0,26.8656
127671.13,4.1889,0.0,1564706460.0,3,16,26.7131,4609,3060.01002,0.0,0.0,26.8489
127701.13,4.1888,0.0,1564706520.0,3,16,26.6965,4610,3090.01002,0.0,0.0,26.8489
127731.13,4.1886,0.0,1564706520.0,3,16,26.6633,4611,3120.01002,0.0,0.0,26.8989
127761.13,4.1888,0.0,1564706580.0,3,16,26.6799,4612,3150.01002,0.0,0.0,26.9156
127791.13,4.1886,0.0,1564706580.0,3,16,26.6799,4613,3180.01002,0.0,0.0,26.9156
127821.13,4.1886,0.0,1564706640.0,3,16,26.6799,4614,3210.01002,0.0,0.0,26.9323
127851.13,4.1883,0.0,1564706640.0,3,16,26.6799,4615,3240.01002,0.0,0.0,26.8489
127881.13,4.1883,0.0,1564706700.0,3,16,26.7131,4616,3270.01002,0.0,0.0,26.8656
127911.13,4.1886,0.0,1564706700.0,3,16,26.6799,4617,3300.01002,0.0,0.0,26.8322
127941.13,4.1884,0.0,1564706760.0,3,16,26.6799,4618,3330.01002,0.0,0.0,26.9323
127971.13,4.1884,0.0,1564706760.0,3,16,26.6799,4619,3360.01002,0.0,0.0,26.9156
128001.13,4.1884,0.0,1564706820.0,3,16,26.6799,4620,3390.01002,0.0,0.0,26.8989
128031.13,4.1883,0.0,1564706820.0,3,16,26.6799,4621,3420.01002,0.0,0.0,26.9323
128061.13,4.1883,0.0,1564706880.0,3,16,26.6633,4622,3450.01002,0.0,0.0,26.8989
128091.13,4.1883,0.0,1564706880.0,3,16,26.7463,4623,3480.01002,0.0,0.0,26.8989
128121.13,4.1881,0.0,1564706940.0,3,16,26.6633,4624,3510.01002,0.0,0.0,26.8989
128151.13,4.1881,0.0,1564706940.0,3,16,26.7463,4625,3540.01002,0.0,0.0,26.8823
128181.13,4.1883,0.0,1564707000.0,3,16,26.7297,4626,3570.01002,0.0,0.0,26.8823
128211.13,4.1881,0.0,1564707000.0,3,16,26.7297,4627,3600.01002,0.0,0.0,26.8656
128241.13,4.188,0.0,1564707060.0,3,16,26.7297,4628,3630.01002,0.0,0.0,26.8656
128271.13,4.188,0.0,1564707060.0,3,16,26.7131,4629,3660.01002,0.0,0.0,26.8656
128301.13,4.188,0.0,1564707120.0,3,16,26.6799,4630,3690.01002,0.0,0.0,26.8489
128331.13,4.1878,0.0,1564707120.0,3,16,26.6799,4631,3720.01002,0.0,0.0,26.8656
128361.13,4.188,0.0,1564707180.0,3,16,26.7297,4632,3750.01002,0.0,0.0,26.8489
128391.13,4.188,0.0,1564707180.0,3,16,26.7131,4633,3780.01002,0.0,0.0,26.8656
128421.13,4.1878,0.0,1564707240.0,3,16,26.6799,4634,3810.01002,0.0,0.0,26.8823
128451.13,4.188,0.0,1564707240.0,3,16,26.7131,4635,3840.01002,0.0,0.0,26.8489
128481.13,4.1881,0.0,1564707300.0,3,16,26.7131,4636,3870.01002,0.0,0.0,26.8656
128511.13,4.188,0.0,1564707300.0,3,16,26.6965,4637,3900.01002,0.0,0.0,26.8155
128541.13,4.1878,0.0,1564707360.0,3,16,26.6799,4638,3930.01002,0.0,0.0,26.8155
128571.13,4.1878,0.0,1564707360.0,3,16,26.6799,4639,3960.01002,0.0,0.0,26.8322
128601.13,4.1878,0.0,1564707420.0,3,16,26.6799,4640,3990.01002,0.0,0.0,26.8489
128631.13,4.1878,0.0,1564707420.0,3,16,26.6799,4641,4020.01002,0.0,0.0,26.8489
128661.13,4.1877,0.0,1564707480.0,3,16,26.7131,4642,4050.01002,0.0,0.0,26.8656
128691.13,4.1877,0.0,1564707480.0,3,16,26.7131,4643,4080.01002,0.0,0.0,26.8489
128721.13,4.188,0.0,1564707540.0,3,16,26.7131,4644,4110.01002,0.0,0.0,26.8656
128751.13,4.1875,0.0,1564707540.0,3,16,26.7131,4645,4140.01002,0.0,0.0,26.8823
128781.13,4.1877,0.0,1564707600.0,3,16,26.6799,4646,4170.01002,0.0,0.0,26.8823
128811.13,4.1877,0.0,1564707600.0,3,16,26.6799,4647,4200.01002,0.0,0.0,26.8823
128841.13,4.1875,0.0,1564707660.0,3,16,26.6633,4648,4230.01002,0.0,0.0,26.8989
128871.13,4.1875,0.0,1564707660.0,3,16,26.6965,4649,4260.01002,0.0,0.0,26.9156
128901.13,4.1875,0.0,1564707720.0,3,16,26.6799,4650,4290.01002,0.0,0.0,26.8489
128931.13,4.1875,0.0,1564707720.0,3,16,26.7131,4651,4320.01002,0.0,0.0,26.8489
128961.13,4.1875,0.0,1564707780.0,3,16,26.7131,4652,4350.01002,0.0,0.0,26.8656
128991.13,4.1875,0.0,1564707780.0,3,16,26.6965,4653,4380.01002,0.0,0.0,26.8489
129021.13,4.1874,0.0,1564707840.0,3,16,26.6965,4654,4410.01002,0.0,0.0,26.8656
129051.13,4.1875,0.0,1564707840.0,3,16,26.7131,4655,4440.01002,0.0,0.0,26.8656
129081.13,4.1874,0.0,1564707900.0,3,16,26.6965,4656,4470.01002,0.0,0.0,26.8489
129111.13,4.1875,0.0,1564707900.0,3,16,26.6965,4657,4500.01002,0.0,0.0,26.8489
129141.13,4.1875,0.0,1564707960.0,3,16,26.6965,4658,4530.01002,0.0,0.0,26.8656
129171.13,4.1871,0.0,1564707960.0,3,16,26.6965,4659,4560.01002,0.0,0.0,26.8489
129201.13,4.1874,0.0,1564708020.0,3,16,26.6799,4660,4590.01002,0.0,0.0,26.8656
129231.13,4.1874,0.0,1564708020.0,3,16,26.6633,4661,4620.01002,0.0,0.0,26.8656
129261.13,4.1872,0.0,1564708080.0,3,16,26.6633,4662,4650.01002,0.0,0.0,26.8823
129291.13,4.1874,0.0,1564708080.0,3,16,26.6633,4663,4680.01002,0.0,0.0,26.8656
129321.13,4.1872,0.0,1564708140.0,3,16,26.6633,4664,4710.01002,0.0,0.0,26.8656
129351.13,4.1871,0.0,1564708140.0,3,16,26.6799,4665,4740.01002,0.0,0.0,26.8489
129381.13,4.1871,0.0,1564708200.0,3,16,26.6965,4666,4770.01002,0.0,0.0,26.8489
129411.13,4.1871,0.0,1564708200.0,3,16,26.6799,4667,4800.01002,0.0,0.0,26.8322
129441.13,4.1871,0.0,1564708260.0,3,16,26.6633,4668,4830.01002,0.0,0.0,26.8489
129471.13,4.1872,0.0,1564708260.0,3,16,26.6799,4669,4860.01002,0.0,0.0,26.8489
129501.13,4.1872,0.0,1564708320.0,3,16,26.6799,4670,4890.01002,0.0,0.0,26.8489
129531.13,4.1872,0.0,1564708320.0,3,16,26.6965,4671,4920.01002,0.0,0.0,26.8489
129561.13,4.1871,0.0,1564708380.0,3,16,26.6799,4672,4950.01002,0.0,0.0,26.8489
129591.13,4.1871,0.0,1564708380.0,3,16,26.6799,4673,4980.01002,0.0,0.0,26.8489
129621.13,4.1872,0.0,1564708440.0,3,16,26.6799,4674,5010.01002,0.0,0.0,26.8656
129651.13,4.1874,0.0,1564708440.0,3,16,26.6965,4675,5040.01002,0.0,0.0,26.8656
129681.13,4.1871,0.0,1564708500.0,3,16,26.6965,4676,5070.01002,0.0,0.0,26.8823
129711.13,4.1871,0.0,1564708500.0,3,16,26.6799,4677,5100.01002,0.0,0.0,26.8489
129741.13,4.1868,0.0,1564708560.0,3,16,26.6633,4678,5130.01002,0.0,0.0,26.8322
129771.13,4.1869,0.0,1564708560.0,3,16,26.6467,4679,5160.01002,0.0,0.0,26.7989
129801.13,4.1869,0.0,1564708620.0,3,16,26.6633,4680,5190.01002,0.0,0.0,26.8322
129831.13,4.1868,0.0,1564708620.0,3,16,26.6633,4681,5220.01002,0.0,0.0,26.8489
129861.13,4.1868,0.0,1564708680.0,3,16,26.6799,4682,5250.01002,0.0,0.0,26.8322
129891.13,4.1869,0.0,1564708680.0,3,16,26.6467,4683,5280.01002,0.0,0.0,26.8155
129921.13,4.1869,0.0,1564708740.0,3,16,26.7131,4684,5310.01002,0.0,0.0,26.8823
129951.13,4.1868,0.0,1564708740.0,3,16,26.6965,4685,5340.01002,0.0,0.0,26.8656
129981.13,4.1868,0.0,1564708800.0,3,16,26.6965,4686,5370.01002,0.0,0.0,26.8823
130011.13,4.1869,0.0,1564708800.0,3,16,26.7131,4687,5400.01002,0.0,0.0,26.8823
130041.13,4.1869,0.0,1564708860.0,3,16,26.7297,4688,5430.01002,0.0,0.0,26.8989
130071.13,4.1868,0.0,1564708860.0,3,16,26.6467,4689,5460.01002,0.0,0.0,26.8489
130101.13,4.1868,0.0,1564708920.0,3,16,26.6799,4690,5490.01002,0.0,0.0,26.8656
130131.13,4.1866,0.0,1564708920.0,3,16,26.6965,4691,5520.01002,0.0,0.0,26.8656
130161.13,4.1866,0.0,1564708980.0,3,16,26.6965,4692,5550.01002,0.0,0.0,26.8656
130191.13,4.1866,0.0,1564708980.0,3,16,26.6799,4693,5580.01002,0.0,0.0,26.8489
130221.13,4.1865,0.0,1564709040.0,3,16,26.6799,4694,5610.01002,0.0,0.0,26.8489
130251.13,4.1866,0.0,1564709040.0,3,16,26.6799,4695,5640.01002,0.0,0.0,26.8489
130281.13,4.1868,0.0,1564709100.0,3,16,26.6965,4696,5670.01002,0.0,0.0,26.8489
130311.13,4.1866,0.0,1564709100.0,3,16,26.6965,4697,5700.01002,0.0,0.0,26.8489
130341.13,4.1865,0.0,1564709160.0,3,16,26.6799,4698,5730.01002,0.0,0.0,26.8656
130371.13,4.1865,0.0,1564709160.0,3,16,26.6965,4699,5760.01002,0.0,0.0,26.8656
130401.13,4.1865,0.0,1564709220.0,3,16,26.6301,4700,5790.01002,0.0,0.0,26.8823
130431.13,4.1865,0.0,1564709220.0,3,16,26.6467,4701,5820.01002,0.0,0.0,26.8823
130461.13,4.1863,0.0,1564709280.0,3,16,26.6633,4702,5850.01002,0.0,0.0,26.8823
130491.13,4.1863,0.0,1564709280.0,3,16,26.6799,4703,5880.01002,0.0,0.0,26.8489
130521.13,4.1865,0.0,1564709340.0,3,16,26.6799,4704,5910.01002,0.0,0.0,26.8489
130551.13,4.1863,0.0,1564709340.0,3,16,26.6799,4705,5940.01002,0.0,0.0,26.8989
130581.13,4.1865,0.0,1564709400.0,3,16,26.6799,4706,5970.01002,0.0,0.0,26.8489
130611.13,4.1863,0.0,1564709400.0,3,16,26.6965,4707,6000.01002,0.0,0.0,26.8489
130641.13,4.1863,0.0,1564709460.0,3,16,26.7131,4708,6030.01002,0.0,0.0,26.8656
130671.13,4.1865,0.0,1564709460.0,3,16,26.6965,4709,6060.01002,0.0,0.0,26.8656
130701.13,4.1863,0.0,1564709520.0,3,16,26.7131,4710,6090.01002,0.0,0.0,26.8656
130731.13,4.1863,0.0,1564709520.0,3,16,26.6799,4711,6120.01002,0.0,0.0,26.8322
130761.13,4.1862,0.0,1564709580.0,3,16,26.6799,4712,6150.01002,0.0,0.0,26.8322
130791.13,4.1863,0.0,1564709580.0,3,16,26.6799,4713,6180.01002,0.0,0.0,26.8823
130821.13,4.1862,0.0,1564709640.0,3,16,26.6633,4714,6210.01002,0.0,0.0,26.8322
130851.13,4.1862,0.0,1564709640.0,3,16,26.6467,4715,6240.01002,0.0,0.0,26.8322
130881.13,4.1863,0.0,1564709700.0,3,16,26.6633,4716,6270.01002,0.0,0.0,26.8489
130911.13,4.1862,0.0,1564709700.0,3,16,26.6467,4717,6300.01002,0.0,0.0,26.8489
130941.13,4.186,0.0,1564709760.0,3,16,26.6467,4718,6330.01002,0.0,0.0,26.8656
130971.13,4.1862,0.0,1564709760.0,3,16,26.6633,4719,6360.01002,0.0,0.0,26.8322
131001.13,4.1862,0.0,1564709820.0,3,16,26.6799,4720,6390.01002,0.0,0.0,26.8489
131031.13,4.1862,0.0,1564709820.0,3,16,26.6965,4721,6420.01002,0.0,0.0,26.8656
131061.13,4.186,0.0,1564709880.0,3,16,26.6467,4722,6450.01002,0.0,0.0,26.8656
131091.13,4.186,0.0,1564709880.0,3,16,26.6301,4723,6480.01002,0.0,0.0,26.8489
131121.13,4.186,0.0,1564709940.0,3,16,26.6965,4724,6510.01002,0.0,0.0,26.8489
131151.13,4.1862,0.0,1564709940.0,3,16,26.6467,4725,6540.01002,0.0,0.0,26.8656
131181.13,4.1859,0.0,1564710000.0,3,16,26.6467,4726,6570.01002,0.0,0.0,26.8656
131211.13,4.1862,0.0,1564710000.0,3,16,26.6467,4727,6600.01002,0.0,0.0,26.8656
131241.13,4.186,0.0,1564710060.0,3,16,26.6467,4728,6630.01002,0.0,0.0,26.8656
131271.13,4.1859,0.0,1564710060.0,3,16,26.6467,4729,6660.01002,0.0,0.0,26.8656
131301.13,4.1859,0.0,1564710120.0,3,16,26.6467,4730,6690.01002,0.0,0.0,26.8656
131331.13,4.1859,0.0,1564710120.0,3,16,26.6467,4731,6720.01002,0.0,0.0,26.8489
131361.13,4.186,0.0,1564710180.0,3,16,26.6799,4732,6750.01002,0.0,0.0,26.8489
131391.13,4.1859,0.0,1564710180.0,3,16,26.6799,4733,6780.01002,0.0,0.0,26.8322
131421.13,4.1859,0.0,1564710240.0,3,16,26.6799,4734,6810.01002,0.0,0.0,26.8322
131451.13,4.1857,0.0,1564710240.0,3,16,26.6799,4735,6840.01002,0.0,0.0,26.8656
131481.13,4.1855,0.0,1564710300.0,3,16,26.6301,4736,6870.01002,0.0,0.0,26.8489
131511.13,4.1855,0.0,1564710300.0,3,16,26.7131,4737,6900.01002,0.0,0.0,26.8489
131541.13,4.1859,0.0,1564710360.0,3,16,26.6633,4738,6930.01002,0.0,0.0,26.8823
131571.13,4.1859,0.0,1564710360.0,3,16,26.6633,4739,6960.01002,0.0,0.0,26.8823
131601.13,4.1857,0.0,1564710420.0,3,16,26.6633,4740,6990.01002,0.0,0.0,26.8823
131631.13,4.1859,0.0,1564710420.0,3,16,26.6633,4741,7020.01002,0.0,0.0,26.8489
131661.13,4.1855,0.0,1564710480.0,3,16,26.6799,4742,7050.01002,0.0,0.0,26.8489
131691.13,4.1857,0.0,1564710480.0,3,16,26.6799,4743,7080.01002,0.0,0.0,26.8489
131721.13,4.1857,0.0,1564710540.0,3,16,26.6965,4744,7110.01002,0.0,0.0,26.8322
131751.13,4.1857,0.0,1564710540.0,3,16,26.6799,4745,7140.01002,0.0,0.0,26.8322
131781.13,4.1859,0.0,1564710600.0,3,16,26.6799,4746,7170.01002,0.0,0.0,26.8656
131811.12,4.1855,0.0,1564710600.0,3,16,26.6799,4747,7200.0,0.0,0.0,26.8489
131811.15,4.0266,5.00389,1564710600.0,4,17,26.6799,4748,0.03,4.152e-05,0.00016721,26.8489
131811.49,4.0153,5.00008,1564710600.0,4,17,26.6799,4749,0.37002,0.00051377,0.00206479,26.8489
131813.0,4.0049,4.99992,1564710600.0,4,17,26.6965,4750,1.87998,0.00261101,0.010473,26.8489
131815.93,3.9945,4.99992,1564710600.0,4,17,26.6965,4751,4.81002,0.00668047,0.0267478,26.8489
131819.96,3.9841,4.99977,1564710600.0,4,17,26.6965,4752,8.83998,0.0122777,0.0490754,26.8489
131825.39,3.9738,4.99962,1564710600.0,4,17,26.7131,4753,14.26998,0.0198194,0.0790822,26.8823
131832.23,3.9637,4.99977,1564710660.0,4,17,26.7463,4754,21.10998,0.0293194,0.116784,26.9156
131840.56,3.9535,4.99992,1564710660.0,4,17,26.7629,4755,29.44002,0.0408889,0.162581,26.999
131850.99,3.9434,5.00008,1564710660.0,4,17,26.7463,4756,39.87,0.0553751,0.219778,27.0824
131863.91,3.933,4.99977,1564710660.0,4,17,26.7629,4757,52.78998,0.0733196,0.290446,27.2158
131880.35,3.9228,4.99992,1564710660.0,4,17,26.7463,4758,69.22998,0.096153,0.380133,27.3826
131901.44,3.9126,5.00023,1564710720.0,4,17,26.7463,4759,90.31998,0.125445,0.494888,27.5828
131929.42,3.9023,5.00038,1564710720.0,4,17,26.7463,4760,118.30002,0.164306,0.646737,27.883
131959.42,3.8943,5.00008,1564710780.0,4,17,26.7795,4761,148.30002,0.205973,0.809168,28.1999
131989.42,3.8877,5.00023,1564710780.0,4,17,26.7629,4762,178.30002,0.24764,0.971289,28.5502
132019.42,3.8814,4.99992,1564710840.0,4,17,26.7629,4763,208.30002,0.289307,1.13315,28.8671
132049.42,3.8762,4.99962,1564710840.0,4,17,26.7961,4764,238.30002,0.330973,1.29477,29.1673
132079.42,3.8712,4.99962,1564710900.0,4,17,26.8127,4765,268.30002,0.37264,1.45618,29.4842
132109.42,3.8662,4.99977,1564710900.0,4,17,26.8459,4766,298.30002,0.414307,1.61738,29.7344
132139.42,3.8614,4.99992,1564710960.0,4,17,26.9123,4767,328.30002,0.455974,1.77838,29.9846
132169.42,3.8567,5.00023,1564710960.0,4,17,26.9123,4768,358.30002,0.497641,1.93918,30.2454
132199.42,3.8518,5.00023,1564711020.0,4,17,26.9123,4769,388.30002,0.539307,2.09978,30.5384
132229.42,3.8466,4.99977,1564711020.0,4,17,26.9289,4770,418.30002,0.580974,2.26017,30.7988
132259.42,3.8413,4.99962,1564711080.0,4,17,26.9621,4771,448.30002,0.622641,2.42034,31.0593
132289.42,3.8357,4.99977,1564711080.0,4,17,26.9953,4772,478.30002,0.664308,2.58028,31.2709
132319.42,3.8296,5.00008,1564711140.0,4,17,27.0285,4773,508.30002,0.705975,2.73997,31.5476
132349.42,3.8227,5.00008,1564711140.0,4,17,27.0285,4774,538.30002,0.747642,2.8994,31.743
132379.42,3.8157,5.00023,1564711200.0,4,17,27.0451,4775,568.30002,0.789308,3.05854,32.036
132409.42,3.8077,5.00008,1564711200.0,4,17,27.0285,4776,598.30002,0.830975,3.21736,32.1988
132439.42,3.7992,4.99977,1564711260.0,4,17,27.0451,4777,628.30002,0.872642,3.37584,32.3941
132469.42,3.7905,5.00023,1564711260.0,4,17,27.0119,4778,658.30002,0.914309,3.53397,32.6383
132499.42,3.7813,4.99992,1564711320.0,4,17,27.0451,4779,688.30002,0.955976,3.69171,32.8824
132529.42,3.7714,5.00023,1564711320.0,4,17,27.0119,4780,718.30002,0.997643,3.84906,33.0127
132559.42,3.7618,5.00008,1564711380.0,4,17,27.0285,4781,748.30002,1.03931,4.00601,33.1917
132589.42,3.752,5.00023,1564711380.0,4,17,27.0451,4782,778.30002,1.08098,4.16256,33.3382
132619.42,3.7429,5.00023,1564711440.0,4,17,27.0451,4783,808.30002,1.12264,4.31871,33.4685
132649.42,3.7334,4.99977,1564711440.0,4,17,27.0783,4784,838.30002,1.16431,4.47447,33.6638
132679.42,3.7241,4.99977,1564711500.0,4,17,27.0949,4785,868.30002,1.20598,4.62984,33.8103
132709.42,3.7153,4.99977,1564711500.0,4,17,27.1115,4786,898.30002,1.24764,4.78483,33.9731
132739.42,3.7066,4.99977,1564711560.0,4,17,27.1281,4787,928.30002,1.28931,4.93945,34.1196
132769.42,3.698,5.00023,1564711560.0,4,17,27.0949,4788,958.30002,1.33098,5.09371,34.3149
132799.42,3.6895,5.00008,1564711620.0,4,17,27.1281,4789,988.30002,1.37264,5.24762,34.4451
132829.42,3.6815,4.99992,1564711620.0,4,17,27.0949,4790,1018.30002,1.41431,5.40119,34.5754
132859.42,3.6732,5.00023,1564711680.0,4,17,27.1613,4791,1048.30002,1.45598,5.55442,34.7056
132889.42,3.6652,4.99962,1564711680.0,4,17,27.1281,4792,1078.30002,1.49764,5.7073,34.8358
132919.42,3.6571,5.00008,1564711740.0,4,17,27.1447,4793,1108.30002,1.53931,5.85986,34.9009
132949.42,3.649,5.00008,1564711740.0,4,17,27.1613,4794,1138.30002,1.58098,6.01207,35.1777
132979.42,3.6411,4.99992,1564711800.0,4,17,27.1613,4795,1168.30002,1.62265,6.16395,35.2916
133009.42,3.6329,4.99962,1564711800.0,4,17,27.1613,4796,1198.30002,1.66431,6.31548,35.4381
133039.42,3.6243,5.00008,1564711860.0,4,17,27.2111,4797,1228.30002,1.70598,6.46667,35.5032
133069.42,3.6159,5.00023,1564711860.0,4,17,27.2111,4798,1258.30002,1.74765,6.61751,35.5683
133099.42,3.6072,4.99947,1564711920.0,4,17,27.1779,4799,1288.30002,1.78931,6.768,35.8125
133129.42,3.5982,5.00008,1564711920.0,4,17,27.2111,4800,1318.30002,1.83098,6.91812,35.8776
133159.42,3.5894,4.99962,1564711980.0,4,17,27.2111,4801,1348.30002,1.87265,7.06787,36.1055
133189.42,3.5805,5.00008,1564711980.0,4,17,27.2111,4802,1378.30002,1.91431,7.21725,36.1706
133219.42,3.5714,5.00023,1564712040.0,4,17,27.2609,4803,1408.30002,1.95598,7.36625,36.2195
133249.42,3.5624,4.99962,1564712040.0,4,17,27.2443,4804,1438.30002,1.99765,7.51487,36.3985
133279.42,3.5529,4.99992,1564712100.0,4,17,27.2443,4805,1468.30002,2.03931,7.6631,36.4962
133309.42,3.5435,4.99992,1564712100.0,4,17,27.2443,4806,1498.30002,2.08098,7.81094,36.5938
133339.42,3.5341,5.00008,1564712160.0,4,17,27.2609,4807,1528.30002,2.12265,7.95839,36.7241
133369.42,3.5245,5.00023,1564712160.0,4,17,27.2443,4808,1558.30002,2.16431,8.10545,36.8869
133399.42,3.5152,4.99947,1564712220.0,4,17,27.2277,4809,1588.30002,2.20598,8.25211,36.952
133429.42,3.5059,5.00008,1564712220.0,4,17,27.2443,4810,1618.30002,2.24765,8.39839,37.0008
133459.42,3.4968,5.00008,1564712280.0,4,17,27.2941,4811,1648.30002,2.28931,8.54428,37.0822
133489.42,3.4878,4.99992,1564712280.0,4,17,27.2941,4812,1678.30002,2.33098,8.68979,37.245
133519.42,3.4788,4.99962,1564712340.0,4,17,27.3107,4813,1708.30002,2.37265,8.83493,37.3589
133549.42,3.4704,4.99977,1564712340.0,4,17,27.3273,4814,1738.30002,2.41431,8.9797,37.3426
133579.42,3.462,4.99977,1564712400.0,4,17,27.3273,4815,1768.30002,2.45598,9.12412,37.424
133609.42,3.4539,5.00038,1564712400.0,4,17,27.3107,4816,1798.30002,2.49765,9.26821,37.6356
133639.42,3.4459,5.00008,1564712460.0,4,17,27.3107,4817,1828.30002,2.53932,9.41195,37.6194
133669.42,3.4383,5.00023,1564712460.0,4,17,27.3273,4818,1858.30002,2.58098,9.55539,37.7333
133699.42,3.4314,5.00038,1564712520.0,4,17,27.3771,4819,1888.30002,2.62265,9.69851,37.8635
133729.42,3.4243,5.00023,1564712520.0,4,17,27.3605,4820,1918.30002,2.66432,9.84134,37.8635
133759.42,3.4179,4.99977,1564712580.0,4,17,27.3771,4821,1948.30002,2.70598,9.98388,37.9775
133789.42,3.4108,4.99992,1564712580.0,4,17,27.3107,4822,1978.30002,2.74765,10.1261,38.01
133819.42,3.4047,4.99977,1564712640.0,4,17,27.3605,4823,2008.30002,2.78932,10.2681,38.2379
133849.42,3.3983,5.00008,1564712640.0,4,17,27.3439,4824,2038.30002,2.83098,10.4099,38.3031
133879.42,3.3922,4.99992,1564712700.0,4,17,27.3273,4825,2068.30002,2.87265,10.5514,38.2705
133909.42,3.3863,5.00023,1564712700.0,4,17,27.4269,4826,2098.30002,2.91432,10.6926,38.3844
133939.42,3.3806,4.99992,1564712760.0,4,17,27.4103,4827,2128.30002,2.95598,10.8336,38.5472
133969.42,3.375,4.99977,1564712760.0,4,17,27.3937,4828,2158.30002,2.99765,10.9743,38.5798
133999.42,3.3692,5.00038,1564712820.0,4,17,27.3937,4829,2188.30002,3.03932,11.1148,38.4496
134029.42,3.3637,4.99977,1564712820.0,4,17,27.3937,4830,2218.30002,3.08098,11.2551,38.71
134059.42,3.3581,4.99977,1564712880.0,4,17,27.4269,4831,2248.30002,3.12265,11.3951,38.6449
134089.42,3.3526,5.00023,1564712880.0,4,17,27.4103,4832,2278.30002,3.16432,11.535,38.8402
134119.42,3.3469,5.00023,1564712940.0,4,17,27.4269,4833,2308.30002,3.20598,11.6745,38.8728
134149.42,3.3416,5.00008,1564712940.0,4,17,27.4103,4834,2338.30002,3.24765,11.8139,38.9542
134179.42,3.3358,5.00008,1564713000.0,4,17,27.3771,4835,2368.30002,3.28932,11.953,38.9379
134209.42,3.33,4.99992,1564713000.0,4,17,27.3937,4836,2398.30002,3.33098,12.0919,38.9705
134239.42,3.3242,5.00008,1564713060.0,4,17,27.4435,4837,2428.30002,3.37265,12.2305,39.2472
134269.42,3.3184,5.00008,1564713060.0,4,17,27.3937,4838,2458.30002,3.41432,12.3689,39.2635
134299.42,3.3126,5.00023,1564713120.0,4,17,27.4103,4839,2488.30002,3.45599,12.507,39.3123
134329.42,3.3065,5.00008,1564713120.0,4,17,27.4435,4840,2518.30002,3.49765,12.6449,39.3937
134359.42,3.2999,5.00008,1564713180.0,4,17,27.4269,4841,2548.30002,3.53932,12.7826,39.4262
134389.42,3.2935,4.99947,1564713180.0,4,17,27.4435,4842,2578.30002,3.58099,12.92,39.5565
134419.42,3.2871,4.99977,1564713240.0,4,17,27.4103,4843,2608.30002,3.62265,13.0571,39.4914
134449.42,3.2801,4.99977,1564713240.0,4,17,27.4103,4844,2638.30002,3.66432,13.1939,39.5565
134479.42,3.2732,5.00023,1564713300.0,4,17,27.4435,4845,2668.30002,3.70599,13.3304,39.7192
134509.42,3.2659,5.00023,1564713300.0,4,17,27.4269,4846,2698.30002,3.74765,13.4666,39.8006
134539.42,3.2583,5.00038,1564713360.0,4,17,27.4435,4847,2728.30002,3.78932,13.6026,39.8983
134569.42,3.2505,5.00008,1564713360.0,4,17,27.4435,4848,2758.30002,3.83099,13.7382,40.0599
134599.42,3.2425,4.99977,1564713420.0,4,17,27.4601,4849,2788.30002,3.87265,13.8734,40.2037
134629.42,3.2337,5.00038,1564713420.0,4,17,27.4767,4850,2818.30002,3.91432,14.0084,40.3314
134659.42,3.2251,4.99992,1564713480.0,4,17,27.4435,4851,2848.30002,3.95599,14.1429,40.1877
134689.42,3.2157,5.00008,1564713480.0,4,17,27.4435,4852,2878.30002,3.99765,14.2771,40.3953
134719.42,3.2058,4.99977,1564713540.0,4,17,27.4767,4853,2908.30002,4.03932,14.4109,40.4752
134749.42,3.1957,5.00038,1564713540.0,4,17,27.4767,4854,2938.30002,4.08099,14.5443,40.571
134777.84,3.1856,5.00008,1564713600.0,4,17,27.4435,4855,2966.71998,4.12046,14.6702,40.6349
134804.76,3.1754,4.99992,1564713600.0,4,17,27.4435,4856,2993.64,4.15785,14.7892,40.8106
134830.25,3.1653,4.99992,1564713660.0,4,17,27.4435,4857,3019.12998,4.19325,14.9014,40.7946
134853.91,3.1551,4.99977,1564713660.0,4,17,27.4435,4858,3042.79002,4.22611,15.0052,40.9064
134876.53,3.145,4.99992,1564713660.0,4,17,27.4767,4859,3065.41002,4.25753,15.1042,40.9543
134897.77,3.135,4.99992,1564713720.0,4,17,27.4435,4860,3086.65002,4.28703,15.1969,40.9543
134917.7,3.1249,4.99977,1564713720.0,4,17,27.4933,4861,3106.57998,4.31471,15.2835,41.0501
134936.17,3.1148,5.00008,1564713720.0,4,17,27.5265,4862,3125.05002,4.34036,15.3635,41.1939
134953.02,3.1048,5.00008,1564713780.0,4,17,27.5099,4863,3141.9,4.36377,15.4363,41.1939
134969.04,3.0947,4.99992,1564713780.0,4,17,27.5099,4864,3157.92,4.38602,15.5053,41.3216
134984.44,3.0846,4.99992,1564713780.0,4,17,27.5099,4865,3173.32002,4.40741,15.5714,41.3536
134998.57,3.0745,4.99977,1564713780.0,4,17,27.5099,4866,3187.45002,4.42703,15.6318,41.3855
135011.91,3.0645,5.00008,1564713840.0,4,17,27.4933,4867,3200.79,4.44556,15.6887,41.5293
135024.5,3.0544,4.99992,1564713840.0,4,17,27.5099,4868,3213.37998,4.46304,15.7422,41.5293
135036.5,3.0442,4.99992,1564713840.0,4,17,27.5099,4869,3225.37998,4.47971,15.793,41.6091
135048.33,3.034,4.99977,1564713840.0,4,17,27.5763,4870,3237.21,4.49614,15.8429,41.5612
135059.36,3.0239,4.99977,1564713840.0,4,17,27.5763,4871,3248.23998,4.51146,15.8893,41.6411
135069.99,3.0135,4.99977,1564713900.0,4,17,27.5763,4872,3258.87,4.52623,15.9339,41.7049
135080.29,3.0033,4.99992,1564713900.0,4,17,27.5763,4873,3269.17002,4.54053,15.977,41.8167
135090.41,2.9931,4.99992,1564713900.0,4,17,27.5597,4874,3279.28998,4.55459,16.0191,41.9605
135100.17,2.9828,5.00038,1564713900.0,4,17,27.5763,4875,3289.05,4.56814,16.0596,41.9924
135109.85,2.9725,5.00023,1564713900.0,4,17,27.5597,4876,3298.72998,4.58159,16.0996,42.0244
135119.25,2.9624,5.00008,1564713900.0,4,17,27.5597,4877,3308.13,4.59464,16.1384,41.9765
135128.37,2.9522,4.99992,1564713960.0,4,17,27.5763,4878,3317.25,4.60731,16.1758,42.0563
135137.63,2.9421,4.99992,1564713960.0,4,17,27.5763,4879,3326.50998,4.62017,16.2137,42.0723
135146.63,2.9319,5.00008,1564713960.0,4,17,27.5763,4880,3335.50998,4.63267,16.2505,42.1521
135155.59,2.9218,5.00023,1564713960.0,4,17,27.5597,4881,3344.47002,4.64511,16.2869,42.1521
135164.39,2.9117,5.00023,1564713960.0,4,17,27.5929,4882,3353.26998,4.65734,16.3225,42.2
135173.11,2.9017,4.99977,1564713960.0,4,17,27.5763,4883,3361.99002,4.66945,16.3577,42.232
135181.67,2.8916,5.00008,1564713960.0,4,17,27.5763,4884,3370.54998,4.68134,16.3922,42.1681
135190.23,2.8815,4.99992,1564714020.0,4,17,27.5763,4885,3379.11,4.69323,16.4265,42.232
135198.68,2.8713,4.99992,1564714020.0,4,17,27.5929,4886,3387.55998,4.70496,16.4602,42.2799
135206.91,2.8612,5.00023,1564714020.0,4,17,27.5929,4887,3395.79,4.71639,16.493,42.4715
135214.96,2.8507,4.99992,1564714020.0,4,17,27.6095,4888,3403.84002,4.72757,16.5249,42.4396
135222.91,2.8405,4.99992,1564714020.0,4,17,27.6095,4889,3411.79002,4.73862,16.5564,42.4715
135230.48,2.8302,5.00008,1564714020.0,4,17,27.6095,4890,3419.35998,4.74913,16.5862,42.4396
135237.82,2.82,5.00008,1564714020.0,4,17,27.5929,4891,3426.70002,4.75932,16.615,42.4556
135244.91,2.8099,4.99977,1564714020.0,4,17,27.6095,4892,3433.78998,4.76917,16.6427,42.5674
135251.5,2.7997,5.00008,1564714080.0,4,17,27.6095,4893,3440.38002,4.77832,16.6684,42.6472
135257.87,2.7895,4.99962,1564714080.0,4,17,27.6095,4894,3446.74998,4.78717,16.6931,42.6951
135264.11,2.7793,5.00008,1564714080.0,4,17,27.6095,4895,3452.98998,4.79584,16.7172,42.6951
135270.07,2.7691,4.99992,1564714080.0,4,17,27.5929,4896,3458.95002,4.80412,16.7402,42.6951
135275.79,2.7585,5.00038,1564714080.0,4,17,27.5763,4897,3464.67,4.81206,16.7621,42.759
135281.27,2.7483,5.00038,1564714080.0,4,17,27.5597,4898,3470.14998,4.81967,16.7831,42.8549
135286.52,2.7381,4.99992,1564714080.0,4,17,27.5597,4899,3475.39998,4.82696,16.8031,42.9666
135291.46,2.7279,5.00023,1564714080.0,4,17,27.5597,4900,3480.34002,4.83382,16.8219,43.0465
135296.19,2.7176,5.00023,1564714080.0,4,17,27.5763,4901,3485.07,4.84039,16.8397,43.0305
135300.78,2.7073,5.00023,1564714080.0,4,17,27.5597,4902,3489.66,4.84677,16.857,42.9986
135305.29,2.6967,5.00023,1564714080.0,4,17,27.5763,4903,3494.17002,4.85303,16.874,43.0146
135309.5,2.6867,5.00008,1564714140.0,4,17,27.5763,4904,3498.37998,4.85888,16.8897,43.0784
135313.45,2.6766,5.00008,1564714140.0,4,17,27.5763,4905,3502.33002,4.86437,16.9044,43.1423
135317.26,2.6664,4.99962,1564714140.0,4,17,27.5763,4906,3506.14002,4.86966,16.9186,43.1902
135320.96,2.6563,5.00008,1564714140.0,4,17,27.5763,4907,3509.83998,4.8748,16.9322,43.2382
135324.43,2.6458,4.99977,1564714140.0,4,17,27.5763,4908,3513.31002,4.87962,16.945,43.2382
135327.9,2.6355,4.99977,1564714140.0,4,17,27.5763,4909,3516.78,4.88444,16.9577,43.2382
135331.09,2.6253,5.00008,1564714140.0,4,17,27.5763,4910,3519.97002,4.88887,16.9694,43.2222
135334.16,2.6151,5.00023,1564714140.0,4,17,27.5763,4911,3523.03998,4.89313,16.9806,43.2541
135337.17,2.6047,4.99977,1564714140.0,4,17,27.5597,4912,3526.05,4.89731,16.9915,43.334
135339.99,2.5945,4.99977,1564714140.0,4,17,27.5597,4913,3528.87,4.90123,17.0017,43.3979
135342.65,2.5843,5.00008,1564714140.0,4,17,27.5597,4914,3531.52998,4.90492,17.0112,43.4458
135345.17,2.574,5.00038,1564714140.0,4,17,27.5597,4915,3534.04998,4.90842,17.0202,43.4777
135347.61,2.5638,5.00023,1564714140.0,4,17,27.5597,4916,3536.49,4.91181,17.029,43.4937
135349.93,2.5534,4.99992,1564714140.0,4,17,27.5597,4917,3538.81002,4.91503,17.0372,43.4937
135352.2,2.5431,4.99992,1564714140.0,4,17,27.5597,4918,3541.08,4.91819,17.0452,43.5097
135354.37,2.5324,5.00008,1564714140.0,4,17,27.5597,4919,3543.25002,4.9212,17.0529,43.5256
135356.46,2.522,4.99992,1564714140.0,4,17,27.5597,4920,3545.34,4.9241,17.0602,43.5416
135358.45,2.5113,5.00023,1564714140.0,4,17,27.5597,4921,3547.33002,4.92687,17.0672,43.5735
135360.4,2.501,4.99992,1564714140.0,4,17,27.5597,4922,3549.28002,4.92957,17.074,43.5895
135360.52,2.5,5.00038,1564714140.0,4,17,27.5597,4923,3549.40002,4.92974,17.0744,43.5895
135360.53,2.6538,0.0,1564714140.0,4,18,27.5597,4924,0.01002,0.0,0.0,43.5895
135360.69,2.6905,0.0,1564714140.0,4,18,27.5597,4925,0.16998,0.0,0.0,43.5895
135360.87,2.7062,0.0,1564714140.0,4,18,27.5597,4926,0.34998,0.0,0.0,43.5895
135361.16,2.7187,0.0,1564714140.0,4,18,27.5597,4927,0.64002,0.0,0.0,43.5895
135361.63,2.7304,0.0,1564714140.0,4,18,27.5597,4928,1.11,0.0,0.0,43.5895
135362.33,2.7417,0.0,1564714140.0,4,18,27.5597,4929,1.81002,0.0,0.0,43.5895
135363.29,2.7526,0.0,1564714140.0,4,18,27.5597,4930,2.77002,0.0,0.0,43.6055
135364.54,2.7631,0.0,1564714140.0,4,18,27.5597,4931,4.02,0.0,0.0,43.6055
135366.12,2.7736,0.0,1564714140.0,4,18,27.5597,4932,5.59998,0.0,0.0,43.6374
135368.12,2.7842,0.0,1564714200.0,4,18,27.5431,4933,7.60002,0.0,0.0,43.6534
135370.67,2.7945,0.0,1564714200.0,4,18,27.5431,4934,10.15002,0.0,0.0,43.6853
135373.83,2.8048,0.0,1564714200.0,4,18,27.5597,4935,13.30998,0.0,0.0,43.7173
135377.82,2.8148,0.0,1564714200.0,4,18,27.5597,4936,17.29998,0.0,0.0,43.7492
135382.85,2.8251,0.0,1564714200.0,4,18,27.5597,4937,22.33002,0.0,0.0,43.7013
135389.49,2.8353,0.0,1564714200.0,4,18,27.5597,4938,28.96998,0.0,0.0,43.6853
135398.5,2.8455,0.0,1564714200.0,4,18,27.5763,4939,37.98,0.0,0.0,43.5416
135411.08,2.8557,0.0,1564714200.0,4,18,27.5597,4940,50.56002,0.0,0.0,43.4937
135429.13,2.8658,0.0,1564714260.0,4,18,27.5597,4941,68.61,0.0,0.0,43.1264
135456.2,2.8759,0.0,1564714260.0,4,18,27.5099,4942,95.68002,0.0,0.0,42.6792
135486.2,2.884,0.0,1564714260.0,4,18,27.5265,4943,125.68002,0.0,0.0,42.216
135516.2,2.8904,0.0,1564714320.0,4,18,27.5099,4944,155.68002,0.0,0.0,41.657
135546.2,2.8954,0.0,1564714320.0,4,18,27.4933,4945,185.68002,0.0,0.0,41.2578
135576.2,2.9001,0.0,1564714380.0,4,18,27.4435,4946,215.68002,0.0,0.0,40.9862
135606.2,2.9038,0.0,1564714380.0,4,18,27.4435,4947,245.68002,0.0,0.0,40.5391
135636.2,2.9075,0.0,1564714440.0,4,18,27.3937,4948,275.68002,0.0,0.0,40.0599
135666.2,2.9107,0.0,1564714440.0,4,18,27.4103,4949,305.68002,0.0,0.0,39.6867
135696.2,2.9136,0.0,1564714500.0,4,18,27.3605,4950,335.68002,0.0,0.0,39.41
135726.2,2.9163,0.0,1564714500.0,4,18,27.3439,4951,365.68002,0.0,0.0,38.9542
135756.2,2.9186,0.0,1564714560.0,4,18,27.3273,4952,395.68002,0.0,0.0,38.5635
135786.2,2.9209,0.0,1564714560.0,4,18,27.3107,4953,425.68002,0.0,0.0,38.1891
135816.2,2.9232,0.0,1564714620.0,4,18,27.2775,4954,455.68002,0.0,0.0,37.9449
135846.2,2.9253,0.0,1564714620.0,4,18,27.2941,4955,485.68002,0.0,0.0,37.5543
135876.2,2.9273,0.0,1564714680.0,4,18,27.2941,4956,515.68002,0.0,0.0,37.2775
135906.2,2.9291,0.0,1564714680.0,4,18,27.2775,4957,545.68002,0.0,0.0,36.9845
135936.2,2.931,0.0,1564714740.0,4,18,27.2775,4958,575.68002,0.0,0.0,36.6752
135966.2,2.9323,0.0,1564714740.0,4,18,27.2775,4959,605.68002,0.0,0.0,36.4311
135996.2,2.9342,0.0,1564714800.0,4,18,27.2443,4960,635.68002,0.0,0.0,36.1543
136026.2,2.9357,0.0,1564714800.0,4,18,27.2277,4961,665.68002,0.0,0.0,35.8125
136056.2,2.9372,0.0,1564714860.0,4,18,27.2277,4962,695.68002,0.0,0.0,35.6172
136086.2,2.9386,0.0,1564714860.0,4,18,27.1945,4963,725.68002,0.0,0.0,35.3567
136116.2,2.94,0.0,1564714920.0,4,18,27.1779,4964,755.68002,0.0,0.0,35.0963
136146.2,2.9412,0.0,1564714920.0,4,18,27.1779,4965,785.68002,0.0,0.0,34.787
136176.2,2.9425,0.0,1564714980.0,4,18,27.1613,4966,815.68002,0.0,0.0,34.5265
136206.2,2.9436,0.0,1564714980.0,4,18,27.1447,4967,845.68002,0.0,0.0,34.3475
136236.2,2.9448,0.0,1564715040.0,4,18,27.1447,4968,875.68002,0.0,0.0,34.1033
136266.2,2.9459,0.0,1564715040.0,4,18,27.1115,4969,905.68002,0.0,0.0,33.8591
136296.2,2.9471,0.0,1564715100.0,4,18,27.0617,4970,935.68002,0.0,0.0,33.7615
136326.2,2.948,0.0,1564715100.0,4,18,27.1281,4971,965.68002,0.0,0.0,33.5498
136356.2,2.9493,0.0,1564715160.0,4,18,27.1281,4972,995.68002,0.0,0.0,33.3219
136386.2,2.9505,0.0,1564715160.0,4,18,27.0451,4973,1025.68002,0.0,0.0,33.1917
136416.2,2.9512,0.0,1564715220.0,4,18,27.0451,4974,1055.68002,0.0,0.0,32.9801
136446.2,2.9522,0.0,1564715220.0,4,18,27.0451,4975,1085.68002,0.0,0.0,32.7359
136476.2,2.9531,0.0,1564715280.0,4,18,27.0451,4976,1115.68002,0.0,0.0,32.6383
136506.2,2.954,0.0,1564715280.0,4,18,27.0285,4977,1145.68002,0.0,0.0,32.3778
136536.2,2.9548,0.0,1564715340.0,4,18,27.0285,4978,1175.68002,0.0,0.0,32.2476
136566.2,2.9557,0.0,1564715340.0,4,18,27.0285,4979,1205.68002,0.0,0.0,32.1174
136596.2,2.9566,0.0,1564715400.0,4,18,27.0119,4980,1235.68002,0.0,0.0,31.9871
136626.2,2.9574,0.0,1564715400.0,4,18,27.0119,4981,1265.68002,0.0,0.0,31.7267
136656.2,2.9581,0.0,1564715460.0,4,18,26.9953,4982,1295.68002,0.0,0.0,31.6941
136686.2,2.959,0.0,1564715460.0,4,18,26.9787,4983,1325.68002,0.0,0.0,31.5314
136716.2,2.9596,0.0,1564715520.0,4,18,26.9953,4984,1355.68002,0.0,0.0,31.336
136746.2,2.9603,0.0,1564715520.0,4,18,26.9953,4985,1385.68002,0.0,0.0,31.2058
136776.2,2.961,0.0,1564715580.0,4,18,27.0119,4986,1415.68002,0.0,0.0,31.1244
136806.2,2.9618,0.0,1564715580.0,4,18,26.9953,4987,1445.68002,0.0,0.0,31.0105
136836.2,2.9625,0.0,1564715640.0,4,18,26.9787,4988,1475.68002,0.0,0.0,30.8477
136866.2,2.9633,0.0,1564715640.0,4,18,26.9787,4989,1505.68002,0.0,0.0,30.7337
136896.2,2.9641,0.0,1564715700.0,4,18,26.9621,4990,1535.68002,0.0,0.0,30.5872
136926.2,2.9645,0.0,1564715700.0,4,18,26.9621,4991,1565.68002,0.0,0.0,30.5221
136956.2,2.965,0.0,1564715760.0,4,18,26.9455,4992,1595.68002,0.0,0.0,30.4244
136986.2,2.9657,0.0,1564715760.0,4,18,26.9621,4993,1625.68002,0.0,0.0,30.3268
137016.2,2.966,0.0,1564715820.0,4,18,26.9289,4994,1655.68002,0.0,0.0,30.1966
137046.2,2.967,0.0,1564715820.0,4,18,26.8957,4995,1685.68002,0.0,0.0,30.0989
137076.2,2.9676,0.0,1564715880.0,4,18,26.9123,4996,1715.68002,0.0,0.0,30.0012
137106.2,2.9682,0.0,1564715880.0,4,18,26.9123,4997,1745.68002,0.0,0.0,29.9345
137136.2,2.9688,0.0,1564715940.0,4,18,26.9123,4998,1775.68002,0.0,0.0,29.8511
137166.2,2.9693,0.0,1564715940.0,4,18,26.9289,4999,1805.68002,0.0,0.0,29.7677
137196.2,2.9699,0.0,1564716000.0,4,18,26.9123,5000,1835.68002,0.0,0.0,29.7177
137226.2,2.9706,0.0,1564716000.0,4,18,26.9455,5001,1865.68002,0.0,0.0,29.6176
137256.2,2.9711,0.0,1564716060.0,4,18,26.8957,5002,1895.68002,0.0,0.0,29.5176
137286.2,2.9712,0.0,1564716060.0,4,18,26.8791,5003,1925.68002,0.0,0.0,29.4342
137316.2,2.972,0.0,1564716120.0,4,18,26.8791,5004,1955.68002,0.0,0.0,29.3508
137346.2,2.9725,0.0,1564716120.0,4,18,26.8791,5005,1985.68002,0.0,0.0,29.2674
137376.2,2.9729,0.0,1564716180.0,4,18,26.8957,5006,2015.68002,0.0,0.0,29.2007
137406.2,2.9734,0.0,1564716180.0,4,18,26.8459,5007,2045.68002,0.0,0.0,29.1339
137436.2,2.974,0.0,1564716240.0,4,18,26.8293,5008,2075.68002,0.0,0.0,29.0505
137466.2,2.9743,0.0,1564716240.0,4,18,26.8127,5009,2105.68002,0.0,0.0,29.0005
137496.2,2.9747,0.0,1564716300.0,4,18,26.8293,5010,2135.68002,0.0,0.0,28.9505
137526.2,2.9752,0.0,1564716300.0,4,18,26.8127,5011,2165.68002,0.0,0.0,28.9004
137556.2,2.9757,0.0,1564716360.0,4,18,26.7795,5012,2195.68002,0.0,0.0,28.817
137586.2,2.9761,0.0,1564716360.0,4,18,26.7629,5013,2225.68002,0.0,0.0,28.767
137616.2,2.9767,0.0,1564716420.0,4,18,26.8293,5014,2255.68002,0.0,0.0,28.717
137646.2,2.9772,0.0,1564716420.0,4,18,26.7795,5015,2285.68002,0.0,0.0,28.6836
137676.2,2.9773,0.0,1564716480.0,4,18,26.7795,5016,2315.68002,0.0,0.0,28.6002
137706.2,2.9781,0.0,1564716480.0,4,18,26.7795,5017,2345.68002,0.0,0.0,28.5168
137736.2,2.9786,0.0,1564716540.0,4,18,26.7629,5018,2375.68002,0.0,0.0,28.5168
137766.2,2.9787,0.0,1564716540.0,4,18,26.7297,5019,2405.68002,0.0,0.0,28.4668
137796.2,2.9792,0.0,1564716600.0,4,18,26.7463,5020,2435.68002,0.0,0.0,28.4334
137826.2,2.9796,0.0,1564716600.0,4,18,26.7629,5021,2465.68002,0.0,0.0,28.3667
137856.2,2.9799,0.0,1564716660.0,4,18,26.7795,5022,2495.68002,0.0,0.0,28.3333
137886.2,2.9805,0.0,1564716660.0,4,18,26.7795,5023,2525.68002,0.0,0.0,28.3
137916.2,2.9807,0.0,1564716720.0,4,18,26.7131,5024,2555.68002,0.0,0.0,28.2666
137946.2,2.981,0.0,1564716720.0,4,18,26.7131,5025,2585.68002,0.0,0.0,28.2333
137976.2,2.9816,0.0,1564716780.0,4,18,26.7131,5026,2615.68002,0.0,0.0,28.1832
138006.2,2.9819,0.0,1564716780.0,4,18,26.7131,5027,2645.68002,0.0,0.0,28.1499
138036.2,2.9821,0.0,1564716840.0,4,18,26.7463,5028,2675.68002,0.0,0.0,28.0665
138066.2,2.9827,0.0,1564716840.0,4,18,26.7463,5029,2705.68002,0.0,0.0,28.0331
138096.2,2.9828,0.0,1564716900.0,4,18,26.7131,5030,2735.68002,0.0,0.0,27.9664
138126.2,2.9831,0.0,1564716900.0,4,18,26.7297,5031,2765.68002,0.0,0.0,27.9497
138156.2,2.9836,0.0,1564716960.0,4,18,26.7297,5032,2795.68002,0.0,0.0,27.933
138186.2,2.9839,0.0,1564716960.0,4,18,26.7463,5033,2825.68002,0.0,0.0,27.9164
138216.2,2.9842,0.0,1564717020.0,4,18,26.7297,5034,2855.68002,0.0,0.0,27.8663
138246.2,2.985,0.0,1564717020.0,4,18,26.7131,5035,2885.68002,0.0,0.0,27.8663
138276.2,2.9851,0.0,1564717080.0,4,18,26.7297,5036,2915.68002,0.0,0.0,27.8496
138306.2,2.9854,0.0,1564717080.0,4,18,26.7463,5037,2945.68002,0.0,0.0,27.833
138336.2,2.9859,0.0,1564717140.0,4,18,26.7463,5038,2975.68002,0.0,0.0,27.8163
138366.2,2.986,0.0,1564717140.0,4,18,26.7463,5039,3005.68002,0.0,0.0,27.7162
138396.2,2.9863,0.0,1564717200.0,4,18,26.7629,5040,3035.68002,0.0,0.0,27.7162
138426.2,2.9868,0.0,1564717200.0,4,18,26.7463,5041,3065.68002,0.0,0.0,27.6829
138456.2,2.9868,0.0,1564717260.0,4,18,26.7463,5042,3095.68002,0.0,0.0,27.6495
138486.2,2.9871,0.0,1564717260.0,4,18,26.7463,5043,3125.68002,0.0,0.0,27.6328
138516.2,2.9876,0.0,1564717320.0,4,18,26.7463,5044,3155.68002,0.0,0.0,27.5995
138546.2,2.9879,0.0,1564717320.0,4,18,26.7463,5045,3185.68002,0.0,0.0,27.5494
138576.2,2.9882,0.0,1564717380.0,4,18,26.7131,5046,3215.68002,0.0,0.0,27.5661
138606.2,2.9883,0.0,1564717380.0,4,18,26.7629,5047,3245.68002,0.0,0.0,27.5494
138636.2,2.9886,0.0,1564717440.0,4,18,26.7629,5048,3275.68002,0.0,0.0,27.5327
138666.2,2.9891,0.0,1564717440.0,4,18,26.7629,5049,3305.68002,0.0,0.0,27.5327
138696.2,2.9894,0.0,1564717500.0,4,18,26.7629,5050,3335.68002,0.0,0.0,27.4994
138726.2,2.9897,0.0,1564717500.0,4,18,26.7629,5051,3365.68002,0.0,0.0,27.4827
138756.2,2.9902,0.0,1564717560.0,4,18,26.7297,5052,3395.68002,0.0,0.0,27.4994
138786.2,2.9903,0.0,1564717560.0,4,18,26.7463,5053,3425.68002,0.0,0.0,27.4827
138816.2,2.9908,0.0,1564717620.0,4,18,26.7297,5054,3455.68002,0.0,0.0,27.3993
138846.2,2.9908,0.0,1564717620.0,4,18,26.7297,5055,3485.68002,0.0,0.0,27.4494
138876.2,2.9911,0.0,1564717680.0,4,18,26.7297,5056,3515.68002,0.0,0.0,27.4327
138906.2,2.9914,0.0,1564717680.0,4,18,26.7297,5057,3545.68002,0.0,0.0,27.416
138936.2,2.9917,0.0,1564717740.0,4,18,26.7297,5058,3575.68002,0.0,0.0,27.3993
138966.2,2.9918,0.0,1564717740.0,4,18,26.7463,5059,3605.68002,0.0,0.0,27.3993
138996.2,2.992,0.0,1564717800.0,4,18,26.7463,5060,3635.68002,0.0,0.0,27.366
139026.2,2.9924,0.0,1564717800.0,4,18,26.7463,5061,3665.68002,0.0,0.0,27.366
139056.2,2.9926,0.0,1564717860.0,4,18,26.7463,5062,3695.68002,0.0,0.0,27.2992
139086.2,2.9929,0.0,1564717860.0,4,18,26.7795,5063,3725.68002,0.0,0.0,27.3159
139116.2,2.9931,0.0,1564717920.0,4,18,26.7629,5064,3755.68002,0.0,0.0,27.3159
139146.2,2.9934,0.0,1564717920.0,4,18,26.7297,5065,3785.68002,0.0,0.0,27.2826
139176.2,2.9937,0.0,1564717980.0,4,18,26.7961,5066,3815.68002,0.0,0.0,27.2659
139206.2,2.9938,0.0,1564717980.0,4,18,26.7795,5067,3845.68002,0.0,0.0,27.2492
139236.2,2.994,0.0,1564718040.0,4,18,26.7131,5068,3875.68002,0.0,0.0,27.2492
139266.2,2.9943,0.0,1564718040.0,4,18,26.7961,5069,3905.68002,0.0,0.0,27.2492
139296.2,2.9946,0.0,1564718100.0,4,18,26.7297,5070,3935.68002,0.0,0.0,27.2492
139326.2,2.9949,0.0,1564718100.0,4,18,26.7463,5071,3965.68002,0.0,0.0,27.2492
139356.2,2.9952,0.0,1564718160.0,4,18,26.7297,5072,3995.68002,0.0,0.0,27.2325
139386.2,2.9953,0.0,1564718160.0,4,18,26.7297,5073,4025.68002,0.0,0.0,27.2158
139416.2,2.9957,0.0,1564718220.0,4,18,26.7297,5074,4055.68002,0.0,0.0,27.2158
139446.2,2.996,0.0,1564718220.0,4,18,26.7297,5075,4085.68002,0.0,0.0,27.1825
139476.2,2.9961,0.0,1564718280.0,4,18,26.7795,5076,4115.68002,0.0,0.0,27.1491
139506.2,2.9964,0.0,1564718280.0,4,18,26.7961,5077,4145.68002,0.0,0.0,27.1491
139536.2,2.9967,0.0,1564718340.0,4,18,26.7795,5078,4175.68002,0.0,0.0,27.1325
139566.2,2.9967,0.0,1564718340.0,4,18,26.7795,5079,4205.68002,0.0,0.0,27.1325
139596.2,2.997,0.0,1564718400.0,4,18,26.7629,5080,4235.68002,0.0,0.0,27.0991
139626.2,2.9973,0.0,1564718400.0,4,18,26.7463,5081,4265.68002,0.0,0.0,27.0657
139656.2,2.9975,0.0,1564718460.0,4,18,26.7463,5082,4295.68002,0.0,0.0,27.1325
139686.2,2.9976,0.0,1564718460.0,4,18,26.7297,5083,4325.68002,0.0,0.0,27.1158
139716.2,2.9978,0.0,1564718520.0,4,18,26.7131,5084,4355.68002,0.0,0.0,27.0991
139746.2,2.9979,0.0,1564718520.0,4,18,26.6965,5085,4385.68002,0.0,0.0,27.0657
139776.2,2.9981,0.0,1564718580.0,4,18,26.7463,5086,4415.68002,0.0,0.0,27.0491
139806.2,2.9987,0.0,1564718580.0,4,18,26.7131,5087,4445.68002,0.0,0.0,27.0491
139836.2,2.9986,0.0,1564718640.0,4,18,26.7297,5088,4475.68002,0.0,0.0,27.0491
139866.2,2.999,0.0,1564718640.0,4,18,26.7463,5089,4505.68002,0.0,0.0,27.0657
139896.2,2.999,0.0,1564718700.0,4,18,26.7131,5090,4535.68002,0.0,0.0,27.0491
139926.2,2.9992,0.0,1564718700.0,4,18,26.7131,5091,4565.68002,0.0,0.0,27.0657
139956.2,2.9995,0.0,1564718760.0,4,18,26.7297,5092,4595.68002,0.0,0.0,27.0491
139986.2,2.9998,0.0,1564718760.0,4,18,26.7297,5093,4625.68002,0.0,0.0,27.0491
140016.2,2.9999,0.0,1564718820.0,4,18,26.7297,5094,4655.68002,0.0,0.0,27.0657
140046.2,3.0001,0.0,1564718820.0,4,18,26.7463,5095,4685.68002,0.0,0.0,27.0491
140076.2,3.0004,0.0,1564718880.0,4,18,26.7297,5096,4715.68002,0.0,0.0,27.0157
140106.2,3.0007,0.0,1564718880.0,4,18,26.7629,5097,4745.68002,0.0,0.0,27.0157
140136.2,3.001,0.0,1564718940.0,4,18,26.6965,5098,4775.68002,0.0,0.0,26.9823
140166.2,3.0013,0.0,1564718940.0,4,18,26.7463,5099,4805.68002,0.0,0.0,26.999
140196.2,3.0013,0.0,1564719000.0,4,18,26.7297,5100,4835.68002,0.0,0.0,26.9823
140226.2,3.0014,0.0,1564719000.0,4,18,26.7297,5101,4865.68002,0.0,0.0,26.9823
140256.2,3.0016,0.0,1564719060.0,4,18,26.7297,5102,4895.68002,0.0,0.0,26.9823
140286.2,3.0018,0.0,1564719060.0,4,18,26.7297,5103,4925.68002,0.0,0.0,26.9823
140316.2,3.0019,0.0,1564719120.0,4,18,26.7463,5104,4955.68002,0.0,0.0,26.9823
140346.2,3.0022,0.0,1564719120.0,4,18,26.7463,5105,4985.68002,0.0,0.0,26.9823
140376.2,3.0024,0.0,1564719180.0,4,18,26.7131,5106,5015.68002,0.0,0.0,26.9823
140406.2,3.0027,0.0,1564719180.0,4,18,26.7131,5107,5045.68002,0.0,0.0,26.9657
140436.2,3.0028,0.0,1564719240.0,4,18,26.7297,5108,5075.68002,0.0,0.0,26.9823
140466.2,3.0028,0.0,1564719240.0,4,18,26.7629,5109,5105.68002,0.0,0.0,26.9657
140496.2,3.003,0.0,1564719300.0,4,18,26.7131,5110,5135.68002,0.0,0.0,26.949
140526.2,3.0031,0.0,1564719300.0,4,18,26.7297,5111,5165.68002,0.0,0.0,26.9323
140556.2,3.0033,0.0,1564719360.0,4,18,26.7297,5112,5195.68002,0.0,0.0,26.9323
140586.2,3.0036,0.0,1564719360.0,4,18,26.7463,5113,5225.68002,0.0,0.0,26.9323
140616.2,3.0039,0.0,1564719420.0,4,18,26.7131,5114,5255.68002,0.0,0.0,26.9156
140646.2,3.004,0.0,1564719420.0,4,18,26.7131,5115,5285.68002,0.0,0.0,26.9156
140676.2,3.0039,0.0,1564719480.0,4,18,26.6799,5116,5315.68002,0.0,0.0,26.8823
140706.2,3.0045,0.0,1564719480.0,4,18,26.6799,5117,5345.68002,0.0,0.0,26.949
140736.2,3.0043,0.0,1564719540.0,4,18,26.6799,5118,5375.68002,0.0,0.0,26.9657
140766.2,3.0047,0.0,1564719540.0,4,18,26.6965,5119,5405.68002,0.0,0.0,26.9156
140796.2,3.0048,0.0,1564719600.0,4,18,26.7131,5120,5435.68002,0.0,0.0,26.8989
140826.2,3.0051,0.0,1564719600.0,4,18,26.7297,5121,5465.68002,0.0,0.0,26.9156
140856.2,3.0053,0.0,1564719660.0,4,18,26.7297,5122,5495.68002,0.0,0.0,26.9156
140886.2,3.0054,0.0,1564719660.0,4,18,26.7297,5123,5525.68002,0.0,0.0,26.8989
140916.2,3.0056,0.0,1564719720.0,4,18,26.7131,5124,5555.68002,0.0,0.0,26.8989
140946.2,3.0057,0.0,1564719720.0,4,18,26.7131,5125,5585.68002,0.0,0.0,26.8989
140976.2,3.0059,0.0,1564719780.0,4,18,26.7297,5126,5615.68002,0.0,0.0,26.8823
141006.2,3.0062,0.0,1564719780.0,4,18,26.7131,5127,5645.68002,0.0,0.0,26.8823
141036.2,3.0062,0.0,1564719840.0,4,18,26.7131,5128,5675.68002,0.0,0.0,26.8989
141066.2,3.0063,0.0,1564719840.0,4,18,26.7297,5129,5705.68002,0.0,0.0,26.9156
141096.2,3.0065,0.0,1564719900.0,4,18,26.7131,5130,5735.68002,0.0,0.0,26.8823
141126.2,3.0068,0.0,1564719900.0,4,18,26.7297,5131,5765.68002,0.0,0.0,26.9156
141156.2,3.0068,0.0,1564719960.0,4,18,26.7131,5132,5795.68002,0.0,0.0,26.9156
141186.2,3.0069,0.0,1564719960.0,4,18,26.7131,5133,5825.68002,0.0,0.0,26.9156
141216.2,3.0072,0.0,1564720020.0,4,18,26.6965,5134,5855.68002,0.0,0.0,26.9156
141246.2,3.0074,0.0,1564720020.0,4,18,26.7131,5135,5885.68002,0.0,0.0,26.9156
141276.2,3.0074,0.0,1564720080.0,4,18,26.7131,5136,5915.68002,0.0,0.0,26.9156
141306.2,3.0077,0.0,1564720080.0,4,18,26.7131,5137,5945.68002,0.0,0.0,26.9323
141336.2,3.0079,0.0,1564720140.0,4,18,26.7297,5138,5975.68002,0.0,0.0,26.8656
141366.2,3.008,0.0,1564720140.0,4,18,26.7463,5139,6005.68002,0.0,0.0,26.8823
141396.2,3.0082,0.0,1564720200.0,4,18,26.7629,5140,6035.68002,0.0,0.0,26.8823
141426.2,3.0083,0.0,1564720200.0,4,18,26.7297,5141,6065.68002,0.0,0.0,26.8656
141456.2,3.0085,0.0,1564720260.0,4,18,26.7297,5142,6095.68002,0.0,0.0,26.8656
141486.2,3.0085,0.0,1564720260.0,4,18,26.7131,5143,6125.68002,0.0,0.0,26.8656
141516.2,3.0086,0.0,1564720320.0,4,18,26.7131,5144,6155.68002,0.0,0.0,26.9156
141546.2,3.0088,0.0,1564720320.0,4,18,26.7131,5145,6185.68002,0.0,0.0,26.8489
141576.2,3.0089,0.0,1564720380.0,4,18,26.7297,5146,6215.68002,0.0,0.0,26.8989
141606.2,3.0092,0.0,1564720380.0,4,18,26.7297,5147,6245.68002,0.0,0.0,26.8989
141636.2,3.0091,0.0,1564720440.0,4,18,26.7297,5148,6275.68002,0.0,0.0,26.9156
141666.2,3.0095,0.0,1564720440.0,4,18,26.7297,5149,6305.68002,0.0,0.0,26.8489
141696.2,3.0095,0.0,1564720500.0,4,18,26.7463,5150,6335.68002,0.0,0.0,26.8489
141726.2,3.0097,0.0,1564720500.0,4,18,26.7131,5151,6365.68002,0.0,0.0,26.8656
141756.2,3.0098,0.0,1564720560.0,4,18,26.7463,5152,6395.68002,0.0,0.0,26.8656
141786.2,3.0098,0.0,1564720560.0,4,18,26.7297,5153,6425.68002,0.0,0.0,26.8489
141816.2,3.0103,0.0,1564720620.0,4,18,26.7297,5154,6455.68002,0.0,0.0,26.8489
141846.2,3.0105,0.0,1564720620.0,4,18,26.6965,5155,6485.68002,0.0,0.0,26.8656
141876.2,3.0103,0.0,1564720680.0,4,18,26.7131,5156,6515.68002,0.0,0.0,26.8489
141906.2,3.0106,0.0,1564720680.0,4,18,26.6965,5157,6545.68002,0.0,0.0,26.8489
141936.2,3.0106,0.0,1564720740.0,4,18,26.6799,5158,6575.68002,0.0,0.0,26.8322
141966.2,3.0108,0.0,1564720740.0,4,18,26.6633,5159,6605.68002,0.0,0.0,26.8489
141996.2,3.0109,0.0,1564720800.0,4,18,26.6799,5160,6635.68002,0.0,0.0,26.8823
142026.2,3.0111,0.0,1564720800.0,4,18,26.6633,5161,6665.68002,0.0,0.0,26.8823
142056.2,3.0112,0.0,1564720860.0,4,18,26.6633,5162,6695.68002,0.0,0.0,26.8823
142086.2,3.0115,0.0,1564720860.0,4,18,26.6633,5163,6725.68002,0.0,0.0,26.8989
142116.2,3.0115,0.0,1564720920.0,4,18,26.6633,5164,6755.68002,0.0,0.0,26.8989
142146.2,3.0117,0.0,1564720920.0,4,18,26.6799,5165,6785.68002,0.0,0.0,26.9156
142176.2,3.012,0.0,1564720980.0,4,18,26.6633,5166,6815.68002,0.0,0.0,26.8989
142206.2,3.012,0.0,1564720980.0,4,18,26.6799,5167,6845.68002,0.0,0.0,26.9156
142236.2,3.0123,0.0,1564721040.0,4,18,26.6799,5168,6875.68002,0.0,0.0,26.8322
142266.2,3.0123,0.0,1564721040.0,4,18,26.6799,5169,6905.68002,0.0,0.0,26.8489
142296.2,3.0123,0.0,1564721100.0,4,18,26.6799,5170,6935.68002,0.0,0.0,26.8322
142326.2,3.0124,0.0,1564721100.0,4,18,26.6633,5171,6965.68002,0.0,0.0,26.8155
142356.2,3.0126,0.0,1564721160.0,4,18,26.6799,5172,6995.68002,0.0,0.0,26.8489
142386.2,3.0127,0.0,1564721160.0,4,18,26.6965,5173,7025.68002,0.0,0.0,26.8322
142416.2,3.0129,0.0,1564721220.0,4,18,26.6965,5174,7055.68002,0.0,0.0,26.8489
142446.2,3.0129,0.0,1564721220.0,4,18,26.6965,5175,7085.68002,0.0,0.0,26.8489
142476.2,3.013,0.0,1564721280.0,4,18,26.6965,5176,7115.68002,0.0,0.0,26.8322
142506.2,3.0132,0.0,1564721280.0,4,18,26.6965,5177,7145.68002,0.0,0.0,26.8155
142536.2,3.0135,0.0,1564721340.0,4,18,26.6799,5178,7175.68002,0.0,0.0,26.7989
142560.52,3.0134,0.0,1564721340.0,4,18,26.6799,5179,7200.0,0.0,0.0,26.8155
142560.56,3.0687,1.50179,1564721340.0,4,19,26.6799,5180,0.04002,1.55e-05,4.755e-05,26.8155
142560.76,3.0835,1.50011,1564721340.0,4,19,26.6799,5181,0.24,9.884e-05,0.00030412,26.8155
142561.25,3.0945,1.49981,1564721340.0,4,19,26.6799,5182,0.73002,0.00030301,0.00093516,26.8155
142563.12,3.1049,1.49996,1564721340.0,4,19,26.6799,5183,2.59998,0.00108213,0.00335105,26.8155
142566.73,3.1151,1.50027,1564721400.0,4,19,26.6799,5184,6.21,0.00258619,0.00802927,26.8155
142571.37,3.1254,1.49981,1564721400.0,4,19,26.6799,5185,10.84998,0.00451941,0.0140617,26.8322
142576.58,3.1354,1.4995,1564721400.0,4,19,26.6799,5186,16.06002,0.00669011,0.0208572,26.8155
142582.33,3.1458,1.50011,1564721400.0,4,19,26.6633,5187,21.81,0.00908578,0.0283813,26.8155
142588.6,3.1559,1.49981,1564721400.0,4,19,26.6633,5188,28.08,0.0116981,0.0366128,26.7989
142595.23,3.1661,1.49996,1564721400.0,4,19,26.6633,5189,34.71,0.0144604,0.0453447,26.8489
142602.61,3.1762,1.49981,1564721400.0,4,19,26.6633,5190,42.09,0.0175352,0.0550956,26.8656
142610.54,3.1864,1.4995,1564721400.0,4,19,26.6633,5191,50.02002,0.0208392,0.0656069,26.8489
142619.24,3.1966,1.49966,1564721400.0,4,19,26.6633,5192,58.72002,0.024464,0.0771758,26.8489
142628.6,3.2067,1.50011,1564721460.0,4,19,26.6633,5193,68.08002,0.0283637,0.0896623,26.8489
142638.56,3.2169,1.50011,1564721460.0,4,19,26.6633,5194,78.04002,0.0325135,0.102991,26.8322
142649.19,3.227,1.49966,1564721460.0,4,19,26.6467,5195,88.66998,0.0369424,0.117261,26.8322
142660.76,3.2372,1.50027,1564721460.0,4,19,26.7131,5196,100.24002,0.0417629,0.132842,26.8155
142673.19,3.2474,1.49966,1564721460.0,4,19,26.7131,5197,112.66998,0.0469417,0.149633,26.8322
142686.35,3.2576,1.4995,1564721520.0,4,19,26.6965,5198,125.83002,0.0524247,0.167468,26.8155
142700.31,3.2677,1.49996,1564721520.0,4,19,26.7131,5199,139.78998,0.058241,0.186445,26.8322
142714.78,3.2779,1.50011,1564721520.0,4,19,26.7131,5200,154.26,0.0642698,0.206177,26.8489
142730.52,3.2882,1.4995,1564721520.0,4,19,26.6799,5201,169.99998,0.0708277,0.227707,26.8322
142747.1,3.2984,1.4992,1564721580.0,4,19,26.6799,5202,186.58002,0.0777356,0.250456,26.8489
142764.54,3.3085,1.50011,1564721580.0,4,19,26.6799,5203,204.01998,0.0850018,0.27446,26.8489
142782.68,3.3187,1.50027,1564721580.0,4,19,26.6799,5204,222.16002,0.0925596,0.299504,26.8656
142802.51,3.3289,1.50042,1564721580.0,4,19,26.6965,5205,241.99002,0.100822,0.326965,26.8823
142823.5,3.339,1.49981,1564721640.0,4,19,26.6799,5206,262.98,0.109567,0.356121,26.9156
142846.01,3.3491,1.49966,1564721640.0,4,19,26.6799,5207,285.49002,0.118945,0.387484,26.9156
142869.57,3.3591,1.49981,1564721700.0,4,19,26.6799,5208,309.04998,0.128762,0.42041,26.9323
142896.23,3.3692,1.50027,1564721700.0,4,19,26.6799,5209,335.71002,0.139869,0.457779,26.949
142925.39,3.3793,1.50027,1564721700.0,4,19,26.6965,5210,364.87002,0.152018,0.498775,26.999
142955.39,3.3881,1.4995,1564721760.0,4,19,26.6965,5211,394.87002,0.164518,0.541072,27.0491
142985.39,3.3959,1.49981,1564721760.0,4,19,26.6965,5212,424.87002,0.177017,0.583473,27.0991
143015.39,3.4028,1.50011,1564721820.0,4,19,26.6799,5213,454.87002,0.189516,0.625964,27.1491
143045.39,3.4086,1.49981,1564721820.0,4,19,26.6965,5214,484.87002,0.202015,0.668531,27.2492
143075.39,3.4137,1.4995,1564721880.0,4,19,26.6965,5215,514.87002,0.214514,0.711167,27.3159
143105.39,3.4185,1.49996,1564721880.0,4,19,26.7131,5216,544.87002,0.227014,0.753866,27.366
143135.39,3.4232,1.50011,1564721940.0,4,19,26.7131,5217,574.87002,0.239513,0.796624,27.4494
143165.39,3.4278,1.50027,1564721940.0,4,19,26.7131,5218,604.87002,0.252012,0.83944,27.5161
143195.39,3.4324,1.50011,1564722000.0,4,19,26.7297,5219,634.87002,0.264511,0.882312,27.5828
143225.39,3.4366,1.49981,1564722000.0,4,19,26.7297,5220,664.87002,0.27701,0.925239,27.6495
143255.39,3.4408,1.50011,1564722060.0,4,19,26.7297,5221,694.87002,0.28951,0.96822,27.7329
143285.39,3.4449,1.4995,1564722060.0,4,19,26.7297,5222,724.87002,0.302009,1.01125,27.7829
143315.39,3.4491,1.49981,1564722120.0,4,19,26.7131,5223,754.87002,0.314508,1.05434,27.8163
143345.39,3.4533,1.50011,1564722120.0,4,19,26.7297,5224,784.87002,0.327007,1.09748,27.8663
143375.39,3.4569,1.49996,1564722180.0,4,19,26.7297,5225,814.87002,0.339506,1.14067,27.9164
143405.39,3.4603,1.49996,1564722180.0,4,19,26.7131,5226,844.87002,0.352006,1.1839,27.9998
143435.39,3.4632,1.49996,1564722240.0,4,19,26.6965,5227,874.87002,0.364505,1.22717,28.0164
143465.39,3.4655,1.50011,1564722240.0,4,19,26.7131,5228,904.87002,0.377004,1.27047,28.0998
143495.39,3.4676,1.49981,1564722300.0,4,19,26.6965,5229,934.87002,0.389503,1.3138,28.1165
143525.39,3.4697,1.50011,1564722300.0,4,19,26.7131,5230,964.87002,0.402002,1.35716,28.1666
143555.39,3.4717,1.50011,1564722360.0,4,19,26.7463,5231,994.87002,0.414502,1.40054,28.1832
143585.39,3.4737,1.49981,1564722360.0,4,19,26.7297,5232,1024.87002,0.427001,1.44395,28.2666
143615.39,3.4757,1.4995,1564722420.0,4,19,26.7131,5233,1054.87002,0.4395,1.48738,28.2666
143645.39,3.4775,1.50042,1564722420.0,4,19,26.7131,5234,1084.87002,0.451999,1.53084,28.2666
143675.39,3.4795,1.49996,1564722480.0,4,19,26.7131,5235,1114.87002,0.464499,1.57432,28.3333
143705.39,3.4818,1.49996,1564722480.0,4,19,26.7131,5236,1144.87002,0.476998,1.61782,28.3667
143735.39,3.4836,1.49966,1564722540.0,4,19,26.7131,5237,1174.87002,0.489497,1.66135,28.3333
143765.39,3.4859,1.50011,1564722540.0,4,19,26.7297,5238,1204.87002,0.501996,1.70491,28.3667
143795.39,3.4881,1.49996,1564722600.0,4,19,26.7297,5239,1234.87002,0.514495,1.7485,28.3667
143825.39,3.4902,1.49981,1564722600.0,4,19,26.7297,5240,1264.87002,0.526995,1.79211,28.3667
143855.39,3.4925,1.49996,1564722660.0,4,19,26.7131,5241,1294.87002,0.539494,1.83575,28.4334
143885.39,3.4946,1.4995,1564722660.0,4,19,26.7131,5242,1324.87002,0.551993,1.87942,28.4501
143915.39,3.4971,1.49996,1564722720.0,4,19,26.7297,5243,1354.87002,0.564492,1.92311,28.4668
143945.39,3.499,1.49996,1564722720.0,4,19,26.7297,5244,1384.87002,0.576991,1.96683,28.5001
143975.39,3.5012,1.50027,1564722780.0,4,19,26.7297,5245,1414.87002,0.589491,2.01058,28.4501
144005.39,3.5038,1.49996,1564722780.0,4,19,26.7463,5246,1444.87002,0.60199,2.05436,28.4501
144035.39,3.5059,1.49966,1564722840.0,4,19,26.7131,5247,1474.87002,0.614489,2.09817,28.4501
144065.39,3.5084,1.49981,1564722840.0,4,19,26.7131,5248,1504.87002,0.626988,2.14201,28.4501
144095.39,3.5103,1.49996,1564722900.0,4,19,26.7297,5249,1534.87002,0.639487,2.18587,28.4668
144125.39,3.5128,1.49996,1564722900.0,4,19,26.7297,5250,1564.87002,0.651987,2.22977,28.4835
144155.39,3.5151,1.49981,1564722960.0,4,19,26.7131,5251,1594.87002,0.664486,2.27369,28.4668
144185.39,3.5177,1.4995,1564722960.0,4,19,26.7131,5252,1624.87002,0.676985,2.31764,28.4668
144215.39,3.5198,1.49996,1564723020.0,4,19,26.7297,5253,1654.87002,0.689484,2.36163,28.5001
144245.39,3.5224,1.50042,1564723020.0,4,19,26.7297,5254,1684.87002,0.701983,2.40564,28.5001
144275.39,3.5247,1.50027,1564723080.0,4,19,26.7297,5255,1714.87002,0.714483,2.44968,28.5001
144305.39,3.5274,1.49981,1564723080.0,4,19,26.7131,5256,1744.87002,0.726982,2.49376,28.5502
144335.39,3.5299,1.50011,1564723140.0,4,19,26.6633,5257,1774.87002,0.739481,2.53786,28.5335
144365.39,3.5326,1.50011,1564723140.0,4,19,26.7463,5258,1804.87002,0.75198,2.582,28.5168
144395.39,3.5349,1.50011,1564723200.0,4,19,26.7131,5259,1834.87002,0.764479,2.62617,28.5502
144425.39,3.5378,1.50027,1564723200.0,4,19,26.6965,5260,1864.87002,0.776979,2.67037,28.5502
144455.39,3.5406,1.50042,1564723260.0,4,19,26.7297,5261,1894.87002,0.789478,2.71461,28.5168
144485.39,3.5435,1.49996,1564723260.0,4,19,26.7297,5262,1924.87002,0.801977,2.75888,28.4835
144515.39,3.546,1.4995,1564723320.0,4,19,26.7463,5263,1954.87002,0.814476,2.80319,28.5001
144545.39,3.5492,1.49996,1564723320.0,4,19,26.7463,5264,1984.87002,0.826975,2.84754,28.5001
144575.39,3.5521,1.49981,1564723380.0,4,19,26.7463,5265,2014.87002,0.839475,2.89192,28.5001
144605.39,3.5552,1.49981,1564723380.0,4,19,26.7297,5266,2044.87002,0.851974,2.93634,28.5001
144635.39,3.5581,1.49966,1564723440.0,4,19,26.7463,5267,2074.87002,0.864473,2.98079,28.4835
144665.39,3.5613,1.50011,1564723440.0,4,19,26.7463,5268,2104.87002,0.876972,3.02529,28.4835
144695.39,3.564,1.50011,1564723500.0,4,19,26.7131,5269,2134.87002,0.889471,3.06982,28.4668
144725.39,3.5673,1.49996,1564723500.0,4,19,26.7463,5270,2164.87002,0.901971,3.11439,28.4668
144755.39,3.5702,1.49966,1564723560.0,4,19,26.7297,5271,2194.87002,0.91447,3.159,28.4835
144785.39,3.5731,1.49996,1564723560.0,4,19,26.7463,5272,2224.87002,0.926969,3.20364,28.4668
144815.39,3.576,1.49935,1564723620.0,4,19,26.7297,5273,2254.87002,0.939468,3.24832,28.4501
144845.39,3.5789,1.49966,1564723620.0,4,19,26.7297,5274,2284.87002,0.951968,3.29303,28.4668
144875.39,3.5816,1.49935,1564723680.0,4,19,26.6965,5275,2314.87002,0.964467,3.33778,28.4501
144905.39,3.5845,1.50011,1564723680.0,4,19,26.6965,5276,2344.87002,0.976966,3.38257,28.4334
144935.39,3.5874,1.4995,1564723740.0,4,19,26.6965,5277,2374.87002,0.989465,3.42739,28.5168
144965.39,3.59,1.49996,1564723740.0,4,19,26.6965,5278,2404.87002,1.00196,3.47225,28.5168
144995.39,3.5929,1.49981,1564723800.0,4,19,26.6799,5279,2434.87002,1.01446,3.51714,28.4835
145025.39,3.5958,1.49966,1564723800.0,4,19,26.7629,5280,2464.87002,1.02696,3.56206,28.4835
145055.39,3.5985,1.49981,1564723860.0,4,19,26.6799,5281,2494.87002,1.03946,3.60703,28.4835
145085.39,3.6011,1.50027,1564723860.0,4,19,26.7131,5282,2524.87002,1.05196,3.65202,28.5001
145115.39,3.604,1.49966,1564723920.0,4,19,26.7131,5283,2554.87002,1.06446,3.69705,28.5168
145145.39,3.6065,1.49996,1564723920.0,4,19,26.6965,5284,2584.87002,1.07696,3.74212,28.5001
145175.39,3.6092,1.49981,1564723980.0,4,19,26.7297,5285,2614.87002,1.08946,3.78721,28.5168
145205.39,3.612,1.49996,1564723980.0,4,19,26.7463,5286,2644.87002,1.10196,3.83235,28.4835
145235.39,3.6144,1.49981,1564724040.0,4,19,26.7131,5287,2674.87002,1.11446,3.87751,28.4334
145265.39,3.6173,1.49981,1564724040.0,4,19,26.7131,5288,2704.87002,1.12696,3.92271,28.5168
145295.39,3.6194,1.50042,1564724100.0,4,19,26.7131,5289,2734.87002,1.13946,3.96793,28.5001
145325.39,3.6217,1.50027,1564724100.0,4,19,26.6965,5290,2764.87002,1.15195,4.01318,28.5001
145355.39,3.6239,1.49981,1564724160.0,4,19,26.7131,5291,2794.87002,1.16445,4.05847,28.5001
145385.39,3.626,1.49981,1564724160.0,4,19,26.6799,5292,2824.87002,1.17695,4.10378,28.4501
145415.39,3.6281,1.49981,1564724220.0,4,19,26.7463,5293,2854.87002,1.18945,4.14911,28.4501
145445.39,3.6301,1.50011,1564724220.0,4,19,26.7463,5294,2884.87002,1.20195,4.19448,28.4501
145475.39,3.6323,1.49996,1564724280.0,4,19,26.7463,5295,2914.87002,1.21445,4.23987,28.4668
145505.39,3.6342,1.50027,1564724280.0,4,19,26.6965,5296,2944.87002,1.22695,4.28528,28.4668
145535.39,3.6362,1.49996,1564724340.0,4,19,26.7131,5297,2974.87002,1.23945,4.33072,28.5001
145565.39,3.6381,1.49996,1564724340.0,4,19,26.7297,5298,3004.87002,1.25195,4.37618,28.4501
145595.39,3.6396,1.4995,1564724400.0,4,19,26.7463,5299,3034.87002,1.26445,4.42167,28.4668
145625.39,3.6416,1.49966,1564724400.0,4,19,26.7131,5300,3064.87002,1.27695,4.46717,28.4835
145655.39,3.6434,1.4995,1564724460.0,4,19,26.7131,5301,3094.87002,1.28945,4.5127,28.4835
145685.39,3.6448,1.49981,1564724460.0,4,19,26.7297,5302,3124.87002,1.30195,4.55825,28.4835
145715.39,3.6464,1.50027,1564724520.0,4,19,26.7463,5303,3154.87002,1.31444,4.60382,28.4835
145745.39,3.6478,1.49966,1564724520.0,4,19,26.7297,5304,3184.87002,1.32694,4.64941,28.4334
145775.39,3.6493,1.50027,1564724580.0,4,19,26.7297,5305,3214.87002,1.33944,4.69501,28.4501
145805.39,3.651,1.49966,1564724580.0,4,19,26.7463,5306,3244.87002,1.35194,4.74064,28.4334
145835.39,3.6526,1.49996,1564724640.0,4,19,26.7463,5307,3274.87002,1.36444,4.78628,28.4668
145865.39,3.6541,1.50027,1564724640.0,4,19,26.7463,5308,3304.87002,1.37694,4.83195,28.5001
145895.39,3.6555,1.49966,1564724700.0,4,19,26.7629,5309,3334.87002,1.38944,4.87763,28.4668
145925.39,3.657,1.49996,1564724700.0,4,19,26.7629,5310,3364.87002,1.40194,4.92333,28.4668
145955.39,3.6585,1.50011,1564724760.0,4,19,26.7629,5311,3394.87002,1.41444,4.96905,28.5168
145985.39,3.6594,1.49966,1564724760.0,4,19,26.7629,5312,3424.87002,1.42694,5.01478,28.4835
146015.39,3.6611,1.49935,1564724820.0,4,19,26.7629,5313,3454.87002,1.43944,5.06054,28.4835
146045.39,3.6626,1.49966,1564724820.0,4,19,26.7629,5314,3484.87002,1.45194,5.10631,28.4835
146075.39,3.664,1.49996,1564724880.0,4,19,26.7629,5315,3514.87002,1.46443,5.1521,28.5001
146105.39,3.6654,1.49996,1564724880.0,4,19,26.7795,5316,3544.87002,1.47693,5.1979,28.5001
146135.39,3.6667,1.49996,1564724940.0,4,19,26.7629,5317,3574.87002,1.48943,5.24373,28.5168
146165.39,3.6684,1.50011,1564724940.0,4,19,26.7629,5318,3604.87002,1.50193,5.28957,28.5001
146195.39,3.6698,1.49981,1564725000.0,4,19,26.7297,5319,3634.87002,1.51443,5.33543,28.5335
146225.39,3.671,1.49996,1564725000.0,4,19,26.7131,5320,3664.87002,1.52693,5.38131,28.5335
146255.39,3.6727,1.50027,1564725060.0,4,19,26.7463,5321,3694.87002,1.53943,5.42721,28.5335
146285.39,3.6742,1.49996,1564725060.0,4,19,26.7297,5322,3724.87002,1.55193,5.47313,28.5168
146315.39,3.6754,1.4995,1564725120.0,4,19,26.7463,5323,3754.87002,1.56443,5.51906,28.5502
146345.39,3.677,1.50011,1564725120.0,4,19,26.7463,5324,3784.87002,1.57693,5.56501,28.5668
146375.39,3.6786,1.50011,1564725180.0,4,19,26.6965,5325,3814.87002,1.58943,5.61098,28.5502
146405.39,3.6799,1.50027,1564725180.0,4,19,26.7463,5326,3844.87002,1.60193,5.65697,28.5835
146435.39,3.6812,1.49996,1564725240.0,4,19,26.7297,5327,3874.87002,1.61443,5.70297,28.5335
146465.39,3.6828,1.49996,1564725240.0,4,19,26.7131,5328,3904.87002,1.62692,5.749,28.6336
146495.39,3.6844,1.49981,1564725300.0,4,19,26.6799,5329,3934.87002,1.63942,5.79504,28.6169
146525.39,3.6858,1.50027,1564725300.0,4,19,26.7629,5330,3964.87002,1.65192,5.8411,28.6336
146555.39,3.6873,1.49966,1564725360.0,4,19,26.7463,5331,3994.87002,1.66442,5.88718,28.6336
146585.39,3.6889,1.49981,1564725360.0,4,19,26.7463,5332,4024.87002,1.67692,5.93328,28.6336
146615.39,3.6902,1.49966,1564725420.0,4,19,26.7629,5333,4054.87002,1.68942,5.9794,28.6669
146645.39,3.6918,1.49981,1564725420.0,4,19,26.7795,5334,4084.87002,1.70192,6.02554,28.6669
146675.39,3.6934,1.50011,1564725480.0,4,19,26.7463,5335,4114.87002,1.71442,6.07169,28.6336
146705.39,3.695,1.49996,1564725480.0,4,19,26.7463,5336,4144.87002,1.72692,6.11786,28.6502
146735.39,3.6963,1.50027,1564725540.0,4,19,26.7629,5337,4174.87002,1.73942,6.16406,28.7003
146765.39,3.698,1.49981,1564725540.0,4,19,26.7795,5338,4204.87002,1.75192,6.21027,28.717
146795.39,3.6995,1.49996,1564725600.0,4,19,26.7463,5339,4234.87002,1.76442,6.2565,28.717
146825.39,3.7011,1.50011,1564725600.0,4,19,26.7131,5340,4264.87002,1.77692,6.30275,28.7503
146855.39,3.7026,1.49996,1564725660.0,4,19,26.7297,5341,4294.87002,1.78941,6.34902,28.7503
146885.39,3.7041,1.4995,1564725660.0,4,19,26.7297,5342,4324.87002,1.80191,6.39531,28.7837
146915.39,3.7058,1.50011,1564725720.0,4,19,26.7297,5343,4354.87002,1.81441,6.44162,28.817
146945.39,3.7075,1.49981,1564725720.0,4,19,26.7463,5344,4384.87002,1.82691,6.48795,28.817
146975.39,3.7087,1.49966,1564725780.0,4,19,26.7629,5345,4414.87002,1.83941,6.5343,28.8504
147005.39,3.7102,1.49996,1564725780.0,4,19,26.7795,5346,4444.87002,1.85191,6.58067,28.8337
147035.39,3.7122,1.49996,1564725840.0,4,19,26.7629,5347,4474.87002,1.86441,6.62706,28.8504
147065.39,3.7137,1.50011,1564725840.0,4,19,26.7463,5348,4504.87002,1.87691,6.67347,28.8671
147095.39,3.7153,1.49966,1564725900.0,4,19,26.7629,5349,4534.87002,1.88941,6.7199,28.9004
147125.39,3.7173,1.49935,1564725900.0,4,19,26.7297,5350,4564.87002,1.90191,6.76635,28.9004
147155.39,3.7186,1.50042,1564725960.0,4,19,26.7463,5351,4594.87002,1.91441,6.81282,28.9171
147185.39,3.7203,1.49981,1564725960.0,4,19,26.7463,5352,4624.87002,1.92691,6.85931,28.9171
147215.39,3.7221,1.49996,1564726020.0,4,19,26.7463,5353,4654.87002,1.9394,6.90582,28.9338
147245.39,3.7238,1.49996,1564726020.0,4,19,26.7795,5354,4684.87002,1.9519,6.95235,28.9671
147275.39,3.7253,1.50011,1564726080.0,4,19,26.7297,5355,4714.87002,1.9644,6.99891,28.9505
147305.39,3.7269,1.49966,1564726080.0,4,19,26.7961,5356,4744.87002,1.9769,7.04548,28.9671
147335.39,3.7288,1.49996,1564726140.0,4,19,26.7961,5357,4774.87002,1.9894,7.09208,28.9505
147365.39,3.7305,1.49981,1564726140.0,4,19,26.7795,5358,4804.87002,2.0019,7.1387,28.9671
147395.39,3.7321,1.49981,1564726200.0,4,19,26.7961,5359,4834.87002,2.0144,7.18534,29.0005
147425.39,3.7342,1.50027,1564726200.0,4,19,26.7795,5360,4864.87002,2.0269,7.232,29.0005
147455.39,3.7357,1.49996,1564726260.0,4,19,26.7795,5361,4894.87002,2.0394,7.27869,29.0839
147485.39,3.7375,1.49966,1564726260.0,4,19,26.7629,5362,4924.87002,2.0519,7.32539,29.0839
147515.39,3.7392,1.49996,1564726320.0,4,19,26.8459,5363,4954.87002,2.0644,7.37212,29.0839
147545.39,3.7412,1.49981,1564726320.0,4,19,26.7795,5364,4984.87002,2.0769,7.41888,29.1006
147575.39,3.743,1.4995,1564726380.0,4,19,26.7795,5365,5014.87002,2.0894,7.46565,29.1339
147605.39,3.745,1.49981,1564726380.0,4,19,26.7795,5366,5044.87002,2.10189,7.51245,29.1339
147635.39,3.7467,1.49996,1564726440.0,4,19,26.7795,5367,5074.87002,2.11439,7.55927,29.1673
147665.39,3.7487,1.50011,1564726440.0,4,19,26.7795,5368,5104.87002,2.12689,7.60612,29.1673
147695.39,3.7505,1.49981,1564726500.0,4,19,26.8127,5369,5134.87002,2.13939,7.65298,29.184
147725.39,3.7525,1.49996,1564726500.0,4,19,26.7795,5370,5164.87002,2.15189,7.69988,29.2173
147755.39,3.7543,1.4995,1564726560.0,4,19,26.8459,5371,5194.87002,2.16439,7.74679,29.2007
147785.39,3.7565,1.49966,1564726560.0,4,19,26.8459,5372,5224.87002,2.17689,7.79373,29.2007
147815.39,3.7583,1.49981,1564726620.0,4,19,26.8625,5373,5254.87002,2.18939,7.8407,29.234
147845.39,3.7604,1.49981,1564726620.0,4,19,26.8459,5374,5284.87002,2.20189,7.88769,29.234
147875.39,3.7623,1.49996,1564726680.0,4,19,26.7961,5375,5314.87002,2.21439,7.9347,29.234
147905.39,3.7644,1.49996,1564726680.0,4,19,26.8127,5376,5344.87002,2.22689,7.98174,29.3341
147935.39,3.7664,1.49996,1564726740.0,4,19,26.8127,5377,5374.87002,2.23939,8.02881,29.3508
147965.39,3.7687,1.50027,1564726740.0,4,19,26.7795,5378,5404.87002,2.25188,8.0759,29.3341
147995.39,3.7707,1.50042,1564726800.0,4,19,26.8625,5379,5434.87002,2.26438,8.12302,29.284
148025.39,3.7728,1.50011,1564726800.0,4,19,26.8625,5380,5464.87002,2.27688,8.17016,29.3841
148055.39,3.7749,1.49981,1564726860.0,4,19,26.8459,5381,5494.87002,2.28938,8.21733,29.3508
148085.39,3.7772,1.49966,1564726860.0,4,19,26.8127,5382,5524.87002,2.30188,8.26453,29.4175
148115.39,3.7792,1.50011,1564726920.0,4,19,26.8625,5383,5554.87002,2.31438,8.31176,29.3841
148145.39,3.7815,1.49981,1564726920.0,4,19,26.8625,5384,5584.87002,2.32688,8.35901,29.4008
148175.39,3.7835,1.50027,1564726980.0,4,19,26.8459,5385,5614.87002,2.33938,8.40629,29.4508
148205.39,3.7858,1.49981,1564726980.0,4,19,26.8625,5386,5644.87002,2.35188,8.45359,29.4342
148235.39,3.7879,1.50011,1564727040.0,4,19,26.8791,5387,5674.87002,2.36438,8.50093,29.4175
148265.39,3.7902,1.49966,1564727040.0,4,19,26.8791,5388,5704.87002,2.37688,8.54829,29.4508
148295.39,3.7926,1.4995,1564727100.0,4,19,26.8791,5389,5734.87002,2.38938,8.59568,29.4842
148325.39,3.7948,1.49935,1564727100.0,4,19,26.8957,5390,5764.87002,2.40188,8.64309,29.5009
148355.39,3.7972,1.50011,1564727160.0,4,19,26.8459,5391,5794.87002,2.41437,8.69054,29.5342
148385.39,3.7995,1.49981,1564727160.0,4,19,26.8459,5392,5824.87002,2.42687,8.73802,29.5342
148415.39,3.8019,1.49996,1564727220.0,4,19,26.8791,5393,5854.87002,2.43937,8.78552,29.4842
148445.39,3.8042,1.49981,1564727220.0,4,19,26.8791,5394,5884.87002,2.45187,8.83306,29.5176
148475.39,3.8064,1.49966,1564727280.0,4,19,26.8791,5395,5914.87002,2.46437,8.88062,29.5176
148505.39,3.809,1.4995,1564727280.0,4,19,26.8957,5396,5944.87002,2.47687,8.92822,29.5342
148535.39,3.8114,1.49996,1564727340.0,4,19,26.8791,5397,5974.87002,2.48937,8.97584,29.5509
148565.39,3.814,1.49996,1564727340.0,4,19,26.8957,5398,6004.87002,2.50187,9.0235,29.5509
148595.39,3.8161,1.49996,1564727400.0,4,19,26.8957,5399,6034.87002,2.51437,9.07119,29.5676
148625.39,3.8189,1.4995,1564727400.0,4,19,26.8625,5400,6064.87002,2.52687,9.11891,29.5176
148655.39,3.8213,1.49966,1564727460.0,4,19,26.9123,5401,6094.87002,2.53937,9.16665,29.5676
148685.39,3.8238,1.49935,1564727460.0,4,19,26.8957,5402,6124.87002,2.55187,9.21443,29.5676
148715.39,3.8264,1.49966,1564727520.0,4,19,26.8957,5403,6154.87002,2.56436,9.26225,29.5843
148745.39,3.8289,1.49981,1564727520.0,4,19,26.8459,5404,6184.87002,2.57686,9.31009,29.601
148775.39,3.8317,1.49966,1564727580.0,4,19,26.8625,5405,6214.87002,2.58936,9.35797,29.6343
148805.39,3.8343,1.4995,1564727580.0,4,19,26.8625,5406,6244.87002,2.60186,9.40588,29.5843
148835.39,3.8369,1.50027,1564727640.0,4,19,26.8791,5407,6274.87002,2.61436,9.45382,29.651
148865.39,3.8392,1.49981,1564727640.0,4,19,26.8625,5408,6304.87002,2.62686,9.50179,29.601
148895.39,3.8419,1.49981,1564727700.0,4,19,26.8459,5409,6334.87002,2.63936,9.5498,29.5843
148925.39,3.8444,1.49981,1564727700.0,4,19,26.9123,5410,6364.87002,2.65186,9.59784,29.6176
148955.39,3.8471,1.50011,1564727760.0,4,19,26.8791,5411,6394.87002,2.66436,9.64591,29.6176
148985.39,3.8499,1.49996,1564727760.0,4,19,26.8791,5412,6424.87002,2.67686,9.69401,29.6176
149015.39,3.8526,1.49981,1564727820.0,4,19,26.8791,5413,6454.87002,2.68936,9.74215,29.6176
149045.39,3.8552,1.49981,1564727820.0,4,19,26.8459,5414,6484.87002,2.70186,9.79032,29.5676
149075.39,3.8578,1.49996,1564727880.0,4,19,26.8293,5415,6514.87002,2.71436,9.83853,29.5843
149105.39,3.8602,1.49996,1564727880.0,4,19,26.8293,5416,6544.87002,2.72685,9.88676,29.5509
149135.39,3.863,1.4995,1564727940.0,4,19,26.8127,5417,6574.87002,2.73935,9.93503,29.5509
149165.39,3.8659,1.50011,1564727940.0,4,19,26.8791,5418,6604.87002,2.75185,9.98334,29.6176
149195.39,3.8683,1.49981,1564728000.0,4,19,26.8957,5419,6634.87002,2.76435,10.0317,29.651
149225.39,3.8709,1.50011,1564728000.0,4,19,26.8293,5420,6664.87002,2.77685,10.08,29.651
149255.39,3.8738,1.49966,1564728060.0,4,19,26.8127,5421,6694.87002,2.78935,10.1284,29.6176
149285.39,3.8766,1.49981,1564728060.0,4,19,26.8127,5422,6724.87002,2.80185,10.1769,29.651
149315.39,3.879,1.4995,1564728120.0,4,19,26.8293,5423,6754.87002,2.81435,10.2253,29.5509
149345.39,3.8816,1.49966,1564728120.0,4,19,26.8625,5424,6784.87002,2.82685,10.2738,29.6176
149375.39,3.8843,1.49996,1564728180.0,4,19,26.8957,5425,6814.87002,2.83935,10.3224,29.601
149405.39,3.8869,1.50011,1564728180.0,4,19,26.8127,5426,6844.87002,2.85185,10.3709,29.6343
149435.39,3.8895,1.50027,1564728240.0,4,19,26.8791,5427,6874.87002,2.86435,10.4195,29.5843
149465.39,3.892,1.49981,1564728240.0,4,19,26.8957,5428,6904.87002,2.87685,10.4682,29.5843
149495.39,3.8946,1.50011,1564728300.0,4,19,26.8791,5429,6934.87002,2.88934,10.5168,29.5676
149525.39,3.897,1.50011,1564728300.0,4,19,26.8791,5430,6964.87002,2.90184,10.5655,29.5676
149555.39,3.8997,1.49981,1564728360.0,4,19,26.8791,5431,6994.87002,2.91434,10.6143,29.5676
149585.39,3.9023,1.50027,1564728360.0,4,19,26.8625,5432,7024.87002,2.92684,10.663,29.5676
149615.39,3.9048,1.49981,1564728420.0,4,19,26.8791,5433,7054.87002,2.93934,10.7118,29.601
149645.39,3.9074,1.50027,1564728420.0,4,19,26.7961,5434,7084.87002,2.95184,10.7606,29.5509
149675.39,3.9098,1.50027,1564728480.0,4,19,26.8625,5435,7114.87002,2.96434,10.8095,29.5342
149705.39,3.9126,1.49981,1564728480.0,4,19,26.8459,5436,7144.87002,2.97684,10.8584,29.4842
149735.39,3.9152,1.49996,1564728540.0,4,19,26.8459,5437,7174.87002,2.98934,10.9073,29.4842
149765.39,3.9176,1.49981,1564728540.0,4,19,26.8293,5438,7204.87002,3.00184,10.9563,29.4675
149795.39,3.9199,1.49996,1564728600.0,4,19,26.8293,5439,7234.87002,3.01434,11.0052,29.4508
149825.39,3.9223,1.49996,1564728600.0,4,19,26.8127,5440,7264.87002,3.02684,11.0543,29.4675
149855.39,3.9248,1.49996,1564728660.0,4,19,26.8293,5441,7294.87002,3.03933,11.1033,29.4508
149885.39,3.9274,1.50011,1564728660.0,4,19,26.8459,5442,7324.87002,3.05183,11.1524,29.4342
149915.39,3.9297,1.49981,1564728720.0,4,19,26.8459,5443,7354.87002,3.06433,11.2015,29.4175
149945.39,3.9323,1.50011,1564728720.0,4,19,26.8459,5444,7384.87002,3.07683,11.2506,29.4008
149975.39,3.9347,1.49996,1564728780.0,4,19,26.8625,5445,7414.87002,3.08933,11.2998,29.4175
150005.39,3.9371,1.4995,1564728780.0,4,19,26.8459,5446,7444.87002,3.10183,11.349,29.3841
150035.39,3.9396,1.49996,1564728840.0,4,19,26.8127,5447,7474.87002,3.11433,11.3982,29.3674
150065.39,3.9417,1.50011,1564728840.0,4,19,26.7961,5448,7504.87002,3.12683,11.4475,29.4342
150095.39,3.9443,1.49966,1564728900.0,4,19,26.8127,5449,7534.87002,3.13933,11.4967,29.3674
150125.39,3.9466,1.50011,1564728900.0,4,19,26.8293,5450,7564.87002,3.15183,11.5461,29.3341
150155.39,3.949,1.4995,1564728960.0,4,19,26.8127,5451,7594.87002,3.16433,11.5954,29.3341
150185.39,3.9512,1.50027,1564728960.0,4,19,26.7961,5452,7624.87002,3.17683,11.6448,29.3508
150215.39,3.9536,1.49996,1564729020.0,4,19,26.8293,5453,7654.87002,3.18933,11.6942,29.3674
150245.39,3.9559,1.49981,1564729020.0,4,19,26.8127,5454,7684.87002,3.20182,11.7436,29.2674
150275.39,3.9582,1.50011,1564729080.0,4,19,26.8459,5455,7714.87002,3.21432,11.7931,29.234
150305.39,3.9605,1.49966,1564729080.0,4,19,26.8625,5456,7744.87002,3.22682,11.8426,29.2674
150335.39,3.9628,1.49981,1564729140.0,4,19,26.8459,5457,7774.87002,3.23932,11.8921,29.2507
150365.39,3.9649,1.49981,1564729140.0,4,19,26.8625,5458,7804.87002,3.25182,11.9416,29.2507
150395.39,3.9673,1.4995,1564729200.0,4,19,26.8127,5459,7834.87002,3.26432,11.9912,29.2173
150425.39,3.9696,1.49935,1564729200.0,4,19,26.7961,5460,7864.87002,3.27682,12.0408,29.2173
150455.39,3.9718,1.49996,1564729260.0,4,19,26.7795,5461,7894.87002,3.28932,12.0904,29.184
150485.39,3.9741,1.49981,1564729260.0,4,19,26.7795,5462,7924.87002,3.30182,12.1401,29.2674
150515.39,3.9763,1.50027,1564729320.0,4,19,26.8127,5463,7954.87002,3.31432,12.1898,29.1673
150545.39,3.9786,1.50011,1564729320.0,4,19,26.8127,5464,7984.87002,3.32682,12.2395,29.1506
150575.39,3.9809,1.50011,1564729380.0,4,19,26.7961,5465,8014.87002,3.33932,12.2892,29.234
150605.39,3.9831,1.49981,1564729380.0,4,19,26.7961,5466,8044.87002,3.35181,12.339,29.184
150635.39,3.9854,1.49966,1564729440.0,4,19,26.8127,5467,8074.87002,3.36431,12.3888,29.1506
150665.39,3.9873,1.49981,1564729440.0,4,19,26.8127,5468,8104.87002,3.37681,12.4386,29.1339
150695.39,3.9899,1.49981,1564729500.0,4,19,26.8127,5469,8134.87002,3.38931,12.4885,29.1339
150725.39,3.9921,1.49981,1564729500.0,4,19,26.8127,5470,8164.87002,3.40181,12.5384,29.1506
150755.39,3.9947,1.49966,1564729560.0,4,19,26.8127,5471,8194.87002,3.41431,12.5883,29.1339
150785.39,3.9966,1.50042,1564729560.0,4,19,26.8459,5472,8224.87002,3.42681,12.6382,29.1339
150815.39,3.9989,1.49996,1564729620.0,4,19,26.8127,5473,8254.87002,3.43931,12.6882,29.1173
150845.39,4.0014,1.49966,1564729620.0,4,19,26.7961,5474,8284.87002,3.45181,12.7382,29.1173
150875.39,4.0037,1.49966,1564729680.0,4,19,26.8127,5475,8314.87002,3.46431,12.7882,29.1339
150905.39,4.0061,1.50011,1564729680.0,4,19,26.8459,5476,8344.87002,3.47681,12.8383,29.1339
150935.39,4.0085,1.49996,1564729740.0,4,19,26.8127,5477,8374.87002,3.48931,12.8884,29.1506
150965.39,4.0107,1.50042,1564729740.0,4,19,26.7961,5478,8404.87002,3.50181,12.9385,29.1506
150995.39,4.0133,1.50011,1564729800.0,4,19,26.7961,5479,8434.87002,3.5143,12.9887,29.1339
151025.39,4.0157,1.4995,1564729800.0,4,19,26.8459,5480,8464.87002,3.5268,13.0388,29.0839
151055.39,4.0182,1.50011,1564729860.0,4,19,26.8459,5481,8494.87002,3.5393,13.089,29.0672
151085.39,4.0204,1.50011,1564729860.0,4,19,26.8459,5482,8524.87002,3.5518,13.1393,29.0672
151115.39,4.023,1.49996,1564729920.0,4,19,26.8459,5483,8554.87002,3.5643,13.1896,29.0839
151145.39,4.0256,1.49966,1564729920.0,4,19,26.8293,5484,8584.87002,3.5768,13.2399,29.1006
151175.39,4.0282,1.4992,1564729980.0,4,19,26.7961,5485,8614.87002,3.5893,13.2902,29.0505
151205.39,4.031,1.49981,1564729980.0,4,19,26.8625,5486,8644.87002,3.6018,13.3406,29.0672
151235.39,4.0336,1.50011,1564730040.0,4,19,26.8625,5487,8674.87002,3.6143,13.391,29.0839
151265.39,4.0362,1.50011,1564730040.0,4,19,26.8791,5488,8704.87002,3.6268,13.4414,29.0839
151295.39,4.0388,1.4995,1564730100.0,4,19,26.7795,5489,8734.87002,3.6393,13.4919,29.1173
151325.39,4.0415,1.49981,1564730100.0,4,19,26.7795,5490,8764.87002,3.6518,13.5424,29.0839
151355.39,4.0443,1.49996,1564730160.0,4,19,26.8625,5491,8794.87002,3.66429,13.5929,29.1006
151385.39,4.0468,1.49981,1564730160.0,4,19,26.8625,5492,8824.87002,3.67679,13.6435,29.1006
151415.39,4.0497,1.49966,1564730220.0,4,19,26.7795,5493,8854.87002,3.68929,13.6941,29.1006
151445.39,4.0526,1.49996,1564730220.0,4,19,26.7629,5494,8884.87002,3.70179,13.7447,29.1006
151475.39,4.0555,1.50042,1564730280.0,4,19,26.7795,5495,8914.87002,3.71429,13.7954,29.0839
151505.39,4.0584,1.49996,1564730280.0,4,19,26.7795,5496,8944.87002,3.72679,13.8461,29.1006
151535.39,4.0613,1.49996,1564730340.0,4,19,26.7629,5497,8974.87002,3.73929,13.8968,29.0839
151565.39,4.0641,1.50011,1564730340.0,4,19,26.8625,5498,9004.87002,3.75179,13.9476,29.0505
151595.39,4.0674,1.49966,1564730400.0,4,19,26.8293,5499,9034.87002,3.76429,13.9984,29.0339
151625.39,4.0703,1.50011,1564730400.0,4,19,26.7961,5500,9064.87002,3.77679,14.0493,29.0172
151655.39,4.0731,1.50027,1564730460.0,4,19,26.8293,5501,9094.87002,3.78929,14.1002,29.0839
151685.39,4.0763,1.49996,1564730460.0,4,19,26.8459,5502,9124.87002,3.80179,14.1511,29.0672
151715.39,4.0793,1.49966,1564730520.0,4,19,26.8293,5503,9154.87002,3.81429,14.2021,29.0839
151745.39,4.0824,1.49996,1564730520.0,4,19,26.8459,5504,9184.87002,3.82678,14.2531,29.0839
151775.39,4.0856,1.49966,1564730580.0,4,19,26.8459,5505,9214.87002,3.83928,14.3041,29.0839
151805.39,4.0887,1.49981,1564730580.0,4,19,26.8459,5506,9244.87002,3.85178,14.3552,29.0505
151835.39,4.0919,1.50042,1564730640.0,4,19,26.8293,5507,9274.87002,3.86428,14.4063,29.0839
151865.39,4.0951,1.49981,1564730640.0,4,19,26.8625,5508,9304.87002,3.87678,14.4575,29.1173
151895.39,4.098,1.50011,1564730700.0,4,19,26.8625,5509,9334.87002,3.88928,14.5087,29.1339
151925.39,4.1012,1.50011,1564730700.0,4,19,26.8625,5510,9364.87002,3.90178,14.5599,29.1173
151955.39,4.1041,1.50027,1564730760.0,4,19,26.7629,5511,9394.87002,3.91428,14.6112,29.1006
151985.39,4.1074,1.49996,1564730760.0,4,19,26.8459,5512,9424.87002,3.92678,14.6626,29.1006
152015.39,4.1105,1.50011,1564730820.0,4,19,26.7961,5513,9454.87002,3.93928,14.7139,29.0672
152045.39,4.1137,1.50042,1564730820.0,4,19,26.7795,5514,9484.87002,3.95178,14.7653,29.1006
152075.39,4.1167,1.50011,1564730880.0,4,19,26.7795,5515,9514.87002,3.96428,14.8167,29.1173
152105.39,4.1199,1.49981,1564730880.0,4,19,26.7629,5516,9544.87002,3.97678,14.8682,29.1006
152135.39,4.1227,1.49996,1564730940.0,4,19,26.7629,5517,9574.87002,3.98927,14.9197,29.1173
152165.39,4.1259,1.49996,1564730940.0,4,19,26.7629,5518,9604.87002,4.00177,14.9713,29.1173
152195.39,4.1288,1.50011,1564731000.0,4,19,26.7961,5519,9634.87002,4.01427,15.0229,29.1339
152225.39,4.1318,1.49996,1564731000.0,4,19,26.7795,5520,9664.87002,4.02677,15.0745,29.1173
152255.39,4.1349,1.49996,1564731060.0,4,19,26.7629,5521,9694.87002,4.03927,15.1262,29.1339
152285.39,4.1378,1.49966,1564731060.0,4,19,26.8127,5522,9724.87002,4.05177,15.1779,29.1173
152315.39,4.1404,1.49996,1564731120.0,4,19,26.7795,5523,9754.87002,4.06427,15.2296,29.1506
152345.39,4.1433,1.50027,1564731120.0,4,19,26.7629,5524,9784.87002,4.07677,15.2814,29.1506
152375.39,4.1462,1.50011,1564731180.0,4,19,26.7629,5525,9814.87002,4.08927,15.3332,29.1339
152405.39,4.1488,1.49981,1564731180.0,4,19,26.8293,5526,9844.87002,4.10177,15.385,29.1173
152435.39,4.1515,1.50011,1564731240.0,4,19,26.7961,5527,9874.87002,4.11427,15.4369,29.1173
152465.39,4.1541,1.50011,1564731240.0,4,19,26.7961,5528,9904.87002,4.12677,15.4888,29.1339
152495.39,4.1566,1.49981,1564731300.0,4,19,26.7961,5529,9934.87002,4.13926,15.5407,29.1173
152525.39,4.1588,1.49996,1564731300.0,4,19,26.7961,5530,9964.87002,4.15176,15.5927,29.1006
152555.39,4.1614,1.50011,1564731360.0,4,19,26.8127,5531,9994.87002,4.16426,15.6447,29.1173
152585.39,4.1637,1.50042,1564731360.0,4,19,26.8293,5532,10024.87002,4.17676,15.6967,29.1339
152615.39,4.1659,1.49966,1564731420.0,4,19,26.7629,5533,10054.87002,4.18926,15.7488,29.1673
152645.39,4.1678,1.49996,1564731420.0,4,19,26.7629,5534,10084.87002,4.20176,15.8009,29.1673
152675.39,4.1698,1.4995,1564731480.0,4,19,26.7795,5535,10114.87002,4.21426,15.853,29.1673
152705.39,4.172,1.49966,1564731480.0,4,19,26.7795,5536,10144.87002,4.22676,15.9051,29.1673
152735.39,4.1738,1.49981,1564731540.0,4,19,26.7961,5537,10174.87002,4.23926,15.9573,29.1506
152765.39,4.1756,1.50011,1564731540.0,4,19,26.7961,5538,10204.87002,4.25176,16.0095,29.1673
152795.39,4.177,1.49981,1564731600.0,4,19,26.7795,5539,10234.87002,4.26426,16.0617,29.1506
152825.39,4.1788,1.49996,1564731600.0,4,19,26.7961,5540,10264.87002,4.27676,16.1139,29.184
152855.39,4.1807,1.49966,1564731660.0,4,19,26.8127,5541,10294.87002,4.28926,16.1661,29.184
152885.39,4.182,1.49981,1564731660.0,4,19,26.7629,5542,10324.87002,4.30175,16.2184,29.184
152915.39,4.1833,1.49981,1564731720.0,4,19,26.7961,5543,10354.87002,4.31425,16.2707,29.184
152945.39,4.1849,1.49981,1564731720.0,4,19,26.7297,5544,10384.87002,4.32675,16.323,29.2173
152975.39,4.1865,1.49981,1564731780.0,4,19,26.7297,5545,10414.87002,4.33925,16.3753,29.2007
153005.39,4.1878,1.49996,1564731780.0,4,19,26.7297,5546,10444.87002,4.35175,16.4276,29.234
153035.39,4.1892,1.49996,1564731840.0,4,19,26.7463,5547,10474.87002,4.36425,16.48,29.234
153065.39,4.1904,1.49996,1564731840.0,4,19,26.7297,5548,10504.87002,4.37675,16.5324,29.2674
153095.39,4.1917,1.49996,1564731900.0,4,19,26.7297,5549,10534.87002,4.38925,16.5847,29.184
153125.39,4.1932,1.49981,1564731900.0,4,19,26.7297,5550,10564.87002,4.40175,16.6371,29.2674
153155.39,4.1947,1.50027,1564731960.0,4,19,26.7463,5551,10594.87002,4.41425,16.6896,29.3174
153185.39,4.1959,1.49981,1564731960.0,4,19,26.7297,5552,10624.87002,4.42675,16.742,29.284
153215.39,4.1975,1.50011,1564732020.0,4,19,26.7463,5553,10654.87002,4.43925,16.7945,29.2507
153245.39,4.1987,1.49966,1564732020.0,4,19,26.7297,5554,10684.87002,4.45175,16.8469,29.284
153266.67,4.2,1.49996,1564732080.0,4,19,26.7131,5555,10706.14998,4.46061,16.8842,29.284
153266.7,4.2028,1.60449,1564732080.0,4,20,26.7131,5556,0.03,4.46062,16.8842,29.284
153296.7,4.1999,1.46883,1564732080.0,4,20,26.7795,5557,30.03,4.47306,16.9364,29.284
153326.7,4.2002,1.43893,1564732140.0,4,20,26.7961,5558,60.03,4.48518,16.9873,29.3174
153356.7,4.1999,1.41451,1564732140.0,4,20,26.7131,5559,90.03,4.49707,17.0373,29.3007
153386.7,4.2,1.39025,1564732200.0,4,20,26.7297,5560,120.03,4.50875,17.0864,29.3174
153416.7,4.2002,1.36843,1564732200.0,4,20,26.7629,5561,150.03,4.52024,17.1346,29.3508
153446.7,4.2002,1.34569,1564732260.0,4,20,26.7629,5562,180.03,4.53154,17.1821,29.3341
153476.7,4.2,1.3228,1564732260.0,4,20,26.7795,5563,210.03,4.54266,17.2288,29.3508
153506.7,4.1999,1.29992,1564732320.0,4,20,26.7629,5564,240.03,4.55359,17.2747,29.3508
153536.7,4.2002,1.27871,1564732320.0,4,20,26.7463,5565,270.03,4.56433,17.3198,29.3174
153566.7,4.2,1.25612,1564732380.0,4,20,26.7629,5566,300.03,4.57489,17.3641,29.234
153596.7,4.2,1.23461,1564732380.0,4,20,26.7629,5567,330.03,4.58526,17.4077,29.2173
153626.7,4.2,1.21294,1564732440.0,4,20,26.7795,5568,360.03,4.59545,17.4505,29.284
153656.7,4.1999,1.18959,1564732440.0,4,20,26.8127,5569,390.03,4.60546,17.4925,29.234
153686.7,4.2,1.1667,1564732500.0,4,20,26.8127,5570,420.03,4.61528,17.5338,29.234
153716.7,4.2002,1.14397,1564732500.0,4,20,26.7961,5571,450.03,4.62491,17.5742,29.2507
153746.7,4.1999,1.12169,1564732560.0,4,20,26.7961,5572,480.03,4.63435,17.6139,29.1673
153776.7,4.1999,1.09941,1564732560.0,4,20,26.7795,5573,510.03,4.6436,17.6527,29.184
153806.7,4.1999,1.0753,1564732620.0,4,20,26.7795,5574,540.03,4.65266,17.6908,29.1506
153836.7,4.2,1.05287,1564732620.0,4,20,26.7795,5575,570.03,4.66153,17.728,29.1673
153866.7,4.2,1.02968,1564732680.0,4,20,26.7463,5576,600.03,4.67021,17.7645,29.1339
153896.7,4.2002,1.00633,1564732680.0,4,20,26.8459,5577,630.03,4.6787,17.8001,29.1173
153926.7,4.2,0.98497,1564732740.0,4,20,26.7795,5578,660.03,4.687,17.835,29.1506
153956.7,4.2002,0.963455,1564732740.0,4,20,26.7961,5579,690.03,4.69512,17.8691,29.0839
153986.7,4.2,0.93904,1564732800.0,4,20,26.7961,5580,720.03,4.70304,17.9024,29.0839
154016.7,4.2,0.916915,1564732800.0,4,20,26.7795,5581,750.03,4.71077,17.9349,29.0672
154046.7,4.2,0.893874,1564732860.0,4,20,26.7795,5582,780.03,4.71831,17.9665,29.0005
154076.7,4.1999,0.871595,1564732860.0,4,20,26.7961,5583,810.03,4.72567,17.9974,29.0005
154106.7,4.2,0.85069,1564732920.0,4,20,26.7795,5584,840.03,4.73284,18.0276,29.0005
154136.7,4.2,0.827802,1564732920.0,4,20,26.7629,5585,870.03,4.73983,18.0569,29.0005
154166.7,4.2002,0.806287,1564732980.0,4,20,26.7795,5586,900.03,4.74664,18.0855,28.9671
154196.7,4.2,0.784161,1564732980.0,4,20,26.7795,5587,930.03,4.75326,18.1133,28.9171
154226.7,4.2,0.762036,1564733040.0,4,20,26.7961,5588,960.03,4.7597,18.1404,28.8671
154256.7,4.1999,0.741283,1564733040.0,4,20,26.7795,5589,990.03,4.76596,18.1666,28.8671
154286.7,4.2002,0.718395,1564733100.0,4,20,26.7629,5590,1020.03,4.77204,18.1922,28.7837
154316.7,4.1999,0.699779,1564733100.0,4,20,26.7629,5591,1050.03,4.77795,18.217,28.7837
154346.7,4.2,0.678721,1564733160.0,4,20,26.7629,5592,1080.03,4.78368,18.2411,28.717
154376.7,4.1999,0.658427,1564733160.0,4,20,26.7795,5593,1110.03,4.78925,18.2645,28.717
154406.7,4.2,0.638437,1564733220.0,4,20,26.7795,5594,1140.03,4.79464,18.2871,28.7003
154436.7,4.1999,0.617227,1564733220.0,4,20,26.7795,5595,1170.03,4.79988,18.3091,28.6669
154466.7,4.2,0.600137,1564733280.0,4,20,26.7629,5596,1200.03,4.80494,18.3304,28.6169
154496.7,4.2002,0.579995,1564733280.0,4,20,26.7629,5597,1230.03,4.80986,18.351,28.6169
154526.7,4.2,0.561685,1564733340.0,4,20,26.7629,5598,1260.03,4.81461,18.371,28.5835
154556.7,4.2,0.542611,1564733340.0,4,20,26.7961,5599,1290.03,4.81921,18.3903,28.5502
154586.7,4.2,0.526131,1564733400.0,4,20,26.7961,5600,1320.03,4.82366,18.409,28.5335
154616.7,4.1999,0.50782,1564733400.0,4,20,26.7795,5601,1350.03,4.82797,18.4271,28.4835
154646.7,4.2,0.492256,1564733460.0,4,20,26.7795,5602,1380.03,4.83213,18.4446,28.4167
154676.7,4.2,0.475166,1564733460.0,4,20,26.7795,5603,1410.03,4.83616,18.4615,28.4167
154706.7,4.2,0.459754,1564733520.0,4,20,26.7795,5604,1440.03,4.84005,18.4778,28.3667
154736.7,4.2,0.443122,1564733520.0,4,20,26.7795,5605,1470.03,4.84381,18.4936,28.3667
154766.7,4.1999,0.427863,1564733580.0,4,20,26.7961,5606,1500.03,4.84744,18.5089,28.3333
154796.7,4.2,0.411688,1564733580.0,4,20,26.7795,5607,1530.03,4.85095,18.5236,28.2833
154826.7,4.2004,0.397803,1564733640.0,4,20,26.7795,5608,1560.03,4.85433,18.5378,28.2666
154856.7,4.2002,0.384527,1564733640.0,4,20,26.8127,5609,1590.03,4.8576,18.5515,28.3
154886.7,4.2,0.372778,1564733700.0,4,20,26.7463,5610,1620.03,4.86075,18.5648,28.2833
154916.7,4.2,0.358282,1564733700.0,4,20,26.7795,5611,1650.03,4.86379,18.5775,28.1999
154946.7,4.2002,0.34699,1564733760.0,4,20,26.7961,5612,1680.03,4.86672,18.5899,28.1832
154976.7,4.2,0.332799,1564733760.0,4,20,26.7629,5613,1710.03,4.86955,18.6017,28.1832
155006.7,4.2,0.321355,1564733820.0,4,20,26.7297,5614,1740.03,4.87228,18.6132,28.0998
155036.7,4.2,0.310369,1564733820.0,4,20,26.7795,5615,1770.03,4.87492,18.6243,28.0832
155066.7,4.2,0.299535,1564733880.0,4,20,26.7795,5616,1800.03,4.87746,18.635,28.0331
155096.7,4.2,0.288548,1564733880.0,4,20,26.7629,5617,1830.03,4.87991,18.6452,28.0665
155126.7,4.2002,0.278782,1564733940.0,4,20,26.7629,5618,1860.03,4.88227,18.6552,27.9831
155156.7,4.2002,0.268864,1564733940.0,4,20,26.7961,5619,1890.03,4.88455,18.6647,27.9831
155186.7,4.2002,0.258183,1564734000.0,4,20,26.7961,5620,1920.03,4.88675,18.674,27.9497
155216.7,4.2,0.249485,1564734000.0,4,20,26.7629,5621,1950.03,4.88886,18.6828,27.9497
155246.7,4.1999,0.240024,1564734060.0,4,20,26.7297,5622,1980.03,4.89091,18.6914,27.933
155276.7,4.1999,0.231785,1564734060.0,4,20,26.7463,5623,2010.03,4.89288,18.6997,27.9164
155306.7,4.2,0.223545,1564734120.0,4,20,26.7297,5624,2040.03,4.89478,18.7077,27.883
155336.7,4.1999,0.214847,1564734120.0,4,20,26.7297,5625,2070.03,4.89661,18.7154,27.8663
155366.7,4.1999,0.208286,1564734180.0,4,20,26.7463,5626,2100.03,4.89837,18.7228,27.8496
155396.7,4.2,0.200351,1564734180.0,4,20,26.7297,5627,2130.03,4.90007,18.7299,27.7996
155426.7,4.2002,0.1944,1564734240.0,4,20,26.7795,5628,2160.03,4.90171,18.7368,27.7663
155456.7,4.2,0.187381,1564734240.0,4,20,26.7297,5629,2190.03,4.9033,18.7435,27.6995
155486.7,4.2,0.180056,1564734300.0,4,20,26.7297,5630,2220.03,4.90483,18.7499,27.7496
155516.7,4.2,0.174105,1564734300.0,4,20,26.7463,5631,2250.03,4.90631,18.7561,27.6662
155546.7,4.2,0.167544,1564734360.0,4,20,26.7297,5632,2280.03,4.90774,18.7621,27.7162
155576.7,4.2,0.162814,1564734360.0,4,20,26.7297,5633,2310.03,4.90911,18.7679,27.6995
155606.7,4.2,0.155337,1564734420.0,4,20,26.6965,5634,2340.03,4.91044,18.7735,27.6495
155636.7,4.2,0.152895,1564734420.0,4,20,26.6965,5635,2370.03,4.91172,18.7789,27.6161
155666.7,4.1999,0.146334,1564734480.0,4,20,26.7463,5636,2400.03,4.91296,18.7841,27.5995
155696.7,4.1999,0.140536,1564734480.0,4,20,26.7131,5637,2430.03,4.91416,18.7891,27.5327
155726.7,4.1999,0.136263,1564734540.0,4,20,26.7131,5638,2460.03,4.91532,18.794,27.5161
155756.7,4.2,0.132143,1564734540.0,4,20,26.6965,5639,2490.03,4.91643,18.7986,27.4994
155786.7,4.1999,0.128023,1564734600.0,4,20,26.7629,5640,2520.03,4.91751,18.8032,27.5327
155816.7,4.1997,0.122225,1564734600.0,4,20,26.7629,5641,2550.03,4.91856,18.8076,27.5161
155846.7,4.1999,0.119326,1564734660.0,4,20,26.7463,5642,2580.03,4.91957,18.8118,27.4827
155876.7,4.2,0.114595,1564734660.0,4,20,26.7463,5643,2610.03,4.92055,18.8159,27.4827
155906.7,4.1999,0.111391,1564734720.0,4,20,26.7629,5644,2640.03,4.92149,18.8199,27.466
155936.7,4.2,0.108949,1564734720.0,4,20,26.7629,5645,2670.03,4.9224,18.8237,27.4494
155966.7,4.2,0.105745,1564734780.0,4,20,26.7629,5646,2700.03,4.92329,18.8274,27.4327
155996.7,4.1999,0.101625,1564734780.0,4,20,26.7795,5647,2730.03,4.92415,18.831,27.4327
156026.7,4.1999,0.0993362,1564734840.0,4,20,26.7297,5648,2760.03,4.92498,18.8345,27.3993
156056.7,4.2,0.0947585,1564734840.0,4,20,26.7629,5649,2790.03,4.92578,18.8379,27.3826
156086.7,4.2,0.0932326,1564734900.0,4,20,26.7629,5650,2820.03,4.92656,18.8412,27.366
156116.7,4.2002,0.0898756,1564734900.0,4,20,26.7131,5651,2850.03,4.92731,18.8443,27.366
156146.7,4.2,0.0862135,1564734960.0,4,20,26.6633,5652,2880.03,4.92804,18.8474,27.3326
156176.7,4.1999,0.0836194,1564734960.0,4,20,26.7463,5653,2910.03,4.92875,18.8504,27.3159
156206.7,4.2,0.0816358,1564735020.0,4,20,26.7463,5654,2940.03,4.92944,18.8533,27.3159
156236.7,4.2,0.0781262,1564735020.0,4,20,26.7629,5655,2970.03,4.93011,18.8561,27.3159
156266.7,4.1999,0.0782788,1564735080.0,4,20,26.7297,5656,3000.03,4.93077,18.8588,27.2992
156296.7,4.2,0.0761425,1564735080.0,4,20,26.7297,5657,3030.03,4.93141,18.8615,27.2659
156326.7,4.2,0.0732433,1564735140.0,4,20,26.7297,5658,3060.03,4.93202,18.8641,27.2492
156356.7,4.2,0.0703441,1564735140.0,4,20,26.7297,5659,3090.03,4.93262,18.8666,27.2158
156386.7,4.1999,0.0689708,1564735200.0,4,20,26.7131,5660,3120.03,4.9332,18.8691,27.1992
156416.7,4.2,0.0668345,1564735200.0,4,20,26.6965,5661,3150.03,4.93377,18.8715,27.2325
156446.7,4.2,0.0648508,1564735260.0,4,20,26.7131,5662,3180.03,4.93432,18.8738,27.2158
156476.7,4.1999,0.0630198,1564735260.0,4,20,26.6965,5663,3210.03,4.93485,18.876,27.1992
156506.7,4.1999,0.0602731,1564735320.0,4,20,26.6965,5664,3240.03,4.93537,18.8782,27.2158
156536.7,4.1999,0.0595102,1564735320.0,4,20,26.6799,5665,3270.03,4.93588,18.8803,27.1992
156566.7,4.2002,0.0576791,1564735380.0,4,20,26.6799,5666,3300.03,4.93637,18.8824,27.2158
156596.7,4.2,0.0569162,1564735380.0,4,20,26.6799,5667,3330.03,4.93684,18.8844,27.2158
156626.7,4.2,0.0546273,1564735440.0,4,20,26.7131,5668,3360.03,4.93731,18.8863,27.2158
156656.7,4.2,0.0534066,1564735440.0,4,20,26.6965,5669,3390.03,4.93776,18.8882,27.1158
156686.7,4.2,0.05066,1564735500.0,4,20,26.6965,5670,3420.03,4.9382,18.8901,27.0991
156691.23,4.2,0.049897,1564735500.0,4,20,26.6965,5671,3424.56,4.93827,18.8904,27.0991
156691.24,4.1988,0.0,1564735500.0,4,21,26.6965,5672,0.01002,0.0,0.0,27.0991
156721.24,4.1975,0.0,1564735500.0,4,21,26.6799,5673,30.01002,0.0,0.0,27.0991
156751.24,4.1973,0.0,1564735560.0,4,21,26.6799,5674,60.01002,0.0,0.0,27.1325
156781.24,4.1968,0.0,1564735560.0,4,21,26.6799,5675,90.01002,0.0,0.0,27.1491
156811.24,4.1964,0.0,1564735620.0,4,21,26.6965,5676,120.01002,0.0,0.0,27.0657
156841.24,4.1962,0.0,1564735620.0,4,21,26.6799,5677,150.01002,0.0,0.0,27.0657
156871.24,4.1961,0.0,1564735680.0,4,21,26.6799,5678,180.01002,0.0,0.0,27.0491
156901.24,4.1958,0.0,1564735680.0,4,21,26.6633,5679,210.01002,0.0,0.0,27.0824
156931.24,4.1955,0.0,1564735740.0,4,21,26.6965,5680,240.01002,0.0,0.0,27.0657
156961.24,4.1955,0.0,1564735740.0,4,21,26.6965,5681,270.01002,0.0,0.0,27.0657
156991.24,4.1953,0.0,1564735800.0,4,21,26.6965,5682,300.01002,0.0,0.0,27.0657
157021.24,4.1952,0.0,1564735800.0,4,21,26.6467,5683,330.01002,0.0,0.0,27.0657
157051.24,4.195,0.0,1564735860.0,4,21,26.6633,5684,360.01002,0.0,0.0,27.0657
157081.24,4.1947,0.0,1564735860.0,4,21,26.6633,5685,390.01002,0.0,0.0,27.0657
157111.24,4.1947,0.0,1564735920.0,4,21,26.6467,5686,420.01002,0.0,0.0,27.0324
157141.24,4.1947,0.0,1564735920.0,4,21,26.6965,5687,450.01002,0.0,0.0,27.0324
157171.24,4.1942,0.0,1564735980.0,4,21,26.7131,5688,480.01002,0.0,0.0,27.0324
157201.24,4.1939,0.0,1564735980.0,4,21,26.6965,5689,510.01002,0.0,0.0,27.0157
157231.24,4.1941,0.0,1564736040.0,4,21,26.6799,5690,540.01002,0.0,0.0,26.999
157261.24,4.1938,0.0,1564736040.0,4,21,26.6799,5691,570.01002,0.0,0.0,26.9657
157291.24,4.1935,0.0,1564736100.0,4,21,26.6467,5692,600.01002,0.0,0.0,27.0157
157321.24,4.1936,0.0,1564736100.0,4,21,26.6965,5693,630.01002,0.0,0.0,26.999
157351.24,4.1936,0.0,1564736160.0,4,21,26.6965,5694,660.01002,0.0,0.0,26.999
157381.24,4.1935,0.0,1564736160.0,4,21,26.6301,5695,690.01002,0.0,0.0,27.0157
157411.24,4.1935,0.0,1564736220.0,4,21,26.6135,5696,720.01002,0.0,0.0,27.0157
157441.24,4.193,0.0,1564736220.0,4,21,26.6301,5697,750.01002,0.0,0.0,26.999
157471.24,4.193,0.0,1564736280.0,4,21,26.6135,5698,780.01002,0.0,0.0,26.999
157501.24,4.193,0.0,1564736280.0,4,21,26.6467,5699,810.01002,0.0,0.0,27.0157
157531.24,4.1929,0.0,1564736340.0,4,21,26.6633,5700,840.01002,0.0,0.0,26.949
157561.24,4.1929,0.0,1564736340.0,4,21,26.6799,5701,870.01002,0.0,0.0,26.949
157591.24,4.1926,0.0,1564736400.0,4,21,26.7131,5702,900.01002,0.0,0.0,26.9823
157621.24,4.1927,0.0,1564736400.0,4,21,26.6799,5703,930.01002,0.0,0.0,26.9823
157651.24,4.1924,0.0,1564736460.0,4,21,26.6633,5704,960.01002,0.0,0.0,26.9823
157681.24,4.1924,0.0,1564736460.0,4,21,26.6799,5705,990.01002,0.0,0.0,26.999
157711.24,4.1924,0.0,1564736520.0,4,21,26.7131,5706,1020.01002,0.0,0.0,26.949
157741.24,4.1921,0.0,1564736520.0,4,21,26.7131,5707,1050.01002,0.0,0.0,26.949
157771.24,4.1923,0.0,1564736580.0,4,21,26.7463,5708,1080.01002,0.0,0.0,26.949
157801.24,4.1921,0.0,1564736580.0,4,21,26.7131,5709,1110.01002,0.0,0.0,26.9323
157831.24,4.1921,0.0,1564736640.0,4,21,26.7297,5710,1140.01002,0.0,0.0,26.949
157861.24,4.192,0.0,1564736640.0,4,21,26.6799,5711,1170.01002,0.0,0.0,26.999
157891.24,4.192,0.0,1564736700.0,4,21,26.7131,5712,1200.01002,0.0,0.0,27.0324
157921.24,4.1918,0.0,1564736700.0,4,21,26.6633,5713,1230.01002,0.0,0.0,26.9823
157951.24,4.1918,0.0,1564736760.0,4,21,26.6799,5714,1260.01002,0.0,0.0,26.9156
157981.24,4.1917,0.0,1564736760.0,4,21,26.6633,5715,1290.01002,0.0,0.0,26.8989
158011.24,4.1917,0.0,1564736820.0,4,21,26.7131,5716,1320.01002,0.0,0.0,26.949
158041.24,4.1917,0.0,1564736820.0,4,21,26.6965,5717,1350.01002,0.0,0.0,26.9323
158071.24,4.1913,0.0,1564736880.0,4,21,26.6965,5718,1380.01002,0.0,0.0,26.9156
158101.24,4.1915,0.0,1564736880.0,4,21,26.6799,5719,1410.01002,0.0,0.0,26.9156
158131.24,4.1909,0.0,1564736940.0,4,21,26.6633,5720,1440.01002,0.0,0.0,26.8823
158161.24,4.1913,0.0,1564736940.0,4,21,26.6467,5721,1470.01002,0.0,0.0,26.8489
158191.24,4.1912,0.0,1564737000.0,4,21,26.6965,5722,1500.01002,0.0,0.0,26.8989
158221.24,4.1909,0.0,1564737000.0,4,21,26.6799,5723,1530.01002,0.0,0.0,26.8989
158251.24,4.1909,0.0,1564737060.0,4,21,26.6633,5724,1560.01002,0.0,0.0,26.8823
158281.24,4.1909,0.0,1564737060.0,4,21,26.6633,5725,1590.01002,0.0,0.0,26.8489
158311.24,4.1909,0.0,1564737120.0,4,21,26.6467,5726,1620.01002,0.0,0.0,26.8823
158341.24,4.1907,0.0,1564737120.0,4,21,26.6467,5727,1650.01002,0.0,0.0,26.8322
158371.24,4.1907,0.0,1564737180.0,4,21,26.6301,5728,1680.01002,0.0,0.0,26.8823
158401.24,4.1907,0.0,1564737180.0,4,21,26.6799,5729,1710.01002,0.0,0.0,26.8489
158431.24,4.1907,0.0,1564737240.0,4,21,26.6965,5730,1740.01002,0.0,0.0,26.8656
158461.24,4.1907,0.0,1564737240.0,4,21,26.6965,5731,1770.01002,0.0,0.0,26.8656
158491.24,4.1906,0.0,1564737300.0,4,21,26.6633,5732,1800.01002,0.0,0.0,26.8322
158521.24,4.1904,0.0,1564737300.0,4,21,26.6467,5733,1830.01002,0.0,0.0,26.8989
158551.24,4.1904,0.0,1564737360.0,4,21,26.6633,5734,1860.01002,0.0,0.0,26.9156
158581.24,4.1906,0.0,1564737360.0,4,21,26.6799,5735,1890.01002,0.0,0.0,26.8656
158611.24,4.1904,0.0,1564737420.0,4,21,26.6965,5736,1920.01002,0.0,0.0,26.8656
158641.24,4.1903,0.0,1564737420.0,4,21,26.6799,5737,1950.01002,0.0,0.0,26.8656
158671.24,4.1901,0.0,1564737480.0,4,21,26.6799,5738,1980.01002,0.0,0.0,26.8656
158701.24,4.1901,0.0,1564737480.0,4,21,26.6799,5739,2010.01002,0.0,0.0,26.8656
158731.24,4.1901,0.0,1564737540.0,4,21,26.7131,5740,2040.01002,0.0,0.0,26.8656
158761.24,4.19,0.0,1564737540.0,4,21,26.6467,5741,2070.01002,0.0,0.0,26.8823
158791.24,4.1903,0.0,1564737600.0,4,21,26.6301,5742,2100.01002,0.0,0.0,26.8989
158821.24,4.1901,0.0,1564737600.0,4,21,26.6467,5743,2130.01002,0.0,0.0,26.9156
158851.24,4.1901,0.0,1564737660.0,4,21,26.6467,5744,2160.01002,0.0,0.0,26.8322
158881.24,4.19,0.0,1564737660.0,4,21,26.6633,5745,2190.01002,0.0,0.0,26.9156
158911.24,4.1897,0.0,1564737720.0,4,21,26.6633,5746,2220.01002,0.0,0.0,26.8322
158941.24,4.1897,0.0,1564737720.0,4,21,26.6467,5747,2250.01002,0.0,0.0,26.8322
158971.24,4.1898,0.0,1564737780.0,4,21,26.6467,5748,2280.01002,0.0,0.0,26.8322
159001.24,4.1897,0.0,1564737780.0,4,21,26.6301,5749,2310.01002,0.0,0.0,26.8823
159031.24,4.1895,0.0,1564737840.0,4,21,26.6301,5750,2340.01002,0.0,0.0,26.8155
159061.24,4.1897,0.0,1564737840.0,4,21,26.6467,5751,2370.01002,0.0,0.0,26.8322
159091.24,4.1897,0.0,1564737900.0,4,21,26.6467,5752,2400.01002,0.0,0.0,26.8155
159121.24,4.1897,0.0,1564737900.0,4,21,26.6965,5753,2430.01002,0.0,0.0,26.9156
159151.24,4.1895,0.0,1564737960.0,4,21,26.7297,5754,2460.01002,0.0,0.0,26.9823
159181.24,4.1895,0.0,1564737960.0,4,21,26.6467,5755,2490.01002,0.0,0.0,26.9823
159211.24,4.1895,0.0,1564738020.0,4,21,26.6799,5756,2520.01002,0.0,0.0,26.9657
159241.24,4.1892,0.0,1564738020.0,4,21,26.7131,5757,2550.01002,0.0,0.0,26.999
159271.24,4.1895,0.0,1564738080.0,4,21,26.6467,5758,2580.01002,0.0,0.0,26.949
159301.24,4.1892,0.0,1564738080.0,4,21,26.2483,5759,2610.01002,0.0,0.0,26.6988
159331.24,4.1892,0.0,1564738140.0,4,21,26.0823,5760,2640.01002,0.0,0.0,26.5654
159361.24,4.1891,0.0,1564738140.0,4,21,25.9329,5761,2670.01002,0.0,0.0,26.582
159391.24,4.1891,0.0,1564738200.0,4,21,25.7005,5762,2700.01002,0.0,0.0,26.532
159421.24,4.1891,0.0,1564738200.0,4,21,25.7669,5763,2730.01002,0.0,0.0,26.6321
159451.24,4.1889,0.0,1564738260.0,4,21,25.8831,5764,2760.01002,0.0,0.0,26.6488
159481.24,4.1892,0.0,1564738260.0,4,21,26.0159,5765,2790.01002,0.0,0.0,26.6988
159511.24,4.1892,0.0,1564738320.0,4,21,26.1155,5766,2820.01002,0.0,0.0,26.7155
159541.24,4.1889,0.0,1564738320.0,4,21,26.1985,5767,2850.01002,0.0,0.0,26.7155
159571.24,4.1891,0.0,1564738380.0,4,21,26.2981,5768,2880.01002,0.0,0.0,26.7155
159601.24,4.1889,0.0,1564738380.0,4,21,26.3313,5769,2910.01002,0.0,0.0,26.7488
159631.24,4.1889,0.0,1564738440.0,4,21,26.4143,5770,2940.01002,0.0,0.0,26.7822
159661.24,4.1889,0.0,1564738440.0,4,21,26.4475,5771,2970.01002,0.0,0.0,26.7822
159691.24,4.1891,0.0,1564738500.0,4,21,26.5803,5772,3000.01002,0.0,0.0,26.7655
159721.24,4.1886,0.0,1564738500.0,4,21,26.6301,5773,3030.01002,0.0,0.0,26.7822
159751.24,4.1888,0.0,1564738560.0,4,21,26.6633,5774,3060.01002,0.0,0.0,26.7822
159781.24,4.1886,0.0,1564738560.0,4,21,26.6965,5775,3090.01002,0.0,0.0,26.7822
159811.24,4.1888,0.0,1564738620.0,4,21,26.7297,5776,3120.01002,0.0,0.0,26.7989
159841.24,4.1888,0.0,1564738620.0,4,21,26.7629,5777,3150.01002,0.0,0.0,26.8656
159871.24,4.1888,0.0,1564738680.0,4,21,26.7629,5778,3180.01002,0.0,0.0,26.8823
159901.24,4.1888,0.0,1564738680.0,4,21,26.7629,5779,3210.01002,0.0,0.0,26.8489
159931.24,4.1884,0.0,1564738740.0,4,21,26.8459,5780,3240.01002,0.0,0.0,26.8489
159961.24,4.1884,0.0,1564738740.0,4,21,26.8459,5781,3270.01002,0.0,0.0,26.8489
159991.24,4.1886,0.0,1564738800.0,4,21,26.7795,5782,3300.01002,0.0,0.0,26.8656
160021.24,4.1883,0.0,1564738800.0,4,21,26.7795,5783,3330.01002,0.0,0.0,26.8989
160051.24,4.1883,0.0,1564738860.0,4,21,26.7961,5784,3360.01002,0.0,0.0,26.9156
160081.24,4.1884,0.0,1564738860.0,4,21,26.7961,5785,3390.01002,0.0,0.0,26.8489
160111.24,4.1886,0.0,1564738920.0,4,21,26.8293,5786,3420.01002,0.0,0.0,26.8989
160141.24,4.1881,0.0,1564738920.0,4,21,26.7629,5787,3450.01002,0.0,0.0,26.8989
160171.24,4.1881,0.0,1564738980.0,4,21,26.8127,5788,3480.01002,0.0,0.0,26.8823
160201.24,4.1883,0.0,1564738980.0,4,21,26.7795,5789,3510.01002,0.0,0.0,26.8489
160231.24,4.1881,0.0,1564739040.0,4,21,26.7629,5790,3540.01002,0.0,0.0,26.8322
160261.24,4.1881,0.0,1564739040.0,4,21,26.7463,5791,3570.01002,0.0,0.0,26.9156
160291.24,4.1881,0.0,1564739100.0,4,21,26.7463,5792,3600.01002,0.0,0.0,26.8989
160321.24,4.188,0.0,1564739100.0,4,21,26.7131,5793,3630.01002,0.0,0.0,26.8823
160351.24,4.188,0.0,1564739160.0,4,21,26.7629,5794,3660.01002,0.0,0.0,26.8656
160381.24,4.188,0.0,1564739160.0,4,21,26.7795,5795,3690.01002,0.0,0.0,26.8989
160411.24,4.188,0.0,1564739220.0,4,21,26.6965,5796,3720.01002,0.0,0.0,26.8823
160441.24,4.188,0.0,1564739220.0,4,21,26.7463,5797,3750.01002,0.0,0.0,26.8656
160471.24,4.188,0.0,1564739280.0,4,21,26.7463,5798,3780.01002,0.0,0.0,26.8656
160501.24,4.1881,0.0,1564739280.0,4,21,26.7463,5799,3810.01002,0.0,0.0,26.8656
160531.24,4.1878,0.0,1564739340.0,4,21,26.6965,5800,3840.01002,0.0,0.0,26.8823
160561.24,4.1878,0.0,1564739340.0,4,21,26.6799,5801,3870.01002,0.0,0.0,26.8989
160591.24,4.188,0.0,1564739400.0,4,21,26.6633,5802,3900.01002,0.0,0.0,26.8989
160621.24,4.1878,0.0,1564739400.0,4,21,26.6799,5803,3930.01002,0.0,0.0,26.8989
160651.24,4.188,0.0,1564739460.0,4,21,26.6799,5804,3960.01002,0.0,0.0,26.9156
160681.24,4.1877,0.0,1564739460.0,4,21,26.6633,5805,3990.01002,0.0,0.0,26.9156
160711.24,4.1877,0.0,1564739520.0,4,21,26.6633,5806,4020.01002,0.0,0.0,26.8823
160741.24,4.1877,0.0,1564739520.0,4,21,26.6467,5807,4050.01002,0.0,0.0,26.8823
160771.24,4.1877,0.0,1564739580.0,4,21,26.6799,5808,4080.01002,0.0,0.0,26.8489
160801.24,4.1875,0.0,1564739580.0,4,21,26.6799,5809,4110.01002,0.0,0.0,26.8489
160831.24,4.1877,0.0,1564739640.0,4,21,26.7131,5810,4140.01002,0.0,0.0,26.8989
160861.24,4.1877,0.0,1564739640.0,4,21,26.6633,5811,4170.01002,0.0,0.0,26.8322
160891.24,4.1875,0.0,1564739700.0,4,21,26.6799,5812,4200.01002,0.0,0.0,26.8489
160921.24,4.1875,0.0,1564739700.0,4,21,26.6799,5813,4230.01002,0.0,0.0,26.8656
160951.24,4.1875,0.0,1564739760.0,4,21,26.6633,5814,4260.01002,0.0,0.0,26.8489
160981.24,4.1874,0.0,1564739760.0,4,21,26.6799,5815,4290.01002,0.0,0.0,26.8489
161011.24,4.1875,0.0,1564739820.0,4,21,26.6633,5816,4320.01002,0.0,0.0,26.8322
161041.24,4.1875,0.0,1564739820.0,4,21,26.6633,5817,4350.01002,0.0,0.0,26.8322
161071.24,4.1875,0.0,1564739880.0,4,21,26.6633,5818,4380.01002,0.0,0.0,26.8489
161101.24,4.1875,0.0,1564739880.0,4,21,26.6799,5819,4410.01002,0.0,0.0,26.8322
161131.24,4.1875,0.0,1564739940.0,4,21,26.6467,5820,4440.01002,0.0,0.0,26.8322
161161.24,4.1874,0.0,1564739940.0,4,21,26.6467,5821,4470.01002,0.0,0.0,26.8155
161191.24,4.1874,0.0,1564740000.0,4,21,26.6301,5822,4500.01002,0.0,0.0,26.8155
161221.24,4.1874,0.0,1564740000.0,4,21,26.6301,5823,4530.01002,0.0,0.0,26.7989
161251.24,4.1872,0.0,1564740060.0,4,21,26.6135,5824,4560.01002,0.0,0.0,26.8823
161281.24,4.1871,0.0,1564740060.0,4,21,26.6301,5825,4590.01002,0.0,0.0,26.8823
161311.24,4.1874,0.0,1564740120.0,4,21,26.6135,5826,4620.01002,0.0,0.0,26.8489
161341.24,4.1872,0.0,1564740120.0,4,21,26.6135,5827,4650.01002,0.0,0.0,26.8489
161371.24,4.1874,0.0,1564740180.0,4,21,26.6301,5828,4680.01002,0.0,0.0,26.8656
161401.24,4.1872,0.0,1564740180.0,4,21,26.6467,5829,4710.01002,0.0,0.0,26.8322
161431.24,4.1871,0.0,1564740240.0,4,21,26.6633,5830,4740.01002,0.0,0.0,26.8155
161461.24,4.1874,0.0,1564740240.0,4,21,26.6467,5831,4770.01002,0.0,0.0,26.8155
161491.24,4.1872,0.0,1564740300.0,4,21,26.6467,5832,4800.01002,0.0,0.0,26.8656
161521.24,4.1872,0.0,1564740300.0,4,21,26.6633,5833,4830.01002,0.0,0.0,26.7989
161551.24,4.1871,0.0,1564740360.0,4,21,26.6633,5834,4860.01002,0.0,0.0,26.7989
161581.24,4.1871,0.0,1564740360.0,4,21,26.6467,5835,4890.01002,0.0,0.0,26.8656
161611.24,4.1872,0.0,1564740420.0,4,21,26.6633,5836,4920.01002,0.0,0.0,26.8656
161641.24,4.1871,0.0,1564740420.0,4,21,26.6633,5837,4950.01002,0.0,0.0,26.8656
161671.24,4.1871,0.0,1564740480.0,4,21,26.6633,5838,4980.01002,0.0,0.0,26.8155
161701.24,4.1871,0.0,1564740480.0,4,21,26.6799,5839,5010.01002,0.0,0.0,26.8155
161731.24,4.1869,0.0,1564740540.0,4,21,26.6799,5840,5040.01002,0.0,0.0,26.7822
161761.24,4.1871,0.0,1564740540.0,4,21,26.6633,5841,5070.01002,0.0,0.0,26.8489
161791.24,4.1871,0.0,1564740600.0,4,21,26.6633,5842,5100.01002,0.0,0.0,26.8489
161821.24,4.1868,0.0,1564740600.0,4,21,26.6633,5843,5130.01002,0.0,0.0,26.8489
161851.24,4.1869,0.0,1564740660.0,4,21,26.6633,5844,5160.01002,0.0,0.0,26.8489
161881.24,4.1868,0.0,1564740660.0,4,21,26.6633,5845,5190.01002,0.0,0.0,26.8489
161911.24,4.1869,0.0,1564740720.0,4,21,26.6633,5846,5220.01002,0.0,0.0,26.8489
161941.24,4.1869,0.0,1564740720.0,4,21,26.6965,5847,5250.01002,0.0,0.0,26.8155
161971.24,4.1868,0.0,1564740780.0,4,21,26.6799,5848,5280.01002,0.0,0.0,26.8489
162001.24,4.1868,0.0,1564740780.0,4,21,26.6633,5849,5310.01002,0.0,0.0,26.8489
162031.24,4.1868,0.0,1564740840.0,4,21,26.6799,5850,5340.01002,0.0,0.0,26.8489
162061.24,4.1865,0.0,1564740840.0,4,21,26.6633,5851,5370.01002,0.0,0.0,26.8322
162091.24,4.1868,0.0,1564740900.0,4,21,26.6467,5852,5400.01002,0.0,0.0,26.8489
162121.24,4.1868,0.0,1564740900.0,4,21,26.6799,5853,5430.01002,0.0,0.0,26.7989
162151.24,4.1868,0.0,1564740960.0,4,21,26.6965,5854,5460.01002,0.0,0.0,26.8155
162181.24,4.1866,0.0,1564740960.0,4,21,26.6965,5855,5490.01002,0.0,0.0,26.8155
162211.24,4.1869,0.0,1564741020.0,4,21,26.6799,5856,5520.01002,0.0,0.0,26.7822
162241.24,4.1865,0.0,1564741020.0,4,21,26.6965,5857,5550.01002,0.0,0.0,26.7822
162271.24,4.1868,0.0,1564741080.0,4,21,26.6965,5858,5580.01002,0.0,0.0,26.8155
162301.24,4.1866,0.0,1564741080.0,4,21,26.7297,5859,5610.01002,0.0,0.0,26.8823
162331.24,4.1865,0.0,1564741140.0,4,21,26.7297,5860,5640.01002,0.0,0.0,26.9156
162361.24,4.1866,0.0,1564741140.0,4,21,26.7463,5861,5670.01002,0.0,0.0,26.9323
162391.24,4.1865,0.0,1564741200.0,4,21,26.7297,5862,5700.01002,0.0,0.0,26.9657
162421.24,4.1863,0.0,1564741200.0,4,21,26.7463,5863,5730.01002,0.0,0.0,26.8823
162451.24,4.1865,0.0,1564741260.0,4,21,26.7629,5864,5760.01002,0.0,0.0,26.9323
162481.24,4.1863,0.0,1564741260.0,4,21,26.7463,5865,5790.01002,0.0,0.0,26.9657
162511.24,4.1865,0.0,1564741320.0,4,21,26.7131,5866,5820.01002,0.0,0.0,26.9323
162541.24,4.1865,0.0,1564741320.0,4,21,26.7131,5867,5850.01002,0.0,0.0,26.8989
162571.24,4.1865,0.0,1564741380.0,4,21,26.7297,5868,5880.01002,0.0,0.0,26.8989
162601.24,4.1865,0.0,1564741380.0,4,21,26.7463,5869,5910.01002,0.0,0.0,26.8656
162631.24,4.1863,0.0,1564741440.0,4,21,26.7297,5870,5940.01002,0.0,0.0,26.7989
162661.24,4.1863,0.0,1564741440.0,4,21,26.7131,5871,5970.01002,0.0,0.0,26.8155
162691.24,4.1862,0.0,1564741500.0,4,21,26.7463,5872,6000.01002,0.0,0.0,26.8322
162721.24,4.1866,0.0,1564741500.0,4,21,26.7795,5873,6030.01002,0.0,0.0,26.8322
162751.24,4.1863,0.0,1564741560.0,4,21,26.7297,5874,6060.01002,0.0,0.0,26.8322
162781.24,4.1863,0.0,1564741560.0,4,21,26.7629,5875,6090.01002,0.0,0.0,26.8155
162811.24,4.1865,0.0,1564741620.0,4,21,26.7297,5876,6120.01002,0.0,0.0,26.8489
162841.24,4.1865,0.0,1564741620.0,4,21,26.7297,5877,6150.01002,0.0,0.0,26.7989
162871.24,4.1862,0.0,1564741680.0,4,21,26.7629,5878,6180.01002,0.0,0.0,26.7822
162901.24,4.1863,0.0,1564741680.0,4,21,26.7297,5879,6210.01002,0.0,0.0,26.8489
162931.24,4.1863,0.0,1564741740.0,4,21,26.7795,5880,6240.01002,0.0,0.0,26.8489
162961.24,4.1863,0.0,1564741740.0,4,21,26.7961,5881,6270.01002,0.0,0.0,26.9156
162991.24,4.1862,0.0,1564741800.0,4,21,26.7629,5882,6300.01002,0.0,0.0,26.949
163021.24,4.1863,0.0,1564741800.0,4,21,26.7131,5883,6330.01002,0.0,0.0,26.8823
163051.24,4.1862,0.0,1564741860.0,4,21,26.7463,5884,6360.01002,0.0,0.0,26.8989
163081.24,4.1862,0.0,1564741860.0,4,21,26.7629,5885,6390.01002,0.0,0.0,26.8823
163111.24,4.186,0.0,1564741920.0,4,21,26.7795,5886,6420.01002,0.0,0.0,26.9156
163141.24,4.1859,0.0,1564741920.0,4,21,26.7463,5887,6450.01002,0.0,0.0,26.8656
163171.24,4.1862,0.0,1564741980.0,4,21,26.7629,5888,6480.01002,0.0,0.0,26.8823
163201.24,4.1859,0.0,1564741980.0,4,21,26.7629,5889,6510.01002,0.0,0.0,26.8489
163231.24,4.1859,0.0,1564742040.0,4,21,26.7463,5890,6540.01002,0.0,0.0,26.7989
163261.24,4.1859,0.0,1564742040.0,4,21,26.7629,5891,6570.01002,0.0,0.0,26.8155
163291.24,4.186,0.0,1564742100.0,4,21,26.7961,5892,6600.01002,0.0,0.0,26.8155
163321.24,4.1859,0.0,1564742100.0,4,21,26.7961,5893,6630.01002,0.0,0.0,26.8322
163351.24,4.186,0.0,1564742160.0,4,21,26.7629,5894,6660.01002,0.0,0.0,26.8155
163381.24,4.1859,0.0,1564742160.0,4,21,26.7795,5895,6690.01002,0.0,0.0,26.7655
163411.24,4.186,0.0,1564742220.0,4,21,26.8459,5896,6720.01002,0.0,0.0,26.8155
163441.24,4.1859,0.0,1564742220.0,4,21,26.7795,5897,6750.01002,0.0,0.0,26.8322
163471.24,4.1859,0.0,1564742280.0,4,21,26.7961,5898,6780.01002,0.0,0.0,26.8155
163501.24,4.1859,0.0,1564742280.0,4,21,26.7463,5899,6810.01002,0.0,0.0,26.8489
163531.24,4.186,0.0,1564742340.0,4,21,26.7795,5900,6840.01002,0.0,0.0,26.8155
163561.24,4.1857,0.0,1564742340.0,4,21,26.7629,5901,6870.01002,0.0,0.0,26.8322
163591.24,4.1859,0.0,1564742400.0,4,21,26.7961,5902,6900.01002,0.0,0.0,26.7989
163621.24,4.1859,0.0,1564742400.0,4,21,26.7795,5903,6930.01002,0.0,0.0,26.8489
163651.24,4.1857,0.0,1564742460.0,4,21,26.7463,5904,6960.01002,0.0,0.0,26.8322
163681.24,4.1859,0.0,1564742460.0,4,21,26.8127,5905,6990.01002,0.0,0.0,26.8155
163711.24,4.1857,0.0,1564742520.0,4,21,26.7961,5906,7020.01002,0.0,0.0,26.8489
163741.24,4.1857,0.0,1564742520.0,4,21,26.7795,5907,7050.01002,0.0,0.0,26.8489
163771.24,4.1857,0.0,1564742580.0,4,21,26.8293,5908,7080.01002,0.0,0.0,26.8155
163801.24,4.1857,0.0,1564742580.0,4,21,26.7961,5909,7110.01002,0.0,0.0,26.8656
163831.24,4.1859,0.0,1564742640.0,4,21,26.7961,5910,7140.01002,0.0,0.0,26.8489
163861.24,4.186,0.0,1564742640.0,4,21,26.8459,5911,7170.01002,0.0,0.0,26.8489
163891.23,4.1857,0.0,1564742700.0,4,21,26.9289,5912,7200.0,0.0,0.0,26.8322
163891.27,3.9437,7.50256,1564742700.0,5,22,26.9289,5913,0.04002,8.392e-05,0.00033126,26.8322
163891.52,3.9316,7.49996,1564742700.0,5,22,26.9289,5914,0.28998,0.00060476,0.00238082,26.8322
163892.32,3.9208,7.49996,1564742700.0,5,22,26.9289,5915,1.09002,0.00227142,0.00892271,26.8322
163893.82,3.91,7.49966,1564742700.0,5,22,26.9289,5916,2.59002,0.00539638,0.0211569,26.8322
163896.03,3.8994,7.50027,1564742700.0,5,22,26.9289,5917,4.8,0.0100005,0.0391342,26.8322
163898.86,3.8891,7.49981,1564742700.0,5,22,26.9289,5918,7.63002,0.0158962,0.0620932,26.8322
163902.48,3.8787,7.49981,1564742700.0,5,22,26.9289,5919,11.25,0.0234378,0.0913826,26.8489
163906.86,3.8683,7.49981,1564742700.0,5,22,26.9289,5920,15.63,0.0325627,0.126726,26.9156
163912.23,3.8579,7.50011,1564742700.0,5,22,26.9289,5921,21.0,0.0437501,0.169943,27.0157
163918.66,3.8479,7.49996,1564742700.0,5,22,26.9289,5922,27.43002,0.0571457,0.221555,27.1325
163926.68,3.8376,7.49981,1564742760.0,5,22,26.9289,5923,35.44998,0.0738539,0.285758,27.3493
163936.71,3.8276,7.50011,1564742760.0,5,22,26.9289,5924,45.48,0.0947494,0.365837,27.5828
163949.26,3.8173,7.50027,1564742760.0,5,22,26.9289,5925,58.03002,0.120895,0.465773,27.8496
163966.62,3.8073,7.49996,1564742760.0,5,22,26.9123,5926,75.39,0.157061,0.603647,28.2166
163990.05,3.7971,7.49996,1564742820.0,5,22,26.9455,5927,98.82,0.205873,0.789236,28.8504
164020.05,3.7877,7.49981,1564742820.0,5,22,27.0119,5928,128.82,0.268372,1.02626,29.5509
164050.05,3.7795,7.50011,1564742880.0,5,22,27.0285,5929,158.82,0.330871,1.26273,30.2128
164080.05,3.7722,7.49966,1564742880.0,5,22,27.0119,5930,188.82,0.393371,1.49872,30.8965
164110.05,3.7649,7.49996,1564742940.0,5,22,27.0617,5931,218.82,0.45587,1.73425,31.6127
164140.05,3.7575,7.49981,1564742940.0,5,22,27.0949,5932,248.82,0.518369,1.96934,32.2476
164170.05,3.7499,7.4995,1564743000.0,5,22,27.1613,5933,278.82,0.580868,2.20395,32.915
164200.05,3.7418,7.49996,1564743000.0,5,22,27.1779,5934,308.82,0.643367,2.43807,33.6312
164230.05,3.7327,7.50011,1564743060.0,5,22,27.1613,5935,338.82,0.705867,2.67165,34.1684
164260.05,3.7226,7.50027,1564743060.0,5,22,27.2111,5936,368.82,0.768366,2.90464,34.7707
164287.53,3.7124,7.49981,1564743120.0,5,22,27.2277,5937,396.3,0.825615,3.11749,35.3242
164313.29,3.7021,7.49981,1564743120.0,5,22,27.2609,5938,422.05998,0.879281,3.31645,35.7962
164337.2,3.6921,7.4995,1564743120.0,5,22,27.2609,5939,445.96998,0.929093,3.50062,36.073
164359.63,3.6818,7.50011,1564743180.0,5,22,27.2941,5940,468.40002,0.975821,3.67291,36.7241
164381.61,3.6718,7.49996,1564743180.0,5,22,27.3273,5941,490.38,1.02161,3.84129,36.9682
164403.22,3.6617,7.49935,1564743180.0,5,22,27.3605,5942,511.99002,1.06663,4.00637,37.3426
164424.49,3.6515,7.49996,1564743240.0,5,22,27.3107,5943,533.26002,1.11094,4.16841,37.7496
164446.62,3.6413,7.49996,1564743240.0,5,22,27.3273,5944,555.39,1.15705,4.33653,38.0263
164468.76,3.631,7.50042,1564743300.0,5,22,27.3771,5945,577.53,1.20317,4.50425,38.4333
164491.46,3.6208,7.50027,1564743300.0,5,22,27.3937,5946,600.22998,1.25046,4.67574,38.7588
164514.3,3.6107,7.50011,1564743300.0,5,22,27.4269,5947,623.07,1.29805,4.84779,39.1007
164537.81,3.6007,7.49996,1564743360.0,5,22,27.4269,5948,646.57998,1.34703,5.0244,39.3937
164561.83,3.5904,7.49996,1564743360.0,5,22,27.4767,5949,670.60002,1.39707,5.20434,39.6379
164586.32,3.5804,7.49981,1564743420.0,5,22,27.4767,5950,695.08998,1.44809,5.38727,39.9634
164610.63,3.5703,7.49966,1564743420.0,5,22,27.4767,5951,719.4,1.49873,5.56835,40.4113
164634.72,3.5601,7.50011,1564743420.0,5,22,27.4767,5952,743.49,1.54892,5.74728,40.7467
164659.16,3.55,7.49996,1564743480.0,5,22,27.5265,5953,767.92998,1.59983,5.9283,41.0501
164683.74,3.5398,7.50042,1564743480.0,5,22,27.4767,5954,792.51,1.65104,6.10984,41.3216
164707.87,3.5297,7.50011,1564743540.0,5,22,27.5099,5955,816.64002,1.70131,6.28754,41.4973
164731.66,3.5195,7.49996,1564743540.0,5,22,27.5265,5956,840.43002,1.75087,6.46223,41.7529
164755.14,3.5094,7.49996,1564743540.0,5,22,27.5763,5957,863.91,1.79979,6.63415,42.1521
164777.99,3.4994,7.49966,1564743600.0,5,22,27.5763,5958,886.75998,1.84739,6.80098,42.6632
164801.07,3.489,7.49996,1564743600.0,5,22,27.5929,5959,909.84,1.89548,6.969,42.9028
164824.41,3.4788,7.49981,1564743600.0,5,22,27.5763,5960,933.18,1.9441,7.13841,42.9347
164846.98,3.4685,7.49966,1564743660.0,5,22,27.6095,5961,955.75002,1.99112,7.30176,43.2222
164869.59,3.4583,7.49981,1564743660.0,5,22,27.6095,5962,978.36,2.03822,7.4649,43.4937
164891.82,3.4482,7.49996,1564743720.0,5,22,27.6593,5963,1000.59,2.08454,7.62484,43.7173
164914.06,3.4382,7.49996,1564743720.0,5,22,27.6759,5964,1022.83002,2.13087,7.78438,43.9249
164936.39,3.4281,7.49966,1564743720.0,5,22,27.6427,5965,1045.15998,2.17739,7.94409,44.2922
164958.94,3.4179,7.50027,1564743780.0,5,22,27.6925,5966,1067.71002,2.22437,8.1049,44.4839
164982.04,3.4076,7.49996,1564743780.0,5,22,27.6925,5967,1090.81002,2.27249,8.26915,44.6755
165005.58,3.3976,7.50011,1564743840.0,5,22,27.7423,5968,1114.35,2.32153,8.43602,45.0269
165029.32,3.3875,7.49981,1564743840.0,5,22,27.7589,5969,1138.09002,2.37099,8.60381,45.1866
165054.37,3.3774,7.50011,1564743840.0,5,22,27.7091,5970,1163.14002,2.42318,8.78033,45.506
165079.74,3.3672,7.50011,1564743900.0,5,22,27.7589,5971,1188.51,2.47603,8.95857,45.6338
165106.72,3.3571,7.50011,1564743900.0,5,22,27.7755,5972,1215.49002,2.53224,9.14755,46.081
165134.62,3.3469,7.49981,1564743960.0,5,22,27.7257,5973,1243.39002,2.59036,9.34239,45.8893
165164.62,3.3368,7.49996,1564743960.0,5,22,27.8253,5974,1273.39002,2.65286,9.55126,46.4164
165194.62,3.3269,7.49935,1564744020.0,5,22,27.8087,5975,1303.39002,2.71536,9.75951,46.7837
165224.62,3.3178,7.49981,1564744020.0,5,22,27.7755,5976,1333.39002,2.77786,9.96716,46.9754
165254.62,3.3088,7.50027,1564744080.0,5,22,27.8419,5977,1363.39002,2.84036,10.1742,47.3427
165284.62,3.3001,7.49996,1564744080.0,5,22,27.8585,5978,1393.39002,2.90286,10.3808,47.3746
165314.62,3.2914,7.49966,1564744140.0,5,22,27.9083,5979,1423.39002,2.96536,10.5867,48.0135
165344.62,3.2833,7.49996,1564744140.0,5,22,27.8585,5980,1453.39002,3.02786,10.7922,47.9815
165374.62,3.2746,7.4995,1564744200.0,5,22,27.8419,5981,1483.39002,3.09036,10.9971,48.1412
165404.62,3.2667,7.49996,1564744200.0,5,22,27.9249,5982,1513.39002,3.15286,11.2016,48.4447
165434.62,3.2583,7.49996,1564744260.0,5,22,27.9415,5983,1543.39002,3.21536,11.4055,48.828
165464.62,3.2499,7.49966,1564744260.0,5,22,27.9747,5984,1573.39002,3.27785,11.6088,48.7961
165494.62,3.2413,7.4992,1564744320.0,5,22,27.9747,5985,1603.39002,3.34035,11.8117,49.0835
165524.62,3.2326,7.49981,1564744320.0,5,22,27.9913,5986,1633.39002,3.40285,12.014,49.4828
165554.62,3.2239,7.49966,1564744380.0,5,22,28.0245,5987,1663.39002,3.46535,12.2158,49.2752
165584.62,3.2146,7.49981,1564744380.0,5,22,28.0245,5988,1693.39002,3.52785,12.417,49.6745
165614.62,3.2055,7.49981,1564744440.0,5,22,28.0577,5989,1723.39002,3.59035,12.6176,50.0097
165644.62,3.1955,7.49966,1564744440.0,5,22,28.0245,5990,1753.39002,3.65285,12.8176,49.8501
165673.97,3.1855,7.50027,1564744500.0,5,22,28.0245,5991,1782.73998,3.71399,13.0127,50.2448
165702.35,3.1754,7.49996,1564744500.0,5,22,28.0743,5992,1811.11998,3.77312,13.2008,50.1978
165729.31,3.1652,7.50011,1564744560.0,5,22,28.0577,5993,1838.08002,3.82929,13.3788,50.4642
165755.32,3.1551,7.50011,1564744560.0,5,22,28.0909,5994,1864.09002,3.88347,13.5501,50.8248
165779.48,3.145,7.50011,1564744560.0,5,22,28.1075,5995,1888.24998,3.9338,13.7086,51.0442
165803.01,3.135,7.49996,1564744620.0,5,22,28.1241,5996,1911.78,3.98282,13.8626,51.1069
165824.93,3.1249,7.49996,1564744620.0,5,22,28.1075,5997,1933.69998,4.02849,14.0055,51.0913
165845.98,3.1148,7.50027,1564744680.0,5,22,28.1407,5998,1954.75002,4.07234,14.1423,51.5772
165865.4,3.1048,7.49981,1564744680.0,5,22,28.1407,5999,1974.16998,4.1128,14.2681,51.3421
165884.1,3.0945,7.49996,1564744680.0,5,22,28.1905,6000,1992.87,4.15176,14.3889,51.4675
165901.89,3.0843,7.49981,1564744680.0,5,22,28.2071,6001,2010.66,4.18882,14.5034,52.0318
165918.64,3.0742,7.50011,1564744740.0,5,22,28.2071,6002,2027.41002,4.22372,14.6109,52.1728
165934.24,3.064,7.4995,1564744740.0,5,22,28.2402,6003,2043.01002,4.25622,14.7106,52.0161
165949.02,3.0539,7.49981,1564744740.0,5,22,28.2237,6004,2057.79,4.28701,14.8048,52.1572
165962.8,3.0437,7.49996,1564744740.0,5,22,28.2071,6005,2071.57002,4.31572,14.8923,52.2355
165975.83,3.0335,7.49981,1564744800.0,5,22,28.1905,6006,2084.59998,4.34286,14.9748,52.1728
165988.2,3.0234,7.49966,1564744800.0,5,22,28.2237,6007,2096.97,4.36863,15.0529,52.4393
165999.2,3.0134,7.49996,1564744800.0,5,22,28.2071,6008,2107.96998,4.39155,15.1221,52.3923
166009.7,3.0033,7.49935,1564744800.0,5,22,28.2237,6009,2118.46998,4.41342,15.1879,52.5961
166019.56,2.9931,7.49996,1564744800.0,5,22,28.2402,6010,2128.33002,4.43397,15.2495,52.5177
166028.84,2.983,7.50027,1564744860.0,5,22,28.2071,6011,2137.60998,4.4533,15.3072,52.6117
166037.77,2.9729,7.49981,1564744860.0,5,22,28.2071,6012,2146.54002,4.4719,15.3626,52.6901
166046.18,2.9628,7.49966,1564744860.0,5,22,28.1905,6013,2154.94998,4.48942,15.4146,52.7685
166054.12,2.9528,7.50027,1564744860.0,5,22,28.2071,6014,2162.89002,4.50596,15.4636,52.8155
166062.03,2.9425,7.50011,1564744860.0,5,22,28.2071,6015,2170.8,4.52244,15.5121,52.8312
166069.42,2.9323,7.4995,1564744860.0,5,22,28.2071,6016,2178.19002,4.53784,15.5574,52.988
166077.0,2.9223,7.50011,1564744860.0,5,22,28.2237,6017,2185.77,4.55363,15.6036,53.3171
166083.95,2.912,7.50042,1564744860.0,5,22,28.2237,6018,2192.71998,4.56811,15.6458,53.2701
166090.94,2.9018,7.49966,1564744920.0,5,22,28.2237,6019,2199.70998,4.58267,15.6882,53.1761
166097.86,2.8916,7.49981,1564744920.0,5,22,28.2237,6020,2206.63002,4.59709,15.7299,53.2701
166104.53,2.8814,7.49966,1564744920.0,5,22,28.2237,6021,2213.29998,4.61098,15.77,53.4112
166111.39,2.8713,7.49996,1564744920.0,5,22,28.1905,6022,2220.16002,4.62528,15.8111,53.3328
166117.79,2.8612,7.49981,1564744920.0,5,22,28.2071,6023,2226.55998,4.63861,15.8493,53.3642
166124.36,2.851,7.50011,1564744920.0,5,22,28.2071,6024,2233.12998,4.6523,15.8884,53.5209
166130.86,2.8406,7.49996,1564744920.0,5,22,28.2237,6025,2239.63002,4.66584,15.927,53.5209
166137.39,2.8305,7.49981,1564744920.0,5,22,28.2071,6026,2246.16,4.67944,15.9656,53.5836
166143.61,2.8203,7.50011,1564744920.0,5,22,28.1739,6027,2252.38002,4.6924,16.0022,53.7404
166149.84,2.8101,7.50011,1564744980.0,5,22,28.1739,6028,2258.61,4.70538,16.0387,53.9128
166155.78,2.7999,7.49966,1564744980.0,5,22,28.1739,6029,2264.55,4.71775,16.0734,53.8971
166161.59,2.7897,7.49966,1564744980.0,5,22,28.1573,6030,2270.35998,4.72986,16.1072,53.8031
166167.33,2.7793,7.49966,1564744980.0,5,22,28.1739,6031,2276.1,4.74182,16.1405,53.8501
166172.77,2.7692,7.49966,1564744980.0,5,22,28.1573,6032,2281.54002,4.75315,16.172,53.9128
166177.95,2.759,7.49996,1564744980.0,5,22,28.1739,6033,2286.72,4.76394,16.2018,53.9755
166183.04,2.7485,7.49996,1564744980.0,5,22,28.1905,6034,2291.80998,4.77454,16.231,54.0382
166187.92,2.7382,7.50011,1564744980.0,5,22,28.1905,6035,2296.69002,4.78471,16.2589,54.0225
166192.54,2.7279,7.49996,1564744980.0,5,22,28.1573,6036,2301.31002,4.79434,16.2852,54.0068
166196.9,2.7176,7.49981,1564744980.0,5,22,28.1407,6037,2305.66998,4.80342,16.3099,54.0695
166201.17,2.7073,7.50011,1564744980.0,5,22,28.1407,6038,2309.94,4.81231,16.3341,54.2263
166205.24,2.6967,7.49996,1564744980.0,5,22,28.1573,6039,2314.00998,4.82079,16.357,54.3674
166209.16,2.6867,7.50011,1564745040.0,5,22,28.1573,6040,2317.93002,4.82896,16.379,54.4301
166212.71,2.6766,7.49996,1564745040.0,5,22,28.1573,6041,2321.47998,4.83636,16.3988,54.383
166216.17,2.6662,7.50027,1564745040.0,5,22,28.1407,6042,2324.94,4.84356,16.4181,54.2576
166219.5,2.656,7.49981,1564745040.0,5,22,28.1241,6043,2328.27,4.8505,16.4365,54.2263
166222.69,2.6456,7.49966,1564745040.0,5,22,28.1241,6044,2331.46002,4.85715,16.4541,54.2733
166225.74,2.6352,7.49996,1564745040.0,5,22,28.1241,6045,2334.51,4.8635,16.4709,54.336
166228.64,2.6249,7.49996,1564745040.0,5,22,28.1241,6046,2337.40998,4.86954,16.4868,54.383
166231.44,2.6145,7.49996,1564745040.0,5,22,28.1241,6047,2340.21,4.87538,16.5021,54.4771
166234.04,2.6041,7.49966,1564745040.0,5,22,28.1241,6048,2342.80998,4.88079,16.5162,54.5398
166236.56,2.5936,7.50011,1564745040.0,5,22,28.1075,6049,2345.32998,4.88604,16.5299,54.5398
166238.93,2.5834,7.49966,1564745040.0,5,22,28.1075,6050,2347.69998,4.89098,16.5426,54.5398
166241.19,2.5728,7.49996,1564745040.0,5,22,28.0909,6051,2349.96,4.89569,16.5548,54.5555
166243.39,2.5621,7.50027,1564745040.0,5,22,28.0909,6052,2352.16002,4.90027,16.5666,54.5868
166245.44,2.5518,7.50042,1564745040.0,5,22,28.0909,6053,2354.20998,4.90454,16.5775,54.6339
166247.4,2.5412,7.49996,1564745040.0,5,22,28.0909,6054,2356.17,4.90863,16.5879,54.6652
166249.22,2.5309,7.49996,1564745040.0,5,22,28.0743,6055,2357.98998,4.91242,16.5975,54.6652
166250.97,2.5205,7.50011,1564745040.0,5,22,28.0743,6056,2359.74,4.91606,16.6067,54.6809
166252.62,2.51,7.50011,1564745040.0,5,22,28.0743,6057,2361.39,4.9195,16.6153,54.7122
166254.11,2.4999,7.49966,1564745040.0,5,22,28.0743,6058,2362.87998,4.9226,16.6231,54.7436
166254.12,2.7266,0.0,1564745040.0,5,23,28.0743,6059,0.01002,0.0,0.0,54.7436
166254.28,2.748,0.0,1564745040.0,5,23,28.0743,6060,0.16998,0.0,0.0,54.7436
166254.62,2.7604,0.0,1564745040.0,5,23,28.0743,6061,0.51,0.0,0.0,54.7593
166255.21,2.7718,0.0,1564745040.0,5,23,28.0743,6062,1.09998,0.0,0.0,54.7906
166256.08,2.7825,0.0,1564745040.0,5,23,28.0743,6063,1.96998,0.0,0.0,54.8063
166257.27,2.7933,0.0,1564745040.0,5,23,28.0743,6064,3.16002,0.0,0.0,54.8533
166258.8,2.8037,0.0,1564745040.0,5,23,28.0743,6065,4.69002,0.0,0.0,54.9317
166260.71,2.8142,0.0,1564745040.0,5,23,28.0909,6066,6.6,0.0,0.0,55.0101
166263.13,2.8244,0.0,1564745040.0,5,23,28.1075,6067,9.01998,0.0,0.0,55.0884
166266.12,2.8347,0.0,1564745100.0,5,23,28.1075,6068,12.01002,0.0,0.0,55.1041
166270.03,2.8449,0.0,1564745100.0,5,23,28.1241,6069,15.91998,0.0,0.0,55.0884
166275.18,2.8551,0.0,1564745100.0,5,23,28.1075,6070,21.07002,0.0,0.0,54.963
166282.33,2.8653,0.0,1564745100.0,5,23,28.1241,6071,28.21998,0.0,0.0,54.4771
166292.14,2.8754,0.0,1564745100.0,5,23,28.0743,6072,38.02998,0.0,0.0,54.2733
166306.78,2.8856,0.0,1564745100.0,5,23,28.0245,6073,52.66998,0.0,0.0,53.8814
166329.33,2.8959,0.0,1564745160.0,5,23,28.0577,6074,75.22002,0.0,0.0,53.4112
166359.33,2.9049,0.0,1564745160.0,5,23,28.0411,6075,105.22002,0.0,0.0,52.8782
166389.33,2.9116,0.0,1564745220.0,5,23,27.9913,6076,135.22002,0.0,0.0,52.1258
166419.33,2.9169,0.0,1564745220.0,5,23,27.9249,6077,165.22002,0.0,0.0,51.3107
166449.33,2.9216,0.0,1564745280.0,5,23,27.9249,6078,195.22002,0.0,0.0,50.621
166479.33,2.9255,0.0,1564745280.0,5,23,27.8751,6079,225.22002,0.0,0.0,49.8661
166509.33,2.929,0.0,1564745340.0,5,23,27.8917,6080,255.22002,0.0,0.0,49.0037
166539.33,2.9322,0.0,1564745340.0,5,23,27.8585,6081,285.22002,0.0,0.0,48.3329
166569.33,2.9351,0.0,1564745400.0,5,23,27.8585,6082,315.22002,0.0,0.0,47.9815
166599.33,2.9377,0.0,1564745400.0,5,23,27.8087,6083,345.22002,0.0,0.0,47.2469
166629.33,2.9403,0.0,1564745460.0,5,23,27.7423,6084,375.22002,0.0,0.0,46.4004
166659.33,2.9422,0.0,1564745460.0,5,23,27.7257,6085,405.22002,0.0,0.0,45.9692
166689.33,2.9445,0.0,1564745520.0,5,23,27.6593,6086,435.22002,0.0,0.0,45.4901
166719.33,2.9465,0.0,1564745520.0,5,23,27.6261,6087,465.22002,0.0,0.0,44.8832
166749.33,2.9482,0.0,1564745580.0,5,23,27.6925,6088,495.22002,0.0,0.0,44.5637
166779.33,2.9502,0.0,1564745580.0,5,23,27.5929,6089,525.22002,0.0,0.0,44.0527
166809.33,2.9519,0.0,1564745640.0,5,23,27.6095,6090,555.22002,0.0,0.0,43.3659
166839.33,2.9534,0.0,1564745640.0,5,23,27.5929,6091,585.22002,0.0,0.0,43.0305
166869.33,2.9548,0.0,1564745700.0,5,23,27.5597,6092,615.22002,0.0,0.0,42.3278
166899.33,2.9563,0.0,1564745700.0,5,23,27.5265,6093,645.22002,0.0,0.0,42.0563
166929.33,2.9578,0.0,1564745760.0,5,23,27.4601,6094,675.22002,0.0,0.0,41.4015
166959.33,2.9589,0.0,1564745760.0,5,23,27.5099,6095,705.22002,0.0,0.0,41.114
166989.33,2.9604,0.0,1564745820.0,5,23,27.4269,6096,735.22002,0.0,0.0,40.7786
167019.33,2.9615,0.0,1564745820.0,5,23,27.3605,6097,765.22002,0.0,0.0,40.3155
167049.33,2.9628,0.0,1564745880.0,5,23,27.3771,6098,795.22002,0.0,0.0,39.9309
167079.33,2.9639,0.0,1564745880.0,5,23,27.3771,6099,825.22002,0.0,0.0,39.5727
167109.33,2.9648,0.0,1564745940.0,5,23,27.3937,6100,855.22002,0.0,0.0,39.0681
167139.33,2.966,0.0,1564745940.0,5,23,27.3439,6101,885.22002,0.0,0.0,38.7914
167169.33,2.9673,0.0,1564746000.0,5,23,27.3107,6102,915.22002,0.0,0.0,38.4496
167199.33,2.968,0.0,1564746000.0,5,23,27.2609,6103,945.22002,0.0,0.0,38.0589
167229.33,2.9688,0.0,1564746060.0,5,23,27.2443,6104,975.22002,0.0,0.0,37.7333
167259.33,2.9702,0.0,1564746060.0,5,23,27.2443,6105,1005.22002,0.0,0.0,37.3752
167289.33,2.9709,0.0,1564746120.0,5,23,27.2775,6106,1035.22002,0.0,0.0,37.0496
167319.33,2.9715,0.0,1564746120.0,5,23,27.2111,6107,1065.22002,0.0,0.0,36.7729
167349.33,2.9728,0.0,1564746180.0,5,23,27.2443,6108,1095.22002,0.0,0.0,36.5287
167379.33,2.9735,0.0,1564746180.0,5,23,27.1945,6109,1125.22002,0.0,0.0,36.2683
167409.33,2.9741,0.0,1564746240.0,5,23,27.1779,6110,1155.22002,0.0,0.0,36.1218
167439.33,2.9751,0.0,1564746240.0,5,23,27.1779,6111,1185.22002,0.0,0.0,35.6986
167469.33,2.9757,0.0,1564746300.0,5,23,27.1613,6112,1215.22002,0.0,0.0,35.4218
167499.33,2.9766,0.0,1564746300.0,5,23,27.1779,6113,1245.22002,0.0,0.0,35.2265
167529.33,2.9773,0.0,1564746360.0,5,23,27.1281,6114,1275.22002,0.0,0.0,34.8684
167559.33,2.978,0.0,1564746360.0,5,23,27.0949,6115,1305.22002,0.0,0.0,34.7381
167589.33,2.9787,0.0,1564746420.0,5,23,27.1115,6116,1335.22002,0.0,0.0,34.5103
167619.33,2.9792,0.0,1564746420.0,5,23,27.1115,6117,1365.22002,0.0,0.0,34.2661
167649.33,2.9799,0.0,1564746480.0,5,23,27.1115,6118,1395.22002,0.0,0.0,34.0707
167679.33,2.9807,0.0,1564746480.0,5,23,27.0617,6119,1425.22002,0.0,0.0,33.8266
167709.33,2.9812,0.0,1564746540.0,5,23,27.0451,6120,1455.22002,0.0,0.0,33.6638
167739.33,2.9818,0.0,1564746540.0,5,23,27.0285,6121,1485.22002,0.0,0.0,33.5173
167769.33,2.9825,0.0,1564746600.0,5,23,27.0285,6122,1515.22002,0.0,0.0,33.3057
167799.33,2.983,0.0,1564746600.0,5,23,27.0119,6123,1545.22002,0.0,0.0,33.0452
167829.33,2.9837,0.0,1564746660.0,5,23,27.0119,6124,1575.22002,0.0,0.0,32.8336
167859.33,2.9845,0.0,1564746660.0,5,23,26.9953,6125,1605.22002,0.0,0.0,32.7197
167889.33,2.9848,0.0,1564746720.0,5,23,26.9787,6126,1635.22002,0.0,0.0,32.5569
167919.33,2.9853,0.0,1564746720.0,5,23,26.9953,6127,1665.22002,0.0,0.0,32.3127
167949.33,2.9859,0.0,1564746780.0,5,23,26.9787,6128,1695.22002,0.0,0.0,32.1662
167979.33,2.9862,0.0,1564746780.0,5,23,26.9621,6129,1725.22002,0.0,0.0,32.036
168009.33,2.9868,0.0,1564746840.0,5,23,26.9289,6130,1755.22002,0.0,0.0,31.9058
168039.33,2.9871,0.0,1564746840.0,5,23,26.9787,6131,1785.22002,0.0,0.0,31.743
168069.33,2.9877,0.0,1564746900.0,5,23,26.9455,6132,1815.22002,0.0,0.0,31.5314
168099.33,2.9882,0.0,1564746900.0,5,23,26.9621,6133,1845.22002,0.0,0.0,31.5314
168129.33,2.9888,0.0,1564746960.0,5,23,26.9455,6134,1875.22002,0.0,0.0,31.3197
168159.33,2.9892,0.0,1564746960.0,5,23,26.9455,6135,1905.22002,0.0,0.0,31.1732
168189.33,2.9897,0.0,1564747020.0,5,23,26.9289,6136,1935.22002,0.0,0.0,31.0919
168219.33,2.9902,0.0,1564747020.0,5,23,26.9455,6137,1965.22002,0.0,0.0,30.9616
168249.33,2.9906,0.0,1564747080.0,5,23,26.8625,6138,1995.22002,0.0,0.0,30.8151
168279.33,2.9909,0.0,1564747080.0,5,23,26.8625,6139,2025.22002,0.0,0.0,30.7337
168309.33,2.9914,0.0,1564747140.0,5,23,26.8625,6140,2055.22002,0.0,0.0,30.6035
168339.33,2.9918,0.0,1564747140.0,5,23,26.9455,6141,2085.22002,0.0,0.0,30.5221
168369.33,2.992,0.0,1564747200.0,5,23,26.9289,6142,2115.22002,0.0,0.0,30.4244
168399.33,2.9928,0.0,1564747200.0,5,23,26.9289,6143,2145.22002,0.0,0.0,30.2779
168429.33,2.9928,0.0,1564747260.0,5,23,26.8957,6144,2175.22002,0.0,0.0,30.1803
168459.33,2.9932,0.0,1564747260.0,5,23,26.8957,6145,2205.22002,0.0,0.0,30.0501
168489.33,2.9937,0.0,1564747320.0,5,23,26.8791,6146,2235.22002,0.0,0.0,29.9846
168519.33,2.994,0.0,1564747320.0,5,23,26.8957,6147,2265.22002,0.0,0.0,29.9345
168549.33,2.9944,0.0,1564747380.0,5,23,26.8127,6148,2295.22002,0.0,0.0,29.8178
168579.33,2.9947,0.0,1564747380.0,5,23,26.7961,6149,2325.22002,0.0,0.0,29.7511
168609.33,2.9952,0.0,1564747440.0,5,23,26.7961,6150,2355.22002,0.0,0.0,29.6843
168639.33,2.9955,0.0,1564747440.0,5,23,26.8127,6151,2385.22002,0.0,0.0,29.601
168669.33,2.9961,0.0,1564747500.0,5,23,26.8459,6152,2415.22002,0.0,0.0,29.5009
168699.33,2.996,0.0,1564747500.0,5,23,26.8459,6153,2445.22002,0.0,0.0,29.4508
168729.33,2.9967,0.0,1564747560.0,5,23,26.8293,6154,2475.22002,0.0,0.0,29.3841
168759.33,2.9969,0.0,1564747560.0,5,23,26.8459,6155,2505.22002,0.0,0.0,29.3174
168789.33,2.9972,0.0,1564747620.0,5,23,26.8293,6156,2535.22002,0.0,0.0,29.2674
168819.33,2.9978,0.0,1564747620.0,5,23,26.8459,6157,2565.22002,0.0,0.0,29.1339
168849.33,2.9978,0.0,1564747680.0,5,23,26.8625,6158,2595.22002,0.0,0.0,29.0839
168879.33,2.9981,0.0,1564747680.0,5,23,26.8625,6159,2625.22002,0.0,0.0,29.0172
168909.33,2.9984,0.0,1564747740.0,5,23,26.8791,6160,2655.22002,0.0,0.0,28.9838
168939.33,2.9986,0.0,1564747740.0,5,23,26.8127,6161,2685.22002,0.0,0.0,28.9171
168969.33,2.9989,0.0,1564747800.0,5,23,26.7961,6162,2715.22002,0.0,0.0,28.8504
168999.33,2.9995,0.0,1564747800.0,5,23,26.7795,6163,2745.22002,0.0,0.0,28.7837
169029.33,2.9995,0.0,1564747860.0,5,23,26.8293,6164,2775.22002,0.0,0.0,28.717
169059.33,2.9999,0.0,1564747860.0,5,23,26.7463,6165,2805.22002,0.0,0.0,28.6669
169089.33,3.0002,0.0,1564747920.0,5,23,26.8127,6166,2835.22002,0.0,0.0,28.5835
169119.33,3.0005,0.0,1564747920.0,5,23,26.7795,6167,2865.22002,0.0,0.0,28.5502
169149.33,3.0008,0.0,1564747980.0,5,23,26.7629,6168,2895.22002,0.0,0.0,28.5335
169179.33,3.0011,0.0,1564747980.0,5,23,26.7629,6169,2925.22002,0.0,0.0,28.4668
169209.33,3.0014,0.0,1564748040.0,5,23,26.7629,6170,2955.22002,0.0,0.0,28.4001
169239.33,3.0018,0.0,1564748040.0,5,23,26.8459,6171,2985.22002,0.0,0.0,28.35
169269.33,3.0018,0.0,1564748100.0,5,23,26.8459,6172,3015.22002,0.0,0.0,28.3167
169299.33,3.0021,0.0,1564748100.0,5,23,26.7961,6173,3045.22002,0.0,0.0,28.3
169329.33,3.0025,0.0,1564748160.0,5,23,26.7795,6174,3075.22002,0.0,0.0,28.2499
169359.33,3.0027,0.0,1564748160.0,5,23,26.8127,6175,3105.22002,0.0,0.0,28.1832
169389.33,3.0028,0.0,1564748220.0,5,23,26.7961,6176,3135.22002,0.0,0.0,28.1332
169419.33,3.0033,0.0,1564748220.0,5,23,26.8127,6177,3165.22002,0.0,0.0,28.0832
169449.33,3.0034,0.0,1564748280.0,5,23,26.8127,6178,3195.22002,0.0,0.0,28.0498
169479.33,3.0036,0.0,1564748280.0,5,23,26.7961,6179,3225.22002,0.0,0.0,28.0164
169509.33,3.0039,0.0,1564748340.0,5,23,26.7795,6180,3255.22002,0.0,0.0,27.9664
169539.33,3.004,0.0,1564748340.0,5,23,26.7463,6181,3285.22002,0.0,0.0,27.9831
169569.33,3.0045,0.0,1564748400.0,5,23,26.7463,6182,3315.22002,0.0,0.0,27.9497
169599.33,3.0047,0.0,1564748400.0,5,23,26.7463,6183,3345.22002,0.0,0.0,27.9164
169629.33,3.005,0.0,1564748460.0,5,23,26.7463,6184,3375.22002,0.0,0.0,27.883
169659.33,3.005,0.0,1564748460.0,5,23,26.7463,6185,3405.22002,0.0,0.0,27.8663
169689.33,3.0053,0.0,1564748520.0,5,23,26.7463,6186,3435.22002,0.0,0.0,27.833
169719.33,3.0056,0.0,1564748520.0,5,23,26.7463,6187,3465.22002,0.0,0.0,27.7996
169749.33,3.006,0.0,1564748580.0,5,23,26.7629,6188,3495.22002,0.0,0.0,27.7829
169779.33,3.006,0.0,1564748580.0,5,23,26.7629,6189,3525.22002,0.0,0.0,27.6995
169809.33,3.0063,0.0,1564748640.0,5,23,26.7463,6190,3555.22002,0.0,0.0,27.6829
169839.33,3.0065,0.0,1564748640.0,5,23,26.7463,6191,3585.22002,0.0,0.0,27.7162
169869.33,3.0068,0.0,1564748700.0,5,23,26.7463,6192,3615.22002,0.0,0.0,27.6829
169899.33,3.0069,0.0,1564748700.0,5,23,26.7629,6193,3645.22002,0.0,0.0,27.6161
169929.33,3.0072,0.0,1564748760.0,5,23,26.7463,6194,3675.22002,0.0,0.0,27.5828
169959.33,3.0077,0.0,1564748760.0,5,23,26.7463,6195,3705.22002,0.0,0.0,27.5494
169989.33,3.0076,0.0,1564748820.0,5,23,26.7463,6196,3735.22002,0.0,0.0,27.5327
170019.33,3.0077,0.0,1564748820.0,5,23,26.7297,6197,3765.22002,0.0,0.0,27.5661
170049.33,3.008,0.0,1564748880.0,5,23,26.7297,6198,3795.22002,0.0,0.0,27.5327
170079.33,3.0082,0.0,1564748880.0,5,23,26.7297,6199,3825.22002,0.0,0.0,27.4994
170109.33,3.0083,0.0,1564748940.0,5,23,26.7131,6200,3855.22002,0.0,0.0,27.4827
170139.33,3.0086,0.0,1564748940.0,5,23,26.7297,6201,3885.22002,0.0,0.0,27.4827
170169.33,3.0088,0.0,1564749000.0,5,23,26.7297,6202,3915.22002,0.0,0.0,27.466
170199.33,3.0089,0.0,1564749000.0,5,23,26.7131,6203,3945.22002,0.0,0.0,27.4494
170229.33,3.0092,0.0,1564749060.0,5,23,26.7297,6204,3975.22002,0.0,0.0,27.4327
170259.33,3.0094,0.0,1564749060.0,5,23,26.7297,6205,4005.22002,0.0,0.0,27.416
170289.33,3.0095,0.0,1564749120.0,5,23,26.7463,6206,4035.22002,0.0,0.0,27.3826
170319.33,3.0098,0.0,1564749120.0,5,23,26.7629,6207,4065.22002,0.0,0.0,27.3493
170349.33,3.0098,0.0,1564749180.0,5,23,26.7629,6208,4095.22002,0.0,0.0,27.3493
170379.33,3.0101,0.0,1564749180.0,5,23,26.7131,6209,4125.22002,0.0,0.0,27.3493
170409.33,3.0101,0.0,1564749240.0,5,23,26.6965,6210,4155.22002,0.0,0.0,27.2826
170439.33,3.0105,0.0,1564749240.0,5,23,26.7629,6211,4185.22002,0.0,0.0,27.2826
170469.33,3.0108,0.0,1564749300.0,5,23,26.7463,6212,4215.22002,0.0,0.0,27.2659
170499.33,3.0108,0.0,1564749300.0,5,23,26.7795,6213,4245.22002,0.0,0.0,27.2659
170529.33,3.0109,0.0,1564749360.0,5,23,26.6799,6214,4275.22002,0.0,0.0,27.2492
170559.33,3.0112,0.0,1564749360.0,5,23,26.7463,6215,4305.22002,0.0,0.0,27.2325
170589.33,3.0114,0.0,1564749420.0,5,23,26.7463,6216,4335.22002,0.0,0.0,27.2325
170619.33,3.0115,0.0,1564749420.0,5,23,26.7629,6217,4365.22002,0.0,0.0,27.2158
170649.33,3.0118,0.0,1564749480.0,5,23,26.7297,6218,4395.22002,0.0,0.0,27.2158
170679.33,3.0118,0.0,1564749480.0,5,23,26.7297,6219,4425.22002,0.0,0.0,27.2325
170709.33,3.0121,0.0,1564749540.0,5,23,26.7297,6220,4455.22002,0.0,0.0,27.1992
170739.33,3.0124,0.0,1564749540.0,5,23,26.7297,6221,4485.22002,0.0,0.0,27.2158
170769.33,3.0124,0.0,1564749600.0,5,23,26.7131,6222,4515.22002,0.0,0.0,27.1992
170799.33,3.0127,0.0,1564749600.0,5,23,26.7131,6223,4545.22002,0.0,0.0,27.1992
170829.33,3.0127,0.0,1564749660.0,5,23,26.6965,6224,4575.22002,0.0,0.0,27.1658
170859.33,3.013,0.0,1564749660.0,5,23,26.6965,6225,4605.22002,0.0,0.0,27.1491
170889.33,3.0132,0.0,1564749720.0,5,23,26.6633,6226,4635.22002,0.0,0.0,27.0991
170919.33,3.0132,0.0,1564749720.0,5,23,26.6799,6227,4665.22002,0.0,0.0,27.1158
170949.33,3.0134,0.0,1564749780.0,5,23,26.6799,6228,4695.22002,0.0,0.0,27.0991
170979.33,3.0137,0.0,1564749780.0,5,23,26.6799,6229,4725.22002,0.0,0.0,27.0991
171009.33,3.0138,0.0,1564749840.0,5,23,26.6965,6230,4755.22002,0.0,0.0,27.0991
171039.33,3.014,0.0,1564749840.0,5,23,26.7463,6231,4785.22002,0.0,0.0,27.1325
171069.33,3.0143,0.0,1564749900.0,5,23,26.7297,6232,4815.22002,0.0,0.0,27.1658
171099.33,3.0141,0.0,1564749900.0,5,23,26.6965,6233,4845.22002,0.0,0.0,27.1325
171129.33,3.0143,0.0,1564749960.0,5,23,26.7297,6234,4875.22002,0.0,0.0,27.1658
171159.33,3.0144,0.0,1564749960.0,5,23,26.7463,6235,4905.22002,0.0,0.0,27.1325
171189.33,3.0149,0.0,1564750020.0,5,23,26.7629,6236,4935.22002,0.0,0.0,27.1491
171219.33,3.0147,0.0,1564750020.0,5,23,26.7297,6237,4965.22002,0.0,0.0,27.1325
171249.33,3.015,0.0,1564750080.0,5,23,26.7629,6238,4995.22002,0.0,0.0,27.1491
171279.33,3.015,0.0,1564750080.0,5,23,26.7463,6239,5025.22002,0.0,0.0,27.1158
171309.33,3.0152,0.0,1564750140.0,5,23,26.7629,6240,5055.22002,0.0,0.0,27.1325
171339.33,3.0155,0.0,1564750140.0,5,23,26.7629,6241,5085.22002,0.0,0.0,27.0824
171369.33,3.0156,0.0,1564750200.0,5,23,26.7629,6242,5115.22002,0.0,0.0,27.1325
171399.33,3.0156,0.0,1564750200.0,5,23,26.7131,6243,5145.22002,0.0,0.0,27.0657
171429.33,3.0158,0.0,1564750260.0,5,23,26.7629,6244,5175.22002,0.0,0.0,27.0491
171459.33,3.0159,0.0,1564750260.0,5,23,26.7297,6245,5205.22002,0.0,0.0,27.0324
171489.33,3.0163,0.0,1564750320.0,5,23,26.7795,6246,5235.22002,0.0,0.0,27.0824
171519.33,3.0163,0.0,1564750320.0,5,23,26.7297,6247,5265.22002,0.0,0.0,27.0491
171549.33,3.0164,0.0,1564750380.0,5,23,26.7795,6248,5295.22002,0.0,0.0,27.0824
171579.33,3.0166,0.0,1564750380.0,5,23,26.7463,6249,5325.22002,0.0,0.0,27.0491
171609.33,3.0167,0.0,1564750440.0,5,23,26.7795,6250,5355.22002,0.0,0.0,27.0657
171639.33,3.017,0.0,1564750440.0,5,23,26.7795,6251,5385.22002,0.0,0.0,27.0657
171669.33,3.0169,0.0,1564750500.0,5,23,26.7629,6252,5415.22002,0.0,0.0,27.0657
171699.33,3.0173,0.0,1564750500.0,5,23,26.7795,6253,5445.22002,0.0,0.0,27.0657
171729.33,3.0173,0.0,1564750560.0,5,23,26.7463,6254,5475.22002,0.0,0.0,27.0157
171759.33,3.0176,0.0,1564750560.0,5,23,26.7795,6255,5505.22002,0.0,0.0,27.0491
171789.33,3.0176,0.0,1564750620.0,5,23,26.7795,6256,5535.22002,0.0,0.0,27.0491
171819.33,3.0179,0.0,1564750620.0,5,23,26.7629,6257,5565.22002,0.0,0.0,27.0324
171849.33,3.0179,0.0,1564750680.0,5,23,26.7795,6258,5595.22002,0.0,0.0,27.0324
171879.33,3.0179,0.0,1564750680.0,5,23,26.8127,6259,5625.22002,0.0,0.0,27.0491
171909.33,3.0182,0.0,1564750740.0,5,23,26.7297,6260,5655.22002,0.0,0.0,26.9657
171939.33,3.0184,0.0,1564750740.0,5,23,26.7629,6261,5685.22002,0.0,0.0,26.999
171969.33,3.0184,0.0,1564750800.0,5,23,26.7795,6262,5715.22002,0.0,0.0,27.0324
171999.33,3.0184,0.0,1564750800.0,5,23,26.7463,6263,5745.22002,0.0,0.0,27.0324
172029.33,3.0187,0.0,1564750860.0,5,23,26.7795,6264,5775.22002,0.0,0.0,26.9823
172059.33,3.0188,0.0,1564750860.0,5,23,26.7795,6265,5805.22002,0.0,0.0,26.9823
172089.33,3.0188,0.0,1564750920.0,5,23,26.7795,6266,5835.22002,0.0,0.0,27.0157
172119.33,3.0188,0.0,1564750920.0,5,23,26.7297,6267,5865.22002,0.0,0.0,26.9323
172149.33,3.0192,0.0,1564750980.0,5,23,26.7629,6268,5895.22002,0.0,0.0,26.9823
172179.33,3.0192,0.0,1564750980.0,5,23,26.7795,6269,5925.22002,0.0,0.0,26.9823
172209.33,3.0193,0.0,1564751040.0,5,23,26.8127,6270,5955.22002,0.0,0.0,26.9823
172239.33,3.0195,0.0,1564751040.0,5,23,26.7961,6271,5985.22002,0.0,0.0,26.9823
172269.33,3.0196,0.0,1564751100.0,5,23,26.8127,6272,6015.22002,0.0,0.0,26.9823
172299.33,3.0198,0.0,1564751100.0,5,23,26.7629,6273,6045.22002,0.0,0.0,13.2729
172329.33,3.0199,0.0,1564751160.0,5,23,26.7795,6274,6075.22002,0.0,0.0,13.2899
172359.33,3.0201,0.0,1564751160.0,5,23,26.7961,6275,6105.22002,0.0,0.0,13.3238
172389.33,3.0204,0.0,1564751220.0,5,23,26.7297,6276,6135.22002,0.0,0.0,13.3238
172419.33,3.0204,0.0,1564751220.0,5,23,26.7297,6277,6165.22002,0.0,0.0,13.3238
172449.33,3.0205,0.0,1564751280.0,5,23,26.7463,6278,6195.22002,0.0,0.0,13.3238
172479.33,3.0207,0.0,1564751280.0,5,23,26.7629,6279,6225.22002,0.0,0.0,13.3408
172509.33,3.0207,0.0,1564751340.0,5,23,14.5173,6280,6255.22002,0.0,0.0,13.3917
172539.33,3.0208,0.0,1564751340.0,5,23,13.166,6281,6285.22002,0.0,0.0,13.4257
172569.33,3.0208,0.0,1564751400.0,5,23,13.166,6282,6315.22002,0.0,0.0,13.3917
172599.33,3.0211,0.0,1564751400.0,5,23,13.1829,6283,6345.22002,0.0,0.0,13.4257
172629.33,3.021,0.0,1564751460.0,5,23,13.2167,6284,6375.22002,0.0,0.0,13.4596
172659.33,3.0213,0.0,1564751460.0,5,23,13.2336,6285,6405.22002,0.0,0.0,13.4936
172689.33,3.0214,0.0,1564751520.0,5,23,13.2505,6286,6435.22002,0.0,0.0,13.5105
172719.33,3.0214,0.0,1564751520.0,5,23,13.2505,6287,6465.22002,0.0,0.0,13.4936
172749.33,3.0216,0.0,1564751580.0,5,23,13.2843,6288,6495.22002,0.0,0.0,13.5275
172779.33,3.0217,0.0,1564751580.0,5,23,13.3012,6289,6525.22002,0.0,0.0,13.5445
172809.33,3.0217,0.0,1564751640.0,5,23,13.3012,6290,6555.22002,0.0,0.0,13.5615
172839.33,3.022,0.0,1564751640.0,5,23,13.3181,6291,6585.22002,0.0,0.0,13.5615
172869.33,3.022,0.0,1564751700.0,5,23,13.3181,6292,6615.22002,0.0,0.0,13.5615
172899.33,3.022,0.0,1564751700.0,5,23,13.3518,6293,6645.22002,0.0,0.0,13.6124
172929.33,3.0224,0.0,1564751760.0,5,23,13.3856,6294,6675.22002,0.0,0.0,13.6293
172959.33,3.0225,0.0,1564751760.0,5,23,13.4025,6295,6705.22002,0.0,0.0,13.6463
172989.33,3.0224,0.0,1564751820.0,5,23,13.4025,6296,6735.22002,0.0,0.0,13.6463
173019.33,3.0225,0.0,1564751820.0,5,23,13.4363,6297,6765.22002,0.0,0.0,13.6803
173049.33,3.0228,0.0,1564751880.0,5,23,13.4532,6298,6795.22002,0.0,0.0,13.7142
173079.33,3.023,0.0,1564751880.0,5,23,13.487,6299,6825.22002,0.0,0.0,13.6972
173109.33,3.023,0.0,1564751940.0,5,23,13.4701,6300,6855.22002,0.0,0.0,13.7142
173139.33,3.0231,0.0,1564751940.0,5,23,13.4701,6301,6885.22002,0.0,0.0,13.6972
173169.33,3.0233,0.0,1564752000.0,5,23,13.487,6302,6915.22002,0.0,0.0,13.7142
173199.33,3.0233,0.0,1564752000.0,5,23,13.487,6303,6945.22002,0.0,0.0,13.7142
173229.33,3.0236,0.0,1564752060.0,5,23,13.5039,6304,6975.22002,0.0,0.0,13.7481
173259.33,3.0234,0.0,1564752060.0,5,23,13.5208,6305,7005.22002,0.0,0.0,13.7651
173289.33,3.0237,0.0,1564752120.0,5,23,13.5883,6306,7035.22002,0.0,0.0,13.85
173319.33,3.0237,0.0,1564752120.0,5,23,13.6052,6307,7065.22002,0.0,0.0,13.8669
173349.33,3.0237,0.0,1564752180.0,5,23,13.6221,6308,7095.22002,0.0,0.0,13.85
173379.33,3.024,0.0,1564752180.0,5,23,13.6221,6309,7125.22002,0.0,0.0,13.9009
173409.33,3.024,0.0,1564752240.0,5,23,13.6897,6310,7155.22002,0.0,0.0,13.9857
173439.33,3.024,0.0,1564752240.0,5,23,13.7572,6311,7185.22002,0.0,0.0,14.0367
173454.11,3.024,0.0,1564752240.0,5,23,13.7572,6312,7200.0,0.0,0.0,14.0027
173454.11,3.024,0.0,1564752240.0,5,24,13.7572,6313,7200.0,0.0,0.0,14.0027
