test_time_second,voltage_volt,current_ampere,unix_time_second,cycle_count,step_id,step_time_second,step_charging_capacity_ah,step_discharging_capacity_ah,step_cumulative_capacity_ah,step_charging_energy_wh,step_discharging_energy_wh
0.0,3.8133,0.0,1729695087.0,1,1,0.0,0.0,0.0,0.0,0.0,0.0
0.01,3.8133,0.0,1729695087.0,1,1,0.01,0.0,0.0,0.0,0.0,0.0
10.0,3.8133,0.0,1729695097.0,1,1,10.0,0.0,0.0,0.0,0.0,0.0
20.0,3.8133,0.0,1729695107.0,1,1,20.0,0.0,0.0,0.0,0.0,0.0
30.0,3.8132,0.0,1729695117.0,1,1,30.0,0.0,0.0,0.0,0.0,0.0
40.0,3.8133,0.0,1729695127.0,1,1,40.0,0.0,0.0,0.0,0.0,0.0
50.0,3.8133,0.0,1729695137.0,1,1,50.0,0.0,0.0,0.0,0.0,0.0
60.0,3.8133,0.0,1729695147.0,1,1,60.0,0.0,0.0,0.0,0.0,0.0
70.0,3.8133,0.0,1729695157.0,1,1,70.0,0.0,0.0,0.0,0.0,0.0
80.0,3.8133,0.0,1729695167.0,1,1,80.0,0.0,0.0,0.0,0.0,0.0
90.0,3.8133,0.0,1729695177.0,1,1,90.0,0.0,0.0,0.0,0.0,0.0
100.0,3.8133,0.0,1729695187.0,1,1,100.0,0.0,0.0,0.0,0.0,0.0
110.0,3.8133,0.0,1729695197.0,1,1,110.0,0.0,0.0,0.0,0.0,0.0
120.0,3.8133,0.0,1729695207.0,1,1,120.0,0.0,0.0,0.0,0.0,0.0
130.0,3.8133,0.0,1729695217.0,1,1,130.0,0.0,0.0,0.0,0.0,0.0
140.0,3.8133,0.0,1729695227.0,1,1,140.0,0.0,0.0,0.0,0.0,0.0
150.0,3.8133,0.0,1729695237.0,1,1,150.0,0.0,0.0,0.0,0.0,0.0
160.0,3.8133,0.0,1729695247.0,1,1,160.0,0.0,0.0,0.0,0.0,0.0
170.0,3.8133,0.0,1729695257.0,1,1,170.0,0.0,0.0,0.0,0.0,0.0
180.0,3.8133,0.0,1729695267.0,1,1,180.0,0.0,0.0,0.0,0.0,0.0
190.0,3.8133,0.0,1729695277.0,1,1,190.0,0.0,0.0,0.0,0.0,0.0
200.0,3.8132,0.0,1729695287.0,1,1,200.0,0.0,0.0,0.0,0.0,0.0
210.0,3.8133,0.0,1729695297.0,1,1,210.0,0.0,0.0,0.0,0.0,0.0
220.0,3.8133,0.0,1729695307.0,1,1,220.0,0.0,0.0,0.0,0.0,0.0
230.0,3.8133,0.0,1729695317.0,1,1,230.0,0.0,0.0,0.0,0.0,0.0
240.0,3.8133,0.0,1729695327.0,1,1,240.0,0.0,0.0,0.0,0.0,0.0
250.0,3.8133,0.0,1729695337.0,1,1,250.0,0.0,0.0,0.0,0.0,0.0
260.0,3.8133,0.0,1729695347.0,1,1,260.0,0.0,0.0,0.0,0.0,0.0
270.0,3.8133,0.0,1729695357.0,1,1,270.0,0.0,0.0,0.0,0.0,0.0
280.0,3.8132,0.0,1729695367.0,1,1,280.0,0.0,0.0,0.0,0.0,0.0
290.0,3.8133,0.0,1729695377.0,1,1,290.0,0.0,0.0,0.0,0.0,0.0
300.0,3.8133,0.0,1729695387.0,1,1,300.0,0.0,0.0,0.0,0.0,0.0
310.0,3.8133,0.0,1729695397.0,1,1,310.0,0.0,0.0,0.0,0.0,0.0
320.0,3.8133,0.0,1729695407.0,1,1,320.0,0.0,0.0,0.0,0.0,0.0
330.0,3.8132,0.0,1729695417.0,1,1,330.0,0.0,0.0,0.0,0.0,0.0
340.0,3.8133,0.0,1729695427.0,1,1,340.0,0.0,0.0,0.0,0.0,0.0
350.0,3.8133,0.0,1729695437.0,1,1,350.0,0.0,0.0,0.0,0.0,0.0
360.0,3.8133,0.0,1729695447.0,1,1,360.0,0.0,0.0,0.0,0.0,0.0
370.0,3.8133,0.0,1729695457.0,1,1,370.0,0.0,0.0,0.0,0.0,0.0
380.0,3.8133,0.0,1729695467.0,1,1,380.0,0.0,0.0,0.0,0.0,0.0
390.0,3.8133,0.0,1729695477.0,1,1,390.0,0.0,0.0,0.0,0.0,0.0
400.0,3.8133,0.0,1729695487.0,1,1,400.0,0.0,0.0,0.0,0.0,0.0
410.0,3.8133,0.0,1729695497.0,1,1,410.0,0.0,0.0,0.0,0.0,0.0
420.0,3.8133,0.0,1729695507.0,1,1,420.0,0.0,0.0,0.0,0.0,0.0
430.0,3.8133,0.0,1729695517.0,1,1,430.0,0.0,0.0,0.0,0.0,0.0
440.0,3.8133,0.0,1729695527.0,1,1,440.0,0.0,0.0,0.0,0.0,0.0
450.0,3.8133,0.0,1729695537.0,1,1,450.0,0.0,0.0,0.0,0.0,0.0
460.0,3.8133,0.0,1729695547.0,1,1,460.0,0.0,0.0,0.0,0.0,0.0
470.0,3.8133,0.0,1729695557.0,1,1,470.0,0.0,0.0,0.0,0.0,0.0
480.0,3.8133,0.0,1729695567.0,1,1,480.0,0.0,0.0,0.0,0.0,0.0
490.0,3.8133,0.0,1729695577.0,1,1,490.0,0.0,0.0,0.0,0.0,0.0
500.0,3.8133,0.0,1729695587.0,1,1,500.0,0.0,0.0,0.0,0.0,0.0
510.0,3.8133,0.0,1729695597.0,1,1,510.0,0.0,0.0,0.0,0.0,0.0
520.0,3.8133,0.0,1729695607.0,1,1,520.0,0.0,0.0,0.0,0.0,0.0
530.0,3.8133,0.0,1729695617.0,1,1,530.0,0.0,0.0,0.0,0.0,0.0
540.0,3.8133,0.0,1729695627.0,1,1,540.0,0.0,0.0,0.0,0.0,0.0
550.0,3.8133,0.0,1729695637.0,1,1,550.0,0.0,0.0,0.0,0.0,0.0
560.0,3.8133,0.0,1729695647.0,1,1,560.0,0.0,0.0,0.0,0.0,0.0
570.0,3.8133,0.0,1729695657.0,1,1,570.0,0.0,0.0,0.0,0.0,0.0
580.0,3.8133,0.0,1729695667.0,1,1,580.0,0.0,0.0,0.0,0.0,0.0
590.0,3.8133,0.0,1729695677.0,1,1,590.0,0.0,0.0,0.0,0.0,0.0
600.0,3.8133,0.0,1729695687.0,1,1,600.0,0.0,0.0,0.0,0.0,0.0
610.0,3.8133,0.0,1729695697.0,1,1,610.0,0.0,0.0,0.0,0.0,0.0
620.0,3.8133,0.0,1729695707.0,1,1,620.0,0.0,0.0,0.0,0.0,0.0
630.0,3.8133,0.0,1729695717.0,1,1,630.0,0.0,0.0,0.0,0.0,0.0
640.0,3.8133,0.0,1729695727.0,1,1,640.0,0.0,0.0,0.0,0.0,0.0
650.0,3.8133,0.0,1729695737.0,1,1,650.0,0.0,0.0,0.0,0.0,0.0
660.0,3.8133,0.0,1729695747.0,1,1,660.0,0.0,0.0,0.0,0.0,0.0
670.0,3.8133,0.0,1729695757.0,1,1,670.0,0.0,0.0,0.0,0.0,0.0
680.0,3.8133,0.0,1729695767.0,1,1,680.0,0.0,0.0,0.0,0.0,0.0
690.0,3.8133,0.0,1729695777.0,1,1,690.0,0.0,0.0,0.0,0.0,0.0
700.0,3.8133,0.0,1729695787.0,1,1,700.0,0.0,0.0,0.0,0.0,0.0
710.0,3.8133,0.0,1729695797.0,1,1,710.0,0.0,0.0,0.0,0.0,0.0
720.0,3.8133,0.0,1729695807.0,1,1,720.0,0.0,0.0,0.0,0.0,0.0
730.0,3.8133,0.0,1729695817.0,1,1,730.0,0.0,0.0,0.0,0.0,0.0
740.0,3.8133,0.0,1729695827.0,1,1,740.0,0.0,0.0,0.0,0.0,0.0
750.0,3.8133,0.0,1729695837.0,1,1,750.0,0.0,0.0,0.0,0.0,0.0
760.0,3.8133,0.0,1729695847.0,1,1,760.0,0.0,0.0,0.0,0.0,0.0
770.0,3.8133,0.0,1729695857.0,1,1,770.0,0.0,0.0,0.0,0.0,0.0
780.0,3.8133,0.0,1729695867.0,1,1,780.0,0.0,0.0,0.0,0.0,0.0
790.0,3.8133,0.0,1729695877.0,1,1,790.0,0.0,0.0,0.0,0.0,0.0
800.0,3.8133,0.0,1729695887.0,1,1,800.0,0.0,0.0,0.0,0.0,0.0
810.0,3.8133,0.0,1729695897.0,1,1,810.0,0.0,0.0,0.0,0.0,0.0
820.0,3.8133,0.0,1729695907.0,1,1,820.0,0.0,0.0,0.0,0.0,0.0
830.0,3.8133,0.0,1729695917.0,1,1,830.0,0.0,0.0,0.0,0.0,0.0
840.0,3.8133,0.0,1729695927.0,1,1,840.0,0.0,0.0,0.0,0.0,0.0
850.0,3.8133,0.0,1729695937.0,1,1,850.0,0.0,0.0,0.0,0.0,0.0
860.0,3.8133,0.0,1729695947.0,1,1,860.0,0.0,0.0,0.0,0.0,0.0
870.0,3.8133,0.0,1729695957.0,1,1,870.0,0.0,0.0,0.0,0.0,0.0
880.0,3.8133,0.0,1729695967.0,1,1,880.0,0.0,0.0,0.0,0.0,0.0
890.0,3.8133,0.0,1729695977.0,1,1,890.0,0.0,0.0,0.0,0.0,0.0
900.0,3.8133,0.0,1729695987.0,1,1,900.0,0.0,0.0,0.0,0.0,0.0
910.0,3.8133,0.0,1729695997.0,1,1,910.0,0.0,0.0,0.0,0.0,0.0
920.0,3.8133,0.0,1729696007.0,1,1,920.0,0.0,0.0,0.0,0.0,0.0
930.0,3.8133,0.0,1729696017.0,1,1,930.0,0.0,0.0,0.0,0.0,0.0
940.0,3.8133,0.0,1729696027.0,1,1,940.0,0.0,0.0,0.0,0.0,0.0
950.0,3.8133,0.0,1729696037.0,1,1,950.0,0.0,0.0,0.0,0.0,0.0
960.0,3.8133,0.0,1729696047.0,1,1,960.0,0.0,0.0,0.0,0.0,0.0
970.0,3.8133,0.0,1729696057.0,1,1,970.0,0.0,0.0,0.0,0.0,0.0
980.0,3.8133,0.0,1729696067.0,1,1,980.0,0.0,0.0,0.0,0.0,0.0
990.0,3.8133,0.0,1729696077.0,1,1,990.0,0.0,0.0,0.0,0.0,0.0
1000.0,3.8133,0.0,1729696087.0,1,1,1000.0,0.0,0.0,0.0,0.0,0.0
1010.0,3.8133,0.0,1729696097.0,1,1,1010.0,0.0,0.0,0.0,0.0,0.0
1020.0,3.8133,0.0,1729696107.0,1,1,1020.0,0.0,0.0,0.0,0.0,0.0
1030.0,3.8133,0.0,1729696117.0,1,1,1030.0,0.0,0.0,0.0,0.0,0.0
1040.0,3.8133,0.0,1729696127.0,1,1,1040.0,0.0,0.0,0.0,0.0,0.0
1050.0,3.8133,0.0,1729696137.0,1,1,1050.0,0.0,0.0,0.0,0.0,0.0
1060.0,3.8133,0.0,1729696147.0,1,1,1060.0,0.0,0.0,0.0,0.0,0.0
1070.0,3.8133,0.0,1729696157.0,1,1,1070.0,0.0,0.0,0.0,0.0,0.0
1080.0,3.8133,0.0,1729696167.0,1,1,1080.0,0.0,0.0,0.0,0.0,0.0
1090.0,3.8133,0.0,1729696177.0,1,1,1090.0,0.0,0.0,0.0,0.0,0.0
1100.0,3.8133,0.0,1729696187.0,1,1,1100.0,0.0,0.0,0.0,0.0,0.0
1110.0,3.8133,0.0,1729696197.0,1,1,1110.0,0.0,0.0,0.0,0.0,0.0
1120.0,3.8133,0.0,1729696207.0,1,1,1120.0,0.0,0.0,0.0,0.0,0.0
1130.0,3.8133,0.0,1729696217.0,1,1,1130.0,0.0,0.0,0.0,0.0,0.0
1140.0,3.8133,0.0,1729696227.0,1,1,1140.0,0.0,0.0,0.0,0.0,0.0
1150.0,3.8133,0.0,1729696237.0,1,1,1150.0,0.0,0.0,0.0,0.0,0.0
1160.0,3.8133,0.0,1729696247.0,1,1,1160.0,0.0,0.0,0.0,0.0,0.0
1170.0,3.8133,0.0,1729696257.0,1,1,1170.0,0.0,0.0,0.0,0.0,0.0
1180.0,3.8133,0.0,1729696267.0,1,1,1180.0,0.0,0.0,0.0,0.0,0.0
1190.0,3.8133,0.0,1729696277.0,1,1,1190.0,0.0,0.0,0.0,0.0,0.0
1200.0,3.8133,0.0,1729696287.0,1,1,1200.0,0.0,0.0,0.0,0.0,0.0
1210.0,3.8133,0.0,1729696297.0,1,1,1210.0,0.0,0.0,0.0,0.0,0.0
1220.0,3.8133,0.0,1729696307.0,1,1,1220.0,0.0,0.0,0.0,0.0,0.0
1230.0,3.8133,0.0,1729696317.0,1,1,1230.0,0.0,0.0,0.0,0.0,0.0
1240.0,3.8133,0.0,1729696327.0,1,1,1240.0,0.0,0.0,0.0,0.0,0.0
1250.0,3.8133,0.0,1729696337.0,1,1,1250.0,0.0,0.0,0.0,0.0,0.0
1260.0,3.8133,0.0,1729696347.0,1,1,1260.0,0.0,0.0,0.0,0.0,0.0
1270.0,3.8133,0.0,1729696357.0,1,1,1270.0,0.0,0.0,0.0,0.0,0.0
1280.0,3.8133,0.0,1729696367.0,1,1,1280.0,0.0,0.0,0.0,0.0,0.0
1290.0,3.8133,0.0,1729696377.0,1,1,1290.0,0.0,0.0,0.0,0.0,0.0
1300.0,3.8133,0.0,1729696387.0,1,1,1300.0,0.0,0.0,0.0,0.0,0.0
1310.0,3.8133,0.0,1729696397.0,1,1,1310.0,0.0,0.0,0.0,0.0,0.0
1320.0,3.8133,0.0,1729696407.0,1,1,1320.0,0.0,0.0,0.0,0.0,0.0
1330.0,3.8133,0.0,1729696417.0,1,1,1330.0,0.0,0.0,0.0,0.0,0.0
1340.0,3.8133,0.0,1729696427.0,1,1,1340.0,0.0,0.0,0.0,0.0,0.0
1350.0,3.8133,0.0,1729696437.0,1,1,1350.0,0.0,0.0,0.0,0.0,0.0
1360.0,3.8133,0.0,1729696447.0,1,1,1360.0,0.0,0.0,0.0,0.0,0.0
1370.0,3.8133,0.0,1729696457.0,1,1,1370.0,0.0,0.0,0.0,0.0,0.0
1380.0,3.8133,0.0,1729696467.0,1,1,1380.0,0.0,0.0,0.0,0.0,0.0
1390.0,3.8133,0.0,1729696477.0,1,1,1390.0,0.0,0.0,0.0,0.0,0.0
1400.0,3.8133,0.0,1729696487.0,1,1,1400.0,0.0,0.0,0.0,0.0,0.0
1410.0,3.8133,0.0,1729696497.0,1,1,1410.0,0.0,0.0,0.0,0.0,0.0
1420.0,3.8133,0.0,1729696507.0,1,1,1420.0,0.0,0.0,0.0,0.0,0.0
1430.0,3.8133,0.0,1729696517.0,1,1,1430.0,0.0,0.0,0.0,0.0,0.0
1440.0,3.8133,0.0,1729696527.0,1,1,1440.0,0.0,0.0,0.0,0.0,0.0
1450.0,3.8133,0.0,1729696537.0,1,1,1450.0,0.0,0.0,0.0,0.0,0.0
1460.0,3.8133,0.0,1729696547.0,1,1,1460.0,0.0,0.0,0.0,0.0,0.0
1470.0,3.8133,0.0,1729696557.0,1,1,1470.0,0.0,0.0,0.0,0.0,0.0
1480.0,3.8133,0.0,1729696567.0,1,1,1480.0,0.0,0.0,0.0,0.0,0.0
1490.0,3.8133,0.0,1729696577.0,1,1,1490.0,0.0,0.0,0.0,0.0,0.0
1500.0,3.8133,0.0,1729696587.0,1,1,1500.0,0.0,0.0,0.0,0.0,0.0
1510.0,3.8133,0.0,1729696597.0,1,1,1510.0,0.0,0.0,0.0,0.0,0.0
1520.0,3.8133,0.0,1729696607.0,1,1,1520.0,0.0,0.0,0.0,0.0,0.0
1530.0,3.8133,0.0,1729696617.0,1,1,1530.0,0.0,0.0,0.0,0.0,0.0
1540.0,3.8133,0.0,1729696627.0,1,1,1540.0,0.0,0.0,0.0,0.0,0.0
1550.0,3.8133,0.0,1729696637.0,1,1,1550.0,0.0,0.0,0.0,0.0,0.0
1560.0,3.8133,0.0,1729696647.0,1,1,1560.0,0.0,0.0,0.0,0.0,0.0
1570.0,3.8133,0.0,1729696657.0,1,1,1570.0,0.0,0.0,0.0,0.0,0.0
1580.0,3.8133,0.0,1729696667.0,1,1,1580.0,0.0,0.0,0.0,0.0,0.0
1590.0,3.8132,0.0,1729696677.0,1,1,1590.0,0.0,0.0,0.0,0.0,0.0
1600.0,3.8133,0.0,1729696687.0,1,1,1600.0,0.0,0.0,0.0,0.0,0.0
1610.0,3.8133,0.0,1729696697.0,1,1,1610.0,0.0,0.0,0.0,0.0,0.0
1620.0,3.8133,0.0,1729696707.0,1,1,1620.0,0.0,0.0,0.0,0.0,0.0
1630.0,3.8133,0.0,1729696717.0,1,1,1630.0,0.0,0.0,0.0,0.0,0.0
1640.0,3.8133,0.0,1729696727.0,1,1,1640.0,0.0,0.0,0.0,0.0,0.0
1650.0,3.8133,0.0,1729696737.0,1,1,1650.0,0.0,0.0,0.0,0.0,0.0
1660.0,3.8133,0.0,1729696747.0,1,1,1660.0,0.0,0.0,0.0,0.0,0.0
1670.0,3.8133,0.0,1729696757.0,1,1,1670.0,0.0,0.0,0.0,0.0,0.0
1680.0,3.8133,0.0,1729696767.0,1,1,1680.0,0.0,0.0,0.0,0.0,0.0
1690.0,3.8133,0.0,1729696777.0,1,1,1690.0,0.0,0.0,0.0,0.0,0.0
1700.0,3.8133,0.0,1729696787.0,1,1,1700.0,0.0,0.0,0.0,0.0,0.0
1710.0,3.8133,0.0,1729696797.0,1,1,1710.0,0.0,0.0,0.0,0.0,0.0
1720.0,3.8133,0.0,1729696807.0,1,1,1720.0,0.0,0.0,0.0,0.0,0.0
1730.0,3.8133,0.0,1729696817.0,1,1,1730.0,0.0,0.0,0.0,0.0,0.0
1740.0,3.8133,0.0,1729696827.0,1,1,1740.0,0.0,0.0,0.0,0.0,0.0
1750.0,3.8133,0.0,1729696837.0,1,1,1750.0,0.0,0.0,0.0,0.0,0.0
1760.0,3.8133,0.0,1729696847.0,1,1,1760.0,0.0,0.0,0.0,0.0,0.0
1770.0,3.8133,0.0,1729696857.0,1,1,1770.0,0.0,0.0,0.0,0.0,0.0
1780.0,3.8133,0.0,1729696867.0,1,1,1780.0,0.0,0.0,0.0,0.0,0.0
1790.0,3.8133,0.0,1729696877.0,1,1,1790.0,0.0,0.0,0.0,0.0,0.0
1800.0,3.8133,0.0,1729696887.0,1,1,1800.0,0.0,0.0,0.0,0.0,0.0
1810.0,3.8133,0.0,1729696897.0,1,1,1810.0,0.0,0.0,0.0,0.0,0.0
1820.0,3.8133,0.0,1729696907.0,1,1,1820.0,0.0,0.0,0.0,0.0,0.0
1830.0,3.8133,0.0,1729696917.0,1,1,1830.0,0.0,0.0,0.0,0.0,0.0
1840.0,3.8133,0.0,1729696927.0,1,1,1840.0,0.0,0.0,0.0,0.0,0.0
1850.0,3.8133,0.0,1729696937.0,1,1,1850.0,0.0,0.0,0.0,0.0,0.0
1860.0,3.8133,0.0,1729696947.0,1,1,1860.0,0.0,0.0,0.0,0.0,0.0
1870.0,3.8133,0.0,1729696957.0,1,1,1870.0,0.0,0.0,0.0,0.0,0.0
1880.0,3.8133,0.0,1729696967.0,1,1,1880.0,0.0,0.0,0.0,0.0,0.0
1890.0,3.8133,0.0,1729696977.0,1,1,1890.0,0.0,0.0,0.0,0.0,0.0
1900.0,3.8133,0.0,1729696987.0,1,1,1900.0,0.0,0.0,0.0,0.0,0.0
1910.0,3.8133,0.0,1729696997.0,1,1,1910.0,0.0,0.0,0.0,0.0,0.0
1920.0,3.8133,0.0,1729697007.0,1,1,1920.0,0.0,0.0,0.0,0.0,0.0
1930.0,3.8133,0.0,1729697017.0,1,1,1930.0,0.0,0.0,0.0,0.0,0.0
1940.0,3.8133,0.0,1729697027.0,1,1,1940.0,0.0,0.0,0.0,0.0,0.0
1950.0,3.8133,0.0,1729697037.0,1,1,1950.0,0.0,0.0,0.0,0.0,0.0
1960.0,3.8133,0.0,1729697047.0,1,1,1960.0,0.0,0.0,0.0,0.0,0.0
1970.0,3.8133,0.0,1729697057.0,1,1,1970.0,0.0,0.0,0.0,0.0,0.0
1980.0,3.8133,0.0,1729697067.0,1,1,1980.0,0.0,0.0,0.0,0.0,0.0
1990.0,3.8133,0.0,1729697077.0,1,1,1990.0,0.0,0.0,0.0,0.0,0.0
2000.0,3.8133,0.0,1729697087.0,1,1,2000.0,0.0,0.0,0.0,0.0,0.0
2010.0,3.8133,0.0,1729697097.0,1,1,2010.0,0.0,0.0,0.0,0.0,0.0
2020.0,3.8133,0.0,1729697107.0,1,1,2020.0,0.0,0.0,0.0,0.0,0.0
2030.0,3.8133,0.0,1729697117.0,1,1,2030.0,0.0,0.0,0.0,0.0,0.0
2040.0,3.8133,0.0,1729697127.0,1,1,2040.0,0.0,0.0,0.0,0.0,0.0
2050.0,3.8133,0.0,1729697137.0,1,1,2050.0,0.0,0.0,0.0,0.0,0.0
2060.0,3.8133,0.0,1729697147.0,1,1,2060.0,0.0,0.0,0.0,0.0,0.0
2070.0,3.8133,0.0,1729697157.0,1,1,2070.0,0.0,0.0,0.0,0.0,0.0
2080.0,3.8133,0.0,1729697167.0,1,1,2080.0,0.0,0.0,0.0,0.0,0.0
2090.0,3.8133,0.0,1729697177.0,1,1,2090.0,0.0,0.0,0.0,0.0,0.0
2100.0,3.8133,0.0,1729697187.0,1,1,2100.0,0.0,0.0,0.0,0.0,0.0
2110.0,3.8133,0.0,1729697197.0,1,1,2110.0,0.0,0.0,0.0,0.0,0.0
2120.0,3.8133,0.0,1729697207.0,1,1,2120.0,0.0,0.0,0.0,0.0,0.0
2130.0,3.8133,0.0,1729697217.0,1,1,2130.0,0.0,0.0,0.0,0.0,0.0
2140.0,3.8133,0.0,1729697227.0,1,1,2140.0,0.0,0.0,0.0,0.0,0.0
2150.0,3.8133,0.0,1729697237.0,1,1,2150.0,0.0,0.0,0.0,0.0,0.0
2160.0,3.8133,0.0,1729697247.0,1,1,2160.0,0.0,0.0,0.0,0.0,0.0
2170.0,3.8133,0.0,1729697257.0,1,1,2170.0,0.0,0.0,0.0,0.0,0.0
2180.0,3.8133,0.0,1729697267.0,1,1,2180.0,0.0,0.0,0.0,0.0,0.0
2190.0,3.8133,0.0,1729697277.0,1,1,2190.0,0.0,0.0,0.0,0.0,0.0
2200.0,3.8133,0.0,1729697287.0,1,1,2200.0,0.0,0.0,0.0,0.0,0.0
2210.0,3.8133,0.0,1729697297.0,1,1,2210.0,0.0,0.0,0.0,0.0,0.0
2220.0,3.8133,0.0,1729697307.0,1,1,2220.0,0.0,0.0,0.0,0.0,0.0
2230.0,3.8133,0.0,1729697317.0,1,1,2230.0,0.0,0.0,0.0,0.0,0.0
2240.0,3.8133,0.0,1729697327.0,1,1,2240.0,0.0,0.0,0.0,0.0,0.0
2250.0,3.8133,0.0,1729697337.0,1,1,2250.0,0.0,0.0,0.0,0.0,0.0
2260.0,3.8133,0.0,1729697347.0,1,1,2260.0,0.0,0.0,0.0,0.0,0.0
2270.0,3.8133,0.0,1729697357.0,1,1,2270.0,0.0,0.0,0.0,0.0,0.0
2280.0,3.8133,0.0,1729697367.0,1,1,2280.0,0.0,0.0,0.0,0.0,0.0
2290.0,3.8133,0.0,1729697377.0,1,1,2290.0,0.0,0.0,0.0,0.0,0.0
2300.0,3.8133,0.0,1729697387.0,1,1,2300.0,0.0,0.0,0.0,0.0,0.0
2310.0,3.8133,0.0,1729697397.0,1,1,2310.0,0.0,0.0,0.0,0.0,0.0
2320.0,3.8133,0.0,1729697407.0,1,1,2320.0,0.0,0.0,0.0,0.0,0.0
2330.0,3.8133,0.0,1729697417.0,1,1,2330.0,0.0,0.0,0.0,0.0,0.0
2340.0,3.8133,0.0,1729697427.0,1,1,2340.0,0.0,0.0,0.0,0.0,0.0
2350.0,3.8133,0.0,1729697437.0,1,1,2350.0,0.0,0.0,0.0,0.0,0.0
2360.0,3.8133,0.0,1729697447.0,1,1,2360.0,0.0,0.0,0.0,0.0,0.0
2370.0,3.8133,0.0,1729697457.0,1,1,2370.0,0.0,0.0,0.0,0.0,0.0
2380.0,3.8133,0.0,1729697467.0,1,1,2380.0,0.0,0.0,0.0,0.0,0.0
2390.0,3.8133,0.0,1729697477.0,1,1,2390.0,0.0,0.0,0.0,0.0,0.0
2400.0,3.8133,0.0,1729697487.0,1,1,2400.0,0.0,0.0,0.0,0.0,0.0
2410.0,3.8133,0.0,1729697497.0,1,1,2410.0,0.0,0.0,0.0,0.0,0.0
2420.0,3.8133,0.0,1729697507.0,1,1,2420.0,0.0,0.0,0.0,0.0,0.0
2430.0,3.8133,0.0,1729697517.0,1,1,2430.0,0.0,0.0,0.0,0.0,0.0
2440.0,3.8133,0.0,1729697527.0,1,1,2440.0,0.0,0.0,0.0,0.0,0.0
2450.0,3.8133,0.0,1729697537.0,1,1,2450.0,0.0,0.0,0.0,0.0,0.0
2460.0,3.8133,0.0,1729697547.0,1,1,2460.0,0.0,0.0,0.0,0.0,0.0
2470.0,3.8133,0.0,1729697557.0,1,1,2470.0,0.0,0.0,0.0,0.0,0.0
2480.0,3.8133,0.0,1729697567.0,1,1,2480.0,0.0,0.0,0.0,0.0,0.0
2490.0,3.8133,0.0,1729697577.0,1,1,2490.0,0.0,0.0,0.0,0.0,0.0
2500.0,3.8133,0.0,1729697587.0,1,1,2500.0,0.0,0.0,0.0,0.0,0.0
2510.0,3.8133,0.0,1729697597.0,1,1,2510.0,0.0,0.0,0.0,0.0,0.0
2520.0,3.8133,0.0,1729697607.0,1,1,2520.0,0.0,0.0,0.0,0.0,0.0
2530.0,3.8133,0.0,1729697617.0,1,1,2530.0,0.0,0.0,0.0,0.0,0.0
2540.0,3.8133,0.0,1729697627.0,1,1,2540.0,0.0,0.0,0.0,0.0,0.0
2550.0,3.8133,0.0,1729697637.0,1,1,2550.0,0.0,0.0,0.0,0.0,0.0
2560.0,3.8133,0.0,1729697647.0,1,1,2560.0,0.0,0.0,0.0,0.0,0.0
2570.0,3.8132,0.0,1729697657.0,1,1,2570.0,0.0,0.0,0.0,0.0,0.0
2580.0,3.8133,0.0,1729697667.0,1,1,2580.0,0.0,0.0,0.0,0.0,0.0
2590.0,3.8133,0.0,1729697677.0,1,1,2590.0,0.0,0.0,0.0,0.0,0.0
2600.0,3.8133,0.0,1729697687.0,1,1,2600.0,0.0,0.0,0.0,0.0,0.0
2610.0,3.8133,0.0,1729697697.0,1,1,2610.0,0.0,0.0,0.0,0.0,0.0
2620.0,3.8133,0.0,1729697707.0,1,1,2620.0,0.0,0.0,0.0,0.0,0.0
2630.0,3.8133,0.0,1729697717.0,1,1,2630.0,0.0,0.0,0.0,0.0,0.0
2640.0,3.8133,0.0,1729697727.0,1,1,2640.0,0.0,0.0,0.0,0.0,0.0
2650.0,3.8133,0.0,1729697737.0,1,1,2650.0,0.0,0.0,0.0,0.0,0.0
2660.0,3.8133,0.0,1729697747.0,1,1,2660.0,0.0,0.0,0.0,0.0,0.0
2670.0,3.8133,0.0,1729697757.0,1,1,2670.0,0.0,0.0,0.0,0.0,0.0
2680.0,3.8133,0.0,1729697767.0,1,1,2680.0,0.0,0.0,0.0,0.0,0.0
2690.0,3.8133,0.0,1729697777.0,1,1,2690.0,0.0,0.0,0.0,0.0,0.0
2700.0,3.8133,0.0,1729697787.0,1,1,2700.0,0.0,0.0,0.0,0.0,0.0
2710.0,3.8133,0.0,1729697797.0,1,1,2710.0,0.0,0.0,0.0,0.0,0.0
2720.0,3.8132,0.0,1729697807.0,1,1,2720.0,0.0,0.0,0.0,0.0,0.0
2730.0,3.8133,0.0,1729697817.0,1,1,2730.0,0.0,0.0,0.0,0.0,0.0
2740.0,3.8133,0.0,1729697827.0,1,1,2740.0,0.0,0.0,0.0,0.0,0.0
2750.0,3.8133,0.0,1729697837.0,1,1,2750.0,0.0,0.0,0.0,0.0,0.0
2760.0,3.8133,0.0,1729697847.0,1,1,2760.0,0.0,0.0,0.0,0.0,0.0
2770.0,3.8133,0.0,1729697857.0,1,1,2770.0,0.0,0.0,0.0,0.0,0.0
2780.0,3.8133,0.0,1729697867.0,1,1,2780.0,0.0,0.0,0.0,0.0,0.0
2790.0,3.8133,0.0,1729697877.0,1,1,2790.0,0.0,0.0,0.0,0.0,0.0
2800.0,3.8133,0.0,1729697887.0,1,1,2800.0,0.0,0.0,0.0,0.0,0.0
2810.0,3.8133,0.0,1729697897.0,1,1,2810.0,0.0,0.0,0.0,0.0,0.0
2820.0,3.8133,0.0,1729697907.0,1,1,2820.0,0.0,0.0,0.0,0.0,0.0
2830.0,3.8133,0.0,1729697917.0,1,1,2830.0,0.0,0.0,0.0,0.0,0.0
2840.0,3.8132,0.0,1729697927.0,1,1,2840.0,0.0,0.0,0.0,0.0,0.0
2850.0,3.8132,0.0,1729697937.0,1,1,2850.0,0.0,0.0,0.0,0.0,0.0
2860.0,3.8133,0.0,1729697947.0,1,1,2860.0,0.0,0.0,0.0,0.0,0.0
2870.0,3.8133,0.0,1729697957.0,1,1,2870.0,0.0,0.0,0.0,0.0,0.0
2880.0,3.8133,0.0,1729697967.0,1,1,2880.0,0.0,0.0,0.0,0.0,0.0
2890.0,3.8133,0.0,1729697977.0,1,1,2890.0,0.0,0.0,0.0,0.0,0.0
2900.0,3.8133,0.0,1729697987.0,1,1,2900.0,0.0,0.0,0.0,0.0,0.0
2910.0,3.8133,0.0,1729697997.0,1,1,2910.0,0.0,0.0,0.0,0.0,0.0
2920.0,3.8133,0.0,1729698007.0,1,1,2920.0,0.0,0.0,0.0,0.0,0.0
2930.0,3.8133,0.0,1729698017.0,1,1,2930.0,0.0,0.0,0.0,0.0,0.0
2940.0,3.8133,0.0,1729698027.0,1,1,2940.0,0.0,0.0,0.0,0.0,0.0
2950.0,3.8133,0.0,1729698037.0,1,1,2950.0,0.0,0.0,0.0,0.0,0.0
2960.0,3.8133,0.0,1729698047.0,1,1,2960.0,0.0,0.0,0.0,0.0,0.0
2970.0,3.8133,0.0,1729698057.0,1,1,2970.0,0.0,0.0,0.0,0.0,0.0
2980.0,3.8133,0.0,1729698067.0,1,1,2980.0,0.0,0.0,0.0,0.0,0.0
2990.0,3.8133,0.0,1729698077.0,1,1,2990.0,0.0,0.0,0.0,0.0,0.0
3000.0,3.8133,0.0,1729698087.0,1,1,3000.0,0.0,0.0,0.0,0.0,0.0
3010.0,3.8133,0.0,1729698097.0,1,1,3010.0,0.0,0.0,0.0,0.0,0.0
3020.0,3.8133,0.0,1729698107.0,1,1,3020.0,0.0,0.0,0.0,0.0,0.0
3030.0,3.8133,0.0,1729698117.0,1,1,3030.0,0.0,0.0,0.0,0.0,0.0
3040.0,3.8133,0.0,1729698127.0,1,1,3040.0,0.0,0.0,0.0,0.0,0.0
3050.0,3.8133,0.0,1729698137.0,1,1,3050.0,0.0,0.0,0.0,0.0,0.0
3060.0,3.8133,0.0,1729698147.0,1,1,3060.0,0.0,0.0,0.0,0.0,0.0
3070.0,3.8133,0.0,1729698157.0,1,1,3070.0,0.0,0.0,0.0,0.0,0.0
3080.0,3.8133,0.0,1729698167.0,1,1,3080.0,0.0,0.0,0.0,0.0,0.0
3090.0,3.8133,0.0,1729698177.0,1,1,3090.0,0.0,0.0,0.0,0.0,0.0
3100.0,3.8133,0.0,1729698187.0,1,1,3100.0,0.0,0.0,0.0,0.0,0.0
3110.0,3.8133,0.0,1729698197.0,1,1,3110.0,0.0,0.0,0.0,0.0,0.0
3120.0,3.8133,0.0,1729698207.0,1,1,3120.0,0.0,0.0,0.0,0.0,0.0
3130.0,3.8133,0.0,1729698217.0,1,1,3130.0,0.0,0.0,0.0,0.0,0.0
3140.0,3.8133,0.0,1729698227.0,1,1,3140.0,0.0,0.0,0.0,0.0,0.0
3150.0,3.8133,0.0,1729698237.0,1,1,3150.0,0.0,0.0,0.0,0.0,0.0
3160.0,3.8133,0.0,1729698247.0,1,1,3160.0,0.0,0.0,0.0,0.0,0.0
3170.0,3.8133,0.0,1729698257.0,1,1,3170.0,0.0,0.0,0.0,0.0,0.0
3180.0,3.8133,0.0,1729698267.0,1,1,3180.0,0.0,0.0,0.0,0.0,0.0
3190.0,3.8133,0.0,1729698277.0,1,1,3190.0,0.0,0.0,0.0,0.0,0.0
3200.0,3.8133,0.0,1729698287.0,1,1,3200.0,0.0,0.0,0.0,0.0,0.0
3210.0,3.8133,0.0,1729698297.0,1,1,3210.0,0.0,0.0,0.0,0.0,0.0
3220.0,3.8133,0.0,1729698307.0,1,1,3220.0,0.0,0.0,0.0,0.0,0.0
3230.0,3.8133,0.0,1729698317.0,1,1,3230.0,0.0,0.0,0.0,0.0,0.0
3240.0,3.8133,0.0,1729698327.0,1,1,3240.0,0.0,0.0,0.0,0.0,0.0
3250.0,3.8132,0.0,1729698337.0,1,1,3250.0,0.0,0.0,0.0,0.0,0.0
3260.0,3.8133,0.0,1729698347.0,1,1,3260.0,0.0,0.0,0.0,0.0,0.0
3270.0,3.8133,0.0,1729698357.0,1,1,3270.0,0.0,0.0,0.0,0.0,0.0
3280.0,3.8133,0.0,1729698367.0,1,1,3280.0,0.0,0.0,0.0,0.0,0.0
3290.0,3.8133,0.0,1729698377.0,1,1,3290.0,0.0,0.0,0.0,0.0,0.0
3300.0,3.8132,0.0,1729698387.0,1,1,3300.0,0.0,0.0,0.0,0.0,0.0
3310.0,3.8133,0.0,1729698397.0,1,1,3310.0,0.0,0.0,0.0,0.0,0.0
3320.0,3.8133,0.0,1729698407.0,1,1,3320.0,0.0,0.0,0.0,0.0,0.0
3330.0,3.8133,0.0,1729698417.0,1,1,3330.0,0.0,0.0,0.0,0.0,0.0
3340.0,3.8132,0.0,1729698427.0,1,1,3340.0,0.0,0.0,0.0,0.0,0.0
3350.0,3.8133,0.0,1729698437.0,1,1,3350.0,0.0,0.0,0.0,0.0,0.0
3360.0,3.8133,0.0,1729698447.0,1,1,3360.0,0.0,0.0,0.0,0.0,0.0
3370.0,3.8133,0.0,1729698457.0,1,1,3370.0,0.0,0.0,0.0,0.0,0.0
3380.0,3.8133,0.0,1729698467.0,1,1,3380.0,0.0,0.0,0.0,0.0,0.0
3390.0,3.8133,0.0,1729698477.0,1,1,3390.0,0.0,0.0,0.0,0.0,0.0
3400.0,3.8133,0.0,1729698487.0,1,1,3400.0,0.0,0.0,0.0,0.0,0.0
3410.0,3.8133,0.0,1729698497.0,1,1,3410.0,0.0,0.0,0.0,0.0,0.0
3420.0,3.8133,0.0,1729698507.0,1,1,3420.0,0.0,0.0,0.0,0.0,0.0
3430.0,3.8133,0.0,1729698517.0,1,1,3430.0,0.0,0.0,0.0,0.0,0.0
3440.0,3.8133,0.0,1729698527.0,1,1,3440.0,0.0,0.0,0.0,0.0,0.0
3450.0,3.8133,0.0,1729698537.0,1,1,3450.0,0.0,0.0,0.0,0.0,0.0
3460.0,3.8133,0.0,1729698547.0,1,1,3460.0,0.0,0.0,0.0,0.0,0.0
3470.0,3.8133,0.0,1729698557.0,1,1,3470.0,0.0,0.0,0.0,0.0,0.0
3480.0,3.8133,0.0,1729698567.0,1,1,3480.0,0.0,0.0,0.0,0.0,0.0
3490.0,3.8132,0.0,1729698577.0,1,1,3490.0,0.0,0.0,0.0,0.0,0.0
3500.0,3.8133,0.0,1729698587.0,1,1,3500.0,0.0,0.0,0.0,0.0,0.0
3510.0,3.8133,0.0,1729698597.0,1,1,3510.0,0.0,0.0,0.0,0.0,0.0
3520.0,3.8133,0.0,1729698607.0,1,1,3520.0,0.0,0.0,0.0,0.0,0.0
3530.0,3.8133,0.0,1729698617.0,1,1,3530.0,0.0,0.0,0.0,0.0,0.0
3540.0,3.8133,0.0,1729698627.0,1,1,3540.0,0.0,0.0,0.0,0.0,0.0
3550.0,3.8133,0.0,1729698637.0,1,1,3550.0,0.0,0.0,0.0,0.0,0.0
3560.0,3.8133,0.0,1729698647.0,1,1,3560.0,0.0,0.0,0.0,0.0,0.0
3570.0,3.8133,0.0,1729698657.0,1,1,3570.0,0.0,0.0,0.0,0.0,0.0
3580.0,3.8133,0.0,1729698667.0,1,1,3580.0,0.0,0.0,0.0,0.0,0.0
3590.0,3.8133,0.0,1729698677.0,1,1,3590.0,0.0,0.0,0.0,0.0,0.0
3600.0,3.8133,0.0,1729698687.0,1,1,3600.0,0.0,0.0,0.0,0.0,0.0
3610.0,3.8133,0.0,1729698697.0,1,1,3610.0,0.0,0.0,0.0,0.0,0.0
3620.0,3.8133,0.0,1729698707.0,1,1,3620.0,0.0,0.0,0.0,0.0,0.0
3630.0,3.8133,0.0,1729698717.0,1,1,3630.0,0.0,0.0,0.0,0.0,0.0
3640.0,3.8133,0.0,1729698727.0,1,1,3640.0,0.0,0.0,0.0,0.0,0.0
3650.0,3.8133,0.0,1729698737.0,1,1,3650.0,0.0,0.0,0.0,0.0,0.0
3660.0,3.8133,0.0,1729698747.0,1,1,3660.0,0.0,0.0,0.0,0.0,0.0
3670.0,3.8133,0.0,1729698757.0,1,1,3670.0,0.0,0.0,0.0,0.0,0.0
3680.0,3.8133,0.0,1729698767.0,1,1,3680.0,0.0,0.0,0.0,0.0,0.0
3690.0,3.8133,0.0,1729698777.0,1,1,3690.0,0.0,0.0,0.0,0.0,0.0
3700.0,3.8133,0.0,1729698787.0,1,1,3700.0,0.0,0.0,0.0,0.0,0.0
3710.0,3.8133,0.0,1729698797.0,1,1,3710.0,0.0,0.0,0.0,0.0,0.0
3720.0,3.8133,0.0,1729698807.0,1,1,3720.0,0.0,0.0,0.0,0.0,0.0
3730.0,3.8133,0.0,1729698817.0,1,1,3730.0,0.0,0.0,0.0,0.0,0.0
3740.0,3.8133,0.0,1729698827.0,1,1,3740.0,0.0,0.0,0.0,0.0,0.0
3750.0,3.8133,0.0,1729698837.0,1,1,3750.0,0.0,0.0,0.0,0.0,0.0
3760.0,3.8133,0.0,1729698847.0,1,1,3760.0,0.0,0.0,0.0,0.0,0.0
3770.0,3.8133,0.0,1729698857.0,1,1,3770.0,0.0,0.0,0.0,0.0,0.0
3780.0,3.8133,0.0,1729698867.0,1,1,3780.0,0.0,0.0,0.0,0.0,0.0
3790.0,3.8133,0.0,1729698877.0,1,1,3790.0,0.0,0.0,0.0,0.0,0.0
3800.0,3.8133,0.0,1729698887.0,1,1,3800.0,0.0,0.0,0.0,0.0,0.0
3810.0,3.8133,0.0,1729698897.0,1,1,3810.0,0.0,0.0,0.0,0.0,0.0
3820.0,3.8133,0.0,1729698907.0,1,1,3820.0,0.0,0.0,0.0,0.0,0.0
3830.0,3.8133,0.0,1729698917.0,1,1,3830.0,0.0,0.0,0.0,0.0,0.0
3840.0,3.8133,0.0,1729698927.0,1,1,3840.0,0.0,0.0,0.0,0.0,0.0
3850.0,3.8133,0.0,1729698937.0,1,1,3850.0,0.0,0.0,0.0,0.0,0.0
3860.0,3.8133,0.0,1729698947.0,1,1,3860.0,0.0,0.0,0.0,0.0,0.0
3870.0,3.8133,0.0,1729698957.0,1,1,3870.0,0.0,0.0,0.0,0.0,0.0
3880.0,3.8133,0.0,1729698967.0,1,1,3880.0,0.0,0.0,0.0,0.0,0.0
3890.0,3.8133,0.0,1729698977.0,1,1,3890.0,0.0,0.0,0.0,0.0,0.0
3900.0,3.8133,0.0,1729698987.0,1,1,3900.0,0.0,0.0,0.0,0.0,0.0
3910.0,3.8133,0.0,1729698997.0,1,1,3910.0,0.0,0.0,0.0,0.0,0.0
3920.0,3.8133,0.0,1729699007.0,1,1,3920.0,0.0,0.0,0.0,0.0,0.0
3930.0,3.8133,0.0,1729699017.0,1,1,3930.0,0.0,0.0,0.0,0.0,0.0
3940.0,3.8133,0.0,1729699027.0,1,1,3940.0,0.0,0.0,0.0,0.0,0.0
3950.0,3.8133,0.0,1729699037.0,1,1,3950.0,0.0,0.0,0.0,0.0,0.0
3960.0,3.8133,0.0,1729699047.0,1,1,3960.0,0.0,0.0,0.0,0.0,0.0
3970.0,3.8133,0.0,1729699057.0,1,1,3970.0,0.0,0.0,0.0,0.0,0.0
3980.0,3.8133,0.0,1729699067.0,1,1,3980.0,0.0,0.0,0.0,0.0,0.0
3990.0,3.8133,0.0,1729699077.0,1,1,3990.0,0.0,0.0,0.0,0.0,0.0
4000.0,3.8133,0.0,1729699087.0,1,1,4000.0,0.0,0.0,0.0,0.0,0.0
4010.0,3.8133,0.0,1729699097.0,1,1,4010.0,0.0,0.0,0.0,0.0,0.0
4020.0,3.8133,0.0,1729699107.0,1,1,4020.0,0.0,0.0,0.0,0.0,0.0
4030.0,3.8133,0.0,1729699117.0,1,1,4030.0,0.0,0.0,0.0,0.0,0.0
4040.0,3.8133,0.0,1729699127.0,1,1,4040.0,0.0,0.0,0.0,0.0,0.0
4050.0,3.8133,0.0,1729699137.0,1,1,4050.0,0.0,0.0,0.0,0.0,0.0
4060.0,3.8133,0.0,1729699147.0,1,1,4060.0,0.0,0.0,0.0,0.0,0.0
4070.0,3.8133,0.0,1729699157.0,1,1,4070.0,0.0,0.0,0.0,0.0,0.0
4080.0,3.8133,0.0,1729699167.0,1,1,4080.0,0.0,0.0,0.0,0.0,0.0
4090.0,3.8133,0.0,1729699177.0,1,1,4090.0,0.0,0.0,0.0,0.0,0.0
4100.0,3.8133,0.0,1729699187.0,1,1,4100.0,0.0,0.0,0.0,0.0,0.0
4110.0,3.8133,0.0,1729699197.0,1,1,4110.0,0.0,0.0,0.0,0.0,0.0
4120.0,3.8133,0.0,1729699207.0,1,1,4120.0,0.0,0.0,0.0,0.0,0.0
4130.0,3.8133,0.0,1729699217.0,1,1,4130.0,0.0,0.0,0.0,0.0,0.0
4140.0,3.8133,0.0,1729699227.0,1,1,4140.0,0.0,0.0,0.0,0.0,0.0
4150.0,3.8133,0.0,1729699237.0,1,1,4150.0,0.0,0.0,0.0,0.0,0.0
4160.0,3.8133,0.0,1729699247.0,1,1,4160.0,0.0,0.0,0.0,0.0,0.0
4170.0,3.8133,0.0,1729699257.0,1,1,4170.0,0.0,0.0,0.0,0.0,0.0
4180.0,3.8133,0.0,1729699267.0,1,1,4180.0,0.0,0.0,0.0,0.0,0.0
4190.0,3.8133,0.0,1729699277.0,1,1,4190.0,0.0,0.0,0.0,0.0,0.0
4200.0,3.8133,0.0,1729699287.0,1,1,4200.0,0.0,0.0,0.0,0.0,0.0
4210.0,3.8133,0.0,1729699297.0,1,1,4210.0,0.0,0.0,0.0,0.0,0.0
4220.0,3.8133,0.0,1729699307.0,1,1,4220.0,0.0,0.0,0.0,0.0,0.0
4230.0,3.8133,0.0,1729699317.0,1,1,4230.0,0.0,0.0,0.0,0.0,0.0
4240.0,3.8133,0.0,1729699327.0,1,1,4240.0,0.0,0.0,0.0,0.0,0.0
4250.0,3.8133,0.0,1729699337.0,1,1,4250.0,0.0,0.0,0.0,0.0,0.0
4260.0,3.8133,0.0,1729699347.0,1,1,4260.0,0.0,0.0,0.0,0.0,0.0
4270.0,3.8133,0.0,1729699357.0,1,1,4270.0,0.0,0.0,0.0,0.0,0.0
4280.0,3.8132,0.0,1729699367.0,1,1,4280.0,0.0,0.0,0.0,0.0,0.0
4290.0,3.8133,0.0,1729699377.0,1,1,4290.0,0.0,0.0,0.0,0.0,0.0
4300.0,3.8133,0.0,1729699387.0,1,1,4300.0,0.0,0.0,0.0,0.0,0.0
4310.0,3.8133,0.0,1729699397.0,1,1,4310.0,0.0,0.0,0.0,0.0,0.0
4320.0,3.8133,0.0,1729699407.0,1,1,4320.0,0.0,0.0,0.0,0.0,0.0
4330.0,3.8133,0.0,1729699417.0,1,1,4330.0,0.0,0.0,0.0,0.0,0.0
4340.0,3.8133,0.0,1729699427.0,1,1,4340.0,0.0,0.0,0.0,0.0,0.0
4350.0,3.8133,0.0,1729699437.0,1,1,4350.0,0.0,0.0,0.0,0.0,0.0
4360.0,3.8133,0.0,1729699447.0,1,1,4360.0,0.0,0.0,0.0,0.0,0.0
4370.0,3.8133,0.0,1729699457.0,1,1,4370.0,0.0,0.0,0.0,0.0,0.0
4380.0,3.8133,0.0,1729699467.0,1,1,4380.0,0.0,0.0,0.0,0.0,0.0
4390.0,3.8133,0.0,1729699477.0,1,1,4390.0,0.0,0.0,0.0,0.0,0.0
4400.0,3.8133,0.0,1729699487.0,1,1,4400.0,0.0,0.0,0.0,0.0,0.0
4410.0,3.8133,0.0,1729699497.0,1,1,4410.0,0.0,0.0,0.0,0.0,0.0
4420.0,3.8133,0.0,1729699507.0,1,1,4420.0,0.0,0.0,0.0,0.0,0.0
4430.0,3.8133,0.0,1729699517.0,1,1,4430.0,0.0,0.0,0.0,0.0,0.0
4440.0,3.8133,0.0,1729699527.0,1,1,4440.0,0.0,0.0,0.0,0.0,0.0
4450.0,3.8133,0.0,1729699537.0,1,1,4450.0,0.0,0.0,0.0,0.0,0.0
4460.0,3.8133,0.0,1729699547.0,1,1,4460.0,0.0,0.0,0.0,0.0,0.0
4470.0,3.8133,0.0,1729699557.0,1,1,4470.0,0.0,0.0,0.0,0.0,0.0
4480.0,3.8133,0.0,1729699567.0,1,1,4480.0,0.0,0.0,0.0,0.0,0.0
4490.0,3.8133,0.0,1729699577.0,1,1,4490.0,0.0,0.0,0.0,0.0,0.0
4500.0,3.8133,0.0,1729699587.0,1,1,4500.0,0.0,0.0,0.0,0.0,0.0
4510.0,3.8133,0.0,1729699597.0,1,1,4510.0,0.0,0.0,0.0,0.0,0.0
4520.0,3.8133,0.0,1729699607.0,1,1,4520.0,0.0,0.0,0.0,0.0,0.0
4530.0,3.8133,0.0,1729699617.0,1,1,4530.0,0.0,0.0,0.0,0.0,0.0
4540.0,3.8133,0.0,1729699627.0,1,1,4540.0,0.0,0.0,0.0,0.0,0.0
4550.0,3.8133,0.0,1729699637.0,1,1,4550.0,0.0,0.0,0.0,0.0,0.0
4560.0,3.8133,0.0,1729699647.0,1,1,4560.0,0.0,0.0,0.0,0.0,0.0
4570.0,3.8133,0.0,1729699657.0,1,1,4570.0,0.0,0.0,0.0,0.0,0.0
4580.0,3.8133,0.0,1729699667.0,1,1,4580.0,0.0,0.0,0.0,0.0,0.0
4590.0,3.8133,0.0,1729699677.0,1,1,4590.0,0.0,0.0,0.0,0.0,0.0
4600.0,3.8133,0.0,1729699687.0,1,1,4600.0,0.0,0.0,0.0,0.0,0.0
4610.0,3.8133,0.0,1729699697.0,1,1,4610.0,0.0,0.0,0.0,0.0,0.0
4620.0,3.8133,0.0,1729699707.0,1,1,4620.0,0.0,0.0,0.0,0.0,0.0
4630.0,3.8133,0.0,1729699717.0,1,1,4630.0,0.0,0.0,0.0,0.0,0.0
4640.0,3.8133,0.0,1729699727.0,1,1,4640.0,0.0,0.0,0.0,0.0,0.0
4650.0,3.8133,0.0,1729699737.0,1,1,4650.0,0.0,0.0,0.0,0.0,0.0
4660.0,3.8133,0.0,1729699747.0,1,1,4660.0,0.0,0.0,0.0,0.0,0.0
4670.0,3.8133,0.0,1729699757.0,1,1,4670.0,0.0,0.0,0.0,0.0,0.0
4680.0,3.8133,0.0,1729699767.0,1,1,4680.0,0.0,0.0,0.0,0.0,0.0
4690.0,3.8133,0.0,1729699777.0,1,1,4690.0,0.0,0.0,0.0,0.0,0.0
4700.0,3.8133,0.0,1729699787.0,1,1,4700.0,0.0,0.0,0.0,0.0,0.0
4710.0,3.8133,0.0,1729699797.0,1,1,4710.0,0.0,0.0,0.0,0.0,0.0
4720.0,3.8133,0.0,1729699807.0,1,1,4720.0,0.0,0.0,0.0,0.0,0.0
4730.0,3.8133,0.0,1729699817.0,1,1,4730.0,0.0,0.0,0.0,0.0,0.0
4740.0,3.8133,0.0,1729699827.0,1,1,4740.0,0.0,0.0,0.0,0.0,0.0
4750.0,3.8133,0.0,1729699837.0,1,1,4750.0,0.0,0.0,0.0,0.0,0.0
4760.0,3.8133,0.0,1729699847.0,1,1,4760.0,0.0,0.0,0.0,0.0,0.0
4770.0,3.8133,0.0,1729699857.0,1,1,4770.0,0.0,0.0,0.0,0.0,0.0
4780.0,3.8133,0.0,1729699867.0,1,1,4780.0,0.0,0.0,0.0,0.0,0.0
4790.0,3.8133,0.0,1729699877.0,1,1,4790.0,0.0,0.0,0.0,0.0,0.0
4800.0,3.8133,0.0,1729699887.0,1,1,4800.0,0.0,0.0,0.0,0.0,0.0
4810.0,3.8133,0.0,1729699897.0,1,1,4810.0,0.0,0.0,0.0,0.0,0.0
4820.0,3.8133,0.0,1729699907.0,1,1,4820.0,0.0,0.0,0.0,0.0,0.0
4830.0,3.8133,0.0,1729699917.0,1,1,4830.0,0.0,0.0,0.0,0.0,0.0
4840.0,3.8133,0.0,1729699927.0,1,1,4840.0,0.0,0.0,0.0,0.0,0.0
4850.0,3.8133,0.0,1729699937.0,1,1,4850.0,0.0,0.0,0.0,0.0,0.0
4860.0,3.8133,0.0,1729699947.0,1,1,4860.0,0.0,0.0,0.0,0.0,0.0
4870.0,3.8133,0.0,1729699957.0,1,1,4870.0,0.0,0.0,0.0,0.0,0.0
4880.0,3.8133,0.0,1729699967.0,1,1,4880.0,0.0,0.0,0.0,0.0,0.0
4890.0,3.8133,0.0,1729699977.0,1,1,4890.0,0.0,0.0,0.0,0.0,0.0
4900.0,3.8133,0.0,1729699987.0,1,1,4900.0,0.0,0.0,0.0,0.0,0.0
4910.0,3.8133,0.0,1729699997.0,1,1,4910.0,0.0,0.0,0.0,0.0,0.0
4920.0,3.8133,0.0,1729700007.0,1,1,4920.0,0.0,0.0,0.0,0.0,0.0
4930.0,3.8133,0.0,1729700017.0,1,1,4930.0,0.0,0.0,0.0,0.0,0.0
4940.0,3.8133,0.0,1729700027.0,1,1,4940.0,0.0,0.0,0.0,0.0,0.0
4950.0,3.8133,0.0,1729700037.0,1,1,4950.0,0.0,0.0,0.0,0.0,0.0
4960.0,3.8133,0.0,1729700047.0,1,1,4960.0,0.0,0.0,0.0,0.0,0.0
4970.0,3.8133,0.0,1729700057.0,1,1,4970.0,0.0,0.0,0.0,0.0,0.0
4980.0,3.8133,0.0,1729700067.0,1,1,4980.0,0.0,0.0,0.0,0.0,0.0
4990.0,3.8133,0.0,1729700077.0,1,1,4990.0,0.0,0.0,0.0,0.0,0.0
5000.0,3.8133,0.0,1729700087.0,1,1,5000.0,0.0,0.0,0.0,0.0,0.0
5010.0,3.8133,0.0,1729700097.0,1,1,5010.0,0.0,0.0,0.0,0.0,0.0
5020.0,3.8133,0.0,1729700107.0,1,1,5020.0,0.0,0.0,0.0,0.0,0.0
5030.0,3.8133,0.0,1729700117.0,1,1,5030.0,0.0,0.0,0.0,0.0,0.0
5040.0,3.8133,0.0,1729700127.0,1,1,5040.0,0.0,0.0,0.0,0.0,0.0
5050.0,3.8133,0.0,1729700137.0,1,1,5050.0,0.0,0.0,0.0,0.0,0.0
5060.0,3.8133,0.0,1729700147.0,1,1,5060.0,0.0,0.0,0.0,0.0,0.0
5070.0,3.8133,0.0,1729700157.0,1,1,5070.0,0.0,0.0,0.0,0.0,0.0
5080.0,3.8133,0.0,1729700167.0,1,1,5080.0,0.0,0.0,0.0,0.0,0.0
5090.0,3.8133,0.0,1729700177.0,1,1,5090.0,0.0,0.0,0.0,0.0,0.0
5100.0,3.8133,0.0,1729700187.0,1,1,5100.0,0.0,0.0,0.0,0.0,0.0
5110.0,3.8133,0.0,1729700197.0,1,1,5110.0,0.0,0.0,0.0,0.0,0.0
5120.0,3.8133,0.0,1729700207.0,1,1,5120.0,0.0,0.0,0.0,0.0,0.0
5130.0,3.8133,0.0,1729700217.0,1,1,5130.0,0.0,0.0,0.0,0.0,0.0
5140.0,3.8133,0.0,1729700227.0,1,1,5140.0,0.0,0.0,0.0,0.0,0.0
5150.0,3.8133,0.0,1729700237.0,1,1,5150.0,0.0,0.0,0.0,0.0,0.0
5160.0,3.8133,0.0,1729700247.0,1,1,5160.0,0.0,0.0,0.0,0.0,0.0
5170.0,3.8133,0.0,1729700257.0,1,1,5170.0,0.0,0.0,0.0,0.0,0.0
5180.0,3.8133,0.0,1729700267.0,1,1,5180.0,0.0,0.0,0.0,0.0,0.0
5190.0,3.8133,0.0,1729700277.0,1,1,5190.0,0.0,0.0,0.0,0.0,0.0
5200.0,3.8133,0.0,1729700287.0,1,1,5200.0,0.0,0.0,0.0,0.0,0.0
5210.0,3.8133,0.0,1729700297.0,1,1,5210.0,0.0,0.0,0.0,0.0,0.0
5220.0,3.8133,0.0,1729700307.0,1,1,5220.0,0.0,0.0,0.0,0.0,0.0
5230.0,3.8133,0.0,1729700317.0,1,1,5230.0,0.0,0.0,0.0,0.0,0.0
5240.0,3.8133,0.0,1729700327.0,1,1,5240.0,0.0,0.0,0.0,0.0,0.0
5250.0,3.8133,0.0,1729700337.0,1,1,5250.0,0.0,0.0,0.0,0.0,0.0
5260.0,3.8133,0.0,1729700347.0,1,1,5260.0,0.0,0.0,0.0,0.0,0.0
5270.0,3.8133,0.0,1729700357.0,1,1,5270.0,0.0,0.0,0.0,0.0,0.0
5280.0,3.8133,0.0,1729700367.0,1,1,5280.0,0.0,0.0,0.0,0.0,0.0
5290.0,3.8133,0.0,1729700377.0,1,1,5290.0,0.0,0.0,0.0,0.0,0.0
5300.0,3.8133,0.0,1729700387.0,1,1,5300.0,0.0,0.0,0.0,0.0,0.0
5310.0,3.8133,0.0,1729700397.0,1,1,5310.0,0.0,0.0,0.0,0.0,0.0
5320.0,3.8133,0.0,1729700407.0,1,1,5320.0,0.0,0.0,0.0,0.0,0.0
5330.0,3.8133,0.0,1729700417.0,1,1,5330.0,0.0,0.0,0.0,0.0,0.0
5340.0,3.8133,0.0,1729700427.0,1,1,5340.0,0.0,0.0,0.0,0.0,0.0
5350.0,3.8133,0.0,1729700437.0,1,1,5350.0,0.0,0.0,0.0,0.0,0.0
5360.0,3.8133,0.0,1729700447.0,1,1,5360.0,0.0,0.0,0.0,0.0,0.0
5370.0,3.8133,0.0,1729700457.0,1,1,5370.0,0.0,0.0,0.0,0.0,0.0
5380.0,3.8133,0.0,1729700467.0,1,1,5380.0,0.0,0.0,0.0,0.0,0.0
5390.0,3.8133,0.0,1729700477.0,1,1,5390.0,0.0,0.0,0.0,0.0,0.0
5400.0,3.8133,0.0,1729700487.0,1,1,5400.0,0.0,0.0,0.0,0.0,0.0
5410.0,3.8133,0.0,1729700497.0,1,1,5410.0,0.0,0.0,0.0,0.0,0.0
5420.0,3.8133,0.0,1729700507.0,1,1,5420.0,0.0,0.0,0.0,0.0,0.0
5430.0,3.8133,0.0,1729700517.0,1,1,5430.0,0.0,0.0,0.0,0.0,0.0
5440.0,3.8133,0.0,1729700527.0,1,1,5440.0,0.0,0.0,0.0,0.0,0.0
5450.0,3.8133,0.0,1729700537.0,1,1,5450.0,0.0,0.0,0.0,0.0,0.0
5460.0,3.8133,0.0,1729700547.0,1,1,5460.0,0.0,0.0,0.0,0.0,0.0
5470.0,3.8133,0.0,1729700557.0,1,1,5470.0,0.0,0.0,0.0,0.0,0.0
5480.0,3.8133,0.0,1729700567.0,1,1,5480.0,0.0,0.0,0.0,0.0,0.0
5490.0,3.8133,0.0,1729700577.0,1,1,5490.0,0.0,0.0,0.0,0.0,0.0
5500.0,3.8133,0.0,1729700587.0,1,1,5500.0,0.0,0.0,0.0,0.0,0.0
5510.0,3.8133,0.0,1729700597.0,1,1,5510.0,0.0,0.0,0.0,0.0,0.0
5520.0,3.8133,0.0,1729700607.0,1,1,5520.0,0.0,0.0,0.0,0.0,0.0
5530.0,3.8133,0.0,1729700617.0,1,1,5530.0,0.0,0.0,0.0,0.0,0.0
5540.0,3.8133,0.0,1729700627.0,1,1,5540.0,0.0,0.0,0.0,0.0,0.0
5550.0,3.8133,0.0,1729700637.0,1,1,5550.0,0.0,0.0,0.0,0.0,0.0
5560.0,3.8133,0.0,1729700647.0,1,1,5560.0,0.0,0.0,0.0,0.0,0.0
5570.0,3.8133,0.0,1729700657.0,1,1,5570.0,0.0,0.0,0.0,0.0,0.0
5580.0,3.8133,0.0,1729700667.0,1,1,5580.0,0.0,0.0,0.0,0.0,0.0
5590.0,3.8133,0.0,1729700677.0,1,1,5590.0,0.0,0.0,0.0,0.0,0.0
5600.0,3.8133,0.0,1729700687.0,1,1,5600.0,0.0,0.0,0.0,0.0,0.0
5610.0,3.8133,0.0,1729700697.0,1,1,5610.0,0.0,0.0,0.0,0.0,0.0
5620.0,3.8133,0.0,1729700707.0,1,1,5620.0,0.0,0.0,0.0,0.0,0.0
5630.0,3.8133,0.0,1729700717.0,1,1,5630.0,0.0,0.0,0.0,0.0,0.0
5640.0,3.8133,0.0,1729700727.0,1,1,5640.0,0.0,0.0,0.0,0.0,0.0
5650.0,3.8133,0.0,1729700737.0,1,1,5650.0,0.0,0.0,0.0,0.0,0.0
5660.0,3.8133,0.0,1729700747.0,1,1,5660.0,0.0,0.0,0.0,0.0,0.0
5670.0,3.8133,0.0,1729700757.0,1,1,5670.0,0.0,0.0,0.0,0.0,0.0
5680.0,3.8133,0.0,1729700767.0,1,1,5680.0,0.0,0.0,0.0,0.0,0.0
5690.0,3.8133,0.0,1729700777.0,1,1,5690.0,0.0,0.0,0.0,0.0,0.0
5700.0,3.8133,0.0,1729700787.0,1,1,5700.0,0.0,0.0,0.0,0.0,0.0
5710.0,3.8133,0.0,1729700797.0,1,1,5710.0,0.0,0.0,0.0,0.0,0.0
5720.0,3.8133,0.0,1729700807.0,1,1,5720.0,0.0,0.0,0.0,0.0,0.0
5730.0,3.8133,0.0,1729700817.0,1,1,5730.0,0.0,0.0,0.0,0.0,0.0
5740.0,3.8133,0.0,1729700827.0,1,1,5740.0,0.0,0.0,0.0,0.0,0.0
5750.0,3.8133,0.0,1729700837.0,1,1,5750.0,0.0,0.0,0.0,0.0,0.0
5760.0,3.8133,0.0,1729700847.0,1,1,5760.0,0.0,0.0,0.0,0.0,0.0
5770.0,3.8133,0.0,1729700857.0,1,1,5770.0,0.0,0.0,0.0,0.0,0.0
5780.0,3.8133,0.0,1729700867.0,1,1,5780.0,0.0,0.0,0.0,0.0,0.0
5790.0,3.8133,0.0,1729700877.0,1,1,5790.0,0.0,0.0,0.0,0.0,0.0
5800.0,3.8133,0.0,1729700887.0,1,1,5800.0,0.0,0.0,0.0,0.0,0.0
5810.0,3.8133,0.0,1729700897.0,1,1,5810.0,0.0,0.0,0.0,0.0,0.0
5820.0,3.8133,0.0,1729700907.0,1,1,5820.0,0.0,0.0,0.0,0.0,0.0
5830.0,3.8133,0.0,1729700917.0,1,1,5830.0,0.0,0.0,0.0,0.0,0.0
5840.0,3.8133,0.0,1729700927.0,1,1,5840.0,0.0,0.0,0.0,0.0,0.0
5850.0,3.8133,0.0,1729700937.0,1,1,5850.0,0.0,0.0,0.0,0.0,0.0
5860.0,3.8133,0.0,1729700947.0,1,1,5860.0,0.0,0.0,0.0,0.0,0.0
5870.0,3.8133,0.0,1729700957.0,1,1,5870.0,0.0,0.0,0.0,0.0,0.0
5880.0,3.8133,0.0,1729700967.0,1,1,5880.0,0.0,0.0,0.0,0.0,0.0
5890.0,3.8133,0.0,1729700977.0,1,1,5890.0,0.0,0.0,0.0,0.0,0.0
5900.0,3.8133,0.0,1729700987.0,1,1,5900.0,0.0,0.0,0.0,0.0,0.0
5910.0,3.8132,0.0,1729700997.0,1,1,5910.0,0.0,0.0,0.0,0.0,0.0
5920.0,3.8132,0.0,1729701007.0,1,1,5920.0,0.0,0.0,0.0,0.0,0.0
5930.0,3.8133,0.0,1729701017.0,1,1,5930.0,0.0,0.0,0.0,0.0,0.0
5940.0,3.8133,0.0,1729701027.0,1,1,5940.0,0.0,0.0,0.0,0.0,0.0
5950.0,3.8133,0.0,1729701037.0,1,1,5950.0,0.0,0.0,0.0,0.0,0.0
5960.0,3.8133,0.0,1729701047.0,1,1,5960.0,0.0,0.0,0.0,0.0,0.0
5970.0,3.8133,0.0,1729701057.0,1,1,5970.0,0.0,0.0,0.0,0.0,0.0
5980.0,3.8133,0.0,1729701067.0,1,1,5980.0,0.0,0.0,0.0,0.0,0.0
5990.0,3.8133,0.0,1729701077.0,1,1,5990.0,0.0,0.0,0.0,0.0,0.0
6000.0,3.8133,0.0,1729701087.0,1,1,6000.0,0.0,0.0,0.0,0.0,0.0
6010.0,3.8133,0.0,1729701097.0,1,1,6010.0,0.0,0.0,0.0,0.0,0.0
6020.0,3.8133,0.0,1729701107.0,1,1,6020.0,0.0,0.0,0.0,0.0,0.0
6030.0,3.8133,0.0,1729701117.0,1,1,6030.0,0.0,0.0,0.0,0.0,0.0
6040.0,3.8133,0.0,1729701127.0,1,1,6040.0,0.0,0.0,0.0,0.0,0.0
6050.0,3.8133,0.0,1729701137.0,1,1,6050.0,0.0,0.0,0.0,0.0,0.0
6060.0,3.8133,0.0,1729701147.0,1,1,6060.0,0.0,0.0,0.0,0.0,0.0
6070.0,3.8133,0.0,1729701157.0,1,1,6070.0,0.0,0.0,0.0,0.0,0.0
6080.0,3.8133,0.0,1729701167.0,1,1,6080.0,0.0,0.0,0.0,0.0,0.0
6090.0,3.8133,0.0,1729701177.0,1,1,6090.0,0.0,0.0,0.0,0.0,0.0
6100.0,3.8133,0.0,1729701187.0,1,1,6100.0,0.0,0.0,0.0,0.0,0.0
6110.0,3.8133,0.0,1729701197.0,1,1,6110.0,0.0,0.0,0.0,0.0,0.0
6120.0,3.8133,0.0,1729701207.0,1,1,6120.0,0.0,0.0,0.0,0.0,0.0
6130.0,3.8133,0.0,1729701217.0,1,1,6130.0,0.0,0.0,0.0,0.0,0.0
6140.0,3.8133,0.0,1729701227.0,1,1,6140.0,0.0,0.0,0.0,0.0,0.0
6150.0,3.8133,0.0,1729701237.0,1,1,6150.0,0.0,0.0,0.0,0.0,0.0
6160.0,3.8133,0.0,1729701247.0,1,1,6160.0,0.0,0.0,0.0,0.0,0.0
6170.0,3.8133,0.0,1729701257.0,1,1,6170.0,0.0,0.0,0.0,0.0,0.0
6180.0,3.8133,0.0,1729701267.0,1,1,6180.0,0.0,0.0,0.0,0.0,0.0
6190.0,3.8133,0.0,1729701277.0,1,1,6190.0,0.0,0.0,0.0,0.0,0.0
6200.0,3.8133,0.0,1729701287.0,1,1,6200.0,0.0,0.0,0.0,0.0,0.0
6210.0,3.8133,0.0,1729701297.0,1,1,6210.0,0.0,0.0,0.0,0.0,0.0
6220.0,3.8133,0.0,1729701307.0,1,1,6220.0,0.0,0.0,0.0,0.0,0.0
6230.0,3.8133,0.0,1729701317.0,1,1,6230.0,0.0,0.0,0.0,0.0,0.0
6240.0,3.8133,0.0,1729701327.0,1,1,6240.0,0.0,0.0,0.0,0.0,0.0
6250.0,3.8133,0.0,1729701337.0,1,1,6250.0,0.0,0.0,0.0,0.0,0.0
6260.0,3.8133,0.0,1729701347.0,1,1,6260.0,0.0,0.0,0.0,0.0,0.0
6270.0,3.8133,0.0,1729701357.0,1,1,6270.0,0.0,0.0,0.0,0.0,0.0
6280.0,3.8133,0.0,1729701367.0,1,1,6280.0,0.0,0.0,0.0,0.0,0.0
6290.0,3.8133,0.0,1729701377.0,1,1,6290.0,0.0,0.0,0.0,0.0,0.0
6300.0,3.8133,0.0,1729701387.0,1,1,6300.0,0.0,0.0,0.0,0.0,0.0
6310.0,3.8133,0.0,1729701397.0,1,1,6310.0,0.0,0.0,0.0,0.0,0.0
6320.0,3.8133,0.0,1729701407.0,1,1,6320.0,0.0,0.0,0.0,0.0,0.0
6330.0,3.8133,0.0,1729701417.0,1,1,6330.0,0.0,0.0,0.0,0.0,0.0
6340.0,3.8133,0.0,1729701427.0,1,1,6340.0,0.0,0.0,0.0,0.0,0.0
6350.0,3.8133,0.0,1729701437.0,1,1,6350.0,0.0,0.0,0.0,0.0,0.0
6360.0,3.8133,0.0,1729701447.0,1,1,6360.0,0.0,0.0,0.0,0.0,0.0
6370.0,3.8133,0.0,1729701457.0,1,1,6370.0,0.0,0.0,0.0,0.0,0.0
6380.0,3.8133,0.0,1729701467.0,1,1,6380.0,0.0,0.0,0.0,0.0,0.0
6390.0,3.8133,0.0,1729701477.0,1,1,6390.0,0.0,0.0,0.0,0.0,0.0
6400.0,3.8133,0.0,1729701487.0,1,1,6400.0,0.0,0.0,0.0,0.0,0.0
6410.0,3.8133,0.0,1729701497.0,1,1,6410.0,0.0,0.0,0.0,0.0,0.0
6420.0,3.8133,0.0,1729701507.0,1,1,6420.0,0.0,0.0,0.0,0.0,0.0
6430.0,3.8133,0.0,1729701517.0,1,1,6430.0,0.0,0.0,0.0,0.0,0.0
6440.0,3.8133,0.0,1729701527.0,1,1,6440.0,0.0,0.0,0.0,0.0,0.0
6450.0,3.8133,0.0,1729701537.0,1,1,6450.0,0.0,0.0,0.0,0.0,0.0
6460.0,3.8133,0.0,1729701547.0,1,1,6460.0,0.0,0.0,0.0,0.0,0.0
6470.0,3.8133,0.0,1729701557.0,1,1,6470.0,0.0,0.0,0.0,0.0,0.0
6480.0,3.8133,0.0,1729701567.0,1,1,6480.0,0.0,0.0,0.0,0.0,0.0
6490.0,3.8133,0.0,1729701577.0,1,1,6490.0,0.0,0.0,0.0,0.0,0.0
6500.0,3.8133,0.0,1729701587.0,1,1,6500.0,0.0,0.0,0.0,0.0,0.0
6510.0,3.8133,0.0,1729701597.0,1,1,6510.0,0.0,0.0,0.0,0.0,0.0
6520.0,3.8133,0.0,1729701607.0,1,1,6520.0,0.0,0.0,0.0,0.0,0.0
6530.0,3.8133,0.0,1729701617.0,1,1,6530.0,0.0,0.0,0.0,0.0,0.0
6540.0,3.8133,0.0,1729701627.0,1,1,6540.0,0.0,0.0,0.0,0.0,0.0
6550.0,3.8133,0.0,1729701637.0,1,1,6550.0,0.0,0.0,0.0,0.0,0.0
6560.0,3.8133,0.0,1729701647.0,1,1,6560.0,0.0,0.0,0.0,0.0,0.0
6570.0,3.8133,0.0,1729701657.0,1,1,6570.0,0.0,0.0,0.0,0.0,0.0
6580.0,3.8133,0.0,1729701667.0,1,1,6580.0,0.0,0.0,0.0,0.0,0.0
6590.0,3.8133,0.0,1729701677.0,1,1,6590.0,0.0,0.0,0.0,0.0,0.0
6600.0,3.8133,0.0,1729701687.0,1,1,6600.0,0.0,0.0,0.0,0.0,0.0
6610.0,3.8133,0.0,1729701697.0,1,1,6610.0,0.0,0.0,0.0,0.0,0.0
6620.0,3.8133,0.0,1729701707.0,1,1,6620.0,0.0,0.0,0.0,0.0,0.0
6630.0,3.8133,0.0,1729701717.0,1,1,6630.0,0.0,0.0,0.0,0.0,0.0
6640.0,3.8133,0.0,1729701727.0,1,1,6640.0,0.0,0.0,0.0,0.0,0.0
6650.0,3.8133,0.0,1729701737.0,1,1,6650.0,0.0,0.0,0.0,0.0,0.0
6660.0,3.8133,0.0,1729701747.0,1,1,6660.0,0.0,0.0,0.0,0.0,0.0
6670.0,3.8133,0.0,1729701757.0,1,1,6670.0,0.0,0.0,0.0,0.0,0.0
6680.0,3.8133,0.0,1729701767.0,1,1,6680.0,0.0,0.0,0.0,0.0,0.0
6690.0,3.8133,0.0,1729701777.0,1,1,6690.0,0.0,0.0,0.0,0.0,0.0
6700.0,3.8133,0.0,1729701787.0,1,1,6700.0,0.0,0.0,0.0,0.0,0.0
6710.0,3.8133,0.0,1729701797.0,1,1,6710.0,0.0,0.0,0.0,0.0,0.0
6720.0,3.8133,0.0,1729701807.0,1,1,6720.0,0.0,0.0,0.0,0.0,0.0
6730.0,3.8133,0.0,1729701817.0,1,1,6730.0,0.0,0.0,0.0,0.0,0.0
6740.0,3.8133,0.0,1729701827.0,1,1,6740.0,0.0,0.0,0.0,0.0,0.0
6750.0,3.8133,0.0,1729701837.0,1,1,6750.0,0.0,0.0,0.0,0.0,0.0
6760.0,3.8133,0.0,1729701847.0,1,1,6760.0,0.0,0.0,0.0,0.0,0.0
6770.0,3.8133,0.0,1729701857.0,1,1,6770.0,0.0,0.0,0.0,0.0,0.0
6780.0,3.8133,0.0,1729701867.0,1,1,6780.0,0.0,0.0,0.0,0.0,0.0
6790.0,3.8133,0.0,1729701877.0,1,1,6790.0,0.0,0.0,0.0,0.0,0.0
6800.0,3.8133,0.0,1729701887.0,1,1,6800.0,0.0,0.0,0.0,0.0,0.0
6810.0,3.8133,0.0,1729701897.0,1,1,6810.0,0.0,0.0,0.0,0.0,0.0
6820.0,3.8133,0.0,1729701907.0,1,1,6820.0,0.0,0.0,0.0,0.0,0.0
6830.0,3.8133,0.0,1729701917.0,1,1,6830.0,0.0,0.0,0.0,0.0,0.0
6840.0,3.8133,0.0,1729701927.0,1,1,6840.0,0.0,0.0,0.0,0.0,0.0
6850.0,3.8133,0.0,1729701937.0,1,1,6850.0,0.0,0.0,0.0,0.0,0.0
6860.0,3.8133,0.0,1729701947.0,1,1,6860.0,0.0,0.0,0.0,0.0,0.0
6870.0,3.8133,0.0,1729701957.0,1,1,6870.0,0.0,0.0,0.0,0.0,0.0
6880.0,3.8133,0.0,1729701967.0,1,1,6880.0,0.0,0.0,0.0,0.0,0.0
6890.0,3.8133,0.0,1729701977.0,1,1,6890.0,0.0,0.0,0.0,0.0,0.0
6900.0,3.8133,0.0,1729701987.0,1,1,6900.0,0.0,0.0,0.0,0.0,0.0
6910.0,3.8133,0.0,1729701997.0,1,1,6910.0,0.0,0.0,0.0,0.0,0.0
6920.0,3.8133,0.0,1729702007.0,1,1,6920.0,0.0,0.0,0.0,0.0,0.0
6930.0,3.8133,0.0,1729702017.0,1,1,6930.0,0.0,0.0,0.0,0.0,0.0
6940.0,3.8133,0.0,1729702027.0,1,1,6940.0,0.0,0.0,0.0,0.0,0.0
6950.0,3.8133,0.0,1729702037.0,1,1,6950.0,0.0,0.0,0.0,0.0,0.0
6960.0,3.8133,0.0,1729702047.0,1,1,6960.0,0.0,0.0,0.0,0.0,0.0
6970.0,3.8133,0.0,1729702057.0,1,1,6970.0,0.0,0.0,0.0,0.0,0.0
6980.0,3.8133,0.0,1729702067.0,1,1,6980.0,0.0,0.0,0.0,0.0,0.0
6990.0,3.8133,0.0,1729702077.0,1,1,6990.0,0.0,0.0,0.0,0.0,0.0
7000.0,3.8133,0.0,1729702087.0,1,1,7000.0,0.0,0.0,0.0,0.0,0.0
7010.0,3.8133,0.0,1729702097.0,1,1,7010.0,0.0,0.0,0.0,0.0,0.0
7020.0,3.8133,0.0,1729702107.0,1,1,7020.0,0.0,0.0,0.0,0.0,0.0
7030.0,3.8133,0.0,1729702117.0,1,1,7030.0,0.0,0.0,0.0,0.0,0.0
7040.0,3.8133,0.0,1729702127.0,1,1,7040.0,0.0,0.0,0.0,0.0,0.0
7050.0,3.8133,0.0,1729702137.0,1,1,7050.0,0.0,0.0,0.0,0.0,0.0
7060.0,3.8133,0.0,1729702147.0,1,1,7060.0,0.0,0.0,0.0,0.0,0.0
7070.0,3.8133,0.0,1729702157.0,1,1,7070.0,0.0,0.0,0.0,0.0,0.0
7080.0,3.8133,0.0,1729702167.0,1,1,7080.0,0.0,0.0,0.0,0.0,0.0
7090.0,3.8133,0.0,1729702177.0,1,1,7090.0,0.0,0.0,0.0,0.0,0.0
7100.0,3.8133,0.0,1729702187.0,1,1,7100.0,0.0,0.0,0.0,0.0,0.0
7110.0,3.8133,0.0,1729702197.0,1,1,7110.0,0.0,0.0,0.0,0.0,0.0
7120.0,3.8133,0.0,1729702207.0,1,1,7120.0,0.0,0.0,0.0,0.0,0.0
7130.0,3.8133,0.0,1729702217.0,1,1,7130.0,0.0,0.0,0.0,0.0,0.0
7140.0,3.8133,0.0,1729702227.0,1,1,7140.0,0.0,0.0,0.0,0.0,0.0
7150.0,3.8133,0.0,1729702237.0,1,1,7150.0,0.0,0.0,0.0,0.0,0.0
7160.0,3.8133,0.0,1729702247.0,1,1,7160.0,0.0,0.0,0.0,0.0,0.0
7170.0,3.8133,0.0,1729702257.0,1,1,7170.0,0.0,0.0,0.0,0.0,0.0
7180.0,3.8133,0.0,1729702267.0,1,1,7180.0,0.0,0.0,0.0,0.0,0.0
7190.0,3.8133,0.0,1729702277.0,1,1,7190.0,0.0,0.0,0.0,0.0,0.0
7200.0,3.8133,0.0,1729702287.0,1,1,7200.0,0.0,0.0,0.0,0.0,0.0
0.0,3.814,2.181,1729702287.0,1,2,0.0,0.0,0.0,0.0,0.0,0.0
7200.01,3.814,2.181,1729702287.0,1,2,0.01,0.0,0.0,0.0,0.0,0.0
7210.0,3.8285,2.1814,1729702297.0,1,2,10.0,0.0061,0.0,0.0061,0.0232,0.0
7220.0,3.8309,2.1814,1729702307.0,1,2,20.0,0.0121,0.0,0.0121,0.0464,0.0
7230.0,3.8325,2.1814,1729702317.0,1,2,30.0,0.0182,0.0,0.0182,0.0696,0.0
7240.0,3.8337,2.1814,1729702327.0,1,2,40.0,0.0242,0.0,0.0242,0.0928,0.0
7250.0,3.8348,2.1814,1729702337.0,1,2,50.0,0.0303,0.0,0.0303,0.1161,0.0
7260.0,3.8357,2.1813,1729702347.0,1,2,60.0,0.0364,0.0,0.0364,0.1393,0.0
7270.0,3.8367,2.1814,1729702357.0,1,2,70.0,0.0424,0.0,0.0424,0.1626,0.0
7280.0,3.8376,2.1814,1729702367.0,1,2,80.0,0.0485,0.0,0.0485,0.1858,0.0
7290.0,3.8384,2.1814,1729702377.0,1,2,90.0,0.0545,0.0,0.0545,0.2091,0.0
7300.0,3.8392,2.1814,1729702387.0,1,2,100.0,0.0606,0.0,0.0606,0.2323,0.0
7310.0,3.8401,2.1814,1729702397.0,1,2,110.0,0.0667,0.0,0.0667,0.2556,0.0
7320.0,3.8409,2.1813,1729702407.0,1,2,120.0,0.0727,0.0,0.0727,0.2789,0.0
7330.0,3.8416,2.1813,1729702417.0,1,2,130.0,0.0788,0.0,0.0788,0.3021,0.0
7340.0,3.8424,2.1814,1729702427.0,1,2,140.0,0.0848,0.0,0.0848,0.3254,0.0
7350.0,3.8432,2.1814,1729702437.0,1,2,150.0,0.0909,0.0,0.0909,0.3487,0.0
7360.0,3.844,2.1814,1729702447.0,1,2,160.0,0.0969,0.0,0.0969,0.372,0.0
7370.0,3.8447,2.1814,1729702457.0,1,2,170.0,0.103,0.0,0.103,0.3953,0.0
7380.0,3.8455,2.1813,1729702467.0,1,2,180.0,0.1091,0.0,0.1091,0.4186,0.0
7390.0,3.8462,2.1814,1729702477.0,1,2,190.0,0.1151,0.0,0.1151,0.4419,0.0
7400.0,3.8469,2.1814,1729702487.0,1,2,200.0,0.1212,0.0,0.1212,0.4652,0.0
7410.0,3.8477,2.1814,1729702497.0,1,2,210.0,0.1272,0.0,0.1272,0.4885,0.0
7420.0,3.8484,2.1815,1729702507.0,1,2,220.0,0.1333,0.0,0.1333,0.5118,0.0
7430.0,3.8491,2.1812,1729702517.0,1,2,230.0,0.1394,0.0,0.1394,0.5351,0.0
7440.0,3.8498,2.1813,1729702527.0,1,2,240.0,0.1454,0.0,0.1454,0.5585,0.0
7450.0,3.8505,2.1814,1729702537.0,1,2,250.0,0.1515,0.0,0.1515,0.5818,0.0
7460.0,3.8512,2.1814,1729702547.0,1,2,260.0,0.1575,0.0,0.1575,0.6051,0.0
7470.0,3.8519,2.1813,1729702557.0,1,2,270.0,0.1636,0.0,0.1636,0.6285,0.0
7480.0,3.8525,2.1813,1729702567.0,1,2,280.0,0.1697,0.0,0.1697,0.6518,0.0
7490.0,3.8532,2.1814,1729702577.0,1,2,290.0,0.1757,0.0,0.1757,0.6751,0.0
7500.0,3.8538,2.1813,1729702587.0,1,2,300.0,0.1818,0.0,0.1818,0.6985,0.0
7510.0,3.8545,2.1813,1729702597.0,1,2,310.0,0.1878,0.0,0.1878,0.7219,0.0
7520.0,3.8551,2.1813,1729702607.0,1,2,320.0,0.1939,0.0,0.1939,0.7452,0.0
7530.0,3.8557,2.1813,1729702617.0,1,2,330.0,0.2,0.0,0.2,0.7686,0.0
7540.0,3.8562,2.1814,1729702627.0,1,2,340.0,0.206,0.0,0.206,0.7919,0.0
7550.0,3.8568,2.1814,1729702637.0,1,2,350.0,0.2121,0.0,0.2121,0.8153,0.0
7560.0,3.8574,2.1813,1729702647.0,1,2,360.0,0.2181,0.0,0.2181,0.8387,0.0
7570.0,3.8579,2.1813,1729702657.0,1,2,370.0,0.2242,0.0,0.2242,0.862,0.0
7580.0,3.8585,2.1815,1729702667.0,1,2,380.0,0.2303,0.0,0.2303,0.8854,0.0
7590.0,3.859,2.1814,1729702677.0,1,2,390.0,0.2363,0.0,0.2363,0.9088,0.0
7600.0,3.8595,2.1813,1729702687.0,1,2,400.0,0.2424,0.0,0.2424,0.9322,0.0
7610.0,3.86,2.1813,1729702697.0,1,2,410.0,0.2484,0.0,0.2484,0.9556,0.0
7620.0,3.8605,2.1814,1729702707.0,1,2,420.0,0.2545,0.0,0.2545,0.979,0.0
7630.0,3.8611,2.1814,1729702717.0,1,2,430.0,0.2605,0.0,0.2605,1.0024,0.0
7640.0,3.8615,2.1814,1729702727.0,1,2,440.0,0.2666,0.0,0.2666,1.0258,0.0
7650.0,3.862,2.1814,1729702737.0,1,2,450.0,0.2727,0.0,0.2727,1.0492,0.0
7660.0,3.8625,2.1813,1729702747.0,1,2,460.0,0.2787,0.0,0.2787,1.0726,0.0
7670.0,3.863,2.1813,1729702757.0,1,2,470.0,0.2848,0.0,0.2848,1.096,0.0
7680.0,3.8634,2.1813,1729702767.0,1,2,480.0,0.2908,0.0,0.2908,1.1194,0.0
7690.0,3.8639,2.1814,1729702777.0,1,2,490.0,0.2969,0.0,0.2969,1.1428,0.0
7700.0,3.8644,2.1813,1729702787.0,1,2,500.0,0.303,0.0,0.303,1.1662,0.0
7710.0,3.8649,2.1814,1729702797.0,1,2,510.0,0.309,0.0,0.309,1.1896,0.0
7720.0,3.8654,2.1814,1729702807.0,1,2,520.0,0.3151,0.0,0.3151,1.213,0.0
7730.0,3.8659,2.1814,1729702817.0,1,2,530.0,0.3211,0.0,0.3211,1.2365,0.0
7740.0,3.8664,2.1813,1729702827.0,1,2,540.0,0.3272,0.0,0.3272,1.2599,0.0
7750.0,3.8669,2.1814,1729702837.0,1,2,550.0,0.3333,0.0,0.3333,1.2833,0.0
7760.0,3.8674,2.1814,1729702847.0,1,2,560.0,0.3393,0.0,0.3393,1.3067,0.0
7770.0,3.8679,2.1814,1729702857.0,1,2,570.0,0.3454,0.0,0.3454,1.3302,0.0
7780.0,3.8684,2.1814,1729702867.0,1,2,580.0,0.3514,0.0,0.3514,1.3536,0.0
7790.0,3.8688,2.1813,1729702877.0,1,2,590.0,0.3575,0.0,0.3575,1.3771,0.0
7800.0,3.8693,2.1814,1729702887.0,1,2,600.0,0.3636,0.0,0.3636,1.4005,0.0
7810.0,3.8699,2.1814,1729702897.0,1,2,610.0,0.3696,0.0,0.3696,1.424,0.0
7820.0,3.8703,2.1814,1729702907.0,1,2,620.0,0.3757,0.0,0.3757,1.4474,0.0
7830.0,3.8709,2.1813,1729702917.0,1,2,630.0,0.3817,0.0,0.3817,1.4709,0.0
7840.0,3.8714,2.1813,1729702927.0,1,2,640.0,0.3878,0.0,0.3878,1.4943,0.0
7850.0,3.8719,2.1813,1729702937.0,1,2,650.0,0.3939,0.0,0.3939,1.5178,0.0
7860.0,3.8724,2.1813,1729702947.0,1,2,660.0,0.3999,0.0,0.3999,1.5412,0.0
7870.0,3.8729,2.1813,1729702957.0,1,2,670.0,0.406,0.0,0.406,1.5647,0.0
7880.0,3.8734,2.1814,1729702967.0,1,2,680.0,0.412,0.0,0.412,1.5882,0.0
7890.0,3.8739,2.1814,1729702977.0,1,2,690.0,0.4181,0.0,0.4181,1.6116,0.0
7900.0,3.8745,2.1813,1729702987.0,1,2,700.0,0.4242,0.0,0.4242,1.6351,0.0
7910.0,3.875,2.1814,1729702997.0,1,2,710.0,0.4302,0.0,0.4302,1.6586,0.0
7920.0,3.8755,2.1814,1729703007.0,1,2,720.0,0.4363,0.0,0.4363,1.6821,0.0
7930.0,3.876,2.1814,1729703017.0,1,2,730.0,0.4423,0.0,0.4423,1.7056,0.0
7940.0,3.8766,2.1814,1729703027.0,1,2,740.0,0.4484,0.0,0.4484,1.729,0.0
7950.0,3.8772,2.1813,1729703037.0,1,2,750.0,0.4544,0.0,0.4544,1.7525,0.0
7960.0,3.8777,2.1813,1729703047.0,1,2,760.0,0.4605,0.0,0.4605,1.776,0.0
7970.0,3.8782,2.1813,1729703057.0,1,2,770.0,0.4666,0.0,0.4666,1.7995,0.0
7980.0,3.8788,2.1814,1729703067.0,1,2,780.0,0.4726,0.0,0.4726,1.823,0.0
7990.0,3.8793,2.1814,1729703077.0,1,2,790.0,0.4787,0.0,0.4787,1.8465,0.0
8000.0,3.8799,2.1813,1729703087.0,1,2,800.0,0.4847,0.0,0.4847,1.87,0.0
8010.0,3.8804,2.1814,1729703097.0,1,2,810.0,0.4908,0.0,0.4908,1.8936,0.0
8020.0,3.881,2.1814,1729703107.0,1,2,820.0,0.4969,0.0,0.4969,1.9171,0.0
8030.0,3.8816,2.1813,1729703117.0,1,2,830.0,0.5029,0.0,0.5029,1.9406,0.0
8040.0,3.8821,2.1813,1729703127.0,1,2,840.0,0.509,0.0,0.509,1.9641,0.0
8050.0,3.8827,2.1814,1729703137.0,1,2,850.0,0.515,0.0,0.515,1.9876,0.0
8060.0,3.8833,2.1814,1729703147.0,1,2,860.0,0.5211,0.0,0.5211,2.0112,0.0
8070.0,3.8839,2.1813,1729703157.0,1,2,870.0,0.5272,0.0,0.5272,2.0347,0.0
8080.0,3.8845,2.1813,1729703167.0,1,2,880.0,0.5332,0.0,0.5332,2.0582,0.0
8090.0,3.885,2.1813,1729703177.0,1,2,890.0,0.5393,0.0,0.5393,2.0818,0.0
8100.0,3.8856,2.1814,1729703187.0,1,2,900.0,0.5453,0.0,0.5453,2.1053,0.0
8110.0,3.8862,2.1814,1729703197.0,1,2,910.0,0.5514,0.0,0.5514,2.1289,0.0
8120.0,3.8868,2.1814,1729703207.0,1,2,920.0,0.5575,0.0,0.5575,2.1524,0.0
8130.0,3.8874,2.1814,1729703217.0,1,2,930.0,0.5635,0.0,0.5635,2.176,0.0
8140.0,3.888,2.1814,1729703227.0,1,2,940.0,0.5696,0.0,0.5696,2.1995,0.0
8150.0,3.8886,2.1814,1729703237.0,1,2,950.0,0.5756,0.0,0.5756,2.2231,0.0
8160.0,3.8892,2.1813,1729703247.0,1,2,960.0,0.5817,0.0,0.5817,2.2466,0.0
8170.0,3.8899,2.1813,1729703257.0,1,2,970.0,0.5878,0.0,0.5878,2.2702,0.0
8180.0,3.8905,2.1813,1729703267.0,1,2,980.0,0.5938,0.0,0.5938,2.2938,0.0
8190.0,3.8911,2.1813,1729703277.0,1,2,990.0,0.5999,0.0,0.5999,2.3174,0.0
8200.0,3.8918,2.1813,1729703287.0,1,2,1000.0,0.6059,0.0,0.6059,2.3409,0.0
8210.0,3.8924,2.1814,1729703297.0,1,2,1010.0,0.612,0.0,0.612,2.3645,0.0
8220.0,3.893,2.1813,1729703307.0,1,2,1020.0,0.618,0.0,0.618,2.3881,0.0
8230.0,3.8936,2.1813,1729703317.0,1,2,1030.0,0.6241,0.0,0.6241,2.4117,0.0
8240.0,3.8943,2.1814,1729703327.0,1,2,1040.0,0.6302,0.0,0.6302,2.4353,0.0
8250.0,3.8949,2.1813,1729703337.0,1,2,1050.0,0.6362,0.0,0.6362,2.4589,0.0
8260.0,3.8956,2.1813,1729703347.0,1,2,1060.0,0.6423,0.0,0.6423,2.4825,0.0
8270.0,3.8962,2.1813,1729703357.0,1,2,1070.0,0.6483,0.0,0.6483,2.5061,0.0
8280.0,3.8968,2.1814,1729703367.0,1,2,1080.0,0.6544,0.0,0.6544,2.5297,0.0
8290.0,3.8975,2.1813,1729703377.0,1,2,1090.0,0.6605,0.0,0.6605,2.5533,0.0
8300.0,3.8982,2.1814,1729703387.0,1,2,1100.0,0.6665,0.0,0.6665,2.5769,0.0
8310.0,3.8988,2.1814,1729703397.0,1,2,1110.0,0.6726,0.0,0.6726,2.6006,0.0
8320.0,3.8995,2.1813,1729703407.0,1,2,1120.0,0.6786,0.0,0.6786,2.6242,0.0
8330.0,3.9001,2.1814,1729703417.0,1,2,1130.0,0.6847,0.0,0.6847,2.6478,0.0
8340.0,3.9008,2.1814,1729703427.0,1,2,1140.0,0.6908,0.0,0.6908,2.6714,0.0
8350.0,3.9015,2.1814,1729703437.0,1,2,1150.0,0.6968,0.0,0.6968,2.6951,0.0
8360.0,3.9021,2.1814,1729703447.0,1,2,1160.0,0.7029,0.0,0.7029,2.7187,0.0
8370.0,3.9028,2.1814,1729703457.0,1,2,1170.0,0.7089,0.0,0.7089,2.7424,0.0
8380.0,3.9035,2.1813,1729703467.0,1,2,1180.0,0.715,0.0,0.715,2.766,0.0
8390.0,3.9041,2.1814,1729703477.0,1,2,1190.0,0.7211,0.0,0.7211,2.7897,0.0
8400.0,3.9048,2.1814,1729703487.0,1,2,1200.0,0.7271,0.0,0.7271,2.8133,0.0
8410.0,3.9054,2.1814,1729703497.0,1,2,1210.0,0.7332,0.0,0.7332,2.837,0.0
8420.0,3.9061,2.1813,1729703507.0,1,2,1220.0,0.7392,0.0,0.7392,2.8607,0.0
8430.0,3.9068,2.1813,1729703517.0,1,2,1230.0,0.7453,0.0,0.7453,2.8843,0.0
8440.0,3.9074,2.1814,1729703527.0,1,2,1240.0,0.7514,0.0,0.7514,2.908,0.0
8450.0,3.9081,2.1814,1729703537.0,1,2,1250.0,0.7574,0.0,0.7574,2.9317,0.0
8460.0,3.9087,2.1814,1729703547.0,1,2,1260.0,0.7635,0.0,0.7635,2.9554,0.0
8470.0,3.9093,2.1814,1729703557.0,1,2,1270.0,0.7695,0.0,0.7695,2.9791,0.0
8480.0,3.91,2.1813,1729703567.0,1,2,1280.0,0.7756,0.0,0.7756,3.0027,0.0
8490.0,3.9106,2.1813,1729703577.0,1,2,1290.0,0.7816,0.0,0.7816,3.0264,0.0
8500.0,3.9113,2.1814,1729703587.0,1,2,1300.0,0.7877,0.0,0.7877,3.0501,0.0
8510.0,3.9119,2.1813,1729703597.0,1,2,1310.0,0.7938,0.0,0.7938,3.0738,0.0
8520.0,3.9125,2.1814,1729703607.0,1,2,1320.0,0.7998,0.0,0.7998,3.0975,0.0
8530.0,3.9131,2.1814,1729703617.0,1,2,1330.0,0.8059,0.0,0.8059,3.1213,0.0
8540.0,3.9137,2.1814,1729703627.0,1,2,1340.0,0.8119,0.0,0.8119,3.145,0.0
8550.0,3.9143,2.1814,1729703637.0,1,2,1350.0,0.818,0.0,0.818,3.1687,0.0
8560.0,3.9149,2.1813,1729703647.0,1,2,1360.0,0.8241,0.0,0.8241,3.1924,0.0
8570.0,3.9155,2.1814,1729703657.0,1,2,1370.0,0.8301,0.0,0.8301,3.2161,0.0
8580.0,3.916,2.1813,1729703667.0,1,2,1380.0,0.8362,0.0,0.8362,3.2399,0.0
8590.0,3.9166,2.1813,1729703677.0,1,2,1390.0,0.8422,0.0,0.8422,3.2636,0.0
8600.0,3.9171,2.1813,1729703687.0,1,2,1400.0,0.8483,0.0,0.8483,3.2873,0.0
8610.0,3.9177,2.1813,1729703697.0,1,2,1410.0,0.8544,0.0,0.8544,3.3111,0.0
8620.0,3.9183,2.1813,1729703707.0,1,2,1420.0,0.8604,0.0,0.8604,3.3348,0.0
8630.0,3.9188,2.1813,1729703717.0,1,2,1430.0,0.8665,0.0,0.8665,3.3585,0.0
8640.0,3.9193,2.1813,1729703727.0,1,2,1440.0,0.8725,0.0,0.8725,3.3823,0.0
8650.0,3.9199,2.1814,1729703737.0,1,2,1450.0,0.8786,0.0,0.8786,3.406,0.0
8660.0,3.9204,2.1814,1729703747.0,1,2,1460.0,0.8847,0.0,0.8847,3.4298,0.0
8670.0,3.921,2.1814,1729703757.0,1,2,1470.0,0.8907,0.0,0.8907,3.4535,0.0
8680.0,3.9215,2.1813,1729703767.0,1,2,1480.0,0.8968,0.0,0.8968,3.4773,0.0
8690.0,3.9219,2.1813,1729703777.0,1,2,1490.0,0.9028,0.0,0.9028,3.5011,0.0
8700.0,3.9225,2.1814,1729703787.0,1,2,1500.0,0.9089,0.0,0.9089,3.5248,0.0
8710.0,3.923,2.1814,1729703797.0,1,2,1510.0,0.915,0.0,0.915,3.5486,0.0
8720.0,3.9235,2.1813,1729703807.0,1,2,1520.0,0.921,0.0,0.921,3.5724,0.0
8730.0,3.924,2.1813,1729703817.0,1,2,1530.0,0.9271,0.0,0.9271,3.5961,0.0
8740.0,3.9244,2.1813,1729703827.0,1,2,1540.0,0.9331,0.0,0.9331,3.6199,0.0
8750.0,3.9249,2.1813,1729703837.0,1,2,1550.0,0.9392,0.0,0.9392,3.6437,0.0
8760.0,3.9254,2.1813,1729703847.0,1,2,1560.0,0.9453,0.0,0.9453,3.6675,0.0
8770.0,3.9259,2.1813,1729703857.0,1,2,1570.0,0.9513,0.0,0.9513,3.6913,0.0
8780.0,3.9264,2.1814,1729703867.0,1,2,1580.0,0.9574,0.0,0.9574,3.7151,0.0
8790.0,3.9269,2.1813,1729703877.0,1,2,1590.0,0.9634,0.0,0.9634,3.7389,0.0
8800.0,3.9273,2.1813,1729703887.0,1,2,1600.0,0.9695,0.0,0.9695,3.7627,0.0
8810.0,3.9278,2.1813,1729703897.0,1,2,1610.0,0.9755,0.0,0.9755,3.7865,0.0
8820.0,3.9283,2.1814,1729703907.0,1,2,1620.0,0.9816,0.0,0.9816,3.8103,0.0
8830.0,3.9288,2.1814,1729703917.0,1,2,1630.0,0.9877,0.0,0.9877,3.8341,0.0
8840.0,3.9293,2.1814,1729703927.0,1,2,1640.0,0.9937,0.0,0.9937,3.8579,0.0
8850.0,3.9297,2.1814,1729703937.0,1,2,1650.0,0.9998,0.0,0.9998,3.8817,0.0
8860.0,3.9302,2.1814,1729703947.0,1,2,1660.0,1.0058,0.0,1.0058,3.9055,0.0
8870.0,3.9307,2.1814,1729703957.0,1,2,1670.0,1.0119,0.0,1.0119,3.9293,0.0
8880.0,3.9311,2.1813,1729703967.0,1,2,1680.0,1.018,0.0,1.018,3.9531,0.0
8890.0,3.9316,2.1813,1729703977.0,1,2,1690.0,1.024,0.0,1.024,3.9769,0.0
8900.0,3.9321,2.1813,1729703987.0,1,2,1700.0,1.0301,0.0,1.0301,4.0008,0.0
8910.0,3.9326,2.1813,1729703997.0,1,2,1710.0,1.0361,0.0,1.0361,4.0246,0.0
8920.0,3.933,2.1813,1729704007.0,1,2,1720.0,1.0422,0.0,1.0422,4.0484,0.0
8930.0,3.9335,2.1813,1729704017.0,1,2,1730.0,1.0483,0.0,1.0483,4.0723,0.0
8940.0,3.9339,2.1813,1729704027.0,1,2,1740.0,1.0543,0.0,1.0543,4.0961,0.0
8950.0,3.9344,2.1813,1729704037.0,1,2,1750.0,1.0604,0.0,1.0604,4.1199,0.0
8960.0,3.9349,2.1813,1729704047.0,1,2,1760.0,1.0664,0.0,1.0664,4.1438,0.0
8970.0,3.9354,2.1814,1729704057.0,1,2,1770.0,1.0725,0.0,1.0725,4.1676,0.0
8980.0,3.9359,2.1814,1729704067.0,1,2,1780.0,1.0786,0.0,1.0786,4.1915,0.0
8990.0,3.9363,2.1813,1729704077.0,1,2,1790.0,1.0846,0.0,1.0846,4.2153,0.0
9000.0,3.9368,2.1813,1729704087.0,1,2,1800.0,1.0907,0.0,1.0907,4.2392,0.0
9010.0,3.9372,2.1813,1729704097.0,1,2,1810.0,1.0967,0.0,1.0967,4.263,0.0
9020.0,3.9377,2.1814,1729704107.0,1,2,1820.0,1.1028,0.0,1.1028,4.2869,0.0
9030.0,3.9382,2.1814,1729704117.0,1,2,1830.0,1.1089,0.0,1.1089,4.3107,0.0
9040.0,3.9386,2.1813,1729704127.0,1,2,1840.0,1.1149,0.0,1.1149,4.3346,0.0
9050.0,3.9391,2.1813,1729704137.0,1,2,1850.0,1.121,0.0,1.121,4.3585,0.0
9060.0,3.9396,2.1813,1729704147.0,1,2,1860.0,1.127,0.0,1.127,4.3823,0.0
9070.0,3.94,2.1813,1729704157.0,1,2,1870.0,1.1331,0.0,1.1331,4.4062,0.0
9080.0,3.9405,2.1813,1729704167.0,1,2,1880.0,1.1391,0.0,1.1391,4.4301,0.0
9090.0,3.941,2.1814,1729704177.0,1,2,1890.0,1.1452,0.0,1.1452,4.454,0.0
9100.0,3.9415,2.1813,1729704187.0,1,2,1900.0,1.1513,0.0,1.1513,4.4778,0.0
9110.0,3.9419,2.1813,1729704197.0,1,2,1910.0,1.1573,0.0,1.1573,4.5017,0.0
9120.0,3.9424,2.1813,1729704207.0,1,2,1920.0,1.1634,0.0,1.1634,4.5256,0.0
9130.0,3.9429,2.1814,1729704217.0,1,2,1930.0,1.1694,0.0,1.1694,4.5495,0.0
9140.0,3.9434,2.1813,1729704227.0,1,2,1940.0,1.1755,0.0,1.1755,4.5734,0.0
9150.0,3.9439,2.1813,1729704237.0,1,2,1950.0,1.1816,0.0,1.1816,4.5973,0.0
9160.0,3.9444,2.1813,1729704247.0,1,2,1960.0,1.1876,0.0,1.1876,4.6212,0.0
9170.0,3.9448,2.1813,1729704257.0,1,2,1970.0,1.1937,0.0,1.1937,4.6451,0.0
9180.0,3.9453,2.1813,1729704267.0,1,2,1980.0,1.1997,0.0,1.1997,4.669,0.0
9190.0,3.9458,2.1813,1729704277.0,1,2,1990.0,1.2058,0.0,1.2058,4.6929,0.0
9200.0,3.9463,2.1813,1729704287.0,1,2,2000.0,1.2119,0.0,1.2119,4.7168,0.0
9210.0,3.9468,2.1813,1729704297.0,1,2,2010.0,1.2179,0.0,1.2179,4.7407,0.0
9220.0,3.9473,2.1814,1729704307.0,1,2,2020.0,1.224,0.0,1.224,4.7646,0.0
9230.0,3.9477,2.1814,1729704317.0,1,2,2030.0,1.23,0.0,1.23,4.7886,0.0
9240.0,3.9482,2.1814,1729704327.0,1,2,2040.0,1.2361,0.0,1.2361,4.8125,0.0
9250.0,3.9487,2.1814,1729704337.0,1,2,2050.0,1.2422,0.0,1.2422,4.8364,0.0
9260.0,3.9492,2.1814,1729704347.0,1,2,2060.0,1.2482,0.0,1.2482,4.8603,0.0
9270.0,3.9497,2.1813,1729704357.0,1,2,2070.0,1.2543,0.0,1.2543,4.8843,0.0
9280.0,3.9502,2.1812,1729704367.0,1,2,2080.0,1.2603,0.0,1.2603,4.9082,0.0
9290.0,3.9507,2.1813,1729704377.0,1,2,2090.0,1.2664,0.0,1.2664,4.9321,0.0
9300.0,3.9512,2.1814,1729704387.0,1,2,2100.0,1.2725,0.0,1.2725,4.9561,0.0
9310.0,3.9516,2.1813,1729704397.0,1,2,2110.0,1.2785,0.0,1.2785,4.98,0.0
9320.0,3.9521,2.1813,1729704407.0,1,2,2120.0,1.2846,0.0,1.2846,5.004,0.0
9330.0,3.9526,2.1813,1729704417.0,1,2,2130.0,1.2906,0.0,1.2906,5.0279,0.0
9340.0,3.9532,2.1813,1729704427.0,1,2,2140.0,1.2967,0.0,1.2967,5.0519,0.0
9350.0,3.9536,2.1813,1729704437.0,1,2,2150.0,1.3027,0.0,1.3027,5.0758,0.0
9360.0,3.9541,2.1813,1729704447.0,1,2,2160.0,1.3088,0.0,1.3088,5.0998,0.0
9370.0,3.9546,2.1813,1729704457.0,1,2,2170.0,1.3149,0.0,1.3149,5.1237,0.0
9380.0,3.9552,2.1813,1729704467.0,1,2,2180.0,1.3209,0.0,1.3209,5.1477,0.0
9390.0,3.9556,2.1813,1729704477.0,1,2,2190.0,1.327,0.0,1.327,5.1717,0.0
9400.0,3.9561,2.1813,1729704487.0,1,2,2200.0,1.333,0.0,1.333,5.1956,0.0
9410.0,3.9566,2.1813,1729704497.0,1,2,2210.0,1.3391,0.0,1.3391,5.2196,0.0
9420.0,3.9571,2.1813,1729704507.0,1,2,2220.0,1.3452,0.0,1.3452,5.2436,0.0
9430.0,3.9577,2.1814,1729704517.0,1,2,2230.0,1.3512,0.0,1.3512,5.2676,0.0
9440.0,3.9582,2.1813,1729704527.0,1,2,2240.0,1.3573,0.0,1.3573,5.2915,0.0
9450.0,3.9587,2.1813,1729704537.0,1,2,2250.0,1.3633,0.0,1.3633,5.3155,0.0
9460.0,3.9592,2.1813,1729704547.0,1,2,2260.0,1.3694,0.0,1.3694,5.3395,0.0
9470.0,3.9597,2.1813,1729704557.0,1,2,2270.0,1.3755,0.0,1.3755,5.3635,0.0
9480.0,3.9602,2.1813,1729704567.0,1,2,2280.0,1.3815,0.0,1.3815,5.3875,0.0
9490.0,3.9607,2.1814,1729704577.0,1,2,2290.0,1.3876,0.0,1.3876,5.4115,0.0
9500.0,3.9613,2.1813,1729704587.0,1,2,2300.0,1.3936,0.0,1.3936,5.4355,0.0
9510.0,3.9618,2.1813,1729704597.0,1,2,2310.0,1.3997,0.0,1.3997,5.4595,0.0
9520.0,3.9623,2.1813,1729704607.0,1,2,2320.0,1.4058,0.0,1.4058,5.4835,0.0
9530.0,3.9628,2.1813,1729704617.0,1,2,2330.0,1.4118,0.0,1.4118,5.5075,0.0
9540.0,3.9633,2.1814,1729704627.0,1,2,2340.0,1.4179,0.0,1.4179,5.5315,0.0
9550.0,3.9638,2.1813,1729704637.0,1,2,2350.0,1.4239,0.0,1.4239,5.5556,0.0
9560.0,3.9644,2.1813,1729704647.0,1,2,2360.0,1.43,0.0,1.43,5.5796,0.0
9570.0,3.9649,2.1813,1729704657.0,1,2,2370.0,1.436,0.0,1.436,5.6036,0.0
9580.0,3.9654,2.1813,1729704667.0,1,2,2380.0,1.4421,0.0,1.4421,5.6276,0.0
9590.0,3.9659,2.1813,1729704677.0,1,2,2390.0,1.4482,0.0,1.4482,5.6516,0.0
9600.0,3.9665,2.1813,1729704687.0,1,2,2400.0,1.4542,0.0,1.4542,5.6757,0.0
9610.0,3.967,2.1813,1729704697.0,1,2,2410.0,1.4603,0.0,1.4603,5.6997,0.0
9620.0,3.9675,2.1813,1729704707.0,1,2,2420.0,1.4663,0.0,1.4663,5.7238,0.0
9630.0,3.968,2.1813,1729704717.0,1,2,2430.0,1.4724,0.0,1.4724,5.7478,0.0
9640.0,3.9685,2.1814,1729704727.0,1,2,2440.0,1.4785,0.0,1.4785,5.7718,0.0
9650.0,3.9691,2.1814,1729704737.0,1,2,2450.0,1.4845,0.0,1.4845,5.7959,0.0
9660.0,3.9696,2.1813,1729704747.0,1,2,2460.0,1.4906,0.0,1.4906,5.8199,0.0
9670.0,3.9701,2.1813,1729704757.0,1,2,2470.0,1.4966,0.0,1.4966,5.844,0.0
9680.0,3.9707,2.1813,1729704767.0,1,2,2480.0,1.5027,0.0,1.5027,5.8681,0.0
9690.0,3.9712,2.1814,1729704777.0,1,2,2490.0,1.5088,0.0,1.5088,5.8921,0.0
9700.0,3.9717,2.1813,1729704787.0,1,2,2500.0,1.5148,0.0,1.5148,5.9162,0.0
9710.0,3.9722,2.1813,1729704797.0,1,2,2510.0,1.5209,0.0,1.5209,5.9402,0.0
9720.0,3.9728,2.1812,1729704807.0,1,2,2520.0,1.5269,0.0,1.5269,5.9643,0.0
9730.0,3.9733,2.1813,1729704817.0,1,2,2530.0,1.533,0.0,1.533,5.9884,0.0
9740.0,3.9738,2.1813,1729704827.0,1,2,2540.0,1.5391,0.0,1.5391,6.0125,0.0
9750.0,3.9743,2.1813,1729704837.0,1,2,2550.0,1.5451,0.0,1.5451,6.0365,0.0
9760.0,3.9748,2.1813,1729704847.0,1,2,2560.0,1.5512,0.0,1.5512,6.0606,0.0
9770.0,3.9754,2.1813,1729704857.0,1,2,2570.0,1.5572,0.0,1.5572,6.0847,0.0
9780.0,3.9759,2.1813,1729704867.0,1,2,2580.0,1.5633,0.0,1.5633,6.1088,0.0
9790.0,3.9764,2.1813,1729704877.0,1,2,2590.0,1.5694,0.0,1.5694,6.1329,0.0
9800.0,3.9769,2.1814,1729704887.0,1,2,2600.0,1.5754,0.0,1.5754,6.157,0.0
9810.0,3.9774,2.1813,1729704897.0,1,2,2610.0,1.5815,0.0,1.5815,6.1811,0.0
9820.0,3.9779,2.1813,1729704907.0,1,2,2620.0,1.5875,0.0,1.5875,6.2052,0.0
9830.0,3.9784,2.1813,1729704917.0,1,2,2630.0,1.5936,0.0,1.5936,6.2293,0.0
9840.0,3.9789,2.1813,1729704927.0,1,2,2640.0,1.5996,0.0,1.5996,6.2534,0.0
9850.0,3.9794,2.1813,1729704937.0,1,2,2650.0,1.6057,0.0,1.6057,6.2775,0.0
9860.0,3.9799,2.1813,1729704947.0,1,2,2660.0,1.6118,0.0,1.6118,6.3016,0.0
9870.0,3.9804,2.1814,1729704957.0,1,2,2670.0,1.6178,0.0,1.6178,6.3257,0.0
9880.0,3.9809,2.1814,1729704967.0,1,2,2680.0,1.6239,0.0,1.6239,6.3499,0.0
9890.0,3.9814,2.1813,1729704977.0,1,2,2690.0,1.6299,0.0,1.6299,6.374,0.0
9900.0,3.9819,2.1813,1729704987.0,1,2,2700.0,1.636,0.0,1.636,6.3981,0.0
9910.0,3.9824,2.1813,1729704997.0,1,2,2710.0,1.6421,0.0,1.6421,6.4222,0.0
9920.0,3.9829,2.1813,1729705007.0,1,2,2720.0,1.6481,0.0,1.6481,6.4464,0.0
9930.0,3.9834,2.1813,1729705017.0,1,2,2730.0,1.6542,0.0,1.6542,6.4705,0.0
9940.0,3.9838,2.1813,1729705027.0,1,2,2740.0,1.6602,0.0,1.6602,6.4946,0.0
9950.0,3.9843,2.1813,1729705037.0,1,2,2750.0,1.6663,0.0,1.6663,6.5188,0.0
9960.0,3.9847,2.1813,1729705047.0,1,2,2760.0,1.6724,0.0,1.6724,6.5429,0.0
9970.0,3.9852,2.1813,1729705057.0,1,2,2770.0,1.6784,0.0,1.6784,6.5671,0.0
9980.0,3.9856,2.1814,1729705067.0,1,2,2780.0,1.6845,0.0,1.6845,6.5912,0.0
9990.0,3.9861,2.1813,1729705077.0,1,2,2790.0,1.6905,0.0,1.6905,6.6154,0.0
10000.0,3.9865,2.1813,1729705087.0,1,2,2800.0,1.6966,0.0,1.6966,6.6395,0.0
10010.0,3.987,2.1813,1729705097.0,1,2,2810.0,1.7027,0.0,1.7027,6.6637,0.0
10020.0,3.9874,2.1813,1729705107.0,1,2,2820.0,1.7087,0.0,1.7087,6.6878,0.0
10030.0,3.9879,2.1812,1729705117.0,1,2,2830.0,1.7148,0.0,1.7148,6.712,0.0
10040.0,3.9883,2.1813,1729705127.0,1,2,2840.0,1.7208,0.0,1.7208,6.7362,0.0
10050.0,3.9887,2.1813,1729705137.0,1,2,2850.0,1.7269,0.0,1.7269,6.7603,0.0
10060.0,3.9891,2.1813,1729705147.0,1,2,2860.0,1.7329,0.0,1.7329,6.7845,0.0
10070.0,3.9895,2.1813,1729705157.0,1,2,2870.0,1.739,0.0,1.739,6.8087,0.0
10080.0,3.9899,2.1813,1729705167.0,1,2,2880.0,1.7451,0.0,1.7451,6.8328,0.0
10090.0,3.9903,2.1813,1729705177.0,1,2,2890.0,1.7511,0.0,1.7511,6.857,0.0
10100.0,3.9908,2.1813,1729705187.0,1,2,2900.0,1.7572,0.0,1.7572,6.8812,0.0
10110.0,3.9911,2.1813,1729705197.0,1,2,2910.0,1.7632,0.0,1.7632,6.9054,0.0
10120.0,3.9915,2.1814,1729705207.0,1,2,2920.0,1.7693,0.0,1.7693,6.9296,0.0
10130.0,3.9919,2.1814,1729705217.0,1,2,2930.0,1.7754,0.0,1.7754,6.9538,0.0
10140.0,3.9923,2.1813,1729705227.0,1,2,2940.0,1.7814,0.0,1.7814,6.9779,0.0
10150.0,3.9926,2.1813,1729705237.0,1,2,2950.0,1.7875,0.0,1.7875,7.0021,0.0
10160.0,3.993,2.1814,1729705247.0,1,2,2960.0,1.7935,0.0,1.7935,7.0263,0.0
10170.0,3.9934,2.1813,1729705257.0,1,2,2970.0,1.7996,0.0,1.7996,7.0505,0.0
10180.0,3.9938,2.1813,1729705267.0,1,2,2980.0,1.8057,0.0,1.8057,7.0747,0.0
10190.0,3.9941,2.1813,1729705277.0,1,2,2990.0,1.8117,0.0,1.8117,7.0989,0.0
10200.0,3.9945,2.1813,1729705287.0,1,2,3000.0,1.8178,0.0,1.8178,7.1231,0.0
10210.0,3.9949,2.1814,1729705297.0,1,2,3010.0,1.8238,0.0,1.8238,7.1473,0.0
10220.0,3.9952,2.1813,1729705307.0,1,2,3020.0,1.8299,0.0,1.8299,7.1715,0.0
10230.0,3.9956,2.1812,1729705317.0,1,2,3030.0,1.836,0.0,1.836,7.1957,0.0
10240.0,3.996,2.1814,1729705327.0,1,2,3040.0,1.842,0.0,1.842,7.22,0.0
10250.0,3.9963,2.1814,1729705337.0,1,2,3050.0,1.8481,0.0,1.8481,7.2442,0.0
10260.0,3.9967,2.1814,1729705347.0,1,2,3060.0,1.8541,0.0,1.8541,7.2684,0.0
10270.0,3.9971,2.1813,1729705357.0,1,2,3070.0,1.8602,0.0,1.8602,7.2926,0.0
10280.0,3.9974,2.1813,1729705367.0,1,2,3080.0,1.8663,0.0,1.8663,7.3168,0.0
10290.0,3.9978,2.1812,1729705377.0,1,2,3090.0,1.8723,0.0,1.8723,7.341,0.0
10300.0,3.9982,2.1813,1729705387.0,1,2,3100.0,1.8784,0.0,1.8784,7.3653,0.0
10310.0,3.9986,2.1813,1729705397.0,1,2,3110.0,1.8844,0.0,1.8844,7.3895,0.0
10320.0,3.999,2.1813,1729705407.0,1,2,3120.0,1.8905,0.0,1.8905,7.4137,0.0
10330.0,3.9993,2.1813,1729705417.0,1,2,3130.0,1.8965,0.0,1.8965,7.438,0.0
10340.0,3.9997,2.1812,1729705427.0,1,2,3140.0,1.9026,0.0,1.9026,7.4622,0.0
10350.0,4.0001,2.1813,1729705437.0,1,2,3150.0,1.9087,0.0,1.9087,7.4864,0.0
10360.0,4.0005,2.1813,1729705447.0,1,2,3160.0,1.9147,0.0,1.9147,7.5107,0.0
10370.0,4.0009,2.1814,1729705457.0,1,2,3170.0,1.9208,0.0,1.9208,7.5349,0.0
10380.0,4.0013,2.1813,1729705467.0,1,2,3180.0,1.9268,0.0,1.9268,7.5591,0.0
10390.0,4.0017,2.1813,1729705477.0,1,2,3190.0,1.9329,0.0,1.9329,7.5834,0.0
10400.0,4.0022,2.1813,1729705487.0,1,2,3200.0,1.939,0.0,1.939,7.6076,0.0
10410.0,4.0026,2.1814,1729705497.0,1,2,3210.0,1.945,0.0,1.945,7.6319,0.0
10420.0,4.003,2.1814,1729705507.0,1,2,3220.0,1.9511,0.0,1.9511,7.6561,0.0
10430.0,4.0034,2.1813,1729705517.0,1,2,3230.0,1.9571,0.0,1.9571,7.6804,0.0
10440.0,4.0039,2.1813,1729705527.0,1,2,3240.0,1.9632,0.0,1.9632,7.7047,0.0
10450.0,4.0043,2.1813,1729705537.0,1,2,3250.0,1.9693,0.0,1.9693,7.7289,0.0
10460.0,4.0048,2.1814,1729705547.0,1,2,3260.0,1.9753,0.0,1.9753,7.7532,0.0
10470.0,4.0053,2.1813,1729705557.0,1,2,3270.0,1.9814,0.0,1.9814,7.7775,0.0
10480.0,4.0057,2.1813,1729705567.0,1,2,3280.0,1.9874,0.0,1.9874,7.8017,0.0
10490.0,4.0062,2.1812,1729705577.0,1,2,3290.0,1.9935,0.0,1.9935,7.826,0.0
10500.0,4.0067,2.1813,1729705587.0,1,2,3300.0,1.9996,0.0,1.9996,7.8503,0.0
10510.0,4.0072,2.1813,1729705597.0,1,2,3310.0,2.0056,0.0,2.0056,7.8746,0.0
10520.0,4.0077,2.1813,1729705607.0,1,2,3320.0,2.0117,0.0,2.0117,7.8988,0.0
10530.0,4.0082,2.1813,1729705617.0,1,2,3330.0,2.0177,0.0,2.0177,7.9231,0.0
10540.0,4.0088,2.1813,1729705627.0,1,2,3340.0,2.0238,0.0,2.0238,7.9474,0.0
10550.0,4.0093,2.1813,1729705637.0,1,2,3350.0,2.0298,0.0,2.0298,7.9717,0.0
10560.0,4.0098,2.1814,1729705647.0,1,2,3360.0,2.0359,0.0,2.0359,7.996,0.0
10570.0,4.0104,2.1813,1729705657.0,1,2,3370.0,2.042,0.0,2.042,8.0203,0.0
10580.0,4.0109,2.1813,1729705667.0,1,2,3380.0,2.048,0.0,2.048,8.0446,0.0
10590.0,4.0115,2.1814,1729705677.0,1,2,3390.0,2.0541,0.0,2.0541,8.0689,0.0
10600.0,4.0121,2.1813,1729705687.0,1,2,3400.0,2.0601,0.0,2.0601,8.0932,0.0
10610.0,4.0127,2.1813,1729705697.0,1,2,3410.0,2.0662,0.0,2.0662,8.1175,0.0
10620.0,4.0133,2.1813,1729705707.0,1,2,3420.0,2.0723,0.0,2.0723,8.1418,0.0
10630.0,4.0139,2.1813,1729705717.0,1,2,3430.0,2.0783,0.0,2.0783,8.1662,0.0
10640.0,4.0146,2.1813,1729705727.0,1,2,3440.0,2.0844,0.0,2.0844,8.1905,0.0
10650.0,4.0152,2.1813,1729705737.0,1,2,3450.0,2.0904,0.0,2.0904,8.2148,0.0
10660.0,4.0158,2.1813,1729705747.0,1,2,3460.0,2.0965,0.0,2.0965,8.2391,0.0
10670.0,4.0165,2.1813,1729705757.0,1,2,3470.0,2.1026,0.0,2.1026,8.2635,0.0
10680.0,4.0172,2.1813,1729705767.0,1,2,3480.0,2.1086,0.0,2.1086,8.2878,0.0
10690.0,4.0179,2.1813,1729705777.0,1,2,3490.0,2.1147,0.0,2.1147,8.3121,0.0
10700.0,4.0186,2.1813,1729705787.0,1,2,3500.0,2.1207,0.0,2.1207,8.3365,0.0
10710.0,4.0193,2.1813,1729705797.0,1,2,3510.0,2.1268,0.0,2.1268,8.3608,0.0
10720.0,4.02,2.1813,1729705807.0,1,2,3520.0,2.1329,0.0,2.1329,8.3852,0.0
10730.0,4.0207,2.1813,1729705817.0,1,2,3530.0,2.1389,0.0,2.1389,8.4096,0.0
10740.0,4.0215,2.1813,1729705827.0,1,2,3540.0,2.145,0.0,2.145,8.4339,0.0
10750.0,4.0223,2.1812,1729705837.0,1,2,3550.0,2.151,0.0,2.151,8.4583,0.0
10760.0,4.0231,2.1812,1729705847.0,1,2,3560.0,2.1571,0.0,2.1571,8.4827,0.0
10770.0,4.0239,2.1813,1729705857.0,1,2,3570.0,2.1632,0.0,2.1632,8.507,0.0
10780.0,4.0247,2.1813,1729705867.0,1,2,3580.0,2.1692,0.0,2.1692,8.5314,0.0
10790.0,4.0255,2.1813,1729705877.0,1,2,3590.0,2.1753,0.0,2.1753,8.5558,0.0
10800.0,4.0264,2.1813,1729705887.0,1,2,3600.0,2.1813,0.0,2.1813,8.5802,0.0
10810.0,4.0273,2.1813,1729705897.0,1,2,3610.0,2.1874,0.0,2.1874,8.6046,0.0
10820.0,4.0282,2.1812,1729705907.0,1,2,3620.0,2.1934,0.0,2.1934,8.629,0.0
10830.0,4.0291,2.1813,1729705917.0,1,2,3630.0,2.1995,0.0,2.1995,8.6534,0.0
10840.0,4.03,2.1813,1729705927.0,1,2,3640.0,2.2056,0.0,2.2056,8.6778,0.0
10850.0,4.031,2.1813,1729705937.0,1,2,3650.0,2.2116,0.0,2.2116,8.7023,0.0
10860.0,4.0319,2.1813,1729705947.0,1,2,3660.0,2.2177,0.0,2.2177,8.7267,0.0
10870.0,4.0329,2.1813,1729705957.0,1,2,3670.0,2.2237,0.0,2.2237,8.7511,0.0
10880.0,4.0339,2.1813,1729705967.0,1,2,3680.0,2.2298,0.0,2.2298,8.7756,0.0
10890.0,4.035,2.1813,1729705977.0,1,2,3690.0,2.2359,0.0,2.2359,8.8,0.0
10900.0,4.036,2.1813,1729705987.0,1,2,3700.0,2.2419,0.0,2.2419,8.8245,0.0
10910.0,4.0371,2.1812,1729705997.0,1,2,3710.0,2.248,0.0,2.248,8.8489,0.0
10920.0,4.0382,2.1813,1729706007.0,1,2,3720.0,2.254,0.0,2.254,8.8734,0.0
10930.0,4.0393,2.1813,1729706017.0,1,2,3730.0,2.2601,0.0,2.2601,8.8979,0.0
10940.0,4.0405,2.1813,1729706027.0,1,2,3740.0,2.2662,0.0,2.2662,8.9223,0.0
10950.0,4.0416,2.1813,1729706037.0,1,2,3750.0,2.2722,0.0,2.2722,8.9468,0.0
10960.0,4.0428,2.1813,1729706047.0,1,2,3760.0,2.2783,0.0,2.2783,8.9713,0.0
10970.0,4.044,2.1812,1729706057.0,1,2,3770.0,2.2843,0.0,2.2843,8.9958,0.0
10980.0,4.0453,2.1813,1729706067.0,1,2,3780.0,2.2904,0.0,2.2904,9.0203,0.0
10990.0,4.0466,2.1813,1729706077.0,1,2,3790.0,2.2965,0.0,2.2965,9.0448,0.0
11000.0,4.0479,2.1812,1729706087.0,1,2,3800.0,2.3025,0.0,2.3025,9.0693,0.0
11010.0,4.0493,2.1812,1729706097.0,1,2,3810.0,2.3086,0.0,2.3086,9.0939,0.0
11020.0,4.0506,2.1812,1729706107.0,1,2,3820.0,2.3146,0.0,2.3146,9.1184,0.0
11030.0,4.052,2.1813,1729706117.0,1,2,3830.0,2.3207,0.0,2.3207,9.143,0.0
11040.0,4.0534,2.1812,1729706127.0,1,2,3840.0,2.3267,0.0,2.3267,9.1675,0.0
11050.0,4.0549,2.1813,1729706137.0,1,2,3850.0,2.3328,0.0,2.3328,9.1921,0.0
11060.0,4.0563,2.1812,1729706147.0,1,2,3860.0,2.3389,0.0,2.3389,9.2167,0.0
11070.0,4.0578,2.1812,1729706157.0,1,2,3870.0,2.3449,0.0,2.3449,9.2412,0.0
11080.0,4.0594,2.1812,1729706167.0,1,2,3880.0,2.351,0.0,2.351,9.2658,0.0
11090.0,4.061,2.1812,1729706177.0,1,2,3890.0,2.357,0.0,2.357,9.2904,0.0
11100.0,4.0625,2.1812,1729706187.0,1,2,3900.0,2.3631,0.0,2.3631,9.315,0.0
11110.0,4.0641,2.1813,1729706197.0,1,2,3910.0,2.3692,0.0,2.3692,9.3397,0.0
11120.0,4.0657,2.1813,1729706207.0,1,2,3920.0,2.3752,0.0,2.3752,9.3643,0.0
11130.0,4.0673,2.1812,1729706217.0,1,2,3930.0,2.3813,0.0,2.3813,9.3889,0.0
11140.0,4.0689,2.1813,1729706227.0,1,2,3940.0,2.3873,0.0,2.3873,9.4136,0.0
11150.0,4.0705,2.1812,1729706237.0,1,2,3950.0,2.3934,0.0,2.3934,9.4382,0.0
11160.0,4.0721,2.1812,1729706247.0,1,2,3960.0,2.3995,0.0,2.3995,9.4629,0.0
11170.0,4.0737,2.1812,1729706257.0,1,2,3970.0,2.4055,0.0,2.4055,9.4876,0.0
11180.0,4.0754,2.1812,1729706267.0,1,2,3980.0,2.4116,0.0,2.4116,9.5123,0.0
11190.0,4.077,2.1812,1729706277.0,1,2,3990.0,2.4176,0.0,2.4176,9.537,0.0
11200.0,4.0786,2.1812,1729706287.0,1,2,4000.0,2.4237,0.0,2.4237,9.5617,0.0
11210.0,4.0801,2.1811,1729706297.0,1,2,4010.0,2.4297,0.0,2.4297,9.5864,0.0
11220.0,4.0817,2.1811,1729706307.0,1,2,4020.0,2.4358,0.0,2.4358,9.6111,0.0
11230.0,4.0833,2.1811,1729706317.0,1,2,4030.0,2.4419,0.0,2.4419,9.6358,0.0
11240.0,4.0848,2.1813,1729706327.0,1,2,4040.0,2.4479,0.0,2.4479,9.6606,0.0
11250.0,4.0863,2.1812,1729706337.0,1,2,4050.0,2.454,0.0,2.454,9.6853,0.0
11260.0,4.0878,2.1812,1729706347.0,1,2,4060.0,2.46,0.0,2.46,9.7101,0.0
11270.0,4.0892,2.1811,1729706357.0,1,2,4070.0,2.4661,0.0,2.4661,9.7349,0.0
11280.0,4.0906,2.1812,1729706367.0,1,2,4080.0,2.4722,0.0,2.4722,9.7597,0.0
11290.0,4.092,2.1812,1729706377.0,1,2,4090.0,2.4782,0.0,2.4782,9.7844,0.0
11300.0,4.0934,2.1812,1729706387.0,1,2,4100.0,2.4843,0.0,2.4843,9.8092,0.0
11310.0,4.0947,2.1811,1729706397.0,1,2,4110.0,2.4903,0.0,2.4903,9.834,0.0
11320.0,4.096,2.1811,1729706406.0,1,2,4120.0,2.4964,0.0,2.4964,9.8589,0.0
11330.0,4.0972,2.1812,1729706416.0,1,2,4130.0,2.5025,0.0,2.5025,9.8837,0.0
11340.0,4.0984,2.1811,1729706426.0,1,2,4140.0,2.5085,0.0,2.5085,9.9085,0.0
11350.0,4.0996,2.1811,1729706436.0,1,2,4150.0,2.5146,0.0,2.5146,9.9333,0.0
11360.0,4.1007,2.181,1729706446.0,1,2,4160.0,2.5206,0.0,2.5206,9.9582,0.0
11370.0,4.1018,2.1811,1729706456.0,1,2,4170.0,2.5267,0.0,2.5267,9.983,0.0
11380.0,4.1029,2.1811,1729706466.0,1,2,4180.0,2.5327,0.0,2.5327,10.0079,0.0
11390.0,4.1039,2.1811,1729706476.0,1,2,4190.0,2.5388,0.0,2.5388,10.0327,0.0
11400.0,4.1048,2.1811,1729706486.0,1,2,4200.0,2.5449,0.0,2.5449,10.0576,0.0
11410.0,4.1057,2.1811,1729706496.0,1,2,4210.0,2.5509,0.0,2.5509,10.0825,0.0
11420.0,4.1065,2.1811,1729706506.0,1,2,4220.0,2.557,0.0,2.557,10.1074,0.0
11430.0,4.1073,2.181,1729706516.0,1,2,4230.0,2.563,0.0,2.563,10.1322,0.0
11440.0,4.1081,2.1811,1729706526.0,1,2,4240.0,2.5691,0.0,2.5691,10.1571,0.0
11450.0,4.1087,2.1811,1729706536.0,1,2,4250.0,2.5752,0.0,2.5752,10.182,0.0
11460.0,4.1094,2.181,1729706546.0,1,2,4260.0,2.5812,0.0,2.5812,10.2069,0.0
11470.0,4.11,2.1811,1729706556.0,1,2,4270.0,2.5873,0.0,2.5873,10.2318,0.0
11480.0,4.1106,2.1811,1729706566.0,1,2,4280.0,2.5933,0.0,2.5933,10.2567,0.0
11490.0,4.1111,2.1811,1729706576.0,1,2,4290.0,2.5994,0.0,2.5994,10.2816,0.0
11500.0,4.1116,2.1811,1729706586.0,1,2,4300.0,2.6054,0.0,2.6054,10.3065,0.0
11510.0,4.1121,2.1811,1729706596.0,1,2,4310.0,2.6115,0.0,2.6115,10.3314,0.0
11520.0,4.1126,2.1811,1729706606.0,1,2,4320.0,2.6176,0.0,2.6176,10.3564,0.0
11530.0,4.113,2.1811,1729706616.0,1,2,4330.0,2.6236,0.0,2.6236,10.3813,0.0
11540.0,4.1135,2.1811,1729706626.0,1,2,4340.0,2.6297,0.0,2.6297,10.4062,0.0
11550.0,4.1139,2.1811,1729706636.0,1,2,4350.0,2.6357,0.0,2.6357,10.4311,0.0
11560.0,4.1144,2.1811,1729706646.0,1,2,4360.0,2.6418,0.0,2.6418,10.456,0.0
11570.0,4.1148,2.1811,1729706656.0,1,2,4370.0,2.6479,0.0,2.6479,10.481,0.0
11580.0,4.1152,2.1811,1729706666.0,1,2,4380.0,2.6539,0.0,2.6539,10.5059,0.0
11590.0,4.1156,2.1811,1729706676.0,1,2,4390.0,2.66,0.0,2.66,10.5308,0.0
11600.0,4.1161,2.1811,1729706686.0,1,2,4400.0,2.666,0.0,2.666,10.5558,0.0
11610.0,4.1165,2.1811,1729706696.0,1,2,4410.0,2.6721,0.0,2.6721,10.5807,0.0
11620.0,4.1169,2.1811,1729706706.0,1,2,4420.0,2.6782,0.0,2.6782,10.6057,0.0
11630.0,4.1174,2.1811,1729706716.0,1,2,4430.0,2.6842,0.0,2.6842,10.6306,0.0
11640.0,4.1178,2.1811,1729706726.0,1,2,4440.0,2.6903,0.0,2.6903,10.6555,0.0
11650.0,4.1183,2.181,1729706736.0,1,2,4450.0,2.6963,0.0,2.6963,10.6805,0.0
11660.0,4.1188,2.1811,1729706746.0,1,2,4460.0,2.7024,0.0,2.7024,10.7054,0.0
11670.0,4.1192,2.1811,1729706756.0,1,2,4470.0,2.7084,0.0,2.7084,10.7304,0.0
11680.0,4.1197,2.1811,1729706766.0,1,2,4480.0,2.7145,0.0,2.7145,10.7554,0.0
11690.0,4.1202,2.1811,1729706776.0,1,2,4490.0,2.7206,0.0,2.7206,10.7803,0.0
11700.0,4.1207,2.1811,1729706786.0,1,2,4500.0,2.7266,0.0,2.7266,10.8053,0.0
11710.0,4.1212,2.1811,1729706796.0,1,2,4510.0,2.7327,0.0,2.7327,10.8303,0.0
11720.0,4.1218,2.1811,1729706806.0,1,2,4520.0,2.7387,0.0,2.7387,10.8552,0.0
11730.0,4.1224,2.181,1729706816.0,1,2,4530.0,2.7448,0.0,2.7448,10.8802,0.0
11740.0,4.1229,2.1811,1729706826.0,1,2,4540.0,2.7509,0.0,2.7509,10.9052,0.0
11750.0,4.1235,2.1811,1729706836.0,1,2,4550.0,2.7569,0.0,2.7569,10.9302,0.0
11760.0,4.1241,2.1811,1729706846.0,1,2,4560.0,2.763,0.0,2.763,10.9551,0.0
11770.0,4.1248,2.181,1729706856.0,1,2,4570.0,2.769,0.0,2.769,10.9801,0.0
11780.0,4.1254,2.1811,1729706866.0,1,2,4580.0,2.7751,0.0,2.7751,11.0051,0.0
11790.0,4.1261,2.181,1729706876.0,1,2,4590.0,2.7811,0.0,2.7811,11.0301,0.0
11800.0,4.1267,2.181,1729706886.0,1,2,4600.0,2.7872,0.0,2.7872,11.0551,0.0
11810.0,4.1274,2.1811,1729706896.0,1,2,4610.0,2.7933,0.0,2.7933,11.0801,0.0
11820.0,4.1281,2.181,1729706906.0,1,2,4620.0,2.7993,0.0,2.7993,11.1051,0.0
11830.0,4.1288,2.1809,1729706916.0,1,2,4630.0,2.8054,0.0,2.8054,11.1301,0.0
11840.0,4.1296,2.181,1729706926.0,1,2,4640.0,2.8114,0.0,2.8114,11.1552,0.0
11850.0,4.1303,2.181,1729706936.0,1,2,4650.0,2.8175,0.0,2.8175,11.1802,0.0
11860.0,4.131,2.181,1729706946.0,1,2,4660.0,2.8236,0.0,2.8236,11.2052,0.0
11870.0,4.1318,2.1811,1729706956.0,1,2,4670.0,2.8296,0.0,2.8296,11.2302,0.0
11880.0,4.1326,2.181,1729706966.0,1,2,4680.0,2.8357,0.0,2.8357,11.2553,0.0
11890.0,4.1334,2.181,1729706976.0,1,2,4690.0,2.8417,0.0,2.8417,11.2803,0.0
11900.0,4.1341,2.1811,1729706986.0,1,2,4700.0,2.8478,0.0,2.8478,11.3053,0.0
11910.0,4.135,2.181,1729706996.0,1,2,4710.0,2.8538,0.0,2.8538,11.3304,0.0
11920.0,4.1358,2.181,1729707006.0,1,2,4720.0,2.8599,0.0,2.8599,11.3554,0.0
11930.0,4.1366,2.181,1729707016.0,1,2,4730.0,2.866,0.0,2.866,11.3805,0.0
11940.0,4.1374,2.181,1729707026.0,1,2,4740.0,2.872,0.0,2.872,11.4056,0.0
11950.0,4.1382,2.181,1729707036.0,1,2,4750.0,2.8781,0.0,2.8781,11.4306,0.0
11960.0,4.1391,2.181,1729707046.0,1,2,4760.0,2.8841,0.0,2.8841,11.4557,0.0
11970.0,4.1399,2.181,1729707056.0,1,2,4770.0,2.8902,0.0,2.8902,11.4808,0.0
11980.0,4.1407,2.181,1729707066.0,1,2,4780.0,2.8963,0.0,2.8963,11.5059,0.0
11990.0,4.1415,2.181,1729707076.0,1,2,4790.0,2.9023,0.0,2.9023,11.531,0.0
12000.0,4.1424,2.181,1729707086.0,1,2,4800.0,2.9084,0.0,2.9084,11.5561,0.0
12010.0,4.1432,2.181,1729707096.0,1,2,4810.0,2.9144,0.0,2.9144,11.5812,0.0
12020.0,4.1441,2.1811,1729707106.0,1,2,4820.0,2.9205,0.0,2.9205,11.6063,0.0
12030.0,4.1449,2.1809,1729707116.0,1,2,4830.0,2.9265,0.0,2.9265,11.6314,0.0
12040.0,4.1458,2.1809,1729707126.0,1,2,4840.0,2.9326,0.0,2.9326,11.6565,0.0
12050.0,4.1467,2.181,1729707136.0,1,2,4850.0,2.9387,0.0,2.9387,11.6816,0.0
12060.0,4.1476,2.181,1729707146.0,1,2,4860.0,2.9447,0.0,2.9447,11.7067,0.0
12070.0,4.1484,2.181,1729707156.0,1,2,4870.0,2.9508,0.0,2.9508,11.7319,0.0
12080.0,4.1493,2.1809,1729707166.0,1,2,4880.0,2.9568,0.0,2.9568,11.757,0.0
12090.0,4.1502,2.1809,1729707176.0,1,2,4890.0,2.9629,0.0,2.9629,11.7821,0.0
12100.0,4.1511,2.181,1729707186.0,1,2,4900.0,2.969,0.0,2.969,11.8073,0.0
12110.0,4.1519,2.1809,1729707196.0,1,2,4910.0,2.975,0.0,2.975,11.8324,0.0
12120.0,4.1528,2.181,1729707206.0,1,2,4920.0,2.9811,0.0,2.9811,11.8576,0.0
12130.0,4.1537,2.181,1729707216.0,1,2,4930.0,2.9871,0.0,2.9871,11.8827,0.0
12140.0,4.1546,2.1809,1729707226.0,1,2,4940.0,2.9932,0.0,2.9932,11.9079,0.0
12150.0,4.1555,2.181,1729707236.0,1,2,4950.0,2.9992,0.0,2.9992,11.9331,0.0
12160.0,4.1564,2.1809,1729707246.0,1,2,4960.0,3.0053,0.0,3.0053,11.9583,0.0
12170.0,4.1572,2.1809,1729707256.0,1,2,4970.0,3.0114,0.0,3.0114,11.9834,0.0
12180.0,4.1582,2.1809,1729707266.0,1,2,4980.0,3.0174,0.0,3.0174,12.0086,0.0
12190.0,4.159,2.1809,1729707276.0,1,2,4990.0,3.0235,0.0,3.0235,12.0338,0.0
12200.0,4.1599,2.1809,1729707286.0,1,2,5000.0,3.0295,0.0,3.0295,12.059,0.0
12210.0,4.1608,2.1809,1729707296.0,1,2,5010.0,3.0356,0.0,3.0356,12.0842,0.0
12220.0,4.1617,2.1809,1729707306.0,1,2,5020.0,3.0417,0.0,3.0417,12.1094,0.0
12230.0,4.1626,2.1809,1729707316.0,1,2,5030.0,3.0477,0.0,3.0477,12.1346,0.0
12240.0,4.1635,2.1808,1729707326.0,1,2,5040.0,3.0538,0.0,3.0538,12.1599,0.0
12250.0,4.1644,2.1808,1729707336.0,1,2,5050.0,3.0598,0.0,3.0598,12.1851,0.0
12260.0,4.1653,2.1809,1729707346.0,1,2,5060.0,3.0659,0.0,3.0659,12.2103,0.0
12270.0,4.1663,2.1809,1729707356.0,1,2,5070.0,3.0719,0.0,3.0719,12.2356,0.0
12280.0,4.1671,2.1809,1729707366.0,1,2,5080.0,3.078,0.0,3.078,12.2608,0.0
12290.0,4.1681,2.1808,1729707376.0,1,2,5090.0,3.0841,0.0,3.0841,12.286,0.0
12300.0,4.169,2.1808,1729707386.0,1,2,5100.0,3.0901,0.0,3.0901,12.3113,0.0
12310.0,4.1699,2.1808,1729707396.0,1,2,5110.0,3.0962,0.0,3.0962,12.3366,0.0
12320.0,4.1708,2.1808,1729707406.0,1,2,5120.0,3.1022,0.0,3.1022,12.3618,0.0
12330.0,4.1717,2.1808,1729707416.0,1,2,5130.0,3.1083,0.0,3.1083,12.3871,0.0
12340.0,4.1726,2.1809,1729707426.0,1,2,5140.0,3.1143,0.0,3.1143,12.4124,0.0
12350.0,4.1736,2.1809,1729707436.0,1,2,5150.0,3.1204,0.0,3.1204,12.4376,0.0
12360.0,4.1745,2.1809,1729707446.0,1,2,5160.0,3.1265,0.0,3.1265,12.4629,0.0
12370.0,4.1754,2.1808,1729707456.0,1,2,5170.0,3.1325,0.0,3.1325,12.4882,0.0
12380.0,4.1764,2.1808,1729707466.0,1,2,5180.0,3.1386,0.0,3.1386,12.5135,0.0
12390.0,4.1773,2.1807,1729707476.0,1,2,5190.0,3.1446,0.0,3.1446,12.5388,0.0
12400.0,4.1782,2.1808,1729707486.0,1,2,5200.0,3.1507,0.0,3.1507,12.5641,0.0
12410.0,4.1792,2.1809,1729707496.0,1,2,5210.0,3.1568,0.0,3.1568,12.5894,0.0
12420.0,4.1801,2.1808,1729707506.0,1,2,5220.0,3.1628,0.0,3.1628,12.6148,0.0
12430.0,4.181,2.1808,1729707516.0,1,2,5230.0,3.1689,0.0,3.1689,12.6401,0.0
12440.0,4.182,2.1808,1729707526.0,1,2,5240.0,3.1749,0.0,3.1749,12.6654,0.0
12450.0,4.1829,2.1808,1729707536.0,1,2,5250.0,3.181,0.0,3.181,12.6908,0.0
12460.0,4.1839,2.1808,1729707546.0,1,2,5260.0,3.187,0.0,3.187,12.7161,0.0
12470.0,4.1848,2.1808,1729707556.0,1,2,5270.0,3.1931,0.0,3.1931,12.7414,0.0
12480.0,4.1857,2.1808,1729707566.0,1,2,5280.0,3.1992,0.0,3.1992,12.7668,0.0
12490.0,4.1867,2.1808,1729707576.0,1,2,5290.0,3.2052,0.0,3.2052,12.7922,0.0
12500.0,4.1876,2.1807,1729707586.0,1,2,5300.0,3.2113,0.0,3.2113,12.8175,0.0
12510.0,4.1886,2.1808,1729707596.0,1,2,5310.0,3.2173,0.0,3.2173,12.8429,0.0
12520.0,4.1896,2.1807,1729707606.0,1,2,5320.0,3.2234,0.0,3.2234,12.8683,0.0
12530.0,4.1905,2.1808,1729707616.0,1,2,5330.0,3.2294,0.0,3.2294,12.8937,0.0
12540.0,4.1915,2.1807,1729707626.0,1,2,5340.0,3.2355,0.0,3.2355,12.919,0.0
12550.0,4.1925,2.1807,1729707636.0,1,2,5350.0,3.2416,0.0,3.2416,12.9444,0.0
12560.0,4.1934,2.1807,1729707646.0,1,2,5360.0,3.2476,0.0,3.2476,12.9698,0.0
12570.0,4.1944,2.1808,1729707656.0,1,2,5370.0,3.2537,0.0,3.2537,12.9952,0.0
12580.0,4.1953,2.1807,1729707666.0,1,2,5380.0,3.2597,0.0,3.2597,13.0206,0.0
12590.0,4.1963,2.1806,1729707676.0,1,2,5390.0,3.2658,0.0,3.2658,13.0461,0.0
12600.0,4.1973,2.1807,1729707686.0,1,2,5400.0,3.2718,0.0,3.2718,13.0715,0.0
12610.0,4.1983,2.1807,1729707696.0,1,2,5410.0,3.2779,0.0,3.2779,13.0969,0.0
12620.0,4.1992,2.1806,1729707706.0,1,2,5420.0,3.284,0.0,3.284,13.1223,0.0
12630.0,4.2002,2.1806,1729707716.0,1,2,5430.0,3.29,0.0,3.29,13.1478,0.0
12640.0,4.2012,2.1806,1729707726.0,1,2,5440.0,3.2961,0.0,3.2961,13.1732,0.0
12650.0,4.2022,2.1806,1729707736.0,1,2,5450.0,3.3021,0.0,3.3021,13.1987,0.0
12660.0,4.2032,2.1807,1729707746.0,1,2,5460.0,3.3082,0.0,3.3082,13.2241,0.0
12670.0,4.2042,2.1806,1729707756.0,1,2,5470.0,3.3143,0.0,3.3143,13.2496,0.0
12680.0,4.2052,2.1806,1729707766.0,1,2,5480.0,3.3203,0.0,3.3203,13.2751,0.0
12690.0,4.2062,2.1806,1729707776.0,1,2,5490.0,3.3264,0.0,3.3264,13.3005,0.0
12700.0,4.2072,2.1807,1729707786.0,1,2,5500.0,3.3324,0.0,3.3324,13.326,0.0
12710.0,4.2082,2.1807,1729707796.0,1,2,5510.0,3.3385,0.0,3.3385,13.3515,0.0
12720.0,4.2092,2.1807,1729707806.0,1,2,5520.0,3.3445,0.0,3.3445,13.377,0.0
12730.0,4.2102,2.1807,1729707816.0,1,2,5530.0,3.3506,0.0,3.3506,13.4025,0.0
12740.0,4.2112,2.1807,1729707826.0,1,2,5540.0,3.3567,0.0,3.3567,13.428,0.0
12750.0,4.2123,2.1806,1729707836.0,1,2,5550.0,3.3627,0.0,3.3627,13.4535,0.0
12760.0,4.2133,2.1806,1729707846.0,1,2,5560.0,3.3688,0.0,3.3688,13.479,0.0
12770.0,4.2143,2.1806,1729707856.0,1,2,5570.0,3.3748,0.0,3.3748,13.5046,0.0
12780.0,4.2153,2.1806,1729707866.0,1,2,5580.0,3.3809,0.0,3.3809,13.5301,0.0
12790.0,4.2164,2.1806,1729707876.0,1,2,5590.0,3.3869,0.0,3.3869,13.5556,0.0
12800.0,4.2174,2.1806,1729707886.0,1,2,5600.0,3.393,0.0,3.393,13.5812,0.0
12810.0,4.2184,2.1806,1729707896.0,1,2,5610.0,3.3991,0.0,3.3991,13.6067,0.0
12820.0,4.2195,2.1806,1729707906.0,1,2,5620.0,3.4051,0.0,3.4051,13.6323,0.0
12830.0,4.2206,2.1805,1729707916.0,1,2,5630.0,3.4112,0.0,3.4112,13.6578,0.0
12840.0,4.2216,2.1806,1729707926.0,1,2,5640.0,3.4172,0.0,3.4172,13.6834,0.0
12850.0,4.2227,2.1805,1729707936.0,1,2,5650.0,3.4233,0.0,3.4233,13.709,0.0
12860.0,4.2238,2.1805,1729707946.0,1,2,5660.0,3.4293,0.0,3.4293,13.7346,0.0
12870.0,4.2248,2.1805,1729707956.0,1,2,5670.0,3.4354,0.0,3.4354,13.7602,0.0
12880.0,4.2258,2.1805,1729707966.0,1,2,5680.0,3.4415,0.0,3.4415,13.7857,0.0
12890.0,4.2269,2.1805,1729707976.0,1,2,5690.0,3.4475,0.0,3.4475,13.8113,0.0
12900.0,4.2281,2.1806,1729707986.0,1,2,5700.0,3.4536,0.0,3.4536,13.8369,0.0
12910.0,4.2291,2.1805,1729707996.0,1,2,5710.0,3.4596,0.0,3.4596,13.8626,0.0
12920.0,4.2302,2.1805,1729708006.0,1,2,5720.0,3.4657,0.0,3.4657,13.8882,0.0
12930.0,4.2314,2.1804,1729708016.0,1,2,5730.0,3.4717,0.0,3.4717,13.9138,0.0
12940.0,4.2324,2.1805,1729708026.0,1,2,5740.0,3.4778,0.0,3.4778,13.9394,0.0
12950.0,4.2336,2.1804,1729708036.0,1,2,5750.0,3.4839,0.0,3.4839,13.9651,0.0
12960.0,4.2347,2.1804,1729708046.0,1,2,5760.0,3.4899,0.0,3.4899,13.9907,0.0
12970.0,4.2358,2.1804,1729708056.0,1,2,5770.0,3.496,0.0,3.496,14.0164,0.0
12980.0,4.2369,2.1804,1729708066.0,1,2,5780.0,3.502,0.0,3.502,14.042,0.0
12990.0,4.2381,2.1804,1729708076.0,1,2,5790.0,3.5081,0.0,3.5081,14.0677,0.0
13000.0,4.2392,2.1805,1729708086.0,1,2,5800.0,3.5141,0.0,3.5141,14.0934,0.0
13010.0,4.2403,2.1804,1729708096.0,1,2,5810.0,3.5202,0.0,3.5202,14.1191,0.0
13020.0,4.2415,2.1804,1729708106.0,1,2,5820.0,3.5262,0.0,3.5262,14.1447,0.0
13030.0,4.2427,2.1803,1729708116.0,1,2,5830.0,3.5323,0.0,3.5323,14.1704,0.0
13040.0,4.2439,2.1804,1729708126.0,1,2,5840.0,3.5384,0.0,3.5384,14.1961,0.0
13050.0,4.245,2.1803,1729708136.0,1,2,5850.0,3.5444,0.0,3.5444,14.2218,0.0
13060.0,4.2463,2.1803,1729708146.0,1,2,5860.0,3.5505,0.0,3.5505,14.2475,0.0
13070.0,4.2474,2.1804,1729708156.0,1,2,5870.0,3.5565,0.0,3.5565,14.2733,0.0
13080.0,4.2486,2.1804,1729708166.0,1,2,5880.0,3.5626,0.0,3.5626,14.299,0.0
13090.0,4.2498,2.1804,1729708176.0,1,2,5890.0,3.5686,0.0,3.5686,14.3247,0.0
13100.0,4.251,2.1804,1729708186.0,1,2,5900.0,3.5747,0.0,3.5747,14.3505,0.0
13110.0,4.2522,2.1803,1729708196.0,1,2,5910.0,3.5808,0.0,3.5808,14.3762,0.0
13120.0,4.2535,2.1803,1729708206.0,1,2,5920.0,3.5868,0.0,3.5868,14.402,0.0
13130.0,4.2547,2.1803,1729708216.0,1,2,5930.0,3.5929,0.0,3.5929,14.4277,0.0
13140.0,4.256,2.1802,1729708226.0,1,2,5940.0,3.5989,0.0,3.5989,14.4535,0.0
13150.0,4.2572,2.1802,1729708236.0,1,2,5950.0,3.605,0.0,3.605,14.4793,0.0
13160.0,4.2585,2.1802,1729708246.0,1,2,5960.0,3.611,0.0,3.611,14.5051,0.0
13170.0,4.2598,2.1803,1729708256.0,1,2,5970.0,3.6171,0.0,3.6171,14.5309,0.0
13180.0,4.261,2.1802,1729708266.0,1,2,5980.0,3.6232,0.0,3.6232,14.5567,0.0
13190.0,4.2623,2.1802,1729708276.0,1,2,5990.0,3.6292,0.0,3.6292,14.5825,0.0
13200.0,4.2636,2.1802,1729708286.0,1,2,6000.0,3.6353,0.0,3.6353,14.6083,0.0
13210.0,4.2649,2.1801,1729708296.0,1,2,6010.0,3.6413,0.0,3.6413,14.6341,0.0
13220.0,4.2663,2.1802,1729708306.0,1,2,6020.0,3.6474,0.0,3.6474,14.66,0.0
13230.0,4.2676,2.1801,1729708316.0,1,2,6030.0,3.6534,0.0,3.6534,14.6858,0.0
13240.0,4.2689,2.1801,1729708326.0,1,2,6040.0,3.6595,0.0,3.6595,14.7116,0.0
13250.0,4.2703,2.1801,1729708336.0,1,2,6050.0,3.6655,0.0,3.6655,14.7375,0.0
13260.0,4.2716,2.1801,1729708346.0,1,2,6060.0,3.6716,0.0,3.6716,14.7634,0.0
13270.0,4.273,2.18,1729708356.0,1,2,6070.0,3.6777,0.0,3.6777,14.7892,0.0
13280.0,4.2744,2.18,1729708366.0,1,2,6080.0,3.6837,0.0,3.6837,14.8151,0.0
13290.0,4.2758,2.1801,1729708376.0,1,2,6090.0,3.6898,0.0,3.6898,14.841,0.0
13300.0,4.2772,2.18,1729708386.0,1,2,6100.0,3.6958,0.0,3.6958,14.8669,0.0
13310.0,4.2786,2.18,1729708396.0,1,2,6110.0,3.7019,0.0,3.7019,14.8928,0.0
13320.0,4.28,2.1799,1729708406.0,1,2,6120.0,3.7079,0.0,3.7079,14.9187,0.0
13330.0,4.2814,2.18,1729708416.0,1,2,6130.0,3.714,0.0,3.714,14.9446,0.0
13340.0,4.2828,2.18,1729708426.0,1,2,6140.0,3.72,0.0,3.72,14.9706,0.0
13350.0,4.2843,2.1799,1729708436.0,1,2,6150.0,3.7261,0.0,3.7261,14.9965,0.0
13360.0,4.2858,2.1799,1729708446.0,1,2,6160.0,3.7322,0.0,3.7322,15.0225,0.0
13370.0,4.2873,2.1799,1729708456.0,1,2,6170.0,3.7382,0.0,3.7382,15.0484,0.0
13380.0,4.2887,2.1799,1729708466.0,1,2,6180.0,3.7443,0.0,3.7443,15.0744,0.0
13390.0,4.2902,2.18,1729708476.0,1,2,6190.0,3.7503,0.0,3.7503,15.1004,0.0
13400.0,4.2917,2.1798,1729708486.0,1,2,6200.0,3.7564,0.0,3.7564,15.1263,0.0
13410.0,4.2933,2.1799,1729708496.0,1,2,6210.0,3.7624,0.0,3.7624,15.1523,0.0
13420.0,4.2948,2.1798,1729708506.0,1,2,6220.0,3.7685,0.0,3.7685,15.1783,0.0
13430.0,4.2963,2.1798,1729708516.0,1,2,6230.0,3.7745,0.0,3.7745,15.2043,0.0
13440.0,4.2978,2.1798,1729708526.0,1,2,6240.0,3.7806,0.0,3.7806,15.2304,0.0
13450.0,4.2994,2.1798,1729708536.0,1,2,6250.0,3.7867,0.0,3.7867,15.2564,0.0
13460.0,4.301,2.1798,1729708546.0,1,2,6260.0,3.7927,0.0,3.7927,15.2824,0.0
13470.0,4.3025,2.1798,1729708556.0,1,2,6270.0,3.7988,0.0,3.7988,15.3085,0.0
13480.0,4.3041,2.1797,1729708566.0,1,2,6280.0,3.8048,0.0,3.8048,15.3345,0.0
13490.0,4.3057,2.1796,1729708576.0,1,2,6290.0,3.8109,0.0,3.8109,15.3606,0.0
13500.0,4.3073,2.1796,1729708586.0,1,2,6300.0,3.8169,0.0,3.8169,15.3867,0.0
13510.0,4.3088,2.1796,1729708596.0,1,2,6310.0,3.823,0.0,3.823,15.4128,0.0
13520.0,4.3104,2.1796,1729708606.0,1,2,6320.0,3.829,0.0,3.829,15.4388,0.0
13530.0,4.3121,2.1796,1729708616.0,1,2,6330.0,3.8351,0.0,3.8351,15.4649,0.0
13540.0,4.3136,2.1796,1729708626.0,1,2,6340.0,3.8411,0.0,3.8411,15.4911,0.0
13550.0,4.3152,2.1796,1729708636.0,1,2,6350.0,3.8472,0.0,3.8472,15.5172,0.0
13560.0,4.3168,2.1795,1729708646.0,1,2,6360.0,3.8533,0.0,3.8533,15.5433,0.0
13570.0,4.3185,2.1794,1729708656.0,1,2,6370.0,3.8593,0.0,3.8593,15.5695,0.0
13580.0,4.3201,2.1795,1729708666.0,1,2,6380.0,3.8654,0.0,3.8654,15.5956,0.0
13590.0,4.3217,2.1795,1729708676.0,1,2,6390.0,3.8714,0.0,3.8714,15.6218,0.0
13600.0,4.3232,2.1794,1729708686.0,1,2,6400.0,3.8775,0.0,3.8775,15.6479,0.0
13610.0,4.3248,2.1795,1729708696.0,1,2,6410.0,3.8835,0.0,3.8835,15.6741,0.0
13620.0,4.3264,2.1794,1729708706.0,1,2,6420.0,3.8896,0.0,3.8896,15.7003,0.0
13630.0,4.328,2.1793,1729708716.0,1,2,6430.0,3.8956,0.0,3.8956,15.7265,0.0
13640.0,4.3296,2.1793,1729708726.0,1,2,6440.0,3.9017,0.0,3.9017,15.7527,0.0
13650.0,4.3311,2.1793,1729708736.0,1,2,6450.0,3.9077,0.0,3.9077,15.7789,0.0
13660.0,4.3326,2.1793,1729708746.0,1,2,6460.0,3.9138,0.0,3.9138,15.8051,0.0
13670.0,4.3342,2.1793,1729708756.0,1,2,6470.0,3.9198,0.0,3.9198,15.8314,0.0
13680.0,4.3357,2.1794,1729708766.0,1,2,6480.0,3.9259,0.0,3.9259,15.8576,0.0
13690.0,4.3372,2.1792,1729708776.0,1,2,6490.0,3.932,0.0,3.932,15.8839,0.0
13700.0,4.3387,2.1792,1729708786.0,1,2,6500.0,3.938,0.0,3.938,15.9101,0.0
13710.0,4.3402,2.1792,1729708796.0,1,2,6510.0,3.9441,0.0,3.9441,15.9364,0.0
13720.0,4.3416,2.1791,1729708806.0,1,2,6520.0,3.9501,0.0,3.9501,15.9627,0.0
13730.0,4.3431,2.1791,1729708816.0,1,2,6530.0,3.9562,0.0,3.9562,15.9889,0.0
13740.0,4.3445,2.1791,1729708826.0,1,2,6540.0,3.9622,0.0,3.9622,16.0152,0.0
13750.0,4.3459,2.1791,1729708836.0,1,2,6550.0,3.9683,0.0,3.9683,16.0415,0.0
13760.0,4.3474,2.179,1729708846.0,1,2,6560.0,3.9743,0.0,3.9743,16.0678,0.0
13770.0,4.3488,2.1789,1729708856.0,1,2,6570.0,3.9804,0.0,3.9804,16.0942,0.0
13779.48,4.35,2.1583,1729708866.0,1,2,6579.48,3.9861,0.0,3.9861,16.1191,0.0
13780.0,4.35,2.1407,1729708866.0,1,2,6580.0,3.9864,0.0,3.9864,16.1205,0.0
13780.59,4.35,2.1204,1729708867.0,1,2,6580.59,3.9868,0.0,3.9868,16.122,0.0
13781.23,4.35,2.1004,1729708867.0,1,2,6581.23,3.9871,0.0,3.9871,16.1236,0.0
13781.76,4.35,2.0801,1729708868.0,1,2,6581.76,3.9875,0.0,3.9875,16.125,0.0
13782.51,4.35,2.06,1729708869.0,1,2,6582.51,3.9879,0.0,3.9879,16.1268,0.0
13783.25,4.35,2.0395,1729708869.0,1,2,6583.25,3.9883,0.0,3.9883,16.1287,0.0
13783.96,4.35,2.0194,1729708870.0,1,2,6583.96,3.9887,0.0,3.9887,16.1304,0.0
13784.71,4.35,1.9994,1729708871.0,1,2,6584.71,3.9891,0.0,3.9891,16.1322,0.0
13785.64,4.35,1.9791,1729708872.0,1,2,6585.64,3.9896,0.0,3.9896,16.1345,0.0
13786.38,4.35,1.9589,1729708873.0,1,2,6586.38,3.99,0.0,3.99,16.1362,0.0
13787.48,4.35,1.9386,1729708874.0,1,2,6587.48,3.9906,0.0,3.9906,16.1388,0.0
13788.39,4.35,1.9183,1729708875.0,1,2,6588.39,3.9911,0.0,3.9911,16.1409,0.0
13789.32,4.35,1.8982,1729708875.0,1,2,6589.32,3.9916,0.0,3.9916,16.1431,0.0
13790.0,4.35,1.8867,1729708876.0,1,2,6590.0,3.992,0.0,3.992,16.1446,0.0
13790.97,4.35,1.8663,1729708877.0,1,2,6590.97,3.9925,0.0,3.9925,16.1468,0.0
13792.18,4.35,1.8461,1729708878.0,1,2,6592.18,3.9931,0.0,3.9931,16.1495,0.0
13793.25,4.35,1.8259,1729708879.0,1,2,6593.25,3.9937,0.0,3.9937,16.1519,0.0
13794.53,4.35,1.8057,1729708881.0,1,2,6594.53,3.9943,0.0,3.9943,16.1547,0.0
13795.75,4.35,1.7855,1729708882.0,1,2,6595.75,3.9949,0.0,3.9949,16.1574,0.0
13796.98,4.35,1.7654,1729708883.0,1,2,6596.98,3.9955,0.0,3.9955,16.16,0.0
13798.33,4.35,1.7453,1729708884.0,1,2,6598.33,3.9962,0.0,3.9962,16.1629,0.0
13799.83,4.35,1.7252,1729708886.0,1,2,6599.83,3.9969,0.0,3.9969,16.166,0.0
13800.0,4.35,1.7229,1729708886.0,1,2,6600.0,3.997,0.0,3.997,16.1664,0.0
13801.29,4.35,1.7027,1729708887.0,1,2,6601.29,3.9976,0.0,3.9976,16.169,0.0
13802.57,4.35,1.6827,1729708889.0,1,2,6602.57,3.9982,0.0,3.9982,16.1717,0.0
13804.2,4.35,1.6623,1729708890.0,1,2,6604.2,3.9989,0.0,3.9989,16.175,0.0
13805.58,4.35,1.6422,1729708892.0,1,2,6605.58,3.9996,0.0,3.9996,16.1777,0.0
13807.14,4.35,1.6219,1729708893.0,1,2,6607.14,4.0003,0.0,4.0003,16.1808,0.0
13808.86,4.35,1.6019,1729708895.0,1,2,6608.86,4.0011,0.0,4.0011,16.1841,0.0
13810.0,4.35,1.5873,1729708896.0,1,2,6610.0,4.0016,0.0,4.0016,16.1863,0.0
13811.52,4.35,1.5673,1729708898.0,1,2,6611.52,4.0022,0.0,4.0022,16.1892,0.0
13813.38,4.35,1.5468,1729708900.0,1,2,6613.38,4.003,0.0,4.003,16.1927,0.0
13814.8,4.35,1.5266,1729708901.0,1,2,6614.8,4.0036,0.0,4.0036,16.1954,0.0
13816.55,4.35,1.5063,1729708903.0,1,2,6616.55,4.0044,0.0,4.0044,16.1986,0.0
13818.53,4.35,1.4862,1729708905.0,1,2,6618.53,4.0052,0.0,4.0052,16.2022,0.0
13820.0,4.35,1.4707,1729708906.0,1,2,6620.0,4.0058,0.0,4.0058,16.2048,0.0
13821.83,4.35,1.4504,1729708908.0,1,2,6621.83,4.0065,0.0,4.0065,16.208,0.0
13823.54,4.35,1.4302,1729708910.0,1,2,6623.54,4.0072,0.0,4.0072,16.211,0.0
13825.3,4.3499,1.4102,1729708911.0,1,2,6625.3,4.0079,0.0,4.0079,16.214,0.0
13827.63,4.35,1.39,1729708914.0,1,2,6627.63,4.0088,0.0,4.0088,16.218,0.0
13829.6,4.35,1.3698,1729708916.0,1,2,6629.6,4.0096,0.0,4.0096,16.2212,0.0
13830.0,4.3499,1.3658,1729708916.0,1,2,6630.0,4.0097,0.0,4.0097,16.2219,0.0
13832.37,4.35,1.3457,1729708918.0,1,2,6632.37,4.0106,0.0,4.0106,16.2258,0.0
13834.32,4.35,1.3256,1729708920.0,1,2,6634.32,4.0114,0.0,4.0114,16.2289,0.0
13836.91,4.35,1.3054,1729708923.0,1,2,6636.91,4.0123,0.0,4.0123,16.2331,0.0
13838.91,4.35,1.285,1729708925.0,1,2,6638.91,4.013,0.0,4.013,16.2362,0.0
13840.0,4.35,1.2755,1729708926.0,1,2,6640.0,4.0134,0.0,4.0134,16.2379,0.0
13842.2,4.35,1.2555,1729708928.0,1,2,6642.2,4.0142,0.0,4.0142,16.2412,0.0
13844.58,4.35,1.2355,1729708931.0,1,2,6644.58,4.015,0.0,4.015,16.2448,0.0
13847.05,4.35,1.2152,1729708933.0,1,2,6647.05,4.0158,0.0,4.0158,16.2485,0.0
13849.8,4.3499,1.1951,1729708936.0,1,2,6649.8,4.0168,0.0,4.0168,16.2525,0.0
13850.0,4.3499,1.1931,1729708936.0,1,2,6650.0,4.0168,0.0,4.0168,16.2528,0.0
13852.13,4.35,1.1731,1729708938.0,1,2,6652.13,4.0175,0.0,4.0175,16.2558,0.0
13855.28,4.35,1.1529,1729708941.0,1,2,6655.28,4.0186,0.0,4.0186,16.2602,0.0
13858.15,4.35,1.1327,1729708944.0,1,2,6658.15,4.0195,0.0,4.0195,16.2642,0.0
13860.0,4.3499,1.1202,1729708946.0,1,2,6660.0,4.02,0.0,4.02,16.2667,0.0
13862.6,4.3499,1.1002,1729708949.0,1,2,6662.6,4.0208,0.0,4.0208,16.2702,0.0
13865.41,4.35,1.0799,1729708952.0,1,2,6665.41,4.0217,0.0,4.0217,16.2739,0.0
13869.03,4.35,1.0598,1729708955.0,1,2,6669.03,4.0228,0.0,4.0228,16.2786,0.0
13870.0,4.3499,1.0514,1729708956.0,1,2,6670.0,4.0231,0.0,4.0231,16.2798,0.0
13873.14,4.3499,1.0314,1729708959.0,1,2,6673.14,4.024,0.0,4.024,16.2838,0.0
13876.25,4.35,1.0112,1729708962.0,1,2,6676.25,4.0249,0.0,4.0249,16.2876,0.0
13880.0,4.3499,0.9923,1729708966.0,1,2,6680.0,4.0259,0.0,4.0259,16.2922,0.0
13883.14,4.35,0.9719,1729708969.0,1,2,6683.14,4.0267,0.0,4.0267,16.2959,0.0
13886.46,4.3499,0.9516,1729708973.0,1,2,6686.46,4.0276,0.0,4.0276,16.2997,0.0
13889.77,4.35,0.9314,1729708976.0,1,2,6689.77,4.0285,0.0,4.0285,16.3035,0.0
13890.0,4.35,0.9311,1729708976.0,1,2,6690.0,4.0286,0.0,4.0286,16.3038,0.0
13894.12,4.35,0.911,1729708980.0,1,2,6694.12,4.0296,0.0,4.0296,16.3084,0.0
13897.59,4.35,0.8909,1729708984.0,1,2,6697.59,4.0305,0.0,4.0305,16.3121,0.0
13900.0,4.35,0.8808,1729708986.0,1,2,6700.0,4.0311,0.0,4.0311,16.3147,0.0
13903.93,4.35,0.8603,1729708990.0,1,2,6703.93,4.032,0.0,4.032,16.3189,0.0
13908.26,4.35,0.84,1729708994.0,1,2,6708.26,4.0331,0.0,4.0331,16.3233,0.0
13910.0,4.35,0.8321,1729708996.0,1,2,6710.0,4.0335,0.0,4.0335,16.3251,0.0
13914.99,4.35,0.812,1729709001.0,1,2,6714.99,4.0346,0.0,4.0346,16.33,0.0
13919.32,4.3499,0.7919,1729709005.0,1,2,6719.32,4.0356,0.0,4.0356,16.3342,0.0
13920.0,4.3499,0.788,1729709006.0,1,2,6720.0,4.0357,0.0,4.0357,16.3349,0.0
13924.63,4.35,0.7679,1729709011.0,1,2,6724.63,4.0367,0.0,4.0367,16.3392,0.0
13930.0,4.3499,0.7499,1729709016.0,1,2,6730.0,4.0378,0.0,4.0378,16.3442,0.0
13933.97,4.35,0.7296,1729709020.0,1,2,6733.97,4.0387,0.0,4.0387,16.3477,0.0
13940.0,4.35,0.7121,1729709026.0,1,2,6740.0,4.0399,0.0,4.0399,16.353,0.0
13945.05,4.35,0.692,1729709031.0,1,2,6745.05,4.0409,0.0,4.0409,16.3573,0.0
13950.0,4.35,0.6751,1729709036.0,1,2,6750.0,4.0418,0.0,4.0418,16.3614,0.0
13955.63,4.35,0.6547,1729709042.0,1,2,6755.63,4.0428,0.0,4.0428,16.3659,0.0
0.0,4.3499,0.0,1729709042.0,1,3,0.0,0.0,0.0,0.0,0.0,0.0
13955.64,4.3499,0.0,1729709042.0,1,3,0.01,0.0,0.0,0.0,0.0,0.0
13965.63,4.3452,0.0,1729709052.0,1,3,10.0,0.0,0.0,0.0,0.0,0.0
13975.63,4.3444,0.0,1729709062.0,1,3,20.0,0.0,0.0,0.0,0.0,0.0
13985.63,4.3438,0.0,1729709072.0,1,3,30.0,0.0,0.0,0.0,0.0,0.0
13995.63,4.3433,0.0,1729709082.0,1,3,40.0,0.0,0.0,0.0,0.0,0.0
14005.63,4.343,0.0,1729709092.0,1,3,50.0,0.0,0.0,0.0,0.0,0.0
14015.63,4.3426,0.0,1729709102.0,1,3,60.0,0.0,0.0,0.0,0.0,0.0
14025.63,4.3423,0.0,1729709112.0,1,3,70.0,0.0,0.0,0.0,0.0,0.0
14035.63,4.342,0.0,1729709122.0,1,3,80.0,0.0,0.0,0.0,0.0,0.0
14045.63,4.3417,0.0,1729709132.0,1,3,90.0,0.0,0.0,0.0,0.0,0.0
14055.63,4.3415,0.0,1729709142.0,1,3,100.0,0.0,0.0,0.0,0.0,0.0
14065.63,4.3412,0.0,1729709152.0,1,3,110.0,0.0,0.0,0.0,0.0,0.0
14075.63,4.341,0.0,1729709162.0,1,3,120.0,0.0,0.0,0.0,0.0,0.0
14085.63,4.3407,0.0,1729709172.0,1,3,130.0,0.0,0.0,0.0,0.0,0.0
14095.63,4.3406,0.0,1729709182.0,1,3,140.0,0.0,0.0,0.0,0.0,0.0
14105.63,4.3403,0.0,1729709192.0,1,3,150.0,0.0,0.0,0.0,0.0,0.0
14115.63,4.3401,0.0,1729709202.0,1,3,160.0,0.0,0.0,0.0,0.0,0.0
14125.63,4.3399,0.0,1729709212.0,1,3,170.0,0.0,0.0,0.0,0.0,0.0
14135.63,4.3397,0.0,1729709222.0,1,3,180.0,0.0,0.0,0.0,0.0,0.0
14145.63,4.3395,0.0,1729709232.0,1,3,190.0,0.0,0.0,0.0,0.0,0.0
14155.63,4.3393,0.0,1729709242.0,1,3,200.0,0.0,0.0,0.0,0.0,0.0
14165.63,4.3391,0.0,1729709252.0,1,3,210.0,0.0,0.0,0.0,0.0,0.0
14175.63,4.3389,0.0,1729709262.0,1,3,220.0,0.0,0.0,0.0,0.0,0.0
14185.63,4.3387,0.0,1729709272.0,1,3,230.0,0.0,0.0,0.0,0.0,0.0
14195.63,4.3386,0.0,1729709282.0,1,3,240.0,0.0,0.0,0.0,0.0,0.0
14205.63,4.3384,0.0,1729709292.0,1,3,250.0,0.0,0.0,0.0,0.0,0.0
14215.63,4.3382,0.0,1729709302.0,1,3,260.0,0.0,0.0,0.0,0.0,0.0
14225.63,4.3381,0.0,1729709312.0,1,3,270.0,0.0,0.0,0.0,0.0,0.0
14235.63,4.3379,0.0,1729709322.0,1,3,280.0,0.0,0.0,0.0,0.0,0.0
14245.63,4.3377,0.0,1729709332.0,1,3,290.0,0.0,0.0,0.0,0.0,0.0
14255.63,4.3376,0.0,1729709342.0,1,3,300.0,0.0,0.0,0.0,0.0,0.0
14265.63,4.3374,0.0,1729709352.0,1,3,310.0,0.0,0.0,0.0,0.0,0.0
14275.63,4.3373,0.0,1729709362.0,1,3,320.0,0.0,0.0,0.0,0.0,0.0
14285.63,4.3371,0.0,1729709372.0,1,3,330.0,0.0,0.0,0.0,0.0,0.0
14295.63,4.3369,0.0,1729709382.0,1,3,340.0,0.0,0.0,0.0,0.0,0.0
14305.63,4.3368,0.0,1729709392.0,1,3,350.0,0.0,0.0,0.0,0.0,0.0
14315.63,4.3367,0.0,1729709402.0,1,3,360.0,0.0,0.0,0.0,0.0,0.0
14325.63,4.3366,0.0,1729709412.0,1,3,370.0,0.0,0.0,0.0,0.0,0.0
14335.63,4.3364,0.0,1729709422.0,1,3,380.0,0.0,0.0,0.0,0.0,0.0
14345.63,4.3362,0.0,1729709432.0,1,3,390.0,0.0,0.0,0.0,0.0,0.0
14355.63,4.3361,0.0,1729709442.0,1,3,400.0,0.0,0.0,0.0,0.0,0.0
14365.63,4.336,0.0,1729709452.0,1,3,410.0,0.0,0.0,0.0,0.0,0.0
14375.63,4.3359,0.0,1729709462.0,1,3,420.0,0.0,0.0,0.0,0.0,0.0
14385.63,4.3358,0.0,1729709472.0,1,3,430.0,0.0,0.0,0.0,0.0,0.0
14395.63,4.3356,0.0,1729709482.0,1,3,440.0,0.0,0.0,0.0,0.0,0.0
14405.63,4.3355,0.0,1729709492.0,1,3,450.0,0.0,0.0,0.0,0.0,0.0
14415.63,4.3354,0.0,1729709502.0,1,3,460.0,0.0,0.0,0.0,0.0,0.0
14425.63,4.3353,0.0,1729709512.0,1,3,470.0,0.0,0.0,0.0,0.0,0.0
14435.63,4.3352,0.0,1729709522.0,1,3,480.0,0.0,0.0,0.0,0.0,0.0
14445.63,4.3351,0.0,1729709532.0,1,3,490.0,0.0,0.0,0.0,0.0,0.0
14455.63,4.3349,0.0,1729709542.0,1,3,500.0,0.0,0.0,0.0,0.0,0.0
14465.63,4.3348,0.0,1729709552.0,1,3,510.0,0.0,0.0,0.0,0.0,0.0
14475.63,4.3347,0.0,1729709562.0,1,3,520.0,0.0,0.0,0.0,0.0,0.0
14485.63,4.3346,0.0,1729709572.0,1,3,530.0,0.0,0.0,0.0,0.0,0.0
14495.63,4.3345,0.0,1729709582.0,1,3,540.0,0.0,0.0,0.0,0.0,0.0
14505.63,4.3344,0.0,1729709592.0,1,3,550.0,0.0,0.0,0.0,0.0,0.0
14515.63,4.3343,0.0,1729709602.0,1,3,560.0,0.0,0.0,0.0,0.0,0.0
14525.63,4.3342,0.0,1729709612.0,1,3,570.0,0.0,0.0,0.0,0.0,0.0
14535.63,4.3341,0.0,1729709622.0,1,3,580.0,0.0,0.0,0.0,0.0,0.0
14545.63,4.3341,0.0,1729709632.0,1,3,590.0,0.0,0.0,0.0,0.0,0.0
14555.63,4.3339,0.0,1729709642.0,1,3,600.0,0.0,0.0,0.0,0.0,0.0
14565.63,4.3338,0.0,1729709652.0,1,3,610.0,0.0,0.0,0.0,0.0,0.0
14575.63,4.3337,0.0,1729709662.0,1,3,620.0,0.0,0.0,0.0,0.0,0.0
14585.63,4.3337,0.0,1729709672.0,1,3,630.0,0.0,0.0,0.0,0.0,0.0
14595.63,4.3336,0.0,1729709682.0,1,3,640.0,0.0,0.0,0.0,0.0,0.0
14605.63,4.3335,0.0,1729709692.0,1,3,650.0,0.0,0.0,0.0,0.0,0.0
14615.63,4.3334,0.0,1729709702.0,1,3,660.0,0.0,0.0,0.0,0.0,0.0
14625.63,4.3333,0.0,1729709712.0,1,3,670.0,0.0,0.0,0.0,0.0,0.0
14635.63,4.3332,0.0,1729709722.0,1,3,680.0,0.0,0.0,0.0,0.0,0.0
14645.63,4.3332,0.0,1729709732.0,1,3,690.0,0.0,0.0,0.0,0.0,0.0
14655.63,4.3331,0.0,1729709742.0,1,3,700.0,0.0,0.0,0.0,0.0,0.0
14665.63,4.333,0.0,1729709752.0,1,3,710.0,0.0,0.0,0.0,0.0,0.0
14675.63,4.3329,0.0,1729709762.0,1,3,720.0,0.0,0.0,0.0,0.0,0.0
14685.63,4.3328,0.0,1729709772.0,1,3,730.0,0.0,0.0,0.0,0.0,0.0
14695.63,4.3328,0.0,1729709782.0,1,3,740.0,0.0,0.0,0.0,0.0,0.0
14705.63,4.3327,0.0,1729709792.0,1,3,750.0,0.0,0.0,0.0,0.0,0.0
14715.63,4.3326,0.0,1729709802.0,1,3,760.0,0.0,0.0,0.0,0.0,0.0
14725.63,4.3326,0.0,1729709812.0,1,3,770.0,0.0,0.0,0.0,0.0,0.0
14735.63,4.3325,0.0,1729709822.0,1,3,780.0,0.0,0.0,0.0,0.0,0.0
14745.63,4.3324,0.0,1729709832.0,1,3,790.0,0.0,0.0,0.0,0.0,0.0
14755.63,4.3323,0.0,1729709842.0,1,3,800.0,0.0,0.0,0.0,0.0,0.0
14765.63,4.3323,0.0,1729709852.0,1,3,810.0,0.0,0.0,0.0,0.0,0.0
14775.63,4.3322,0.0,1729709862.0,1,3,820.0,0.0,0.0,0.0,0.0,0.0
14785.63,4.3321,0.0,1729709872.0,1,3,830.0,0.0,0.0,0.0,0.0,0.0
14795.63,4.3321,0.0,1729709882.0,1,3,840.0,0.0,0.0,0.0,0.0,0.0
14805.63,4.332,0.0,1729709892.0,1,3,850.0,0.0,0.0,0.0,0.0,0.0
14815.63,4.3319,0.0,1729709902.0,1,3,860.0,0.0,0.0,0.0,0.0,0.0
14825.63,4.3318,0.0,1729709912.0,1,3,870.0,0.0,0.0,0.0,0.0,0.0
14835.63,4.3318,0.0,1729709922.0,1,3,880.0,0.0,0.0,0.0,0.0,0.0
14845.63,4.3317,0.0,1729709932.0,1,3,890.0,0.0,0.0,0.0,0.0,0.0
14855.63,4.3317,0.0,1729709942.0,1,3,900.0,0.0,0.0,0.0,0.0,0.0
14865.63,4.3316,0.0,1729709952.0,1,3,910.0,0.0,0.0,0.0,0.0,0.0
14875.63,4.3315,0.0,1729709962.0,1,3,920.0,0.0,0.0,0.0,0.0,0.0
14885.63,4.3315,0.0,1729709972.0,1,3,930.0,0.0,0.0,0.0,0.0,0.0
14895.63,4.3314,0.0,1729709982.0,1,3,940.0,0.0,0.0,0.0,0.0,0.0
14905.63,4.3314,0.0,1729709992.0,1,3,950.0,0.0,0.0,0.0,0.0,0.0
14915.63,4.3313,0.0,1729710002.0,1,3,960.0,0.0,0.0,0.0,0.0,0.0
14925.63,4.3313,0.0,1729710012.0,1,3,970.0,0.0,0.0,0.0,0.0,0.0
14935.63,4.3312,0.0,1729710022.0,1,3,980.0,0.0,0.0,0.0,0.0,0.0
14945.63,4.3311,0.0,1729710032.0,1,3,990.0,0.0,0.0,0.0,0.0,0.0
14955.63,4.3311,0.0,1729710042.0,1,3,1000.0,0.0,0.0,0.0,0.0,0.0
14965.63,4.331,0.0,1729710052.0,1,3,1010.0,0.0,0.0,0.0,0.0,0.0
14975.63,4.331,0.0,1729710062.0,1,3,1020.0,0.0,0.0,0.0,0.0,0.0
14985.63,4.3309,0.0,1729710072.0,1,3,1030.0,0.0,0.0,0.0,0.0,0.0
14995.63,4.3309,0.0,1729710082.0,1,3,1040.0,0.0,0.0,0.0,0.0,0.0
15005.63,4.3308,0.0,1729710092.0,1,3,1050.0,0.0,0.0,0.0,0.0,0.0
15015.63,4.3308,0.0,1729710102.0,1,3,1060.0,0.0,0.0,0.0,0.0,0.0
15025.63,4.3307,0.0,1729710112.0,1,3,1070.0,0.0,0.0,0.0,0.0,0.0
15035.63,4.3307,0.0,1729710122.0,1,3,1080.0,0.0,0.0,0.0,0.0,0.0
15045.63,4.3306,0.0,1729710132.0,1,3,1090.0,0.0,0.0,0.0,0.0,0.0
15055.63,4.3306,0.0,1729710142.0,1,3,1100.0,0.0,0.0,0.0,0.0,0.0
15065.63,4.3305,0.0,1729710152.0,1,3,1110.0,0.0,0.0,0.0,0.0,0.0
15075.63,4.3305,0.0,1729710162.0,1,3,1120.0,0.0,0.0,0.0,0.0,0.0
15085.63,4.3305,0.0,1729710172.0,1,3,1130.0,0.0,0.0,0.0,0.0,0.0
15095.63,4.3304,0.0,1729710182.0,1,3,1140.0,0.0,0.0,0.0,0.0,0.0
15105.63,4.3304,0.0,1729710192.0,1,3,1150.0,0.0,0.0,0.0,0.0,0.0
15115.63,4.3303,0.0,1729710202.0,1,3,1160.0,0.0,0.0,0.0,0.0,0.0
15125.63,4.3302,0.0,1729710212.0,1,3,1170.0,0.0,0.0,0.0,0.0,0.0
15135.63,4.3302,0.0,1729710222.0,1,3,1180.0,0.0,0.0,0.0,0.0,0.0
15145.63,4.3302,0.0,1729710232.0,1,3,1190.0,0.0,0.0,0.0,0.0,0.0
15155.63,4.3301,0.0,1729710242.0,1,3,1200.0,0.0,0.0,0.0,0.0,0.0
15165.63,4.3301,0.0,1729710252.0,1,3,1210.0,0.0,0.0,0.0,0.0,0.0
15175.63,4.33,0.0,1729710262.0,1,3,1220.0,0.0,0.0,0.0,0.0,0.0
15185.63,4.33,0.0,1729710272.0,1,3,1230.0,0.0,0.0,0.0,0.0,0.0
15195.63,4.33,0.0,1729710282.0,1,3,1240.0,0.0,0.0,0.0,0.0,0.0
15205.63,4.3299,0.0,1729710292.0,1,3,1250.0,0.0,0.0,0.0,0.0,0.0
15215.63,4.3299,0.0,1729710302.0,1,3,1260.0,0.0,0.0,0.0,0.0,0.0
15225.63,4.3298,0.0,1729710312.0,1,3,1270.0,0.0,0.0,0.0,0.0,0.0
15235.63,4.3298,0.0,1729710322.0,1,3,1280.0,0.0,0.0,0.0,0.0,0.0
15245.63,4.3298,0.0,1729710332.0,1,3,1290.0,0.0,0.0,0.0,0.0,0.0
15255.63,4.3297,0.0,1729710342.0,1,3,1300.0,0.0,0.0,0.0,0.0,0.0
15265.63,4.3297,0.0,1729710352.0,1,3,1310.0,0.0,0.0,0.0,0.0,0.0
15275.63,4.3297,0.0,1729710362.0,1,3,1320.0,0.0,0.0,0.0,0.0,0.0
15285.63,4.3296,0.0,1729710372.0,1,3,1330.0,0.0,0.0,0.0,0.0,0.0
15295.63,4.3296,0.0,1729710382.0,1,3,1340.0,0.0,0.0,0.0,0.0,0.0
15305.63,4.3296,0.0,1729710392.0,1,3,1350.0,0.0,0.0,0.0,0.0,0.0
15315.63,4.3295,0.0,1729710402.0,1,3,1360.0,0.0,0.0,0.0,0.0,0.0
15325.63,4.3295,0.0,1729710412.0,1,3,1370.0,0.0,0.0,0.0,0.0,0.0
15335.63,4.3294,0.0,1729710422.0,1,3,1380.0,0.0,0.0,0.0,0.0,0.0
15345.63,4.3294,0.0,1729710432.0,1,3,1390.0,0.0,0.0,0.0,0.0,0.0
15355.63,4.3294,0.0,1729710442.0,1,3,1400.0,0.0,0.0,0.0,0.0,0.0
15365.63,4.3293,0.0,1729710452.0,1,3,1410.0,0.0,0.0,0.0,0.0,0.0
15375.63,4.3293,0.0,1729710462.0,1,3,1420.0,0.0,0.0,0.0,0.0,0.0
15385.63,4.3293,0.0,1729710472.0,1,3,1430.0,0.0,0.0,0.0,0.0,0.0
15395.63,4.3292,0.0,1729710482.0,1,3,1440.0,0.0,0.0,0.0,0.0,0.0
15405.63,4.3292,0.0,1729710492.0,1,3,1450.0,0.0,0.0,0.0,0.0,0.0
15415.63,4.3291,0.0,1729710502.0,1,3,1460.0,0.0,0.0,0.0,0.0,0.0
15425.63,4.3291,0.0,1729710512.0,1,3,1470.0,0.0,0.0,0.0,0.0,0.0
15435.63,4.3291,0.0,1729710522.0,1,3,1480.0,0.0,0.0,0.0,0.0,0.0
15445.63,4.329,0.0,1729710532.0,1,3,1490.0,0.0,0.0,0.0,0.0,0.0
15455.63,4.329,0.0,1729710542.0,1,3,1500.0,0.0,0.0,0.0,0.0,0.0
15465.63,4.329,0.0,1729710552.0,1,3,1510.0,0.0,0.0,0.0,0.0,0.0
15475.63,4.329,0.0,1729710562.0,1,3,1520.0,0.0,0.0,0.0,0.0,0.0
15485.63,4.3289,0.0,1729710572.0,1,3,1530.0,0.0,0.0,0.0,0.0,0.0
15495.63,4.3289,0.0,1729710582.0,1,3,1540.0,0.0,0.0,0.0,0.0,0.0
15505.63,4.3289,0.0,1729710592.0,1,3,1550.0,0.0,0.0,0.0,0.0,0.0
15515.63,4.3288,0.0,1729710602.0,1,3,1560.0,0.0,0.0,0.0,0.0,0.0
15525.63,4.3288,0.0,1729710612.0,1,3,1570.0,0.0,0.0,0.0,0.0,0.0
15535.63,4.3288,0.0,1729710622.0,1,3,1580.0,0.0,0.0,0.0,0.0,0.0
15545.63,4.3287,0.0,1729710632.0,1,3,1590.0,0.0,0.0,0.0,0.0,0.0
15555.63,4.3287,0.0,1729710642.0,1,3,1600.0,0.0,0.0,0.0,0.0,0.0
15565.63,4.3287,0.0,1729710652.0,1,3,1610.0,0.0,0.0,0.0,0.0,0.0
15575.63,4.3286,0.0,1729710662.0,1,3,1620.0,0.0,0.0,0.0,0.0,0.0
15585.63,4.3286,0.0,1729710672.0,1,3,1630.0,0.0,0.0,0.0,0.0,0.0
15595.63,4.3286,0.0,1729710682.0,1,3,1640.0,0.0,0.0,0.0,0.0,0.0
15605.63,4.3286,0.0,1729710692.0,1,3,1650.0,0.0,0.0,0.0,0.0,0.0
15615.63,4.3286,0.0,1729710702.0,1,3,1660.0,0.0,0.0,0.0,0.0,0.0
15625.63,4.3285,0.0,1729710712.0,1,3,1670.0,0.0,0.0,0.0,0.0,0.0
15635.63,4.3285,0.0,1729710722.0,1,3,1680.0,0.0,0.0,0.0,0.0,0.0
15645.63,4.3285,0.0,1729710732.0,1,3,1690.0,0.0,0.0,0.0,0.0,0.0
15655.63,4.3284,0.0,1729710742.0,1,3,1700.0,0.0,0.0,0.0,0.0,0.0
15665.63,4.3284,0.0,1729710752.0,1,3,1710.0,0.0,0.0,0.0,0.0,0.0
15675.63,4.3284,0.0,1729710762.0,1,3,1720.0,0.0,0.0,0.0,0.0,0.0
15685.63,4.3283,0.0,1729710772.0,1,3,1730.0,0.0,0.0,0.0,0.0,0.0
15695.63,4.3283,0.0,1729710782.0,1,3,1740.0,0.0,0.0,0.0,0.0,0.0
15705.63,4.3283,0.0,1729710792.0,1,3,1750.0,0.0,0.0,0.0,0.0,0.0
15715.63,4.3283,0.0,1729710802.0,1,3,1760.0,0.0,0.0,0.0,0.0,0.0
15725.63,4.3283,0.0,1729710812.0,1,3,1770.0,0.0,0.0,0.0,0.0,0.0
15735.63,4.3283,0.0,1729710822.0,1,3,1780.0,0.0,0.0,0.0,0.0,0.0
15745.63,4.3282,0.0,1729710832.0,1,3,1790.0,0.0,0.0,0.0,0.0,0.0
15755.63,4.3282,0.0,1729710842.0,1,3,1800.0,0.0,0.0,0.0,0.0,0.0
0.0,4.3282,-0.655,1729710842.0,1,4,0.0,0.0,0.0,0.0,0.0,0.0
15755.64,4.3282,-0.655,1729710842.0,1,4,0.01,0.0,0.0,0.0,0.0,0.0
15765.63,4.3239,-0.654,1729710852.0,1,4,10.0,0.0,0.0018,0.0018,0.0,0.0079
15775.63,4.3225,-0.6541,1729710862.0,1,4,20.0,0.0,0.0036,0.0036,0.0,0.0157
15785.63,4.3215,-0.654,1729710872.0,1,4,30.0,0.0,0.0055,0.0055,0.0,0.0236
15795.63,4.3206,-0.654,1729710882.0,1,4,40.0,0.0,0.0073,0.0073,0.0,0.0314
15805.63,4.3197,-0.654,1729710892.0,1,4,50.0,0.0,0.0091,0.0091,0.0,0.0393
15815.63,4.3189,-0.654,1729710902.0,1,4,60.0,0.0,0.0109,0.0109,0.0,0.0471
15825.63,4.3181,-0.654,1729710912.0,1,4,70.0,0.0,0.0127,0.0127,0.0,0.055
15835.63,4.3173,-0.6541,1729710922.0,1,4,80.0,0.0,0.0145,0.0145,0.0,0.0628
15845.63,4.3165,-0.6539,1729710932.0,1,4,90.0,0.0,0.0164,0.0164,0.0,0.0706
15855.63,4.3158,-0.654,1729710942.0,1,4,100.0,0.0,0.0182,0.0182,0.0,0.0785
15865.63,4.315,-0.6541,1729710952.0,1,4,110.0,0.0,0.02,0.02,0.0,0.0863
15875.63,4.3142,-0.654,1729710962.0,1,4,120.0,0.0,0.0218,0.0218,0.0,0.0942
15885.63,4.3134,-0.654,1729710972.0,1,4,130.0,0.0,0.0236,0.0236,0.0,0.102
15895.63,4.3127,-0.654,1729710982.0,1,4,140.0,0.0,0.0254,0.0254,0.0,0.1098
15905.63,4.3119,-0.654,1729710992.0,1,4,150.0,0.0,0.0273,0.0273,0.0,0.1177
15915.63,4.3112,-0.654,1729711002.0,1,4,160.0,0.0,0.0291,0.0291,0.0,0.1255
15925.63,4.3104,-0.654,1729711012.0,1,4,170.0,0.0,0.0309,0.0309,0.0,0.1333
15935.63,4.3097,-0.654,1729711022.0,1,4,180.0,0.0,0.0327,0.0327,0.0,0.1412
15945.63,4.3089,-0.654,1729711032.0,1,4,190.0,0.0,0.0345,0.0345,0.0,0.149
15955.63,4.3082,-0.6541,1729711042.0,1,4,200.0,0.0,0.0363,0.0363,0.0,0.1568
15965.63,4.3074,-0.654,1729711052.0,1,4,210.0,0.0,0.0382,0.0382,0.0,0.1646
15975.63,4.3066,-0.6541,1729711062.0,1,4,220.0,0.0,0.04,0.04,0.0,0.1725
15985.63,4.3059,-0.6541,1729711072.0,1,4,230.0,0.0,0.0418,0.0418,0.0,0.1803
15995.63,4.3052,-0.654,1729711082.0,1,4,240.0,0.0,0.0436,0.0436,0.0,0.1881
16005.63,4.3044,-0.654,1729711092.0,1,4,250.0,0.0,0.0454,0.0454,0.0,0.1959
16015.63,4.3037,-0.654,1729711102.0,1,4,260.0,0.0,0.0472,0.0472,0.0,0.2038
16025.63,4.3029,-0.654,1729711112.0,1,4,270.0,0.0,0.0491,0.0491,0.0,0.2116
16035.63,4.3022,-0.654,1729711122.0,1,4,280.0,0.0,0.0509,0.0509,0.0,0.2194
16045.63,4.3014,-0.654,1729711132.0,1,4,290.0,0.0,0.0527,0.0527,0.0,0.2272
16055.63,4.3007,-0.654,1729711142.0,1,4,300.0,0.0,0.0545,0.0545,0.0,0.235
16065.63,4.2999,-0.654,1729711152.0,1,4,310.0,0.0,0.0563,0.0563,0.0,0.2428
16075.63,4.2992,-0.654,1729711162.0,1,4,320.0,0.0,0.0581,0.0581,0.0,0.2506
16085.63,4.2985,-0.6539,1729711172.0,1,4,330.0,0.0,0.06,0.06,0.0,0.2584
16095.63,4.2978,-0.654,1729711182.0,1,4,340.0,0.0,0.0618,0.0618,0.0,0.2663
16105.63,4.2971,-0.654,1729711192.0,1,4,350.0,0.0,0.0636,0.0636,0.0,0.2741
16115.63,4.2963,-0.6541,1729711202.0,1,4,360.0,0.0,0.0654,0.0654,0.0,0.2819
16125.63,4.2956,-0.654,1729711212.0,1,4,370.0,0.0,0.0672,0.0672,0.0,0.2897
16135.63,4.2949,-0.654,1729711222.0,1,4,380.0,0.0,0.069,0.069,0.0,0.2975
16145.63,4.2942,-0.654,1729711232.0,1,4,390.0,0.0,0.0709,0.0709,0.0,0.3053
16155.63,4.2935,-0.654,1729711242.0,1,4,400.0,0.0,0.0727,0.0727,0.0,0.3131
16165.63,4.2927,-0.654,1729711252.0,1,4,410.0,0.0,0.0745,0.0745,0.0,0.3209
16175.63,4.292,-0.6541,1729711262.0,1,4,420.0,0.0,0.0763,0.0763,0.0,0.3287
16185.63,4.2914,-0.654,1729711272.0,1,4,430.0,0.0,0.0781,0.0781,0.0,0.3365
16195.63,4.2906,-0.6539,1729711282.0,1,4,440.0,0.0,0.0799,0.0799,0.0,0.3443
16205.63,4.2899,-0.654,1729711292.0,1,4,450.0,0.0,0.0818,0.0818,0.0,0.3521
16215.63,4.2892,-0.654,1729711302.0,1,4,460.0,0.0,0.0836,0.0836,0.0,0.3599
16225.63,4.2885,-0.654,1729711312.0,1,4,470.0,0.0,0.0854,0.0854,0.0,0.3676
16235.63,4.2878,-0.6539,1729711322.0,1,4,480.0,0.0,0.0872,0.0872,0.0,0.3754
16245.63,4.2872,-0.6539,1729711332.0,1,4,490.0,0.0,0.089,0.089,0.0,0.3832
16255.63,4.2865,-0.6538,1729711342.0,1,4,500.0,0.0,0.0908,0.0908,0.0,0.391
16265.63,4.2858,-0.6538,1729711352.0,1,4,510.0,0.0,0.0926,0.0926,0.0,0.3988
16275.63,4.2851,-0.6538,1729711362.0,1,4,520.0,0.0,0.0945,0.0945,0.0,0.4066
16285.63,4.2844,-0.6538,1729711372.0,1,4,530.0,0.0,0.0963,0.0963,0.0,0.4144
16295.63,4.2837,-0.6538,1729711382.0,1,4,540.0,0.0,0.0981,0.0981,0.0,0.4221
16305.63,4.2831,-0.6539,1729711392.0,1,4,550.0,0.0,0.0999,0.0999,0.0,0.4299
16315.63,4.2824,-0.6539,1729711402.0,1,4,560.0,0.0,0.1017,0.1017,0.0,0.4377
16325.63,4.2818,-0.6538,1729711412.0,1,4,570.0,0.0,0.1035,0.1035,0.0,0.4455
16335.63,4.2811,-0.6539,1729711422.0,1,4,580.0,0.0,0.1054,0.1054,0.0,0.4533
16345.63,4.2805,-0.6538,1729711432.0,1,4,590.0,0.0,0.1072,0.1072,0.0,0.461
16355.63,4.2798,-0.6538,1729711442.0,1,4,600.0,0.0,0.109,0.109,0.0,0.4688
16365.63,4.2792,-0.6539,1729711452.0,1,4,610.0,0.0,0.1108,0.1108,0.0,0.4766
16375.63,4.2786,-0.6539,1729711462.0,1,4,620.0,0.0,0.1126,0.1126,0.0,0.4843
16385.63,4.2779,-0.6539,1729711472.0,1,4,630.0,0.0,0.1144,0.1144,0.0,0.4921
16395.63,4.2773,-0.6539,1729711482.0,1,4,640.0,0.0,0.1163,0.1163,0.0,0.4999
16405.63,4.2767,-0.6538,1729711492.0,1,4,650.0,0.0,0.1181,0.1181,0.0,0.5077
16415.63,4.276,-0.6539,1729711502.0,1,4,660.0,0.0,0.1199,0.1199,0.0,0.5154
16425.63,4.2754,-0.6539,1729711512.0,1,4,670.0,0.0,0.1217,0.1217,0.0,0.5232
16435.63,4.2748,-0.6538,1729711522.0,1,4,680.0,0.0,0.1235,0.1235,0.0,0.5309
16445.63,4.2742,-0.6539,1729711532.0,1,4,690.0,0.0,0.1253,0.1253,0.0,0.5387
16455.63,4.2736,-0.6539,1729711542.0,1,4,700.0,0.0,0.1272,0.1272,0.0,0.5465
16465.63,4.273,-0.6539,1729711552.0,1,4,710.0,0.0,0.129,0.129,0.0,0.5542
16475.63,4.2724,-0.6539,1729711562.0,1,4,720.0,0.0,0.1308,0.1308,0.0,0.562
16485.63,4.2718,-0.6538,1729711572.0,1,4,730.0,0.0,0.1326,0.1326,0.0,0.5698
16495.63,4.2712,-0.6538,1729711582.0,1,4,740.0,0.0,0.1344,0.1344,0.0,0.5775
16505.63,4.2706,-0.6539,1729711592.0,1,4,750.0,0.0,0.1362,0.1362,0.0,0.5853
16515.63,4.27,-0.6539,1729711602.0,1,4,760.0,0.0,0.1381,0.1381,0.0,0.593
16525.63,4.2694,-0.6538,1729711612.0,1,4,770.0,0.0,0.1399,0.1399,0.0,0.6008
16535.63,4.2688,-0.6539,1729711622.0,1,4,780.0,0.0,0.1417,0.1417,0.0,0.6085
16545.63,4.2683,-0.6539,1729711632.0,1,4,790.0,0.0,0.1435,0.1435,0.0,0.6163
16555.63,4.2677,-0.6538,1729711642.0,1,4,800.0,0.0,0.1453,0.1453,0.0,0.624
16565.63,4.2671,-0.6539,1729711652.0,1,4,810.0,0.0,0.1471,0.1471,0.0,0.6318
16575.63,4.2666,-0.6538,1729711662.0,1,4,820.0,0.0,0.149,0.149,0.0,0.6395
16585.63,4.266,-0.6539,1729711672.0,1,4,830.0,0.0,0.1508,0.1508,0.0,0.6473
16595.63,4.2654,-0.6539,1729711682.0,1,4,840.0,0.0,0.1526,0.1526,0.0,0.655
16605.63,4.2649,-0.6538,1729711692.0,1,4,850.0,0.0,0.1544,0.1544,0.0,0.6628
16615.63,4.2643,-0.6538,1729711702.0,1,4,860.0,0.0,0.1562,0.1562,0.0,0.6705
16625.63,4.2638,-0.6539,1729711712.0,1,4,870.0,0.0,0.158,0.158,0.0,0.6783
16635.63,4.2632,-0.6539,1729711722.0,1,4,880.0,0.0,0.1599,0.1599,0.0,0.686
16645.63,4.2627,-0.6538,1729711732.0,1,4,890.0,0.0,0.1617,0.1617,0.0,0.6938
16655.63,4.2622,-0.6538,1729711742.0,1,4,900.0,0.0,0.1635,0.1635,0.0,0.7015
16665.63,4.2616,-0.6539,1729711752.0,1,4,910.0,0.0,0.1653,0.1653,0.0,0.7092
16675.63,4.2611,-0.6539,1729711762.0,1,4,920.0,0.0,0.1671,0.1671,0.0,0.717
16685.63,4.2606,-0.6538,1729711772.0,1,4,930.0,0.0,0.1689,0.1689,0.0,0.7247
16695.63,4.2601,-0.6538,1729711782.0,1,4,940.0,0.0,0.1707,0.1707,0.0,0.7325
16705.63,4.2595,-0.6538,1729711792.0,1,4,950.0,0.0,0.1726,0.1726,0.0,0.7402
16715.63,4.259,-0.6538,1729711802.0,1,4,960.0,0.0,0.1744,0.1744,0.0,0.7479
16725.63,4.2585,-0.6539,1729711812.0,1,4,970.0,0.0,0.1762,0.1762,0.0,0.7557
16735.63,4.258,-0.6539,1729711822.0,1,4,980.0,0.0,0.178,0.178,0.0,0.7634
16745.63,4.2575,-0.6539,1729711832.0,1,4,990.0,0.0,0.1798,0.1798,0.0,0.7711
16755.63,4.257,-0.6539,1729711842.0,1,4,1000.0,0.0,0.1816,0.1816,0.0,0.7789
16765.63,4.2564,-0.6539,1729711852.0,1,4,1010.0,0.0,0.1835,0.1835,0.0,0.7866
16775.63,4.256,-0.6538,1729711862.0,1,4,1020.0,0.0,0.1853,0.1853,0.0,0.7943
16785.63,4.2555,-0.6539,1729711872.0,1,4,1030.0,0.0,0.1871,0.1871,0.0,0.8021
16795.63,4.255,-0.6538,1729711882.0,1,4,1040.0,0.0,0.1889,0.1889,0.0,0.8098
16805.63,4.2545,-0.654,1729711892.0,1,4,1050.0,0.0,0.1907,0.1907,0.0,0.8175
16815.63,4.254,-0.6539,1729711902.0,1,4,1060.0,0.0,0.1925,0.1925,0.0,0.8252
16825.63,4.2535,-0.6539,1729711912.0,1,4,1070.0,0.0,0.1944,0.1944,0.0,0.833
16835.63,4.253,-0.6539,1729711922.0,1,4,1080.0,0.0,0.1962,0.1962,0.0,0.8407
16845.63,4.2525,-0.6538,1729711932.0,1,4,1090.0,0.0,0.198,0.198,0.0,0.8484
16855.63,4.252,-0.6538,1729711942.0,1,4,1100.0,0.0,0.1998,0.1998,0.0,0.8561
16865.63,4.2516,-0.6539,1729711952.0,1,4,1110.0,0.0,0.2016,0.2016,0.0,0.8639
16875.63,4.251,-0.6539,1729711962.0,1,4,1120.0,0.0,0.2034,0.2034,0.0,0.8716
16885.63,4.2506,-0.6539,1729711972.0,1,4,1130.0,0.0,0.2053,0.2053,0.0,0.8793
16895.63,4.2501,-0.6539,1729711982.0,1,4,1140.0,0.0,0.2071,0.2071,0.0,0.887
16905.63,4.2497,-0.6539,1729711992.0,1,4,1150.0,0.0,0.2089,0.2089,0.0,0.8947
16915.63,4.2492,-0.6539,1729712002.0,1,4,1160.0,0.0,0.2107,0.2107,0.0,0.9025
16925.63,4.2487,-0.6539,1729712012.0,1,4,1170.0,0.0,0.2125,0.2125,0.0,0.9102
16935.63,4.2483,-0.6539,1729712022.0,1,4,1180.0,0.0,0.2143,0.2143,0.0,0.9179
16945.63,4.2478,-0.6538,1729712032.0,1,4,1190.0,0.0,0.2162,0.2162,0.0,0.9256
16955.63,4.2473,-0.6539,1729712042.0,1,4,1200.0,0.0,0.218,0.218,0.0,0.9333
16965.63,4.2469,-0.6539,1729712052.0,1,4,1210.0,0.0,0.2198,0.2198,0.0,0.941
16975.63,4.2464,-0.6539,1729712062.0,1,4,1220.0,0.0,0.2216,0.2216,0.0,0.9488
16985.63,4.2459,-0.6539,1729712072.0,1,4,1230.0,0.0,0.2234,0.2234,0.0,0.9565
16995.63,4.2455,-0.6539,1729712082.0,1,4,1240.0,0.0,0.2252,0.2252,0.0,0.9642
17005.63,4.2451,-0.6538,1729712092.0,1,4,1250.0,0.0,0.2271,0.2271,0.0,0.9719
17015.63,4.2446,-0.6539,1729712102.0,1,4,1260.0,0.0,0.2289,0.2289,0.0,0.9796
17025.63,4.2441,-0.6539,1729712112.0,1,4,1270.0,0.0,0.2307,0.2307,0.0,0.9873
17035.63,4.2437,-0.6539,1729712122.0,1,4,1280.0,0.0,0.2325,0.2325,0.0,0.995
17045.63,4.2433,-0.6538,1729712132.0,1,4,1290.0,0.0,0.2343,0.2343,0.0,1.0027
17055.63,4.2429,-0.6539,1729712142.0,1,4,1300.0,0.0,0.2361,0.2361,0.0,1.0104
17065.63,4.2424,-0.6539,1729712152.0,1,4,1310.0,0.0,0.238,0.238,0.0,1.0181
17075.63,4.242,-0.6539,1729712162.0,1,4,1320.0,0.0,0.2398,0.2398,0.0,1.0258
17085.63,4.2415,-0.6539,1729712172.0,1,4,1330.0,0.0,0.2416,0.2416,0.0,1.0335
17095.63,4.2412,-0.6539,1729712182.0,1,4,1340.0,0.0,0.2434,0.2434,0.0,1.0413
17105.63,4.2407,-0.6539,1729712192.0,1,4,1350.0,0.0,0.2452,0.2452,0.0,1.049
17115.63,4.2403,-0.6539,1729712202.0,1,4,1360.0,0.0,0.247,0.247,0.0,1.0567
17125.63,4.2399,-0.6538,1729712212.0,1,4,1370.0,0.0,0.2488,0.2488,0.0,1.0644
17135.63,4.2395,-0.6539,1729712222.0,1,4,1380.0,0.0,0.2507,0.2507,0.0,1.0721
17145.63,4.239,-0.6538,1729712232.0,1,4,1390.0,0.0,0.2525,0.2525,0.0,1.0798
17155.63,4.2387,-0.6539,1729712242.0,1,4,1400.0,0.0,0.2543,0.2543,0.0,1.0875
17165.63,4.2382,-0.6538,1729712252.0,1,4,1410.0,0.0,0.2561,0.2561,0.0,1.0952
17175.63,4.2378,-0.6539,1729712262.0,1,4,1420.0,0.0,0.2579,0.2579,0.0,1.1029
17185.63,4.2374,-0.6539,1729712272.0,1,4,1430.0,0.0,0.2597,0.2597,0.0,1.1105
17195.63,4.237,-0.6538,1729712282.0,1,4,1440.0,0.0,0.2616,0.2616,0.0,1.1182
17205.63,4.2366,-0.6539,1729712292.0,1,4,1450.0,0.0,0.2634,0.2634,0.0,1.1259
17215.63,4.2362,-0.6539,1729712302.0,1,4,1460.0,0.0,0.2652,0.2652,0.0,1.1336
17225.63,4.2358,-0.6538,1729712312.0,1,4,1470.0,0.0,0.267,0.267,0.0,1.1413
17235.63,4.2353,-0.6538,1729712322.0,1,4,1480.0,0.0,0.2688,0.2688,0.0,1.149
17245.63,4.235,-0.6539,1729712332.0,1,4,1490.0,0.0,0.2706,0.2706,0.0,1.1567
17255.63,4.2346,-0.6539,1729712342.0,1,4,1500.0,0.0,0.2725,0.2725,0.0,1.1644
17265.63,4.2342,-0.6539,1729712352.0,1,4,1510.0,0.0,0.2743,0.2743,0.0,1.1721
17275.63,4.2338,-0.6538,1729712362.0,1,4,1520.0,0.0,0.2761,0.2761,0.0,1.1798
17285.63,4.2334,-0.654,1729712372.0,1,4,1530.0,0.0,0.2779,0.2779,0.0,1.1875
17295.63,4.233,-0.6539,1729712382.0,1,4,1540.0,0.0,0.2797,0.2797,0.0,1.1952
17305.63,4.2326,-0.6539,1729712392.0,1,4,1550.0,0.0,0.2815,0.2815,0.0,1.2029
17315.63,4.2322,-0.6539,1729712402.0,1,4,1560.0,0.0,0.2834,0.2834,0.0,1.2105
17325.63,4.2318,-0.6538,1729712412.0,1,4,1570.0,0.0,0.2852,0.2852,0.0,1.2182
17335.63,4.2314,-0.6539,1729712422.0,1,4,1580.0,0.0,0.287,0.287,0.0,1.2259
17345.63,4.2311,-0.6539,1729712432.0,1,4,1590.0,0.0,0.2888,0.2888,0.0,1.2336
17355.63,4.2307,-0.6538,1729712442.0,1,4,1600.0,0.0,0.2906,0.2906,0.0,1.2413
17365.63,4.2303,-0.6539,1729712452.0,1,4,1610.0,0.0,0.2924,0.2924,0.0,1.249
17375.63,4.2299,-0.6538,1729712462.0,1,4,1620.0,0.0,0.2943,0.2943,0.0,1.2566
17385.63,4.2295,-0.6538,1729712472.0,1,4,1630.0,0.0,0.2961,0.2961,0.0,1.2643
17395.63,4.2291,-0.6538,1729712482.0,1,4,1640.0,0.0,0.2979,0.2979,0.0,1.272
17405.63,4.2287,-0.6538,1729712492.0,1,4,1650.0,0.0,0.2997,0.2997,0.0,1.2797
17415.63,4.2284,-0.6539,1729712502.0,1,4,1660.0,0.0,0.3015,0.3015,0.0,1.2874
17425.63,4.228,-0.6538,1729712512.0,1,4,1670.0,0.0,0.3033,0.3033,0.0,1.2951
17435.63,4.2276,-0.6539,1729712522.0,1,4,1680.0,0.0,0.3052,0.3052,0.0,1.3027
17445.63,4.2272,-0.6539,1729712532.0,1,4,1690.0,0.0,0.307,0.307,0.0,1.3104
17455.63,4.2269,-0.6538,1729712542.0,1,4,1700.0,0.0,0.3088,0.3088,0.0,1.3181
17465.63,4.2265,-0.6539,1729712552.0,1,4,1710.0,0.0,0.3106,0.3106,0.0,1.3258
17475.63,4.2262,-0.6538,1729712562.0,1,4,1720.0,0.0,0.3124,0.3124,0.0,1.3334
17485.63,4.2258,-0.6538,1729712572.0,1,4,1730.0,0.0,0.3142,0.3142,0.0,1.3411
17495.63,4.2254,-0.6539,1729712582.0,1,4,1740.0,0.0,0.3161,0.3161,0.0,1.3488
17505.63,4.225,-0.6538,1729712592.0,1,4,1750.0,0.0,0.3179,0.3179,0.0,1.3565
17515.63,4.2247,-0.6539,1729712602.0,1,4,1760.0,0.0,0.3197,0.3197,0.0,1.3641
17525.63,4.2243,-0.6538,1729712612.0,1,4,1770.0,0.0,0.3215,0.3215,0.0,1.3718
17535.63,4.2239,-0.6538,1729712622.0,1,4,1780.0,0.0,0.3233,0.3233,0.0,1.3795
17545.63,4.2236,-0.654,1729712632.0,1,4,1790.0,0.0,0.3251,0.3251,0.0,1.3872
17555.63,4.2232,-0.6539,1729712642.0,1,4,1800.0,0.0,0.3269,0.3269,0.0,1.3948
17565.63,4.2229,-0.6538,1729712652.0,1,4,1810.0,0.0,0.3288,0.3288,0.0,1.4025
17575.63,4.2225,-0.6538,1729712662.0,1,4,1820.0,0.0,0.3306,0.3306,0.0,1.4102
17585.63,4.2221,-0.6539,1729712672.0,1,4,1830.0,0.0,0.3324,0.3324,0.0,1.4178
17595.63,4.2218,-0.6539,1729712682.0,1,4,1840.0,0.0,0.3342,0.3342,0.0,1.4255
17605.63,4.2215,-0.6539,1729712692.0,1,4,1850.0,0.0,0.336,0.336,0.0,1.4332
17615.63,4.2211,-0.6539,1729712702.0,1,4,1860.0,0.0,0.3378,0.3378,0.0,1.4408
17625.63,4.2208,-0.6538,1729712712.0,1,4,1870.0,0.0,0.3397,0.3397,0.0,1.4485
17635.63,4.2204,-0.6539,1729712722.0,1,4,1880.0,0.0,0.3415,0.3415,0.0,1.4562
17645.63,4.2201,-0.6539,1729712732.0,1,4,1890.0,0.0,0.3433,0.3433,0.0,1.4638
17655.63,4.2197,-0.6539,1729712742.0,1,4,1900.0,0.0,0.3451,0.3451,0.0,1.4715
17665.63,4.2194,-0.6538,1729712752.0,1,4,1910.0,0.0,0.3469,0.3469,0.0,1.4792
17675.63,4.219,-0.6539,1729712762.0,1,4,1920.0,0.0,0.3487,0.3487,0.0,1.4868
17685.63,4.2187,-0.6539,1729712772.0,1,4,1930.0,0.0,0.3506,0.3506,0.0,1.4945
17695.63,4.2183,-0.6538,1729712782.0,1,4,1940.0,0.0,0.3524,0.3524,0.0,1.5021
17705.63,4.218,-0.6538,1729712792.0,1,4,1950.0,0.0,0.3542,0.3542,0.0,1.5098
17715.63,4.2176,-0.6539,1729712802.0,1,4,1960.0,0.0,0.356,0.356,0.0,1.5175
17725.63,4.2173,-0.6538,1729712812.0,1,4,1970.0,0.0,0.3578,0.3578,0.0,1.5251
17735.63,4.217,-0.6539,1729712822.0,1,4,1980.0,0.0,0.3596,0.3596,0.0,1.5328
17745.63,4.2166,-0.6539,1729712832.0,1,4,1990.0,0.0,0.3615,0.3615,0.0,1.5404
17755.63,4.2163,-0.6538,1729712842.0,1,4,2000.0,0.0,0.3633,0.3633,0.0,1.5481
17765.63,4.2159,-0.6538,1729712852.0,1,4,2010.0,0.0,0.3651,0.3651,0.0,1.5558
17775.63,4.2156,-0.6538,1729712862.0,1,4,2020.0,0.0,0.3669,0.3669,0.0,1.5634
17785.63,4.2152,-0.6539,1729712872.0,1,4,2030.0,0.0,0.3687,0.3687,0.0,1.5711
17795.63,4.2149,-0.6538,1729712882.0,1,4,2040.0,0.0,0.3705,0.3705,0.0,1.5787
17805.63,4.2146,-0.6539,1729712892.0,1,4,2050.0,0.0,0.3724,0.3724,0.0,1.5864
17815.63,4.2143,-0.6538,1729712902.0,1,4,2060.0,0.0,0.3742,0.3742,0.0,1.594
17825.63,4.2139,-0.6539,1729712912.0,1,4,2070.0,0.0,0.376,0.376,0.0,1.6017
17835.63,4.2136,-0.6538,1729712922.0,1,4,2080.0,0.0,0.3778,0.3778,0.0,1.6094
17845.63,4.2132,-0.6538,1729712932.0,1,4,2090.0,0.0,0.3796,0.3796,0.0,1.617
17855.63,4.2129,-0.6538,1729712942.0,1,4,2100.0,0.0,0.3814,0.3814,0.0,1.6247
17865.63,4.2126,-0.6538,1729712952.0,1,4,2110.0,0.0,0.3833,0.3833,0.0,1.6323
17875.63,4.2123,-0.6539,1729712962.0,1,4,2120.0,0.0,0.3851,0.3851,0.0,1.64
17885.63,4.2119,-0.6538,1729712972.0,1,4,2130.0,0.0,0.3869,0.3869,0.0,1.6476
17895.63,4.2116,-0.6538,1729712982.0,1,4,2140.0,0.0,0.3887,0.3887,0.0,1.6553
17905.63,4.2113,-0.6539,1729712992.0,1,4,2150.0,0.0,0.3905,0.3905,0.0,1.6629
17915.63,4.211,-0.6538,1729713002.0,1,4,2160.0,0.0,0.3923,0.3923,0.0,1.6706
17925.63,4.2107,-0.6539,1729713012.0,1,4,2170.0,0.0,0.3942,0.3942,0.0,1.6782
17935.63,4.2104,-0.6539,1729713022.0,1,4,2180.0,0.0,0.396,0.396,0.0,1.6859
17945.63,4.21,-0.6539,1729713032.0,1,4,2190.0,0.0,0.3978,0.3978,0.0,1.6935
17955.63,4.2097,-0.6538,1729713042.0,1,4,2200.0,0.0,0.3996,0.3996,0.0,1.7011
17965.63,4.2094,-0.6538,1729713052.0,1,4,2210.0,0.0,0.4014,0.4014,0.0,1.7088
17975.63,4.2091,-0.6539,1729713062.0,1,4,2220.0,0.0,0.4032,0.4032,0.0,1.7164
17985.63,4.2087,-0.6538,1729713072.0,1,4,2230.0,0.0,0.405,0.405,0.0,1.7241
17995.63,4.2084,-0.6539,1729713082.0,1,4,2240.0,0.0,0.4069,0.4069,0.0,1.7317
18005.63,4.2081,-0.6538,1729713092.0,1,4,2250.0,0.0,0.4087,0.4087,0.0,1.7394
18015.63,4.2078,-0.6538,1729713102.0,1,4,2260.0,0.0,0.4105,0.4105,0.0,1.747
18025.63,4.2074,-0.6539,1729713112.0,1,4,2270.0,0.0,0.4123,0.4123,0.0,1.7547
18035.63,4.2071,-0.6538,1729713122.0,1,4,2280.0,0.0,0.4141,0.4141,0.0,1.7623
18045.63,4.2068,-0.6538,1729713132.0,1,4,2290.0,0.0,0.4159,0.4159,0.0,1.7699
18055.63,4.2065,-0.6538,1729713142.0,1,4,2300.0,0.0,0.4178,0.4178,0.0,1.7776
18065.63,4.2062,-0.6538,1729713152.0,1,4,2310.0,0.0,0.4196,0.4196,0.0,1.7852
18075.63,4.2058,-0.6539,1729713162.0,1,4,2320.0,0.0,0.4214,0.4214,0.0,1.7929
18085.63,4.2055,-0.6538,1729713172.0,1,4,2330.0,0.0,0.4232,0.4232,0.0,1.8005
18095.63,4.2052,-0.6539,1729713182.0,1,4,2340.0,0.0,0.425,0.425,0.0,1.8081
18105.63,4.2049,-0.6538,1729713192.0,1,4,2350.0,0.0,0.4268,0.4268,0.0,1.8158
18115.63,4.2046,-0.6538,1729713202.0,1,4,2360.0,0.0,0.4287,0.4287,0.0,1.8234
18125.63,4.2043,-0.6539,1729713212.0,1,4,2370.0,0.0,0.4305,0.4305,0.0,1.831
18135.63,4.2039,-0.6538,1729713222.0,1,4,2380.0,0.0,0.4323,0.4323,0.0,1.8387
18145.63,4.2037,-0.6539,1729713232.0,1,4,2390.0,0.0,0.4341,0.4341,0.0,1.8463
18155.63,4.2033,-0.6538,1729713242.0,1,4,2400.0,0.0,0.4359,0.4359,0.0,1.8539
18165.63,4.2031,-0.6539,1729713252.0,1,4,2410.0,0.0,0.4377,0.4377,0.0,1.8616
18175.63,4.2028,-0.6539,1729713262.0,1,4,2420.0,0.0,0.4396,0.4396,0.0,1.8692
18185.63,4.2024,-0.6538,1729713272.0,1,4,2430.0,0.0,0.4414,0.4414,0.0,1.8768
18195.63,4.2021,-0.6538,1729713282.0,1,4,2440.0,0.0,0.4432,0.4432,0.0,1.8845
18205.63,4.2018,-0.6539,1729713292.0,1,4,2450.0,0.0,0.445,0.445,0.0,1.8921
18215.63,4.2015,-0.6539,1729713302.0,1,4,2460.0,0.0,0.4468,0.4468,0.0,1.8997
18225.63,4.2012,-0.6539,1729713312.0,1,4,2470.0,0.0,0.4486,0.4486,0.0,1.9074
18235.63,4.2009,-0.6539,1729713322.0,1,4,2480.0,0.0,0.4505,0.4505,0.0,1.915
18245.63,4.2006,-0.6538,1729713332.0,1,4,2490.0,0.0,0.4523,0.4523,0.0,1.9226
18255.63,4.2003,-0.6539,1729713342.0,1,4,2500.0,0.0,0.4541,0.4541,0.0,1.9303
18265.63,4.2,-0.6538,1729713352.0,1,4,2510.0,0.0,0.4559,0.4559,0.0,1.9379
18275.63,4.1997,-0.6539,1729713362.0,1,4,2520.0,0.0,0.4577,0.4577,0.0,1.9455
18285.63,4.1994,-0.6539,1729713372.0,1,4,2530.0,0.0,0.4595,0.4595,0.0,1.9531
18295.63,4.1991,-0.6539,1729713382.0,1,4,2540.0,0.0,0.4614,0.4614,0.0,1.9608
18305.63,4.1988,-0.6539,1729713392.0,1,4,2550.0,0.0,0.4632,0.4632,0.0,1.9684
18315.63,4.1985,-0.6539,1729713402.0,1,4,2560.0,0.0,0.465,0.465,0.0,1.976
18325.63,4.1982,-0.6538,1729713412.0,1,4,2570.0,0.0,0.4668,0.4668,0.0,1.9837
18335.63,4.1979,-0.6539,1729713422.0,1,4,2580.0,0.0,0.4686,0.4686,0.0,1.9913
18345.63,4.1976,-0.6539,1729713432.0,1,4,2590.0,0.0,0.4704,0.4704,0.0,1.9989
18355.63,4.1973,-0.6538,1729713442.0,1,4,2600.0,0.0,0.4723,0.4723,0.0,2.0065
18365.63,4.197,-0.6538,1729713452.0,1,4,2610.0,0.0,0.4741,0.4741,0.0,2.0141
18375.63,4.1967,-0.6539,1729713462.0,1,4,2620.0,0.0,0.4759,0.4759,0.0,2.0218
18385.63,4.1964,-0.6539,1729713472.0,1,4,2630.0,0.0,0.4777,0.4777,0.0,2.0294
18395.63,4.1961,-0.6538,1729713482.0,1,4,2640.0,0.0,0.4795,0.4795,0.0,2.037
18405.63,4.1958,-0.6539,1729713492.0,1,4,2650.0,0.0,0.4813,0.4813,0.0,2.0446
18415.63,4.1955,-0.6538,1729713502.0,1,4,2660.0,0.0,0.4831,0.4831,0.0,2.0523
18425.63,4.1952,-0.6538,1729713512.0,1,4,2670.0,0.0,0.485,0.485,0.0,2.0599
18435.63,4.1949,-0.6538,1729713522.0,1,4,2680.0,0.0,0.4868,0.4868,0.0,2.0675
18445.63,4.1946,-0.6538,1729713532.0,1,4,2690.0,0.0,0.4886,0.4886,0.0,2.0751
18455.63,4.1943,-0.6538,1729713542.0,1,4,2700.0,0.0,0.4904,0.4904,0.0,2.0827
18465.63,4.194,-0.6538,1729713552.0,1,4,2710.0,0.0,0.4922,0.4922,0.0,2.0903
18475.63,4.1938,-0.6538,1729713562.0,1,4,2720.0,0.0,0.494,0.494,0.0,2.098
18485.63,4.1934,-0.6538,1729713572.0,1,4,2730.0,0.0,0.4959,0.4959,0.0,2.1056
18495.63,4.1931,-0.6538,1729713582.0,1,4,2740.0,0.0,0.4977,0.4977,0.0,2.1132
18505.63,4.1928,-0.6538,1729713592.0,1,4,2750.0,0.0,0.4995,0.4995,0.0,2.1208
18515.63,4.1925,-0.6538,1729713602.0,1,4,2760.0,0.0,0.5013,0.5013,0.0,2.1284
18525.63,4.1922,-0.6539,1729713612.0,1,4,2770.0,0.0,0.5031,0.5031,0.0,2.136
18535.63,4.1919,-0.6538,1729713622.0,1,4,2780.0,0.0,0.5049,0.5049,0.0,2.1437
18545.63,4.1917,-0.6538,1729713632.0,1,4,2790.0,0.0,0.5068,0.5068,0.0,2.1513
18555.63,4.1914,-0.6538,1729713642.0,1,4,2800.0,0.0,0.5086,0.5086,0.0,2.1589
18565.63,4.1911,-0.6539,1729713652.0,1,4,2810.0,0.0,0.5104,0.5104,0.0,2.1665
18575.63,4.1908,-0.6538,1729713662.0,1,4,2820.0,0.0,0.5122,0.5122,0.0,2.1741
18585.63,4.1905,-0.6538,1729713672.0,1,4,2830.0,0.0,0.514,0.514,0.0,2.1817
18595.63,4.1902,-0.6539,1729713682.0,1,4,2840.0,0.0,0.5158,0.5158,0.0,2.1893
18605.63,4.1899,-0.6539,1729713692.0,1,4,2850.0,0.0,0.5177,0.5177,0.0,2.1969
18615.63,4.1896,-0.6538,1729713702.0,1,4,2860.0,0.0,0.5195,0.5195,0.0,2.2045
18625.63,4.1894,-0.6538,1729713712.0,1,4,2870.0,0.0,0.5213,0.5213,0.0,2.2122
18635.63,4.1891,-0.6538,1729713722.0,1,4,2880.0,0.0,0.5231,0.5231,0.0,2.2198
18645.63,4.1888,-0.6538,1729713732.0,1,4,2890.0,0.0,0.5249,0.5249,0.0,2.2274
18655.63,4.1885,-0.6538,1729713742.0,1,4,2900.0,0.0,0.5267,0.5267,0.0,2.235
18665.63,4.1882,-0.6538,1729713752.0,1,4,2910.0,0.0,0.5286,0.5286,0.0,2.2426
18675.63,4.1879,-0.6538,1729713762.0,1,4,2920.0,0.0,0.5304,0.5304,0.0,2.2502
18685.63,4.1876,-0.6538,1729713772.0,1,4,2930.0,0.0,0.5322,0.5322,0.0,2.2578
18695.63,4.1873,-0.6538,1729713782.0,1,4,2940.0,0.0,0.534,0.534,0.0,2.2654
18705.63,4.1871,-0.6539,1729713792.0,1,4,2950.0,0.0,0.5358,0.5358,0.0,2.273
18715.63,4.1868,-0.6539,1729713802.0,1,4,2960.0,0.0,0.5376,0.5376,0.0,2.2806
18725.63,4.1865,-0.6538,1729713812.0,1,4,2970.0,0.0,0.5395,0.5395,0.0,2.2882
18735.63,4.1862,-0.6539,1729713822.0,1,4,2980.0,0.0,0.5413,0.5413,0.0,2.2958
18745.63,4.1859,-0.6539,1729713832.0,1,4,2990.0,0.0,0.5431,0.5431,0.0,2.3034
18755.63,4.1856,-0.6539,1729713842.0,1,4,3000.0,0.0,0.5449,0.5449,0.0,2.311
18765.63,4.1853,-0.6538,1729713852.0,1,4,3010.0,0.0,0.5467,0.5467,0.0,2.3186
18775.63,4.1851,-0.6538,1729713862.0,1,4,3020.0,0.0,0.5485,0.5485,0.0,2.3262
18785.63,4.1848,-0.6539,1729713872.0,1,4,3030.0,0.0,0.5503,0.5503,0.0,2.3338
18795.63,4.1845,-0.6538,1729713882.0,1,4,3040.0,0.0,0.5522,0.5522,0.0,2.3414
18805.63,4.1842,-0.6538,1729713892.0,1,4,3050.0,0.0,0.554,0.554,0.0,2.349
18815.63,4.1839,-0.6539,1729713902.0,1,4,3060.0,0.0,0.5558,0.5558,0.0,2.3566
18825.63,4.1836,-0.6538,1729713912.0,1,4,3070.0,0.0,0.5576,0.5576,0.0,2.3642
18835.63,4.1834,-0.6539,1729713922.0,1,4,3080.0,0.0,0.5594,0.5594,0.0,2.3718
18845.63,4.1831,-0.6539,1729713932.0,1,4,3090.0,0.0,0.5612,0.5612,0.0,2.3794
18855.63,4.1828,-0.6538,1729713942.0,1,4,3100.0,0.0,0.5631,0.5631,0.0,2.387
18865.63,4.1825,-0.6538,1729713952.0,1,4,3110.0,0.0,0.5649,0.5649,0.0,2.3946
18875.63,4.1823,-0.6538,1729713962.0,1,4,3120.0,0.0,0.5667,0.5667,0.0,2.4022
18885.63,4.182,-0.6539,1729713972.0,1,4,3130.0,0.0,0.5685,0.5685,0.0,2.4098
18895.63,4.1817,-0.6539,1729713982.0,1,4,3140.0,0.0,0.5703,0.5703,0.0,2.4174
18905.63,4.1814,-0.6539,1729713992.0,1,4,3150.0,0.0,0.5721,0.5721,0.0,2.425
18915.63,4.1811,-0.6538,1729714002.0,1,4,3160.0,0.0,0.574,0.574,0.0,2.4326
18925.63,4.1809,-0.6538,1729714012.0,1,4,3170.0,0.0,0.5758,0.5758,0.0,2.4402
18935.63,4.1806,-0.6538,1729714022.0,1,4,3180.0,0.0,0.5776,0.5776,0.0,2.4478
18945.63,4.1803,-0.6538,1729714032.0,1,4,3190.0,0.0,0.5794,0.5794,0.0,2.4554
18955.63,4.18,-0.6539,1729714042.0,1,4,3200.0,0.0,0.5812,0.5812,0.0,2.463
18965.63,4.1797,-0.6538,1729714052.0,1,4,3210.0,0.0,0.583,0.583,0.0,2.4706
18975.63,4.1795,-0.6539,1729714062.0,1,4,3220.0,0.0,0.5849,0.5849,0.0,2.4782
18985.63,4.1792,-0.6539,1729714072.0,1,4,3230.0,0.0,0.5867,0.5867,0.0,2.4857
18995.63,4.1789,-0.6538,1729714082.0,1,4,3240.0,0.0,0.5885,0.5885,0.0,2.4933
19005.63,4.1786,-0.6538,1729714092.0,1,4,3250.0,0.0,0.5903,0.5903,0.0,2.5009
19015.63,4.1783,-0.6538,1729714102.0,1,4,3260.0,0.0,0.5921,0.5921,0.0,2.5085
19025.63,4.178,-0.6538,1729714112.0,1,4,3270.0,0.0,0.5939,0.5939,0.0,2.5161
19035.63,4.1778,-0.6539,1729714122.0,1,4,3280.0,0.0,0.5958,0.5958,0.0,2.5237
19045.63,4.1775,-0.6538,1729714132.0,1,4,3290.0,0.0,0.5976,0.5976,0.0,2.5313
19055.63,4.1772,-0.6538,1729714142.0,1,4,3300.0,0.0,0.5994,0.5994,0.0,2.5389
19065.63,4.177,-0.6538,1729714152.0,1,4,3310.0,0.0,0.6012,0.6012,0.0,2.5464
19075.63,4.1767,-0.6539,1729714162.0,1,4,3320.0,0.0,0.603,0.603,0.0,2.554
19085.63,4.1764,-0.6539,1729714172.0,1,4,3330.0,0.0,0.6048,0.6048,0.0,2.5616
19095.63,4.1761,-0.6538,1729714182.0,1,4,3340.0,0.0,0.6067,0.6067,0.0,2.5692
19105.63,4.1759,-0.6538,1729714192.0,1,4,3350.0,0.0,0.6085,0.6085,0.0,2.5768
19115.63,4.1756,-0.6538,1729714202.0,1,4,3360.0,0.0,0.6103,0.6103,0.0,2.5844
19125.63,4.1753,-0.6538,1729714212.0,1,4,3370.0,0.0,0.6121,0.6121,0.0,2.592
19135.63,4.175,-0.6538,1729714222.0,1,4,3380.0,0.0,0.6139,0.6139,0.0,2.5995
19145.63,4.1748,-0.6539,1729714232.0,1,4,3390.0,0.0,0.6157,0.6157,0.0,2.6071
19155.63,4.1745,-0.6539,1729714242.0,1,4,3400.0,0.0,0.6176,0.6176,0.0,2.6147
19165.63,4.1742,-0.6538,1729714252.0,1,4,3410.0,0.0,0.6194,0.6194,0.0,2.6223
19175.63,4.1739,-0.6538,1729714262.0,1,4,3420.0,0.0,0.6212,0.6212,0.0,2.6299
19185.63,4.1737,-0.6539,1729714272.0,1,4,3430.0,0.0,0.623,0.623,0.0,2.6375
19195.63,4.1734,-0.6538,1729714282.0,1,4,3440.0,0.0,0.6248,0.6248,0.0,2.645
19205.63,4.1731,-0.6538,1729714292.0,1,4,3450.0,0.0,0.6266,0.6266,0.0,2.6526
19215.63,4.1728,-0.6539,1729714302.0,1,4,3460.0,0.0,0.6284,0.6284,0.0,2.6602
19225.63,4.1726,-0.6538,1729714312.0,1,4,3470.0,0.0,0.6303,0.6303,0.0,2.6678
19235.63,4.1723,-0.6539,1729714322.0,1,4,3480.0,0.0,0.6321,0.6321,0.0,2.6753
19245.63,4.172,-0.6538,1729714332.0,1,4,3490.0,0.0,0.6339,0.6339,0.0,2.6829
19255.63,4.1718,-0.6538,1729714342.0,1,4,3500.0,0.0,0.6357,0.6357,0.0,2.6905
19265.63,4.1715,-0.6539,1729714352.0,1,4,3510.0,0.0,0.6375,0.6375,0.0,2.6981
19275.63,4.1712,-0.6539,1729714362.0,1,4,3520.0,0.0,0.6393,0.6393,0.0,2.7057
19285.63,4.1709,-0.6538,1729714372.0,1,4,3530.0,0.0,0.6412,0.6412,0.0,2.7132
19295.63,4.1707,-0.6539,1729714382.0,1,4,3540.0,0.0,0.643,0.643,0.0,2.7208
19305.63,4.1704,-0.6538,1729714392.0,1,4,3550.0,0.0,0.6448,0.6448,0.0,2.7284
19315.63,4.1701,-0.6539,1729714402.0,1,4,3560.0,0.0,0.6466,0.6466,0.0,2.736
19325.63,4.1699,-0.6539,1729714412.0,1,4,3570.0,0.0,0.6484,0.6484,0.0,2.7435
19335.63,4.1696,-0.6539,1729714422.0,1,4,3580.0,0.0,0.6502,0.6502,0.0,2.7511
19345.63,4.1693,-0.6538,1729714432.0,1,4,3590.0,0.0,0.6521,0.6521,0.0,2.7587
19355.63,4.169,-0.6539,1729714442.0,1,4,3600.0,0.0,0.6539,0.6539,0.0,2.7662
19365.63,4.1688,-0.6539,1729714452.0,1,4,3610.0,0.0,0.6557,0.6557,0.0,2.7738
19375.63,4.1685,-0.6539,1729714462.0,1,4,3620.0,0.0,0.6575,0.6575,0.0,2.7814
19385.63,4.1682,-0.6539,1729714472.0,1,4,3630.0,0.0,0.6593,0.6593,0.0,2.789
19395.63,4.1679,-0.6538,1729714482.0,1,4,3640.0,0.0,0.6611,0.6611,0.0,2.7965
19405.63,4.1677,-0.6539,1729714492.0,1,4,3650.0,0.0,0.663,0.663,0.0,2.8041
19415.63,4.1674,-0.6539,1729714502.0,1,4,3660.0,0.0,0.6648,0.6648,0.0,2.8117
19425.63,4.1671,-0.6539,1729714512.0,1,4,3670.0,0.0,0.6666,0.6666,0.0,2.8192
19435.63,4.1669,-0.6539,1729714522.0,1,4,3680.0,0.0,0.6684,0.6684,0.0,2.8268
19445.63,4.1666,-0.6539,1729714532.0,1,4,3690.0,0.0,0.6702,0.6702,0.0,2.8344
19455.63,4.1663,-0.6538,1729714542.0,1,4,3700.0,0.0,0.672,0.672,0.0,2.8419
19465.63,4.1661,-0.6538,1729714552.0,1,4,3710.0,0.0,0.6739,0.6739,0.0,2.8495
19475.63,4.1658,-0.6539,1729714562.0,1,4,3720.0,0.0,0.6757,0.6757,0.0,2.8571
19485.63,4.1655,-0.6539,1729714572.0,1,4,3730.0,0.0,0.6775,0.6775,0.0,2.8646
19495.63,4.1653,-0.6538,1729714582.0,1,4,3740.0,0.0,0.6793,0.6793,0.0,2.8722
19505.63,4.165,-0.6538,1729714592.0,1,4,3750.0,0.0,0.6811,0.6811,0.0,2.8798
19515.63,4.1647,-0.6539,1729714602.0,1,4,3760.0,0.0,0.6829,0.6829,0.0,2.8873
19525.63,4.1645,-0.6538,1729714612.0,1,4,3770.0,0.0,0.6848,0.6848,0.0,2.8949
19535.63,4.1642,-0.6538,1729714622.0,1,4,3780.0,0.0,0.6866,0.6866,0.0,2.9025
19545.63,4.1639,-0.6539,1729714632.0,1,4,3790.0,0.0,0.6884,0.6884,0.0,2.91
19555.63,4.1636,-0.6539,1729714642.0,1,4,3800.0,0.0,0.6902,0.6902,0.0,2.9176
19565.63,4.1634,-0.6538,1729714652.0,1,4,3810.0,0.0,0.692,0.692,0.0,2.9252
19575.63,4.1631,-0.6538,1729714662.0,1,4,3820.0,0.0,0.6938,0.6938,0.0,2.9327
19585.63,4.1628,-0.6538,1729714672.0,1,4,3830.0,0.0,0.6957,0.6957,0.0,2.9403
19595.63,4.1626,-0.6539,1729714682.0,1,4,3840.0,0.0,0.6975,0.6975,0.0,2.9478
19605.63,4.1623,-0.6538,1729714692.0,1,4,3850.0,0.0,0.6993,0.6993,0.0,2.9554
19615.63,4.162,-0.6539,1729714702.0,1,4,3860.0,0.0,0.7011,0.7011,0.0,2.963
19625.63,4.1618,-0.6539,1729714712.0,1,4,3870.0,0.0,0.7029,0.7029,0.0,2.9705
19635.63,4.1615,-0.6539,1729714722.0,1,4,3880.0,0.0,0.7047,0.7047,0.0,2.9781
19645.63,4.1612,-0.6538,1729714732.0,1,4,3890.0,0.0,0.7065,0.7065,0.0,2.9856
19655.63,4.1609,-0.6538,1729714742.0,1,4,3900.0,0.0,0.7084,0.7084,0.0,2.9932
19665.63,4.1607,-0.6539,1729714752.0,1,4,3910.0,0.0,0.7102,0.7102,0.0,3.0007
19675.63,4.1605,-0.6538,1729714762.0,1,4,3920.0,0.0,0.712,0.712,0.0,3.0083
19685.63,4.1602,-0.6538,1729714772.0,1,4,3930.0,0.0,0.7138,0.7138,0.0,3.0159
19695.63,4.1599,-0.6538,1729714782.0,1,4,3940.0,0.0,0.7156,0.7156,0.0,3.0234
19705.63,4.1597,-0.6538,1729714792.0,1,4,3950.0,0.0,0.7174,0.7174,0.0,3.031
19715.63,4.1594,-0.6538,1729714802.0,1,4,3960.0,0.0,0.7193,0.7193,0.0,3.0385
19725.63,4.1591,-0.6539,1729714812.0,1,4,3970.0,0.0,0.7211,0.7211,0.0,3.0461
19735.63,4.1588,-0.6538,1729714822.0,1,4,3980.0,0.0,0.7229,0.7229,0.0,3.0536
19745.63,4.1586,-0.6538,1729714832.0,1,4,3990.0,0.0,0.7247,0.7247,0.0,3.0612
19755.63,4.1583,-0.6538,1729714842.0,1,4,4000.0,0.0,0.7265,0.7265,0.0,3.0687
19765.63,4.158,-0.6539,1729714852.0,1,4,4010.0,0.0,0.7283,0.7283,0.0,3.0763
19775.63,4.1578,-0.6538,1729714862.0,1,4,4020.0,0.0,0.7302,0.7302,0.0,3.0838
19785.63,4.1575,-0.6538,1729714872.0,1,4,4030.0,0.0,0.732,0.732,0.0,3.0914
19795.63,4.1572,-0.6538,1729714882.0,1,4,4040.0,0.0,0.7338,0.7338,0.0,3.0989
19805.63,4.157,-0.6538,1729714892.0,1,4,4050.0,0.0,0.7356,0.7356,0.0,3.1065
19815.63,4.1567,-0.6538,1729714902.0,1,4,4060.0,0.0,0.7374,0.7374,0.0,3.114
19825.63,4.1564,-0.6538,1729714912.0,1,4,4070.0,0.0,0.7392,0.7392,0.0,3.1216
19835.63,4.1562,-0.6538,1729714922.0,1,4,4080.0,0.0,0.7411,0.7411,0.0,3.1291
19845.63,4.1559,-0.6539,1729714932.0,1,4,4090.0,0.0,0.7429,0.7429,0.0,3.1367
19855.63,4.1556,-0.6538,1729714942.0,1,4,4100.0,0.0,0.7447,0.7447,0.0,3.1442
19865.63,4.1554,-0.6538,1729714952.0,1,4,4110.0,0.0,0.7465,0.7465,0.0,3.1518
19875.63,4.1551,-0.6538,1729714962.0,1,4,4120.0,0.0,0.7483,0.7483,0.0,3.1593
19885.63,4.1549,-0.6539,1729714972.0,1,4,4130.0,0.0,0.7501,0.7501,0.0,3.1669
19895.63,4.1546,-0.6539,1729714982.0,1,4,4140.0,0.0,0.752,0.752,0.0,3.1744
19905.63,4.1543,-0.6539,1729714992.0,1,4,4150.0,0.0,0.7538,0.7538,0.0,3.182
19915.63,4.154,-0.6538,1729715002.0,1,4,4160.0,0.0,0.7556,0.7556,0.0,3.1895
19925.63,4.1538,-0.6539,1729715012.0,1,4,4170.0,0.0,0.7574,0.7574,0.0,3.1971
19935.63,4.1535,-0.6539,1729715022.0,1,4,4180.0,0.0,0.7592,0.7592,0.0,3.2046
19945.63,4.1533,-0.6539,1729715032.0,1,4,4190.0,0.0,0.761,0.761,0.0,3.2121
19955.63,4.153,-0.6539,1729715042.0,1,4,4200.0,0.0,0.7629,0.7629,0.0,3.2197
19965.63,4.1527,-0.6539,1729715052.0,1,4,4210.0,0.0,0.7647,0.7647,0.0,3.2272
19975.63,4.1525,-0.6538,1729715062.0,1,4,4220.0,0.0,0.7665,0.7665,0.0,3.2348
19985.63,4.1522,-0.6538,1729715072.0,1,4,4230.0,0.0,0.7683,0.7683,0.0,3.2423
19995.63,4.1519,-0.6538,1729715082.0,1,4,4240.0,0.0,0.7701,0.7701,0.0,3.2499
20005.63,4.1517,-0.6539,1729715092.0,1,4,4250.0,0.0,0.7719,0.7719,0.0,3.2574
20015.63,4.1514,-0.6538,1729715102.0,1,4,4260.0,0.0,0.7737,0.7737,0.0,3.2649
20025.63,4.1512,-0.6538,1729715112.0,1,4,4270.0,0.0,0.7756,0.7756,0.0,3.2725
20035.63,4.1509,-0.6538,1729715122.0,1,4,4280.0,0.0,0.7774,0.7774,0.0,3.28
20045.63,4.1506,-0.6538,1729715132.0,1,4,4290.0,0.0,0.7792,0.7792,0.0,3.2876
20055.63,4.1504,-0.6538,1729715142.0,1,4,4300.0,0.0,0.781,0.781,0.0,3.2951
20065.63,4.1501,-0.6539,1729715152.0,1,4,4310.0,0.0,0.7828,0.7828,0.0,3.3026
20075.63,4.1499,-0.6538,1729715162.0,1,4,4320.0,0.0,0.7846,0.7846,0.0,3.3102
20085.63,4.1496,-0.6538,1729715172.0,1,4,4330.0,0.0,0.7865,0.7865,0.0,3.3177
20095.63,4.1493,-0.6539,1729715182.0,1,4,4340.0,0.0,0.7883,0.7883,0.0,3.3252
20105.63,4.1491,-0.6538,1729715192.0,1,4,4350.0,0.0,0.7901,0.7901,0.0,3.3328
20115.63,4.1488,-0.6538,1729715202.0,1,4,4360.0,0.0,0.7919,0.7919,0.0,3.3403
20125.63,4.1485,-0.6538,1729715212.0,1,4,4370.0,0.0,0.7937,0.7937,0.0,3.3478
20135.63,4.1483,-0.6538,1729715222.0,1,4,4380.0,0.0,0.7955,0.7955,0.0,3.3554
20145.63,4.148,-0.6538,1729715232.0,1,4,4390.0,0.0,0.7974,0.7974,0.0,3.3629
20155.63,4.1477,-0.6539,1729715242.0,1,4,4400.0,0.0,0.7992,0.7992,0.0,3.3704
20165.63,4.1475,-0.6538,1729715252.0,1,4,4410.0,0.0,0.801,0.801,0.0,3.378
20175.63,4.1472,-0.6538,1729715262.0,1,4,4420.0,0.0,0.8028,0.8028,0.0,3.3855
20185.63,4.147,-0.6539,1729715272.0,1,4,4430.0,0.0,0.8046,0.8046,0.0,3.393
20195.63,4.1467,-0.6538,1729715282.0,1,4,4440.0,0.0,0.8064,0.8064,0.0,3.4006
20205.63,4.1464,-0.6538,1729715292.0,1,4,4450.0,0.0,0.8083,0.8083,0.0,3.4081
20215.63,4.1462,-0.6539,1729715302.0,1,4,4460.0,0.0,0.8101,0.8101,0.0,3.4156
20225.63,4.1459,-0.6538,1729715312.0,1,4,4470.0,0.0,0.8119,0.8119,0.0,3.4232
20235.63,4.1457,-0.6538,1729715322.0,1,4,4480.0,0.0,0.8137,0.8137,0.0,3.4307
20245.63,4.1454,-0.6539,1729715332.0,1,4,4490.0,0.0,0.8155,0.8155,0.0,3.4382
20255.63,4.1451,-0.6538,1729715342.0,1,4,4500.0,0.0,0.8173,0.8173,0.0,3.4458
20265.63,4.1449,-0.6538,1729715352.0,1,4,4510.0,0.0,0.8192,0.8192,0.0,3.4533
20275.63,4.1446,-0.6538,1729715362.0,1,4,4520.0,0.0,0.821,0.821,0.0,3.4608
20285.63,4.1443,-0.6538,1729715372.0,1,4,4530.0,0.0,0.8228,0.8228,0.0,3.4683
20295.63,4.1441,-0.6538,1729715382.0,1,4,4540.0,0.0,0.8246,0.8246,0.0,3.4759
20305.63,4.1438,-0.6538,1729715392.0,1,4,4550.0,0.0,0.8264,0.8264,0.0,3.4834
20315.63,4.1435,-0.6539,1729715402.0,1,4,4560.0,0.0,0.8282,0.8282,0.0,3.4909
20325.63,4.1433,-0.6538,1729715412.0,1,4,4570.0,0.0,0.8301,0.8301,0.0,3.4984
20335.63,4.1431,-0.6539,1729715422.0,1,4,4580.0,0.0,0.8319,0.8319,0.0,3.506
20345.63,4.1428,-0.6539,1729715432.0,1,4,4590.0,0.0,0.8337,0.8337,0.0,3.5135
20355.63,4.1425,-0.6539,1729715442.0,1,4,4600.0,0.0,0.8355,0.8355,0.0,3.521
20365.63,4.1422,-0.6539,1729715452.0,1,4,4610.0,0.0,0.8373,0.8373,0.0,3.5285
20375.63,4.142,-0.6538,1729715462.0,1,4,4620.0,0.0,0.8391,0.8391,0.0,3.5361
20385.63,4.1417,-0.6538,1729715472.0,1,4,4630.0,0.0,0.8409,0.8409,0.0,3.5436
20395.63,4.1414,-0.6539,1729715482.0,1,4,4640.0,0.0,0.8428,0.8428,0.0,3.5511
20405.63,4.1412,-0.6539,1729715492.0,1,4,4650.0,0.0,0.8446,0.8446,0.0,3.5586
20415.63,4.141,-0.6539,1729715502.0,1,4,4660.0,0.0,0.8464,0.8464,0.0,3.5662
20425.63,4.1407,-0.6538,1729715512.0,1,4,4670.0,0.0,0.8482,0.8482,0.0,3.5737
20435.63,4.1404,-0.6538,1729715522.0,1,4,4680.0,0.0,0.85,0.85,0.0,3.5812
20445.63,4.1402,-0.6538,1729715532.0,1,4,4690.0,0.0,0.8518,0.8518,0.0,3.5887
20455.63,4.1399,-0.6538,1729715542.0,1,4,4700.0,0.0,0.8537,0.8537,0.0,3.5962
20465.63,4.1396,-0.6538,1729715552.0,1,4,4710.0,0.0,0.8555,0.8555,0.0,3.6038
20475.63,4.1393,-0.6539,1729715562.0,1,4,4720.0,0.0,0.8573,0.8573,0.0,3.6113
20485.63,4.1391,-0.6538,1729715572.0,1,4,4730.0,0.0,0.8591,0.8591,0.0,3.6188
20495.63,4.1389,-0.6538,1729715582.0,1,4,4740.0,0.0,0.8609,0.8609,0.0,3.6263
20505.63,4.1386,-0.6539,1729715592.0,1,4,4750.0,0.0,0.8627,0.8627,0.0,3.6338
20515.63,4.1383,-0.6539,1729715602.0,1,4,4760.0,0.0,0.8646,0.8646,0.0,3.6413
20525.63,4.138,-0.6539,1729715612.0,1,4,4770.0,0.0,0.8664,0.8664,0.0,3.6489
20535.63,4.1378,-0.6539,1729715622.0,1,4,4780.0,0.0,0.8682,0.8682,0.0,3.6564
20545.63,4.1375,-0.6538,1729715632.0,1,4,4790.0,0.0,0.87,0.87,0.0,3.6639
20555.63,4.1373,-0.6538,1729715642.0,1,4,4800.0,0.0,0.8718,0.8718,0.0,3.6714
20565.63,4.137,-0.6538,1729715652.0,1,4,4810.0,0.0,0.8736,0.8736,0.0,3.6789
20575.63,4.1367,-0.6539,1729715662.0,1,4,4820.0,0.0,0.8755,0.8755,0.0,3.6864
20585.63,4.1365,-0.6539,1729715672.0,1,4,4830.0,0.0,0.8773,0.8773,0.0,3.6939
20595.63,4.1362,-0.6538,1729715682.0,1,4,4840.0,0.0,0.8791,0.8791,0.0,3.7015
20605.63,4.136,-0.6538,1729715692.0,1,4,4850.0,0.0,0.8809,0.8809,0.0,3.709
20615.63,4.1357,-0.6539,1729715702.0,1,4,4860.0,0.0,0.8827,0.8827,0.0,3.7165
20625.63,4.1354,-0.6538,1729715712.0,1,4,4870.0,0.0,0.8845,0.8845,0.0,3.724
20635.63,4.1352,-0.6538,1729715722.0,1,4,4880.0,0.0,0.8864,0.8864,0.0,3.7315
20645.63,4.1349,-0.6539,1729715732.0,1,4,4890.0,0.0,0.8882,0.8882,0.0,3.739
20655.63,4.1347,-0.6539,1729715742.0,1,4,4900.0,0.0,0.89,0.89,0.0,3.7465
20665.63,4.1344,-0.6539,1729715752.0,1,4,4910.0,0.0,0.8918,0.8918,0.0,3.754
20675.63,4.1341,-0.6539,1729715762.0,1,4,4920.0,0.0,0.8936,0.8936,0.0,3.7615
20685.63,4.1339,-0.6539,1729715772.0,1,4,4930.0,0.0,0.8954,0.8954,0.0,3.769
20695.63,4.1337,-0.6538,1729715782.0,1,4,4940.0,0.0,0.8973,0.8973,0.0,3.7766
20705.63,4.1334,-0.6539,1729715792.0,1,4,4950.0,0.0,0.8991,0.8991,0.0,3.7841
20715.63,4.1331,-0.6538,1729715802.0,1,4,4960.0,0.0,0.9009,0.9009,0.0,3.7916
20725.63,4.1329,-0.6539,1729715812.0,1,4,4970.0,0.0,0.9027,0.9027,0.0,3.7991
20735.63,4.1326,-0.6538,1729715822.0,1,4,4980.0,0.0,0.9045,0.9045,0.0,3.8066
20745.63,4.1323,-0.6538,1729715832.0,1,4,4990.0,0.0,0.9063,0.9063,0.0,3.8141
20755.63,4.1321,-0.6539,1729715842.0,1,4,5000.0,0.0,0.9081,0.9081,0.0,3.8216
20765.63,4.1318,-0.6538,1729715852.0,1,4,5010.0,0.0,0.91,0.91,0.0,3.8291
20775.63,4.1316,-0.6538,1729715862.0,1,4,5020.0,0.0,0.9118,0.9118,0.0,3.8366
20785.63,4.1313,-0.6538,1729715872.0,1,4,5030.0,0.0,0.9136,0.9136,0.0,3.8441
20795.63,4.131,-0.6539,1729715882.0,1,4,5040.0,0.0,0.9154,0.9154,0.0,3.8516
20805.63,4.1307,-0.6539,1729715892.0,1,4,5050.0,0.0,0.9172,0.9172,0.0,3.8591
20815.63,4.1305,-0.6539,1729715902.0,1,4,5060.0,0.0,0.919,0.919,0.0,3.8666
20825.63,4.1303,-0.6539,1729715912.0,1,4,5070.0,0.0,0.9209,0.9209,0.0,3.8741
20835.63,4.13,-0.6538,1729715922.0,1,4,5080.0,0.0,0.9227,0.9227,0.0,3.8816
20845.63,4.1297,-0.6539,1729715932.0,1,4,5090.0,0.0,0.9245,0.9245,0.0,3.8891
20855.63,4.1295,-0.6539,1729715942.0,1,4,5100.0,0.0,0.9263,0.9263,0.0,3.8966
20865.63,4.1292,-0.6539,1729715952.0,1,4,5110.0,0.0,0.9281,0.9281,0.0,3.9041
20875.63,4.1289,-0.6539,1729715962.0,1,4,5120.0,0.0,0.9299,0.9299,0.0,3.9116
20885.63,4.1287,-0.6539,1729715972.0,1,4,5130.0,0.0,0.9318,0.9318,0.0,3.9191
20895.63,4.1284,-0.6539,1729715982.0,1,4,5140.0,0.0,0.9336,0.9336,0.0,3.9266
20905.63,4.1282,-0.6539,1729715992.0,1,4,5150.0,0.0,0.9354,0.9354,0.0,3.9341
20915.63,4.1279,-0.6538,1729716002.0,1,4,5160.0,0.0,0.9372,0.9372,0.0,3.9416
20925.63,4.1276,-0.6538,1729716012.0,1,4,5170.0,0.0,0.939,0.939,0.0,3.9491
20935.63,4.1274,-0.6539,1729716022.0,1,4,5180.0,0.0,0.9408,0.9408,0.0,3.9566
20945.63,4.1272,-0.6539,1729716032.0,1,4,5190.0,0.0,0.9427,0.9427,0.0,3.9641
20955.63,4.1269,-0.6539,1729716042.0,1,4,5200.0,0.0,0.9445,0.9445,0.0,3.9716
20965.63,4.1266,-0.6538,1729716052.0,1,4,5210.0,0.0,0.9463,0.9463,0.0,3.9791
20975.63,4.1264,-0.6538,1729716062.0,1,4,5220.0,0.0,0.9481,0.9481,0.0,3.9866
20985.63,4.1261,-0.6538,1729716072.0,1,4,5230.0,0.0,0.9499,0.9499,0.0,3.9941
20995.63,4.1258,-0.6539,1729716082.0,1,4,5240.0,0.0,0.9517,0.9517,0.0,4.0016
21005.63,4.1255,-0.6538,1729716092.0,1,4,5250.0,0.0,0.9536,0.9536,0.0,4.0091
21015.63,4.1253,-0.6539,1729716102.0,1,4,5260.0,0.0,0.9554,0.9554,0.0,4.0166
21025.63,4.125,-0.6539,1729716112.0,1,4,5270.0,0.0,0.9572,0.9572,0.0,4.0241
21035.63,4.1248,-0.6538,1729716122.0,1,4,5280.0,0.0,0.959,0.959,0.0,4.0315
21045.63,4.1245,-0.6538,1729716132.0,1,4,5290.0,0.0,0.9608,0.9608,0.0,4.039
21055.63,4.1243,-0.6538,1729716142.0,1,4,5300.0,0.0,0.9626,0.9626,0.0,4.0465
21065.63,4.124,-0.6538,1729716152.0,1,4,5310.0,0.0,0.9645,0.9645,0.0,4.054
21075.63,4.1238,-0.6538,1729716162.0,1,4,5320.0,0.0,0.9663,0.9663,0.0,4.0615
21085.63,4.1235,-0.6538,1729716172.0,1,4,5330.0,0.0,0.9681,0.9681,0.0,4.069
21095.63,4.1233,-0.6538,1729716182.0,1,4,5340.0,0.0,0.9699,0.9699,0.0,4.0765
21105.63,4.123,-0.6539,1729716192.0,1,4,5350.0,0.0,0.9717,0.9717,0.0,4.084
21115.63,4.1227,-0.6538,1729716202.0,1,4,5360.0,0.0,0.9735,0.9735,0.0,4.0915
21125.63,4.1225,-0.6539,1729716212.0,1,4,5370.0,0.0,0.9754,0.9754,0.0,4.0989
21135.63,4.1222,-0.6539,1729716222.0,1,4,5380.0,0.0,0.9772,0.9772,0.0,4.1064
21145.63,4.1219,-0.6538,1729716232.0,1,4,5390.0,0.0,0.979,0.979,0.0,4.1139
21155.63,4.1217,-0.6538,1729716242.0,1,4,5400.0,0.0,0.9808,0.9808,0.0,4.1214
21165.63,4.1214,-0.6538,1729716252.0,1,4,5410.0,0.0,0.9826,0.9826,0.0,4.1289
21175.63,4.1212,-0.6539,1729716262.0,1,4,5420.0,0.0,0.9844,0.9844,0.0,4.1364
21185.63,4.1209,-0.6538,1729716272.0,1,4,5430.0,0.0,0.9862,0.9862,0.0,4.1439
21195.63,4.1207,-0.6538,1729716282.0,1,4,5440.0,0.0,0.9881,0.9881,0.0,4.1513
21205.63,4.1204,-0.6539,1729716292.0,1,4,5450.0,0.0,0.9899,0.9899,0.0,4.1588
21215.63,4.1201,-0.6538,1729716302.0,1,4,5460.0,0.0,0.9917,0.9917,0.0,4.1663
21225.63,4.1199,-0.6538,1729716312.0,1,4,5470.0,0.0,0.9935,0.9935,0.0,4.1738
21235.63,4.1196,-0.6539,1729716322.0,1,4,5480.0,0.0,0.9953,0.9953,0.0,4.1813
21245.63,4.1194,-0.6538,1729716332.0,1,4,5490.0,0.0,0.9971,0.9971,0.0,4.1888
21255.63,4.1192,-0.6539,1729716342.0,1,4,5500.0,0.0,0.999,0.999,0.0,4.1962
21265.63,4.1189,-0.6539,1729716352.0,1,4,5510.0,0.0,1.0008,1.0008,0.0,4.2037
21275.63,4.1186,-0.6539,1729716362.0,1,4,5520.0,0.0,1.0026,1.0026,0.0,4.2112
21285.63,4.1184,-0.6539,1729716372.0,1,4,5530.0,0.0,1.0044,1.0044,0.0,4.2187
21295.63,4.1181,-0.6538,1729716382.0,1,4,5540.0,0.0,1.0062,1.0062,0.0,4.2262
21305.63,4.1178,-0.6538,1729716392.0,1,4,5550.0,0.0,1.008,1.008,0.0,4.2336
21315.63,4.1176,-0.6539,1729716402.0,1,4,5560.0,0.0,1.0099,1.0099,0.0,4.2411
21325.63,4.1173,-0.6539,1729716412.0,1,4,5570.0,0.0,1.0117,1.0117,0.0,4.2486
21335.63,4.117,-0.6538,1729716422.0,1,4,5580.0,0.0,1.0135,1.0135,0.0,4.2561
21345.63,4.1168,-0.6538,1729716432.0,1,4,5590.0,0.0,1.0153,1.0153,0.0,4.2636
21355.63,4.1166,-0.6538,1729716442.0,1,4,5600.0,0.0,1.0171,1.0171,0.0,4.271
21365.63,4.1163,-0.6539,1729716452.0,1,4,5610.0,0.0,1.0189,1.0189,0.0,4.2785
21375.63,4.116,-0.6539,1729716462.0,1,4,5620.0,0.0,1.0208,1.0208,0.0,4.286
21385.63,4.1158,-0.6538,1729716472.0,1,4,5630.0,0.0,1.0226,1.0226,0.0,4.2935
21395.63,4.1155,-0.6538,1729716482.0,1,4,5640.0,0.0,1.0244,1.0244,0.0,4.3009
21405.63,4.1153,-0.6538,1729716492.0,1,4,5650.0,0.0,1.0262,1.0262,0.0,4.3084
21415.63,4.115,-0.6538,1729716502.0,1,4,5660.0,0.0,1.028,1.028,0.0,4.3159
21425.63,4.1148,-0.6539,1729716512.0,1,4,5670.0,0.0,1.0298,1.0298,0.0,4.3234
21435.63,4.1145,-0.6538,1729716522.0,1,4,5680.0,0.0,1.0317,1.0317,0.0,4.3308
21445.63,4.1142,-0.6539,1729716532.0,1,4,5690.0,0.0,1.0335,1.0335,0.0,4.3383
21455.63,4.114,-0.6538,1729716542.0,1,4,5700.0,0.0,1.0353,1.0353,0.0,4.3458
21465.63,4.1137,-0.6539,1729716552.0,1,4,5710.0,0.0,1.0371,1.0371,0.0,4.3532
21475.63,4.1135,-0.6538,1729716562.0,1,4,5720.0,0.0,1.0389,1.0389,0.0,4.3607
21485.63,4.1132,-0.6538,1729716572.0,1,4,5730.0,0.0,1.0407,1.0407,0.0,4.3682
21495.63,4.113,-0.6539,1729716582.0,1,4,5740.0,0.0,1.0426,1.0426,0.0,4.3757
21505.63,4.1127,-0.6538,1729716592.0,1,4,5750.0,0.0,1.0444,1.0444,0.0,4.3831
21515.63,4.1125,-0.6538,1729716602.0,1,4,5760.0,0.0,1.0462,1.0462,0.0,4.3906
21525.63,4.1122,-0.6539,1729716612.0,1,4,5770.0,0.0,1.048,1.048,0.0,4.3981
21535.63,4.1119,-0.6538,1729716622.0,1,4,5780.0,0.0,1.0498,1.0498,0.0,4.4055
21545.63,4.1117,-0.6538,1729716632.0,1,4,5790.0,0.0,1.0516,1.0516,0.0,4.413
21555.63,4.1114,-0.6537,1729716642.0,1,4,5800.0,0.0,1.0534,1.0534,0.0,4.4205
21565.63,4.1112,-0.6538,1729716652.0,1,4,5810.0,0.0,1.0553,1.0553,0.0,4.4279
21575.63,4.1109,-0.6538,1729716662.0,1,4,5820.0,0.0,1.0571,1.0571,0.0,4.4354
21585.63,4.1107,-0.6538,1729716672.0,1,4,5830.0,0.0,1.0589,1.0589,0.0,4.4429
21595.63,4.1104,-0.6538,1729716682.0,1,4,5840.0,0.0,1.0607,1.0607,0.0,4.4503
21605.63,4.1101,-0.6539,1729716692.0,1,4,5850.0,0.0,1.0625,1.0625,0.0,4.4578
21615.63,4.1099,-0.6539,1729716702.0,1,4,5860.0,0.0,1.0643,1.0643,0.0,4.4653
21625.63,4.1097,-0.6539,1729716712.0,1,4,5870.0,0.0,1.0662,1.0662,0.0,4.4727
21635.63,4.1094,-0.6538,1729716722.0,1,4,5880.0,0.0,1.068,1.068,0.0,4.4802
21645.63,4.1091,-0.6538,1729716732.0,1,4,5890.0,0.0,1.0698,1.0698,0.0,4.4877
21655.63,4.1089,-0.6539,1729716742.0,1,4,5900.0,0.0,1.0716,1.0716,0.0,4.4951
21665.63,4.1086,-0.6539,1729716752.0,1,4,5910.0,0.0,1.0734,1.0734,0.0,4.5026
21675.63,4.1083,-0.6538,1729716762.0,1,4,5920.0,0.0,1.0752,1.0752,0.0,4.51
21685.63,4.1081,-0.6539,1729716772.0,1,4,5930.0,0.0,1.0771,1.0771,0.0,4.5175
21695.63,4.1079,-0.6538,1729716782.0,1,4,5940.0,0.0,1.0789,1.0789,0.0,4.525
21705.63,4.1076,-0.6538,1729716792.0,1,4,5950.0,0.0,1.0807,1.0807,0.0,4.5324
21715.63,4.1074,-0.6538,1729716802.0,1,4,5960.0,0.0,1.0825,1.0825,0.0,4.5399
21725.63,4.1071,-0.6538,1729716812.0,1,4,5970.0,0.0,1.0843,1.0843,0.0,4.5473
21735.63,4.1069,-0.6538,1729716822.0,1,4,5980.0,0.0,1.0861,1.0861,0.0,4.5548
21745.63,4.1066,-0.6538,1729716832.0,1,4,5990.0,0.0,1.088,1.088,0.0,4.5623
21755.63,4.1063,-0.6539,1729716842.0,1,4,6000.0,0.0,1.0898,1.0898,0.0,4.5697
21765.63,4.1061,-0.6539,1729716852.0,1,4,6010.0,0.0,1.0916,1.0916,0.0,4.5772
21775.63,4.1058,-0.6539,1729716862.0,1,4,6020.0,0.0,1.0934,1.0934,0.0,4.5846
21785.63,4.1056,-0.6539,1729716872.0,1,4,6030.0,0.0,1.0952,1.0952,0.0,4.5921
21795.63,4.1053,-0.6539,1729716882.0,1,4,6040.0,0.0,1.097,1.097,0.0,4.5996
21805.63,4.1051,-0.6538,1729716892.0,1,4,6050.0,0.0,1.0989,1.0989,0.0,4.607
21815.63,4.1048,-0.6539,1729716902.0,1,4,6060.0,0.0,1.1007,1.1007,0.0,4.6145
21825.63,4.1046,-0.6539,1729716912.0,1,4,6070.0,0.0,1.1025,1.1025,0.0,4.6219
21835.63,4.1043,-0.6539,1729716922.0,1,4,6080.0,0.0,1.1043,1.1043,0.0,4.6294
21845.63,4.104,-0.6539,1729716932.0,1,4,6090.0,0.0,1.1061,1.1061,0.0,4.6368
21855.63,4.1038,-0.6538,1729716942.0,1,4,6100.0,0.0,1.1079,1.1079,0.0,4.6443
21865.63,4.1036,-0.6539,1729716952.0,1,4,6110.0,0.0,1.1098,1.1098,0.0,4.6517
21875.63,4.1033,-0.6539,1729716962.0,1,4,6120.0,0.0,1.1116,1.1116,0.0,4.6592
21885.63,4.103,-0.6538,1729716972.0,1,4,6130.0,0.0,1.1134,1.1134,0.0,4.6666
21895.63,4.1028,-0.6538,1729716982.0,1,4,6140.0,0.0,1.1152,1.1152,0.0,4.6741
21905.63,4.1026,-0.6539,1729716992.0,1,4,6150.0,0.0,1.117,1.117,0.0,4.6815
21915.63,4.1023,-0.6538,1729717002.0,1,4,6160.0,0.0,1.1188,1.1188,0.0,4.689
21925.63,4.1021,-0.6538,1729717012.0,1,4,6170.0,0.0,1.1206,1.1206,0.0,4.6964
21935.63,4.1018,-0.6539,1729717022.0,1,4,6180.0,0.0,1.1225,1.1225,0.0,4.7039
21945.63,4.1015,-0.6538,1729717032.0,1,4,6190.0,0.0,1.1243,1.1243,0.0,4.7113
21955.63,4.1013,-0.6538,1729717042.0,1,4,6200.0,0.0,1.1261,1.1261,0.0,4.7188
21965.63,4.1011,-0.6538,1729717052.0,1,4,6210.0,0.0,1.1279,1.1279,0.0,4.7262
21975.63,4.1009,-0.6538,1729717062.0,1,4,6220.0,0.0,1.1297,1.1297,0.0,4.7337
21985.63,4.1006,-0.6538,1729717072.0,1,4,6230.0,0.0,1.1315,1.1315,0.0,4.7411
21995.63,4.1003,-0.6538,1729717082.0,1,4,6240.0,0.0,1.1334,1.1334,0.0,4.7486
22005.63,4.1001,-0.6538,1729717092.0,1,4,6250.0,0.0,1.1352,1.1352,0.0,4.756
22015.63,4.0998,-0.6538,1729717102.0,1,4,6260.0,0.0,1.137,1.137,0.0,4.7635
22025.63,4.0996,-0.6538,1729717112.0,1,4,6270.0,0.0,1.1388,1.1388,0.0,4.7709
22035.63,4.0993,-0.6538,1729717122.0,1,4,6280.0,0.0,1.1406,1.1406,0.0,4.7784
22045.63,4.099,-0.6537,1729717132.0,1,4,6290.0,0.0,1.1424,1.1424,0.0,4.7858
22055.63,4.0988,-0.6538,1729717142.0,1,4,6300.0,0.0,1.1443,1.1443,0.0,4.7933
22065.63,4.0986,-0.6538,1729717152.0,1,4,6310.0,0.0,1.1461,1.1461,0.0,4.8007
22075.63,4.0983,-0.6538,1729717162.0,1,4,6320.0,0.0,1.1479,1.1479,0.0,4.8081
22085.63,4.0981,-0.6538,1729717172.0,1,4,6330.0,0.0,1.1497,1.1497,0.0,4.8156
22095.63,4.0978,-0.6538,1729717182.0,1,4,6340.0,0.0,1.1515,1.1515,0.0,4.823
22105.63,4.0976,-0.6538,1729717192.0,1,4,6350.0,0.0,1.1533,1.1533,0.0,4.8305
22115.63,4.0974,-0.6538,1729717202.0,1,4,6360.0,0.0,1.1552,1.1552,0.0,4.8379
22125.63,4.0971,-0.6538,1729717212.0,1,4,6370.0,0.0,1.157,1.157,0.0,4.8454
22135.63,4.0968,-0.6539,1729717222.0,1,4,6380.0,0.0,1.1588,1.1588,0.0,4.8528
22145.63,4.0966,-0.6539,1729717232.0,1,4,6390.0,0.0,1.1606,1.1606,0.0,4.8602
22155.63,4.0964,-0.6538,1729717242.0,1,4,6400.0,0.0,1.1624,1.1624,0.0,4.8677
22165.63,4.0962,-0.6538,1729717252.0,1,4,6410.0,0.0,1.1642,1.1642,0.0,4.8751
22175.63,4.0959,-0.6539,1729717262.0,1,4,6420.0,0.0,1.1661,1.1661,0.0,4.8826
22185.63,4.0957,-0.6538,1729717272.0,1,4,6430.0,0.0,1.1679,1.1679,0.0,4.89
22195.63,4.0954,-0.6537,1729717282.0,1,4,6440.0,0.0,1.1697,1.1697,0.0,4.8974
22205.63,4.0952,-0.6538,1729717292.0,1,4,6450.0,0.0,1.1715,1.1715,0.0,4.9049
22215.63,4.0949,-0.6538,1729717302.0,1,4,6460.0,0.0,1.1733,1.1733,0.0,4.9123
22225.63,4.0947,-0.6538,1729717312.0,1,4,6470.0,0.0,1.1751,1.1751,0.0,4.9197
22235.63,4.0944,-0.6538,1729717322.0,1,4,6480.0,0.0,1.1769,1.1769,0.0,4.9272
22245.63,4.0942,-0.6538,1729717332.0,1,4,6490.0,0.0,1.1788,1.1788,0.0,4.9346
22255.63,4.0939,-0.6538,1729717342.0,1,4,6500.0,0.0,1.1806,1.1806,0.0,4.942
22265.63,4.0937,-0.6538,1729717352.0,1,4,6510.0,0.0,1.1824,1.1824,0.0,4.9495
22275.63,4.0935,-0.6538,1729717362.0,1,4,6520.0,0.0,1.1842,1.1842,0.0,4.9569
22285.63,4.0933,-0.6538,1729717372.0,1,4,6530.0,0.0,1.186,1.186,0.0,4.9644
22295.63,4.093,-0.6538,1729717382.0,1,4,6540.0,0.0,1.1878,1.1878,0.0,4.9718
22305.63,4.0928,-0.6538,1729717392.0,1,4,6550.0,0.0,1.1897,1.1897,0.0,4.9792
22315.63,4.0925,-0.6539,1729717402.0,1,4,6560.0,0.0,1.1915,1.1915,0.0,4.9867
22325.63,4.0923,-0.6538,1729717412.0,1,4,6570.0,0.0,1.1933,1.1933,0.0,4.9941
22335.63,4.0921,-0.6538,1729717422.0,1,4,6580.0,0.0,1.1951,1.1951,0.0,5.0015
22345.63,4.0918,-0.6538,1729717432.0,1,4,6590.0,0.0,1.1969,1.1969,0.0,5.0089
22355.63,4.0916,-0.6538,1729717442.0,1,4,6600.0,0.0,1.1987,1.1987,0.0,5.0164
22365.63,4.0914,-0.6538,1729717452.0,1,4,6610.0,0.0,1.2006,1.2006,0.0,5.0238
22375.63,4.0911,-0.6538,1729717462.0,1,4,6620.0,0.0,1.2024,1.2024,0.0,5.0312
22385.63,4.0909,-0.6538,1729717472.0,1,4,6630.0,0.0,1.2042,1.2042,0.0,5.0387
22395.63,4.0907,-0.6539,1729717482.0,1,4,6640.0,0.0,1.206,1.206,0.0,5.0461
22405.63,4.0904,-0.6538,1729717492.0,1,4,6650.0,0.0,1.2078,1.2078,0.0,5.0535
22415.63,4.0902,-0.6538,1729717502.0,1,4,6660.0,0.0,1.2096,1.2096,0.0,5.061
22425.63,4.09,-0.6539,1729717512.0,1,4,6670.0,0.0,1.2115,1.2115,0.0,5.0684
22435.63,4.0897,-0.6538,1729717522.0,1,4,6680.0,0.0,1.2133,1.2133,0.0,5.0758
22445.63,4.0895,-0.6538,1729717532.0,1,4,6690.0,0.0,1.2151,1.2151,0.0,5.0832
22455.63,4.0893,-0.6539,1729717542.0,1,4,6700.0,0.0,1.2169,1.2169,0.0,5.0907
22465.63,4.089,-0.6537,1729717552.0,1,4,6710.0,0.0,1.2187,1.2187,0.0,5.0981
22475.63,4.0888,-0.6538,1729717562.0,1,4,6720.0,0.0,1.2205,1.2205,0.0,5.1055
22485.63,4.0886,-0.6538,1729717572.0,1,4,6730.0,0.0,1.2224,1.2224,0.0,5.1129
22495.63,4.0884,-0.6538,1729717582.0,1,4,6740.0,0.0,1.2242,1.2242,0.0,5.1204
22505.63,4.0881,-0.6538,1729717592.0,1,4,6750.0,0.0,1.226,1.226,0.0,5.1278
22515.63,4.0879,-0.6539,1729717602.0,1,4,6760.0,0.0,1.2278,1.2278,0.0,5.1352
22525.63,4.0877,-0.6538,1729717612.0,1,4,6770.0,0.0,1.2296,1.2296,0.0,5.1426
22535.63,4.0874,-0.6538,1729717622.0,1,4,6780.0,0.0,1.2314,1.2314,0.0,5.1501
22545.63,4.0872,-0.6538,1729717632.0,1,4,6790.0,0.0,1.2333,1.2333,0.0,5.1575
22555.63,4.087,-0.6539,1729717642.0,1,4,6800.0,0.0,1.2351,1.2351,0.0,5.1649
22565.63,4.0868,-0.6539,1729717652.0,1,4,6810.0,0.0,1.2369,1.2369,0.0,5.1723
22575.63,4.0865,-0.6538,1729717662.0,1,4,6820.0,0.0,1.2387,1.2387,0.0,5.1798
22585.63,4.0863,-0.6539,1729717672.0,1,4,6830.0,0.0,1.2405,1.2405,0.0,5.1872
22595.63,4.0861,-0.6538,1729717682.0,1,4,6840.0,0.0,1.2423,1.2423,0.0,5.1946
22605.63,4.0859,-0.6538,1729717692.0,1,4,6850.0,0.0,1.2441,1.2441,0.0,5.202
22615.63,4.0857,-0.6537,1729717702.0,1,4,6860.0,0.0,1.246,1.246,0.0,5.2094
22625.63,4.0855,-0.6538,1729717712.0,1,4,6870.0,0.0,1.2478,1.2478,0.0,5.2169
22635.63,4.0852,-0.6538,1729717722.0,1,4,6880.0,0.0,1.2496,1.2496,0.0,5.2243
22645.63,4.0851,-0.6538,1729717732.0,1,4,6890.0,0.0,1.2514,1.2514,0.0,5.2317
22655.63,4.0848,-0.6539,1729717742.0,1,4,6900.0,0.0,1.2532,1.2532,0.0,5.2391
22665.63,4.0846,-0.6538,1729717752.0,1,4,6910.0,0.0,1.255,1.255,0.0,5.2465
22675.63,4.0844,-0.6538,1729717762.0,1,4,6920.0,0.0,1.2569,1.2569,0.0,5.254
22685.63,4.0842,-0.6539,1729717772.0,1,4,6930.0,0.0,1.2587,1.2587,0.0,5.2614
22695.63,4.084,-0.6538,1729717782.0,1,4,6940.0,0.0,1.2605,1.2605,0.0,5.2688
22705.63,4.0837,-0.6538,1729717792.0,1,4,6950.0,0.0,1.2623,1.2623,0.0,5.2762
22715.63,4.0836,-0.6538,1729717802.0,1,4,6960.0,0.0,1.2641,1.2641,0.0,5.2836
22725.63,4.0833,-0.6538,1729717812.0,1,4,6970.0,0.0,1.2659,1.2659,0.0,5.291
22735.63,4.0831,-0.6538,1729717822.0,1,4,6980.0,0.0,1.2678,1.2678,0.0,5.2985
22745.63,4.0829,-0.6538,1729717832.0,1,4,6990.0,0.0,1.2696,1.2696,0.0,5.3059
22755.63,4.0827,-0.6538,1729717842.0,1,4,7000.0,0.0,1.2714,1.2714,0.0,5.3133
22765.63,4.0825,-0.6538,1729717852.0,1,4,7010.0,0.0,1.2732,1.2732,0.0,5.3207
22775.63,4.0824,-0.6538,1729717862.0,1,4,7020.0,0.0,1.275,1.275,0.0,5.3281
22785.63,4.0821,-0.6538,1729717872.0,1,4,7030.0,0.0,1.2768,1.2768,0.0,5.3355
22795.63,4.0819,-0.6538,1729717882.0,1,4,7040.0,0.0,1.2787,1.2787,0.0,5.3429
22805.63,4.0818,-0.6538,1729717892.0,1,4,7050.0,0.0,1.2805,1.2805,0.0,5.3504
22815.63,4.0815,-0.6538,1729717902.0,1,4,7060.0,0.0,1.2823,1.2823,0.0,5.3578
22825.63,4.0814,-0.6538,1729717912.0,1,4,7070.0,0.0,1.2841,1.2841,0.0,5.3652
22835.63,4.0812,-0.6538,1729717922.0,1,4,7080.0,0.0,1.2859,1.2859,0.0,5.3726
22845.63,4.081,-0.6539,1729717932.0,1,4,7090.0,0.0,1.2877,1.2877,0.0,5.38
22855.63,4.0808,-0.6538,1729717942.0,1,4,7100.0,0.0,1.2896,1.2896,0.0,5.3874
22865.63,4.0806,-0.6539,1729717952.0,1,4,7110.0,0.0,1.2914,1.2914,0.0,5.3948
22875.63,4.0805,-0.6538,1729717962.0,1,4,7120.0,0.0,1.2932,1.2932,0.0,5.4022
22885.63,4.0803,-0.6538,1729717972.0,1,4,7130.0,0.0,1.295,1.295,0.0,5.4097
22895.63,4.0801,-0.6537,1729717982.0,1,4,7140.0,0.0,1.2968,1.2968,0.0,5.4171
22905.63,4.08,-0.6538,1729717992.0,1,4,7150.0,0.0,1.2986,1.2986,0.0,5.4245
22915.63,4.0798,-0.6538,1729718002.0,1,4,7160.0,0.0,1.3004,1.3004,0.0,5.4319
22925.63,4.0796,-0.6538,1729718012.0,1,4,7170.0,0.0,1.3023,1.3023,0.0,5.4393
22935.63,4.0794,-0.6539,1729718022.0,1,4,7180.0,0.0,1.3041,1.3041,0.0,5.4467
22945.63,4.0792,-0.6538,1729718032.0,1,4,7190.0,0.0,1.3059,1.3059,0.0,5.4541
22955.63,4.0791,-0.6538,1729718042.0,1,4,7200.0,0.0,1.3077,1.3077,0.0,5.4615
22965.63,4.0789,-0.6538,1729718052.0,1,4,7210.0,0.0,1.3095,1.3095,0.0,5.4689
22975.63,4.0788,-0.6539,1729718062.0,1,4,7220.0,0.0,1.3113,1.3113,0.0,5.4763
22985.63,4.0787,-0.6539,1729718072.0,1,4,7230.0,0.0,1.3132,1.3132,0.0,5.4837
22995.63,4.0785,-0.6538,1729718082.0,1,4,7240.0,0.0,1.315,1.315,0.0,5.4912
23005.63,4.0783,-0.6538,1729718092.0,1,4,7250.0,0.0,1.3168,1.3168,0.0,5.4986
23015.63,4.0782,-0.6538,1729718102.0,1,4,7260.0,0.0,1.3186,1.3186,0.0,5.506
23025.63,4.078,-0.6538,1729718112.0,1,4,7270.0,0.0,1.3204,1.3204,0.0,5.5134
23035.63,4.0779,-0.6538,1729718122.0,1,4,7280.0,0.0,1.3222,1.3222,0.0,5.5208
23045.63,4.0778,-0.6538,1729718132.0,1,4,7290.0,0.0,1.3241,1.3241,0.0,5.5282
23055.63,4.0776,-0.6538,1729718142.0,1,4,7300.0,0.0,1.3259,1.3259,0.0,5.5356
23065.63,4.0775,-0.6539,1729718152.0,1,4,7310.0,0.0,1.3277,1.3277,0.0,5.543
23075.63,4.0773,-0.6538,1729718162.0,1,4,7320.0,0.0,1.3295,1.3295,0.0,5.5504
23085.63,4.0772,-0.6538,1729718172.0,1,4,7330.0,0.0,1.3313,1.3313,0.0,5.5578
23095.63,4.0771,-0.6538,1729718182.0,1,4,7340.0,0.0,1.3331,1.3331,0.0,5.5652
23105.63,4.077,-0.6538,1729718192.0,1,4,7350.0,0.0,1.335,1.335,0.0,5.5726
23115.63,4.0768,-0.6538,1729718202.0,1,4,7360.0,0.0,1.3368,1.3368,0.0,5.58
23125.63,4.0767,-0.6537,1729718212.0,1,4,7370.0,0.0,1.3386,1.3386,0.0,5.5874
23135.63,4.0766,-0.6538,1729718222.0,1,4,7380.0,0.0,1.3404,1.3404,0.0,5.5948
23145.63,4.0765,-0.6538,1729718232.0,1,4,7390.0,0.0,1.3422,1.3422,0.0,5.6022
23155.63,4.0764,-0.6537,1729718242.0,1,4,7400.0,0.0,1.344,1.344,0.0,5.6096
23165.63,4.0762,-0.6539,1729718252.0,1,4,7410.0,0.0,1.3459,1.3459,0.0,5.617
23175.63,4.0761,-0.6539,1729718262.0,1,4,7420.0,0.0,1.3477,1.3477,0.0,5.6244
23185.63,4.076,-0.6539,1729718272.0,1,4,7430.0,0.0,1.3495,1.3495,0.0,5.6318
23195.63,4.0759,-0.6539,1729718282.0,1,4,7440.0,0.0,1.3513,1.3513,0.0,5.6392
23205.63,4.0758,-0.6538,1729718292.0,1,4,7450.0,0.0,1.3531,1.3531,0.0,5.6466
23215.63,4.0757,-0.6538,1729718302.0,1,4,7460.0,0.0,1.3549,1.3549,0.0,5.6541
23225.63,4.0755,-0.6538,1729718312.0,1,4,7470.0,0.0,1.3567,1.3567,0.0,5.6615
23235.63,4.0754,-0.6538,1729718322.0,1,4,7480.0,0.0,1.3586,1.3586,0.0,5.6689
23245.63,4.0753,-0.6538,1729718332.0,1,4,7490.0,0.0,1.3604,1.3604,0.0,5.6763
23255.63,4.0752,-0.6538,1729718342.0,1,4,7500.0,0.0,1.3622,1.3622,0.0,5.6837
23265.63,4.0751,-0.6539,1729718352.0,1,4,7510.0,0.0,1.364,1.364,0.0,5.6911
23275.63,4.075,-0.6538,1729718362.0,1,4,7520.0,0.0,1.3658,1.3658,0.0,5.6985
23285.63,4.0748,-0.6538,1729718372.0,1,4,7530.0,0.0,1.3676,1.3676,0.0,5.7059
23295.63,4.0747,-0.6538,1729718382.0,1,4,7540.0,0.0,1.3695,1.3695,0.0,5.7133
23305.63,4.0746,-0.6539,1729718392.0,1,4,7550.0,0.0,1.3713,1.3713,0.0,5.7207
23315.63,4.0745,-0.6538,1729718402.0,1,4,7560.0,0.0,1.3731,1.3731,0.0,5.7281
23325.63,4.0744,-0.6538,1729718412.0,1,4,7570.0,0.0,1.3749,1.3749,0.0,5.7355
23335.63,4.0742,-0.6539,1729718422.0,1,4,7580.0,0.0,1.3767,1.3767,0.0,5.7429
23345.63,4.0741,-0.6538,1729718432.0,1,4,7590.0,0.0,1.3785,1.3785,0.0,5.7503
23355.63,4.074,-0.6538,1729718442.0,1,4,7600.0,0.0,1.3804,1.3804,0.0,5.7577
23365.63,4.0739,-0.6538,1729718452.0,1,4,7610.0,0.0,1.3822,1.3822,0.0,5.7651
23375.63,4.0738,-0.6538,1729718462.0,1,4,7620.0,0.0,1.384,1.384,0.0,5.7725
23385.63,4.0737,-0.6538,1729718472.0,1,4,7630.0,0.0,1.3858,1.3858,0.0,5.7799
23395.63,4.0735,-0.6538,1729718482.0,1,4,7640.0,0.0,1.3876,1.3876,0.0,5.7873
23405.63,4.0734,-0.6538,1729718492.0,1,4,7650.0,0.0,1.3894,1.3894,0.0,5.7947
23415.63,4.0733,-0.6538,1729718502.0,1,4,7660.0,0.0,1.3913,1.3913,0.0,5.802
23425.63,4.0732,-0.6538,1729718512.0,1,4,7670.0,0.0,1.3931,1.3931,0.0,5.8094
23435.63,4.073,-0.6538,1729718522.0,1,4,7680.0,0.0,1.3949,1.3949,0.0,5.8168
23445.63,4.0729,-0.6538,1729718532.0,1,4,7690.0,0.0,1.3967,1.3967,0.0,5.8242
23455.63,4.0728,-0.6539,1729718542.0,1,4,7700.0,0.0,1.3985,1.3985,0.0,5.8316
23465.63,4.0727,-0.6538,1729718552.0,1,4,7710.0,0.0,1.4003,1.4003,0.0,5.839
23475.63,4.0725,-0.6538,1729718562.0,1,4,7720.0,0.0,1.4022,1.4022,0.0,5.8464
23485.63,4.0724,-0.6539,1729718572.0,1,4,7730.0,0.0,1.404,1.404,0.0,5.8538
23495.63,4.0723,-0.6538,1729718582.0,1,4,7740.0,0.0,1.4058,1.4058,0.0,5.8612
23505.63,4.0721,-0.6538,1729718592.0,1,4,7750.0,0.0,1.4076,1.4076,0.0,5.8686
23515.63,4.072,-0.6538,1729718602.0,1,4,7760.0,0.0,1.4094,1.4094,0.0,5.876
23525.63,4.0718,-0.6538,1729718612.0,1,4,7770.0,0.0,1.4112,1.4112,0.0,5.8834
23535.63,4.0717,-0.6538,1729718622.0,1,4,7780.0,0.0,1.4131,1.4131,0.0,5.8908
23545.63,4.0716,-0.6538,1729718632.0,1,4,7790.0,0.0,1.4149,1.4149,0.0,5.8982
23555.63,4.0714,-0.6538,1729718642.0,1,4,7800.0,0.0,1.4167,1.4167,0.0,5.9056
23565.63,4.0713,-0.6538,1729718652.0,1,4,7810.0,0.0,1.4185,1.4185,0.0,5.913
23575.63,4.0711,-0.6538,1729718662.0,1,4,7820.0,0.0,1.4203,1.4203,0.0,5.9204
23585.63,4.071,-0.6538,1729718672.0,1,4,7830.0,0.0,1.4221,1.4221,0.0,5.9278
23595.63,4.0709,-0.6539,1729718682.0,1,4,7840.0,0.0,1.4239,1.4239,0.0,5.9352
23605.63,4.0707,-0.6538,1729718692.0,1,4,7850.0,0.0,1.4258,1.4258,0.0,5.9426
23615.63,4.0706,-0.6538,1729718702.0,1,4,7860.0,0.0,1.4276,1.4276,0.0,5.95
23625.63,4.0704,-0.6538,1729718712.0,1,4,7870.0,0.0,1.4294,1.4294,0.0,5.9574
23635.63,4.0702,-0.6538,1729718722.0,1,4,7880.0,0.0,1.4312,1.4312,0.0,5.9647
23645.63,4.0701,-0.6539,1729718732.0,1,4,7890.0,0.0,1.433,1.433,0.0,5.9721
23655.63,4.0699,-0.6538,1729718742.0,1,4,7900.0,0.0,1.4348,1.4348,0.0,5.9795
23665.63,4.0698,-0.6538,1729718752.0,1,4,7910.0,0.0,1.4367,1.4367,0.0,5.9869
23675.63,4.0696,-0.6539,1729718762.0,1,4,7920.0,0.0,1.4385,1.4385,0.0,5.9943
23685.63,4.0694,-0.6538,1729718772.0,1,4,7930.0,0.0,1.4403,1.4403,0.0,6.0017
23695.63,4.0693,-0.6538,1729718782.0,1,4,7940.0,0.0,1.4421,1.4421,0.0,6.0091
23705.63,4.0691,-0.6538,1729718792.0,1,4,7950.0,0.0,1.4439,1.4439,0.0,6.0165
23715.63,4.0689,-0.6538,1729718802.0,1,4,7960.0,0.0,1.4457,1.4457,0.0,6.0239
23725.63,4.0687,-0.6538,1729718812.0,1,4,7970.0,0.0,1.4476,1.4476,0.0,6.0313
23735.63,4.0686,-0.6538,1729718822.0,1,4,7980.0,0.0,1.4494,1.4494,0.0,6.0387
23745.63,4.0684,-0.6538,1729718832.0,1,4,7990.0,0.0,1.4512,1.4512,0.0,6.046
23755.63,4.0682,-0.6538,1729718842.0,1,4,8000.0,0.0,1.453,1.453,0.0,6.0534
23765.63,4.068,-0.6538,1729718852.0,1,4,8010.0,0.0,1.4548,1.4548,0.0,6.0608
23775.63,4.0679,-0.6538,1729718862.0,1,4,8020.0,0.0,1.4566,1.4566,0.0,6.0682
23785.63,4.0677,-0.6538,1729718872.0,1,4,8030.0,0.0,1.4585,1.4585,0.0,6.0756
23795.63,4.0674,-0.6539,1729718882.0,1,4,8040.0,0.0,1.4603,1.4603,0.0,6.083
23805.63,4.0672,-0.6537,1729718892.0,1,4,8050.0,0.0,1.4621,1.4621,0.0,6.0904
23815.63,4.0671,-0.6538,1729718902.0,1,4,8060.0,0.0,1.4639,1.4639,0.0,6.0978
23825.63,4.0669,-0.6539,1729718912.0,1,4,8070.0,0.0,1.4657,1.4657,0.0,6.1051
23835.63,4.0666,-0.6538,1729718922.0,1,4,8080.0,0.0,1.4675,1.4675,0.0,6.1125
23845.63,4.0664,-0.6539,1729718932.0,1,4,8090.0,0.0,1.4694,1.4694,0.0,6.1199
23855.63,4.0663,-0.6538,1729718942.0,1,4,8100.0,0.0,1.4712,1.4712,0.0,6.1273
23865.63,4.066,-0.6539,1729718952.0,1,4,8110.0,0.0,1.473,1.473,0.0,6.1347
23875.63,4.0658,-0.6538,1729718962.0,1,4,8120.0,0.0,1.4748,1.4748,0.0,6.1421
23885.63,4.0656,-0.6539,1729718972.0,1,4,8130.0,0.0,1.4766,1.4766,0.0,6.1495
23895.63,4.0654,-0.6538,1729718982.0,1,4,8140.0,0.0,1.4784,1.4784,0.0,6.1568
23905.63,4.0651,-0.6538,1729718992.0,1,4,8150.0,0.0,1.4802,1.4802,0.0,6.1642
23915.63,4.0649,-0.6539,1729719002.0,1,4,8160.0,0.0,1.4821,1.4821,0.0,6.1716
23925.63,4.0647,-0.6537,1729719012.0,1,4,8170.0,0.0,1.4839,1.4839,0.0,6.179
23935.63,4.0645,-0.6537,1729719022.0,1,4,8180.0,0.0,1.4857,1.4857,0.0,6.1864
23945.63,4.0642,-0.6538,1729719032.0,1,4,8190.0,0.0,1.4875,1.4875,0.0,6.1937
23955.63,4.064,-0.6538,1729719042.0,1,4,8200.0,0.0,1.4893,1.4893,0.0,6.2011
23965.63,4.0637,-0.6538,1729719052.0,1,4,8210.0,0.0,1.4911,1.4911,0.0,6.2085
23975.63,4.0635,-0.6539,1729719062.0,1,4,8220.0,0.0,1.493,1.493,0.0,6.2159
23985.63,4.0633,-0.6539,1729719072.0,1,4,8230.0,0.0,1.4948,1.4948,0.0,6.2233
23995.63,4.063,-0.6538,1729719082.0,1,4,8240.0,0.0,1.4966,1.4966,0.0,6.2306
24005.63,4.0627,-0.6538,1729719092.0,1,4,8250.0,0.0,1.4984,1.4984,0.0,6.238
24015.63,4.0625,-0.6538,1729719102.0,1,4,8260.0,0.0,1.5002,1.5002,0.0,6.2454
24025.63,4.0622,-0.6538,1729719112.0,1,4,8270.0,0.0,1.502,1.502,0.0,6.2528
24035.63,4.062,-0.6538,1729719122.0,1,4,8280.0,0.0,1.5039,1.5039,0.0,6.2602
24045.63,4.0617,-0.6538,1729719132.0,1,4,8290.0,0.0,1.5057,1.5057,0.0,6.2675
24055.63,4.0614,-0.6538,1729719142.0,1,4,8300.0,0.0,1.5075,1.5075,0.0,6.2749
24065.63,4.0611,-0.6539,1729719152.0,1,4,8310.0,0.0,1.5093,1.5093,0.0,6.2823
24075.63,4.0608,-0.6539,1729719162.0,1,4,8320.0,0.0,1.5111,1.5111,0.0,6.2897
24085.63,4.0606,-0.6538,1729719172.0,1,4,8330.0,0.0,1.5129,1.5129,0.0,6.297
24095.63,4.0603,-0.6538,1729719182.0,1,4,8340.0,0.0,1.5148,1.5148,0.0,6.3044
24105.63,4.06,-0.6538,1729719192.0,1,4,8350.0,0.0,1.5166,1.5166,0.0,6.3118
24115.63,4.0597,-0.6538,1729719202.0,1,4,8360.0,0.0,1.5184,1.5184,0.0,6.3192
24125.63,4.0594,-0.6538,1729719212.0,1,4,8370.0,0.0,1.5202,1.5202,0.0,6.3265
24135.63,4.0591,-0.6538,1729719222.0,1,4,8380.0,0.0,1.522,1.522,0.0,6.3339
24145.63,4.0588,-0.6539,1729719232.0,1,4,8390.0,0.0,1.5238,1.5238,0.0,6.3413
24155.63,4.0585,-0.6539,1729719242.0,1,4,8400.0,0.0,1.5257,1.5257,0.0,6.3487
24165.63,4.0582,-0.6538,1729719252.0,1,4,8410.0,0.0,1.5275,1.5275,0.0,6.356
24175.63,4.0579,-0.6538,1729719262.0,1,4,8420.0,0.0,1.5293,1.5293,0.0,6.3634
24185.63,4.0576,-0.6538,1729719272.0,1,4,8430.0,0.0,1.5311,1.5311,0.0,6.3708
24195.63,4.0573,-0.6538,1729719282.0,1,4,8440.0,0.0,1.5329,1.5329,0.0,6.3781
24205.63,4.0569,-0.6539,1729719292.0,1,4,8450.0,0.0,1.5347,1.5347,0.0,6.3855
24215.63,4.0566,-0.6539,1729719302.0,1,4,8460.0,0.0,1.5366,1.5366,0.0,6.3929
24225.63,4.0563,-0.6538,1729719312.0,1,4,8470.0,0.0,1.5384,1.5384,0.0,6.4002
24235.63,4.056,-0.6538,1729719322.0,1,4,8480.0,0.0,1.5402,1.5402,0.0,6.4076
24245.63,4.0556,-0.6537,1729719332.0,1,4,8490.0,0.0,1.542,1.542,0.0,6.415
24255.63,4.0552,-0.6538,1729719342.0,1,4,8500.0,0.0,1.5438,1.5438,0.0,6.4223
24265.63,4.0549,-0.6538,1729719352.0,1,4,8510.0,0.0,1.5456,1.5456,0.0,6.4297
24275.63,4.0545,-0.6538,1729719362.0,1,4,8520.0,0.0,1.5474,1.5474,0.0,6.4371
24285.63,4.0541,-0.6539,1729719372.0,1,4,8530.0,0.0,1.5493,1.5493,0.0,6.4444
24295.63,4.0538,-0.654,1729719382.0,1,4,8540.0,0.0,1.5511,1.5511,0.0,6.4518
24305.63,4.0534,-0.6538,1729719392.0,1,4,8550.0,0.0,1.5529,1.5529,0.0,6.4591
24315.63,4.053,-0.6538,1729719402.0,1,4,8560.0,0.0,1.5547,1.5547,0.0,6.4665
24325.63,4.0527,-0.6539,1729719412.0,1,4,8570.0,0.0,1.5565,1.5565,0.0,6.4739
24335.63,4.0523,-0.6538,1729719422.0,1,4,8580.0,0.0,1.5583,1.5583,0.0,6.4812
24345.63,4.0519,-0.6538,1729719432.0,1,4,8590.0,0.0,1.5602,1.5602,0.0,6.4886
24355.63,4.0515,-0.6539,1729719442.0,1,4,8600.0,0.0,1.562,1.562,0.0,6.4959
24365.63,4.0511,-0.6538,1729719452.0,1,4,8610.0,0.0,1.5638,1.5638,0.0,6.5033
24375.63,4.0507,-0.6538,1729719462.0,1,4,8620.0,0.0,1.5656,1.5656,0.0,6.5107
24385.63,4.0503,-0.6538,1729719472.0,1,4,8630.0,0.0,1.5674,1.5674,0.0,6.518
24395.63,4.0499,-0.6538,1729719482.0,1,4,8640.0,0.0,1.5692,1.5692,0.0,6.5254
24405.63,4.0495,-0.6538,1729719492.0,1,4,8650.0,0.0,1.5711,1.5711,0.0,6.5327
24415.63,4.0491,-0.6539,1729719502.0,1,4,8660.0,0.0,1.5729,1.5729,0.0,6.5401
24425.63,4.0486,-0.6538,1729719512.0,1,4,8670.0,0.0,1.5747,1.5747,0.0,6.5474
24435.63,4.0482,-0.6538,1729719522.0,1,4,8680.0,0.0,1.5765,1.5765,0.0,6.5548
24445.63,4.0478,-0.6538,1729719532.0,1,4,8690.0,0.0,1.5783,1.5783,0.0,6.5621
24455.63,4.0474,-0.6539,1729719542.0,1,4,8700.0,0.0,1.5801,1.5801,0.0,6.5695
24465.63,4.0469,-0.6538,1729719552.0,1,4,8710.0,0.0,1.582,1.582,0.0,6.5768
24475.63,4.0465,-0.6539,1729719562.0,1,4,8720.0,0.0,1.5838,1.5838,0.0,6.5842
24485.63,4.046,-0.6538,1729719572.0,1,4,8730.0,0.0,1.5856,1.5856,0.0,6.5915
24495.63,4.0456,-0.6538,1729719582.0,1,4,8740.0,0.0,1.5874,1.5874,0.0,6.5989
24505.63,4.0452,-0.6538,1729719592.0,1,4,8750.0,0.0,1.5892,1.5892,0.0,6.6062
24515.63,4.0447,-0.6538,1729719602.0,1,4,8760.0,0.0,1.591,1.591,0.0,6.6136
24525.63,4.0443,-0.6538,1729719612.0,1,4,8770.0,0.0,1.5929,1.5929,0.0,6.6209
24535.63,4.0438,-0.6539,1729719622.0,1,4,8780.0,0.0,1.5947,1.5947,0.0,6.6283
24545.63,4.0434,-0.6538,1729719632.0,1,4,8790.0,0.0,1.5965,1.5965,0.0,6.6356
24555.63,4.043,-0.6538,1729719642.0,1,4,8800.0,0.0,1.5983,1.5983,0.0,6.643
24565.63,4.0425,-0.6538,1729719652.0,1,4,8810.0,0.0,1.6001,1.6001,0.0,6.6503
24575.63,4.042,-0.6538,1729719662.0,1,4,8820.0,0.0,1.6019,1.6019,0.0,6.6576
24585.63,4.0416,-0.6538,1729719672.0,1,4,8830.0,0.0,1.6037,1.6037,0.0,6.665
24595.63,4.0411,-0.6539,1729719682.0,1,4,8840.0,0.0,1.6056,1.6056,0.0,6.6723
24605.63,4.0407,-0.6539,1729719692.0,1,4,8850.0,0.0,1.6074,1.6074,0.0,6.6797
24615.63,4.0402,-0.6538,1729719702.0,1,4,8860.0,0.0,1.6092,1.6092,0.0,6.687
24625.63,4.0397,-0.6537,1729719712.0,1,4,8870.0,0.0,1.611,1.611,0.0,6.6943
24635.63,4.0393,-0.6538,1729719722.0,1,4,8880.0,0.0,1.6128,1.6128,0.0,6.7017
24645.63,4.0388,-0.6538,1729719732.0,1,4,8890.0,0.0,1.6146,1.6146,0.0,6.709
24655.63,4.0384,-0.6538,1729719742.0,1,4,8900.0,0.0,1.6165,1.6165,0.0,6.7163
24665.63,4.0379,-0.6538,1729719752.0,1,4,8910.0,0.0,1.6183,1.6183,0.0,6.7237
24675.63,4.0374,-0.6538,1729719762.0,1,4,8920.0,0.0,1.6201,1.6201,0.0,6.731
24685.63,4.037,-0.6538,1729719772.0,1,4,8930.0,0.0,1.6219,1.6219,0.0,6.7383
24695.63,4.0365,-0.6538,1729719782.0,1,4,8940.0,0.0,1.6237,1.6237,0.0,6.7457
24705.63,4.0361,-0.6538,1729719792.0,1,4,8950.0,0.0,1.6255,1.6255,0.0,6.753
24715.63,4.0356,-0.6538,1729719802.0,1,4,8960.0,0.0,1.6274,1.6274,0.0,6.7603
24725.63,4.0351,-0.6537,1729719812.0,1,4,8970.0,0.0,1.6292,1.6292,0.0,6.7677
24735.63,4.0346,-0.6538,1729719822.0,1,4,8980.0,0.0,1.631,1.631,0.0,6.775
24745.63,4.0342,-0.6538,1729719832.0,1,4,8990.0,0.0,1.6328,1.6328,0.0,6.7823
24755.63,4.0337,-0.6538,1729719842.0,1,4,9000.0,0.0,1.6346,1.6346,0.0,6.7896
24765.63,4.0333,-0.6538,1729719852.0,1,4,9010.0,0.0,1.6364,1.6364,0.0,6.797
24775.63,4.0328,-0.6537,1729719862.0,1,4,9020.0,0.0,1.6383,1.6383,0.0,6.8043
24785.63,4.0323,-0.6538,1729719872.0,1,4,9030.0,0.0,1.6401,1.6401,0.0,6.8116
24795.63,4.0318,-0.6539,1729719882.0,1,4,9040.0,0.0,1.6419,1.6419,0.0,6.8189
24805.63,4.0314,-0.6539,1729719892.0,1,4,9050.0,0.0,1.6437,1.6437,0.0,6.8263
24815.63,4.0309,-0.6538,1729719902.0,1,4,9060.0,0.0,1.6455,1.6455,0.0,6.8336
24825.63,4.0305,-0.6537,1729719912.0,1,4,9070.0,0.0,1.6473,1.6473,0.0,6.8409
24835.63,4.03,-0.6538,1729719922.0,1,4,9080.0,0.0,1.6492,1.6492,0.0,6.8482
24845.63,4.0295,-0.6538,1729719932.0,1,4,9090.0,0.0,1.651,1.651,0.0,6.8555
24855.63,4.0291,-0.6538,1729719942.0,1,4,9100.0,0.0,1.6528,1.6528,0.0,6.8629
24865.63,4.0286,-0.6538,1729719952.0,1,4,9110.0,0.0,1.6546,1.6546,0.0,6.8702
24875.63,4.0282,-0.6537,1729719962.0,1,4,9120.0,0.0,1.6564,1.6564,0.0,6.8775
24885.63,4.0277,-0.6538,1729719972.0,1,4,9130.0,0.0,1.6582,1.6582,0.0,6.8848
24895.63,4.0272,-0.6538,1729719982.0,1,4,9140.0,0.0,1.6601,1.6601,0.0,6.8921
24905.63,4.0268,-0.6538,1729719992.0,1,4,9150.0,0.0,1.6619,1.6619,0.0,6.8994
24915.63,4.0264,-0.6538,1729720002.0,1,4,9160.0,0.0,1.6637,1.6637,0.0,6.9068
24925.63,4.0259,-0.6539,1729720012.0,1,4,9170.0,0.0,1.6655,1.6655,0.0,6.9141
24935.63,4.0254,-0.6539,1729720022.0,1,4,9180.0,0.0,1.6673,1.6673,0.0,6.9214
24945.63,4.025,-0.6538,1729720032.0,1,4,9190.0,0.0,1.6691,1.6691,0.0,6.9287
24955.63,4.0245,-0.6538,1729720042.0,1,4,9200.0,0.0,1.6709,1.6709,0.0,6.936
24965.63,4.0241,-0.6538,1729720052.0,1,4,9210.0,0.0,1.6728,1.6728,0.0,6.9433
24975.63,4.0237,-0.6538,1729720062.0,1,4,9220.0,0.0,1.6746,1.6746,0.0,6.9506
24985.63,4.0231,-0.6538,1729720072.0,1,4,9230.0,0.0,1.6764,1.6764,0.0,6.9579
24995.63,4.0227,-0.6539,1729720082.0,1,4,9240.0,0.0,1.6782,1.6782,0.0,6.9652
25005.63,4.0223,-0.6538,1729720092.0,1,4,9250.0,0.0,1.68,1.68,0.0,6.9725
25015.63,4.0219,-0.6538,1729720102.0,1,4,9260.0,0.0,1.6818,1.6818,0.0,6.9798
25025.63,4.0214,-0.6538,1729720112.0,1,4,9270.0,0.0,1.6837,1.6837,0.0,6.9871
25035.63,4.021,-0.6538,1729720122.0,1,4,9280.0,0.0,1.6855,1.6855,0.0,6.9944
25045.63,4.0206,-0.6538,1729720132.0,1,4,9290.0,0.0,1.6873,1.6873,0.0,7.0017
25055.63,4.0201,-0.6538,1729720142.0,1,4,9300.0,0.0,1.6891,1.6891,0.0,7.0091
25065.63,4.0197,-0.6538,1729720152.0,1,4,9310.0,0.0,1.6909,1.6909,0.0,7.0164
25075.63,4.0192,-0.6538,1729720162.0,1,4,9320.0,0.0,1.6927,1.6927,0.0,7.0237
25085.63,4.0189,-0.6538,1729720172.0,1,4,9330.0,0.0,1.6946,1.6946,0.0,7.0309
25095.63,4.0184,-0.6538,1729720182.0,1,4,9340.0,0.0,1.6964,1.6964,0.0,7.0382
25105.63,4.018,-0.6539,1729720192.0,1,4,9350.0,0.0,1.6982,1.6982,0.0,7.0455
25115.63,4.0176,-0.6538,1729720202.0,1,4,9360.0,0.0,1.7,1.7,0.0,7.0528
25125.63,4.0172,-0.6538,1729720212.0,1,4,9370.0,0.0,1.7018,1.7018,0.0,7.0601
25135.63,4.0167,-0.6538,1729720222.0,1,4,9380.0,0.0,1.7036,1.7036,0.0,7.0674
25145.63,4.0163,-0.6538,1729720232.0,1,4,9390.0,0.0,1.7055,1.7055,0.0,7.0747
25155.63,4.0159,-0.6538,1729720242.0,1,4,9400.0,0.0,1.7073,1.7073,0.0,7.082
25165.63,4.0156,-0.6537,1729720252.0,1,4,9410.0,0.0,1.7091,1.7091,0.0,7.0893
25175.63,4.0151,-0.6539,1729720262.0,1,4,9420.0,0.0,1.7109,1.7109,0.0,7.0966
25185.63,4.0147,-0.6538,1729720272.0,1,4,9430.0,0.0,1.7127,1.7127,0.0,7.1039
25195.63,4.0143,-0.6538,1729720282.0,1,4,9440.0,0.0,1.7145,1.7145,0.0,7.1112
25205.63,4.0139,-0.6538,1729720292.0,1,4,9450.0,0.0,1.7164,1.7164,0.0,7.1185
25215.63,4.0135,-0.6537,1729720302.0,1,4,9460.0,0.0,1.7182,1.7182,0.0,7.1258
25225.63,4.0131,-0.6538,1729720312.0,1,4,9470.0,0.0,1.72,1.72,0.0,7.1331
25235.63,4.0127,-0.6538,1729720322.0,1,4,9480.0,0.0,1.7218,1.7218,0.0,7.1403
25245.63,4.0123,-0.6538,1729720332.0,1,4,9490.0,0.0,1.7236,1.7236,0.0,7.1476
25255.63,4.012,-0.6538,1729720342.0,1,4,9500.0,0.0,1.7254,1.7254,0.0,7.1549
25265.63,4.0116,-0.6538,1729720352.0,1,4,9510.0,0.0,1.7272,1.7272,0.0,7.1622
25275.63,4.0112,-0.6538,1729720362.0,1,4,9520.0,0.0,1.7291,1.7291,0.0,7.1695
25285.63,4.0108,-0.6539,1729720372.0,1,4,9530.0,0.0,1.7309,1.7309,0.0,7.1768
25295.63,4.0104,-0.6538,1729720382.0,1,4,9540.0,0.0,1.7327,1.7327,0.0,7.1841
25305.63,4.01,-0.6538,1729720392.0,1,4,9550.0,0.0,1.7345,1.7345,0.0,7.1913
25315.63,4.0097,-0.6538,1729720402.0,1,4,9560.0,0.0,1.7363,1.7363,0.0,7.1986
25325.63,4.0093,-0.6538,1729720412.0,1,4,9570.0,0.0,1.7381,1.7381,0.0,7.2059
25335.63,4.009,-0.6538,1729720422.0,1,4,9580.0,0.0,1.74,1.74,0.0,7.2132
25345.63,4.0086,-0.6538,1729720432.0,1,4,9590.0,0.0,1.7418,1.7418,0.0,7.2205
25355.63,4.0083,-0.6538,1729720442.0,1,4,9600.0,0.0,1.7436,1.7436,0.0,7.2277
25365.63,4.0079,-0.6538,1729720452.0,1,4,9610.0,0.0,1.7454,1.7454,0.0,7.235
25375.63,4.0075,-0.6538,1729720462.0,1,4,9620.0,0.0,1.7472,1.7472,0.0,7.2423
25385.63,4.0072,-0.6538,1729720472.0,1,4,9630.0,0.0,1.749,1.749,0.0,7.2496
25395.63,4.0068,-0.6538,1729720482.0,1,4,9640.0,0.0,1.7509,1.7509,0.0,7.2569
25405.63,4.0065,-0.6538,1729720492.0,1,4,9650.0,0.0,1.7527,1.7527,0.0,7.2641
25415.63,4.0061,-0.6538,1729720502.0,1,4,9660.0,0.0,1.7545,1.7545,0.0,7.2714
25425.63,4.0058,-0.6538,1729720512.0,1,4,9670.0,0.0,1.7563,1.7563,0.0,7.2787
25435.63,4.0054,-0.6538,1729720522.0,1,4,9680.0,0.0,1.7581,1.7581,0.0,7.286
25445.63,4.0051,-0.6538,1729720532.0,1,4,9690.0,0.0,1.7599,1.7599,0.0,7.2932
25455.63,4.0048,-0.6538,1729720542.0,1,4,9700.0,0.0,1.7618,1.7618,0.0,7.3005
25465.63,4.0044,-0.6538,1729720552.0,1,4,9710.0,0.0,1.7636,1.7636,0.0,7.3078
25475.63,4.0041,-0.6538,1729720562.0,1,4,9720.0,0.0,1.7654,1.7654,0.0,7.3151
25485.63,4.0038,-0.6538,1729720572.0,1,4,9730.0,0.0,1.7672,1.7672,0.0,7.3223
25495.63,4.0034,-0.6538,1729720582.0,1,4,9740.0,0.0,1.769,1.769,0.0,7.3296
25505.63,4.0031,-0.6538,1729720592.0,1,4,9750.0,0.0,1.7708,1.7708,0.0,7.3369
25515.63,4.0028,-0.6538,1729720602.0,1,4,9760.0,0.0,1.7727,1.7727,0.0,7.3441
25525.63,4.0024,-0.6537,1729720612.0,1,4,9770.0,0.0,1.7745,1.7745,0.0,7.3514
25535.63,4.0021,-0.6538,1729720622.0,1,4,9780.0,0.0,1.7763,1.7763,0.0,7.3587
25545.63,4.0018,-0.6538,1729720632.0,1,4,9790.0,0.0,1.7781,1.7781,0.0,7.3659
25555.63,4.0015,-0.6539,1729720642.0,1,4,9800.0,0.0,1.7799,1.7799,0.0,7.3732
25565.63,4.0011,-0.6538,1729720652.0,1,4,9810.0,0.0,1.7817,1.7817,0.0,7.3805
25575.63,4.0008,-0.6538,1729720662.0,1,4,9820.0,0.0,1.7835,1.7835,0.0,7.3877
25585.63,4.0005,-0.6538,1729720672.0,1,4,9830.0,0.0,1.7854,1.7854,0.0,7.395
25595.63,4.0002,-0.6538,1729720682.0,1,4,9840.0,0.0,1.7872,1.7872,0.0,7.4023
25605.63,3.9999,-0.6538,1729720692.0,1,4,9850.0,0.0,1.789,1.789,0.0,7.4095
25615.63,3.9996,-0.6538,1729720702.0,1,4,9860.0,0.0,1.7908,1.7908,0.0,7.4168
25625.63,3.9993,-0.6537,1729720712.0,1,4,9870.0,0.0,1.7926,1.7926,0.0,7.4241
25635.63,3.999,-0.6538,1729720722.0,1,4,9880.0,0.0,1.7944,1.7944,0.0,7.4313
25645.63,3.9987,-0.6538,1729720732.0,1,4,9890.0,0.0,1.7963,1.7963,0.0,7.4386
25655.63,3.9984,-0.6539,1729720742.0,1,4,9900.0,0.0,1.7981,1.7981,0.0,7.4459
25665.63,3.9981,-0.6538,1729720752.0,1,4,9910.0,0.0,1.7999,1.7999,0.0,7.4531
25675.63,3.9978,-0.6539,1729720762.0,1,4,9920.0,0.0,1.8017,1.8017,0.0,7.4604
25685.63,3.9975,-0.6538,1729720772.0,1,4,9930.0,0.0,1.8035,1.8035,0.0,7.4676
25695.63,3.9972,-0.6538,1729720782.0,1,4,9940.0,0.0,1.8053,1.8053,0.0,7.4749
25705.63,3.9969,-0.6538,1729720792.0,1,4,9950.0,0.0,1.8072,1.8072,0.0,7.4822
25715.63,3.9966,-0.6538,1729720802.0,1,4,9960.0,0.0,1.809,1.809,0.0,7.4894
25725.63,3.9963,-0.6538,1729720812.0,1,4,9970.0,0.0,1.8108,1.8108,0.0,7.4967
25735.63,3.996,-0.6538,1729720822.0,1,4,9980.0,0.0,1.8126,1.8126,0.0,7.5039
25745.63,3.9958,-0.6538,1729720832.0,1,4,9990.0,0.0,1.8144,1.8144,0.0,7.5112
25755.63,3.9955,-0.6539,1729720842.0,1,4,10000.0,0.0,1.8162,1.8162,0.0,7.5184
25765.63,3.9952,-0.6538,1729720852.0,1,4,10010.0,0.0,1.8181,1.8181,0.0,7.5257
25775.63,3.9949,-0.6538,1729720862.0,1,4,10020.0,0.0,1.8199,1.8199,0.0,7.533
25785.63,3.9946,-0.6538,1729720872.0,1,4,10030.0,0.0,1.8217,1.8217,0.0,7.5402
25795.63,3.9944,-0.6538,1729720882.0,1,4,10040.0,0.0,1.8235,1.8235,0.0,7.5475
25805.63,3.9941,-0.6538,1729720892.0,1,4,10050.0,0.0,1.8253,1.8253,0.0,7.5547
25815.63,3.9938,-0.6538,1729720902.0,1,4,10060.0,0.0,1.8271,1.8271,0.0,7.562
25825.63,3.9935,-0.6538,1729720912.0,1,4,10070.0,0.0,1.829,1.829,0.0,7.5692
25835.63,3.9933,-0.6538,1729720922.0,1,4,10080.0,0.0,1.8308,1.8308,0.0,7.5765
25845.63,3.993,-0.6538,1729720932.0,1,4,10090.0,0.0,1.8326,1.8326,0.0,7.5837
25855.63,3.9927,-0.6538,1729720942.0,1,4,10100.0,0.0,1.8344,1.8344,0.0,7.591
25865.63,3.9925,-0.6537,1729720952.0,1,4,10110.0,0.0,1.8362,1.8362,0.0,7.5982
25875.63,3.9922,-0.6538,1729720962.0,1,4,10120.0,0.0,1.838,1.838,0.0,7.6055
25885.63,3.992,-0.6538,1729720972.0,1,4,10130.0,0.0,1.8398,1.8398,0.0,7.6127
25895.63,3.9917,-0.6538,1729720982.0,1,4,10140.0,0.0,1.8417,1.8417,0.0,7.62
25905.63,3.9915,-0.6538,1729720992.0,1,4,10150.0,0.0,1.8435,1.8435,0.0,7.6272
25915.63,3.9912,-0.6538,1729721002.0,1,4,10160.0,0.0,1.8453,1.8453,0.0,7.6345
25925.63,3.9909,-0.6538,1729721012.0,1,4,10170.0,0.0,1.8471,1.8471,0.0,7.6417
25935.63,3.9907,-0.6538,1729721022.0,1,4,10180.0,0.0,1.8489,1.8489,0.0,7.649
25945.63,3.9905,-0.6538,1729721032.0,1,4,10190.0,0.0,1.8507,1.8507,0.0,7.6562
25955.63,3.9902,-0.6538,1729721042.0,1,4,10200.0,0.0,1.8526,1.8526,0.0,7.6635
25965.63,3.9899,-0.6538,1729721052.0,1,4,10210.0,0.0,1.8544,1.8544,0.0,7.6707
25975.63,3.9897,-0.6539,1729721062.0,1,4,10220.0,0.0,1.8562,1.8562,0.0,7.678
25985.63,3.9894,-0.6538,1729721072.0,1,4,10230.0,0.0,1.858,1.858,0.0,7.6852
25995.63,3.9892,-0.6538,1729721082.0,1,4,10240.0,0.0,1.8598,1.8598,0.0,7.6925
26005.63,3.989,-0.6538,1729721092.0,1,4,10250.0,0.0,1.8616,1.8616,0.0,7.6997
26015.63,3.9887,-0.6538,1729721102.0,1,4,10260.0,0.0,1.8635,1.8635,0.0,7.707
26025.63,3.9885,-0.6538,1729721112.0,1,4,10270.0,0.0,1.8653,1.8653,0.0,7.7142
26035.63,3.9882,-0.6538,1729721122.0,1,4,10280.0,0.0,1.8671,1.8671,0.0,7.7214
26045.63,3.988,-0.6538,1729721132.0,1,4,10290.0,0.0,1.8689,1.8689,0.0,7.7287
26055.63,3.9878,-0.6538,1729721142.0,1,4,10300.0,0.0,1.8707,1.8707,0.0,7.7359
26065.63,3.9875,-0.6539,1729721152.0,1,4,10310.0,0.0,1.8725,1.8725,0.0,7.7432
26075.63,3.9873,-0.6539,1729721162.0,1,4,10320.0,0.0,1.8744,1.8744,0.0,7.7504
26085.63,3.9871,-0.6538,1729721172.0,1,4,10330.0,0.0,1.8762,1.8762,0.0,7.7576
26095.63,3.9868,-0.6538,1729721182.0,1,4,10340.0,0.0,1.878,1.878,0.0,7.7649
26105.63,3.9866,-0.6538,1729721192.0,1,4,10350.0,0.0,1.8798,1.8798,0.0,7.7721
26115.63,3.9864,-0.6538,1729721202.0,1,4,10360.0,0.0,1.8816,1.8816,0.0,7.7794
26125.63,3.9861,-0.6538,1729721212.0,1,4,10370.0,0.0,1.8834,1.8834,0.0,7.7866
26135.63,3.9859,-0.6538,1729721222.0,1,4,10380.0,0.0,1.8853,1.8853,0.0,7.7938
26145.63,3.9857,-0.6539,1729721232.0,1,4,10390.0,0.0,1.8871,1.8871,0.0,7.8011
26155.63,3.9855,-0.6538,1729721242.0,1,4,10400.0,0.0,1.8889,1.8889,0.0,7.8083
26165.63,3.9852,-0.6538,1729721252.0,1,4,10410.0,0.0,1.8907,1.8907,0.0,7.8156
26175.63,3.985,-0.6538,1729721262.0,1,4,10420.0,0.0,1.8925,1.8925,0.0,7.8228
26185.63,3.9848,-0.6538,1729721272.0,1,4,10430.0,0.0,1.8943,1.8943,0.0,7.83
26195.63,3.9846,-0.6538,1729721282.0,1,4,10440.0,0.0,1.8961,1.8961,0.0,7.8373
26205.63,3.9843,-0.6538,1729721292.0,1,4,10450.0,0.0,1.898,1.898,0.0,7.8445
26215.63,3.9841,-0.6538,1729721302.0,1,4,10460.0,0.0,1.8998,1.8998,0.0,7.8517
26225.63,3.984,-0.6538,1729721312.0,1,4,10470.0,0.0,1.9016,1.9016,0.0,7.859
26235.63,3.9837,-0.6538,1729721322.0,1,4,10480.0,0.0,1.9034,1.9034,0.0,7.8662
26245.63,3.9835,-0.6538,1729721332.0,1,4,10490.0,0.0,1.9052,1.9052,0.0,7.8735
26255.63,3.9833,-0.6538,1729721342.0,1,4,10500.0,0.0,1.907,1.907,0.0,7.8807
26265.63,3.9831,-0.6539,1729721352.0,1,4,10510.0,0.0,1.9089,1.9089,0.0,7.8879
26275.63,3.9828,-0.6537,1729721362.0,1,4,10520.0,0.0,1.9107,1.9107,0.0,7.8952
26285.63,3.9826,-0.6538,1729721372.0,1,4,10530.0,0.0,1.9125,1.9125,0.0,7.9024
26295.63,3.9824,-0.6538,1729721382.0,1,4,10540.0,0.0,1.9143,1.9143,0.0,7.9096
26305.63,3.9823,-0.6538,1729721392.0,1,4,10550.0,0.0,1.9161,1.9161,0.0,7.9169
26315.63,3.982,-0.6538,1729721402.0,1,4,10560.0,0.0,1.9179,1.9179,0.0,7.9241
26325.63,3.9818,-0.6538,1729721412.0,1,4,10570.0,0.0,1.9198,1.9198,0.0,7.9313
26335.63,3.9816,-0.6538,1729721422.0,1,4,10580.0,0.0,1.9216,1.9216,0.0,7.9385
26345.63,3.9814,-0.6538,1729721432.0,1,4,10590.0,0.0,1.9234,1.9234,0.0,7.9458
26355.63,3.9812,-0.6538,1729721442.0,1,4,10600.0,0.0,1.9252,1.9252,0.0,7.953
26365.63,3.9811,-0.6538,1729721452.0,1,4,10610.0,0.0,1.927,1.927,0.0,7.9602
26375.63,3.9808,-0.6538,1729721462.0,1,4,10620.0,0.0,1.9288,1.9288,0.0,7.9675
26385.63,3.9806,-0.6538,1729721472.0,1,4,10630.0,0.0,1.9307,1.9307,0.0,7.9747
26395.63,3.9804,-0.6538,1729721482.0,1,4,10640.0,0.0,1.9325,1.9325,0.0,7.9819
26405.63,3.9803,-0.6538,1729721492.0,1,4,10650.0,0.0,1.9343,1.9343,0.0,7.9892
26415.63,3.9801,-0.6538,1729721502.0,1,4,10660.0,0.0,1.9361,1.9361,0.0,7.9964
26425.63,3.9799,-0.6538,1729721512.0,1,4,10670.0,0.0,1.9379,1.9379,0.0,8.0036
26435.63,3.9797,-0.6538,1729721522.0,1,4,10680.0,0.0,1.9397,1.9397,0.0,8.0108
26445.63,3.9795,-0.6538,1729721532.0,1,4,10690.0,0.0,1.9416,1.9416,0.0,8.0181
26455.63,3.9793,-0.6538,1729721542.0,1,4,10700.0,0.0,1.9434,1.9434,0.0,8.0253
26465.63,3.9791,-0.6538,1729721552.0,1,4,10710.0,0.0,1.9452,1.9452,0.0,8.0325
26475.63,3.9789,-0.6538,1729721562.0,1,4,10720.0,0.0,1.947,1.947,0.0,8.0397
26485.63,3.9787,-0.6538,1729721572.0,1,4,10730.0,0.0,1.9488,1.9488,0.0,8.047
26495.63,3.9785,-0.6539,1729721582.0,1,4,10740.0,0.0,1.9506,1.9506,0.0,8.0542
26505.63,3.9784,-0.6539,1729721592.0,1,4,10750.0,0.0,1.9524,1.9524,0.0,8.0614
26515.63,3.9782,-0.6537,1729721602.0,1,4,10760.0,0.0,1.9543,1.9543,0.0,8.0686
26525.63,3.978,-0.6538,1729721612.0,1,4,10770.0,0.0,1.9561,1.9561,0.0,8.0759
26535.63,3.9778,-0.6539,1729721622.0,1,4,10780.0,0.0,1.9579,1.9579,0.0,8.0831
26545.63,3.9776,-0.6538,1729721632.0,1,4,10790.0,0.0,1.9597,1.9597,0.0,8.0903
26555.63,3.9774,-0.6538,1729721642.0,1,4,10800.0,0.0,1.9615,1.9615,0.0,8.0975
26565.63,3.9772,-0.6538,1729721652.0,1,4,10810.0,0.0,1.9633,1.9633,0.0,8.1048
26575.63,3.9771,-0.6538,1729721662.0,1,4,10820.0,0.0,1.9652,1.9652,0.0,8.112
26585.63,3.9769,-0.6538,1729721672.0,1,4,10830.0,0.0,1.967,1.967,0.0,8.1192
26595.63,3.9767,-0.6538,1729721682.0,1,4,10840.0,0.0,1.9688,1.9688,0.0,8.1264
26605.63,3.9765,-0.6538,1729721692.0,1,4,10850.0,0.0,1.9706,1.9706,0.0,8.1337
26615.63,3.9763,-0.6538,1729721702.0,1,4,10860.0,0.0,1.9724,1.9724,0.0,8.1409
26625.63,3.9761,-0.6538,1729721712.0,1,4,10870.0,0.0,1.9742,1.9742,0.0,8.1481
26635.63,3.976,-0.6538,1729721722.0,1,4,10880.0,0.0,1.9761,1.9761,0.0,8.1553
26645.63,3.9758,-0.6538,1729721732.0,1,4,10890.0,0.0,1.9779,1.9779,0.0,8.1625
26655.63,3.9756,-0.6538,1729721742.0,1,4,10900.0,0.0,1.9797,1.9797,0.0,8.1698
26665.63,3.9755,-0.6538,1729721752.0,1,4,10910.0,0.0,1.9815,1.9815,0.0,8.177
26675.63,3.9753,-0.6538,1729721762.0,1,4,10920.0,0.0,1.9833,1.9833,0.0,8.1842
26685.63,3.9751,-0.6538,1729721772.0,1,4,10930.0,0.0,1.9851,1.9851,0.0,8.1914
26695.63,3.9749,-0.6537,1729721782.0,1,4,10940.0,0.0,1.987,1.987,0.0,8.1986
26705.63,3.9748,-0.6539,1729721792.0,1,4,10950.0,0.0,1.9888,1.9888,0.0,8.2059
26715.63,3.9746,-0.6538,1729721802.0,1,4,10960.0,0.0,1.9906,1.9906,0.0,8.2131
26725.63,3.9744,-0.6538,1729721812.0,1,4,10970.0,0.0,1.9924,1.9924,0.0,8.2203
26735.63,3.9743,-0.6538,1729721822.0,1,4,10980.0,0.0,1.9942,1.9942,0.0,8.2275
26745.63,3.9741,-0.6538,1729721832.0,1,4,10990.0,0.0,1.996,1.996,0.0,8.2347
26755.63,3.9739,-0.6537,1729721842.0,1,4,11000.0,0.0,1.9979,1.9979,0.0,8.242
26765.63,3.9738,-0.6539,1729721852.0,1,4,11010.0,0.0,1.9997,1.9997,0.0,8.2492
26775.63,3.9736,-0.6539,1729721862.0,1,4,11020.0,0.0,2.0015,2.0015,0.0,8.2564
26785.63,3.9735,-0.6538,1729721872.0,1,4,11030.0,0.0,2.0033,2.0033,0.0,8.2636
26795.63,3.9733,-0.6538,1729721882.0,1,4,11040.0,0.0,2.0051,2.0051,0.0,8.2708
26805.63,3.9731,-0.6538,1729721892.0,1,4,11050.0,0.0,2.0069,2.0069,0.0,8.278
26815.63,3.973,-0.6538,1729721902.0,1,4,11060.0,0.0,2.0087,2.0087,0.0,8.2852
26825.63,3.9728,-0.6539,1729721912.0,1,4,11070.0,0.0,2.0106,2.0106,0.0,8.2925
26835.63,3.9726,-0.6539,1729721922.0,1,4,11080.0,0.0,2.0124,2.0124,0.0,8.2997
26845.63,3.9725,-0.6538,1729721932.0,1,4,11090.0,0.0,2.0142,2.0142,0.0,8.3069
26855.63,3.9723,-0.6538,1729721942.0,1,4,11100.0,0.0,2.016,2.016,0.0,8.3141
26865.63,3.9722,-0.6539,1729721952.0,1,4,11110.0,0.0,2.0178,2.0178,0.0,8.3213
26875.63,3.972,-0.6537,1729721962.0,1,4,11120.0,0.0,2.0196,2.0196,0.0,8.3285
26885.63,3.9718,-0.6538,1729721972.0,1,4,11130.0,0.0,2.0215,2.0215,0.0,8.3357
26895.63,3.9717,-0.6537,1729721982.0,1,4,11140.0,0.0,2.0233,2.0233,0.0,8.343
26905.63,3.9715,-0.6538,1729721992.0,1,4,11150.0,0.0,2.0251,2.0251,0.0,8.3502
26915.63,3.9713,-0.6537,1729722002.0,1,4,11160.0,0.0,2.0269,2.0269,0.0,8.3574
26925.63,3.9712,-0.6539,1729722012.0,1,4,11170.0,0.0,2.0287,2.0287,0.0,8.3646
26935.63,3.9711,-0.6538,1729722022.0,1,4,11180.0,0.0,2.0305,2.0305,0.0,8.3718
26945.63,3.9709,-0.6538,1729722032.0,1,4,11190.0,0.0,2.0324,2.0324,0.0,8.379
26955.63,3.9708,-0.6538,1729722042.0,1,4,11200.0,0.0,2.0342,2.0342,0.0,8.3862
26965.63,3.9706,-0.6538,1729722052.0,1,4,11210.0,0.0,2.036,2.036,0.0,8.3934
26975.63,3.9705,-0.6539,1729722062.0,1,4,11220.0,0.0,2.0378,2.0378,0.0,8.4007
26985.63,3.9703,-0.6539,1729722072.0,1,4,11230.0,0.0,2.0396,2.0396,0.0,8.4079
26995.63,3.9701,-0.6538,1729722082.0,1,4,11240.0,0.0,2.0414,2.0414,0.0,8.4151
27005.63,3.97,-0.6539,1729722092.0,1,4,11250.0,0.0,2.0433,2.0433,0.0,8.4223
27015.63,3.9699,-0.6538,1729722102.0,1,4,11260.0,0.0,2.0451,2.0451,0.0,8.4295
27025.63,3.9697,-0.6538,1729722112.0,1,4,11270.0,0.0,2.0469,2.0469,0.0,8.4367
27035.63,3.9696,-0.6538,1729722122.0,1,4,11280.0,0.0,2.0487,2.0487,0.0,8.4439
27045.63,3.9694,-0.6538,1729722132.0,1,4,11290.0,0.0,2.0505,2.0505,0.0,8.4511
27055.63,3.9692,-0.6538,1729722142.0,1,4,11300.0,0.0,2.0523,2.0523,0.0,8.4583
27065.63,3.9691,-0.6538,1729722152.0,1,4,11310.0,0.0,2.0542,2.0542,0.0,8.4655
27075.63,3.969,-0.6537,1729722162.0,1,4,11320.0,0.0,2.056,2.056,0.0,8.4728
27085.63,3.9688,-0.6537,1729722172.0,1,4,11330.0,0.0,2.0578,2.0578,0.0,8.48
27095.63,3.9687,-0.6537,1729722182.0,1,4,11340.0,0.0,2.0596,2.0596,0.0,8.4872
27105.63,3.9686,-0.6538,1729722192.0,1,4,11350.0,0.0,2.0614,2.0614,0.0,8.4944
27115.63,3.9684,-0.6538,1729722202.0,1,4,11360.0,0.0,2.0632,2.0632,0.0,8.5016
27125.63,3.9683,-0.6538,1729722212.0,1,4,11370.0,0.0,2.065,2.065,0.0,8.5088
27135.63,3.9681,-0.6538,1729722222.0,1,4,11380.0,0.0,2.0669,2.0669,0.0,8.516
27145.63,3.968,-0.6537,1729722232.0,1,4,11390.0,0.0,2.0687,2.0687,0.0,8.5232
27155.63,3.9679,-0.6538,1729722242.0,1,4,11400.0,0.0,2.0705,2.0705,0.0,8.5304
27165.63,3.9677,-0.6538,1729722252.0,1,4,11410.0,0.0,2.0723,2.0723,0.0,8.5376
27175.63,3.9676,-0.6539,1729722262.0,1,4,11420.0,0.0,2.0741,2.0741,0.0,8.5448
27185.63,3.9675,-0.6538,1729722272.0,1,4,11430.0,0.0,2.0759,2.0759,0.0,8.552
27195.63,3.9673,-0.6538,1729722282.0,1,4,11440.0,0.0,2.0778,2.0778,0.0,8.5592
27205.63,3.9672,-0.6538,1729722292.0,1,4,11450.0,0.0,2.0796,2.0796,0.0,8.5664
27215.63,3.967,-0.6538,1729722302.0,1,4,11460.0,0.0,2.0814,2.0814,0.0,8.5736
27225.63,3.9669,-0.6538,1729722312.0,1,4,11470.0,0.0,2.0832,2.0832,0.0,8.5809
27235.63,3.9668,-0.6538,1729722322.0,1,4,11480.0,0.0,2.085,2.085,0.0,8.5881
27245.63,3.9667,-0.6538,1729722332.0,1,4,11490.0,0.0,2.0868,2.0868,0.0,8.5953
27255.63,3.9665,-0.6538,1729722342.0,1,4,11500.0,0.0,2.0887,2.0887,0.0,8.6025
27265.63,3.9664,-0.6538,1729722352.0,1,4,11510.0,0.0,2.0905,2.0905,0.0,8.6097
27275.63,3.9663,-0.6539,1729722362.0,1,4,11520.0,0.0,2.0923,2.0923,0.0,8.6169
27285.63,3.9662,-0.6538,1729722372.0,1,4,11530.0,0.0,2.0941,2.0941,0.0,8.6241
27295.63,3.966,-0.6538,1729722382.0,1,4,11540.0,0.0,2.0959,2.0959,0.0,8.6313
27305.63,3.9659,-0.6538,1729722392.0,1,4,11550.0,0.0,2.0977,2.0977,0.0,8.6385
27315.63,3.9657,-0.6538,1729722402.0,1,4,11560.0,0.0,2.0996,2.0996,0.0,8.6457
27325.63,3.9656,-0.6538,1729722412.0,1,4,11570.0,0.0,2.1014,2.1014,0.0,8.6529
27335.63,3.9655,-0.6538,1729722422.0,1,4,11580.0,0.0,2.1032,2.1032,0.0,8.6601
27345.63,3.9654,-0.6538,1729722432.0,1,4,11590.0,0.0,2.105,2.105,0.0,8.6673
27355.63,3.9652,-0.6538,1729722442.0,1,4,11600.0,0.0,2.1068,2.1068,0.0,8.6745
27365.63,3.9651,-0.6538,1729722452.0,1,4,11610.0,0.0,2.1086,2.1086,0.0,8.6817
27375.63,3.9649,-0.6538,1729722462.0,1,4,11620.0,0.0,2.1105,2.1105,0.0,8.6889
27385.63,3.9648,-0.6538,1729722472.0,1,4,11630.0,0.0,2.1123,2.1123,0.0,8.6961
27395.63,3.9647,-0.6538,1729722482.0,1,4,11640.0,0.0,2.1141,2.1141,0.0,8.7033
27405.63,3.9646,-0.6537,1729722492.0,1,4,11650.0,0.0,2.1159,2.1159,0.0,8.7105
27415.63,3.9645,-0.6538,1729722502.0,1,4,11660.0,0.0,2.1177,2.1177,0.0,8.7177
27425.63,3.9643,-0.6538,1729722512.0,1,4,11670.0,0.0,2.1195,2.1195,0.0,8.7249
27435.63,3.9642,-0.6538,1729722522.0,1,4,11680.0,0.0,2.1213,2.1213,0.0,8.7321
27445.63,3.9641,-0.6538,1729722532.0,1,4,11690.0,0.0,2.1232,2.1232,0.0,8.7393
27455.63,3.9639,-0.6538,1729722542.0,1,4,11700.0,0.0,2.125,2.125,0.0,8.7465
27465.63,3.9638,-0.6538,1729722552.0,1,4,11710.0,0.0,2.1268,2.1268,0.0,8.7537
27475.63,3.9637,-0.6538,1729722562.0,1,4,11720.0,0.0,2.1286,2.1286,0.0,8.7609
27485.63,3.9636,-0.6538,1729722572.0,1,4,11730.0,0.0,2.1304,2.1304,0.0,8.7681
27495.63,3.9635,-0.6538,1729722582.0,1,4,11740.0,0.0,2.1322,2.1322,0.0,8.7753
27505.63,3.9634,-0.6538,1729722592.0,1,4,11750.0,0.0,2.1341,2.1341,0.0,8.7825
27515.63,3.9632,-0.6538,1729722602.0,1,4,11760.0,0.0,2.1359,2.1359,0.0,8.7897
27525.63,3.9631,-0.6538,1729722612.0,1,4,11770.0,0.0,2.1377,2.1377,0.0,8.7969
27535.63,3.963,-0.6538,1729722622.0,1,4,11780.0,0.0,2.1395,2.1395,0.0,8.8041
27545.63,3.9629,-0.6538,1729722632.0,1,4,11790.0,0.0,2.1413,2.1413,0.0,8.8113
27555.63,3.9628,-0.6538,1729722642.0,1,4,11800.0,0.0,2.1431,2.1431,0.0,8.8185
27565.63,3.9627,-0.6538,1729722652.0,1,4,11810.0,0.0,2.145,2.145,0.0,8.8257
27575.63,3.9626,-0.6538,1729722662.0,1,4,11820.0,0.0,2.1468,2.1468,0.0,8.8329
27585.63,3.9624,-0.6538,1729722672.0,1,4,11830.0,0.0,2.1486,2.1486,0.0,8.8401
27595.63,3.9623,-0.6538,1729722682.0,1,4,11840.0,0.0,2.1504,2.1504,0.0,8.8473
27605.63,3.9622,-0.6538,1729722692.0,1,4,11850.0,0.0,2.1522,2.1522,0.0,8.8545
27615.63,3.9621,-0.6538,1729722702.0,1,4,11860.0,0.0,2.154,2.154,0.0,8.8616
27625.63,3.962,-0.6538,1729722712.0,1,4,11870.0,0.0,2.1559,2.1559,0.0,8.8688
27635.63,3.9618,-0.6538,1729722722.0,1,4,11880.0,0.0,2.1577,2.1577,0.0,8.876
27645.63,3.9617,-0.6538,1729722732.0,1,4,11890.0,0.0,2.1595,2.1595,0.0,8.8832
27655.63,3.9616,-0.6538,1729722742.0,1,4,11900.0,0.0,2.1613,2.1613,0.0,8.8904
27665.63,3.9615,-0.6538,1729722752.0,1,4,11910.0,0.0,2.1631,2.1631,0.0,8.8976
27675.63,3.9613,-0.6538,1729722762.0,1,4,11920.0,0.0,2.1649,2.1649,0.0,8.9048
27685.63,3.9612,-0.6538,1729722772.0,1,4,11930.0,0.0,2.1668,2.1668,0.0,8.912
27695.63,3.9611,-0.6539,1729722782.0,1,4,11940.0,0.0,2.1686,2.1686,0.0,8.9192
27705.63,3.961,-0.6538,1729722792.0,1,4,11950.0,0.0,2.1704,2.1704,0.0,8.9264
27715.63,3.9609,-0.6538,1729722802.0,1,4,11960.0,0.0,2.1722,2.1722,0.0,8.9336
27725.63,3.9608,-0.6538,1729722812.0,1,4,11970.0,0.0,2.174,2.174,0.0,8.9408
27735.63,3.9607,-0.6538,1729722822.0,1,4,11980.0,0.0,2.1758,2.1758,0.0,8.948
27745.63,3.9606,-0.6537,1729722832.0,1,4,11990.0,0.0,2.1776,2.1776,0.0,8.9552
27755.63,3.9604,-0.6538,1729722842.0,1,4,12000.0,0.0,2.1795,2.1795,0.0,8.9624
27765.63,3.9603,-0.6538,1729722852.0,1,4,12010.0,0.0,2.1813,2.1813,0.0,8.9696
27775.63,3.9602,-0.6538,1729722862.0,1,4,12020.0,0.0,2.1831,2.1831,0.0,8.9768
27785.63,3.9601,-0.6538,1729722872.0,1,4,12030.0,0.0,2.1849,2.1849,0.0,8.9839
27795.63,3.96,-0.6539,1729722882.0,1,4,12040.0,0.0,2.1867,2.1867,0.0,8.9911
27805.63,3.9599,-0.6538,1729722892.0,1,4,12050.0,0.0,2.1885,2.1885,0.0,8.9983
27815.63,3.9598,-0.6538,1729722902.0,1,4,12060.0,0.0,2.1904,2.1904,0.0,9.0055
27825.63,3.9596,-0.6538,1729722912.0,1,4,12070.0,0.0,2.1922,2.1922,0.0,9.0127
27835.63,3.9595,-0.6539,1729722922.0,1,4,12080.0,0.0,2.194,2.194,0.0,9.0199
27845.63,3.9594,-0.6538,1729722932.0,1,4,12090.0,0.0,2.1958,2.1958,0.0,9.0271
27855.63,3.9593,-0.6538,1729722942.0,1,4,12100.0,0.0,2.1976,2.1976,0.0,9.0343
27865.63,3.9592,-0.6538,1729722952.0,1,4,12110.0,0.0,2.1994,2.1994,0.0,9.0415
27875.63,3.9591,-0.6538,1729722962.0,1,4,12120.0,0.0,2.2013,2.2013,0.0,9.0487
27885.63,3.959,-0.6538,1729722972.0,1,4,12130.0,0.0,2.2031,2.2031,0.0,9.0559
27895.63,3.9588,-0.6539,1729722982.0,1,4,12140.0,0.0,2.2049,2.2049,0.0,9.063
27905.63,3.9587,-0.6538,1729722992.0,1,4,12150.0,0.0,2.2067,2.2067,0.0,9.0702
27915.63,3.9586,-0.6538,1729723002.0,1,4,12160.0,0.0,2.2085,2.2085,0.0,9.0774
27925.63,3.9585,-0.6538,1729723012.0,1,4,12170.0,0.0,2.2103,2.2103,0.0,9.0846
27935.63,3.9583,-0.6539,1729723022.0,1,4,12180.0,0.0,2.2122,2.2122,0.0,9.0918
27945.63,3.9582,-0.6539,1729723032.0,1,4,12190.0,0.0,2.214,2.214,0.0,9.099
27955.63,3.9581,-0.6538,1729723042.0,1,4,12200.0,0.0,2.2158,2.2158,0.0,9.1062
27965.63,3.958,-0.6538,1729723052.0,1,4,12210.0,0.0,2.2176,2.2176,0.0,9.1134
27975.63,3.9579,-0.6537,1729723062.0,1,4,12220.0,0.0,2.2194,2.2194,0.0,9.1206
27985.63,3.9578,-0.6539,1729723072.0,1,4,12230.0,0.0,2.2212,2.2212,0.0,9.1277
27995.63,3.9576,-0.6538,1729723082.0,1,4,12240.0,0.0,2.2231,2.2231,0.0,9.1349
28005.63,3.9575,-0.6538,1729723092.0,1,4,12250.0,0.0,2.2249,2.2249,0.0,9.1421
28015.63,3.9574,-0.6538,1729723102.0,1,4,12260.0,0.0,2.2267,2.2267,0.0,9.1493
28025.63,3.9573,-0.6537,1729723112.0,1,4,12270.0,0.0,2.2285,2.2285,0.0,9.1565
28035.63,3.9572,-0.6538,1729723122.0,1,4,12280.0,0.0,2.2303,2.2303,0.0,9.1637
28045.63,3.9571,-0.6538,1729723132.0,1,4,12290.0,0.0,2.2321,2.2321,0.0,9.1709
28055.63,3.9569,-0.6538,1729723142.0,1,4,12300.0,0.0,2.2339,2.2339,0.0,9.178
28065.63,3.9568,-0.6538,1729723152.0,1,4,12310.0,0.0,2.2358,2.2358,0.0,9.1852
28075.63,3.9567,-0.6538,1729723162.0,1,4,12320.0,0.0,2.2376,2.2376,0.0,9.1924
28085.63,3.9566,-0.6538,1729723172.0,1,4,12330.0,0.0,2.2394,2.2394,0.0,9.1996
28095.63,3.9564,-0.6538,1729723182.0,1,4,12340.0,0.0,2.2412,2.2412,0.0,9.2068
28105.63,3.9563,-0.6538,1729723192.0,1,4,12350.0,0.0,2.243,2.243,0.0,9.214
28115.63,3.9562,-0.6538,1729723202.0,1,4,12360.0,0.0,2.2448,2.2448,0.0,9.2212
28125.63,3.9561,-0.6538,1729723212.0,1,4,12370.0,0.0,2.2467,2.2467,0.0,9.2283
28135.63,3.9559,-0.6538,1729723222.0,1,4,12380.0,0.0,2.2485,2.2485,0.0,9.2355
28145.63,3.9558,-0.6538,1729723232.0,1,4,12390.0,0.0,2.2503,2.2503,0.0,9.2427
28155.63,3.9557,-0.6539,1729723242.0,1,4,12400.0,0.0,2.2521,2.2521,0.0,9.2499
28165.63,3.9556,-0.6538,1729723252.0,1,4,12410.0,0.0,2.2539,2.2539,0.0,9.2571
28175.63,3.9555,-0.6537,1729723262.0,1,4,12420.0,0.0,2.2557,2.2557,0.0,9.2643
28185.63,3.9554,-0.6538,1729723272.0,1,4,12430.0,0.0,2.2576,2.2576,0.0,9.2714
28195.63,3.9552,-0.6537,1729723282.0,1,4,12440.0,0.0,2.2594,2.2594,0.0,9.2786
28205.63,3.9551,-0.6538,1729723292.0,1,4,12450.0,0.0,2.2612,2.2612,0.0,9.2858
28215.63,3.9549,-0.6537,1729723302.0,1,4,12460.0,0.0,2.263,2.263,0.0,9.293
28225.63,3.9548,-0.6538,1729723312.0,1,4,12470.0,0.0,2.2648,2.2648,0.0,9.3002
28235.63,3.9547,-0.6537,1729723322.0,1,4,12480.0,0.0,2.2666,2.2666,0.0,9.3074
28245.63,3.9546,-0.6538,1729723332.0,1,4,12490.0,0.0,2.2685,2.2685,0.0,9.3145
28255.63,3.9544,-0.6537,1729723342.0,1,4,12500.0,0.0,2.2703,2.2703,0.0,9.3217
28265.63,3.9543,-0.6537,1729723352.0,1,4,12510.0,0.0,2.2721,2.2721,0.0,9.3289
28275.63,3.9541,-0.6537,1729723362.0,1,4,12520.0,0.0,2.2739,2.2739,0.0,9.3361
28285.63,3.954,-0.6538,1729723372.0,1,4,12530.0,0.0,2.2757,2.2757,0.0,9.3433
28295.63,3.9539,-0.6537,1729723382.0,1,4,12540.0,0.0,2.2775,2.2775,0.0,9.3505
28305.63,3.9537,-0.6538,1729723392.0,1,4,12550.0,0.0,2.2794,2.2794,0.0,9.3576
28315.63,3.9537,-0.6539,1729723402.0,1,4,12560.0,0.0,2.2812,2.2812,0.0,9.3648
28325.63,3.9535,-0.6538,1729723412.0,1,4,12570.0,0.0,2.283,2.283,0.0,9.372
28335.63,3.9533,-0.6539,1729723422.0,1,4,12580.0,0.0,2.2848,2.2848,0.0,9.3792
28345.63,3.9532,-0.6538,1729723432.0,1,4,12590.0,0.0,2.2866,2.2866,0.0,9.3864
28355.63,3.9531,-0.6538,1729723442.0,1,4,12600.0,0.0,2.2884,2.2884,0.0,9.3935
28365.63,3.9529,-0.6537,1729723452.0,1,4,12610.0,0.0,2.2902,2.2902,0.0,9.4007
28375.63,3.9528,-0.6538,1729723462.0,1,4,12620.0,0.0,2.2921,2.2921,0.0,9.4079
28385.63,3.9527,-0.6538,1729723472.0,1,4,12630.0,0.0,2.2939,2.2939,0.0,9.4151
28395.63,3.9525,-0.6538,1729723482.0,1,4,12640.0,0.0,2.2957,2.2957,0.0,9.4222
28405.63,3.9524,-0.6538,1729723492.0,1,4,12650.0,0.0,2.2975,2.2975,0.0,9.4294
28415.63,3.9523,-0.6538,1729723502.0,1,4,12660.0,0.0,2.2993,2.2993,0.0,9.4366
28425.63,3.9521,-0.6538,1729723512.0,1,4,12670.0,0.0,2.3011,2.3011,0.0,9.4438
28435.63,3.952,-0.6538,1729723522.0,1,4,12680.0,0.0,2.303,2.303,0.0,9.451
28445.63,3.9518,-0.6538,1729723532.0,1,4,12690.0,0.0,2.3048,2.3048,0.0,9.4581
28455.63,3.9517,-0.6538,1729723542.0,1,4,12700.0,0.0,2.3066,2.3066,0.0,9.4653
28465.63,3.9515,-0.6538,1729723552.0,1,4,12710.0,0.0,2.3084,2.3084,0.0,9.4725
28475.63,3.9514,-0.6538,1729723562.0,1,4,12720.0,0.0,2.3102,2.3102,0.0,9.4797
28485.63,3.9512,-0.6538,1729723572.0,1,4,12730.0,0.0,2.312,2.312,0.0,9.4868
28495.63,3.9511,-0.6538,1729723582.0,1,4,12740.0,0.0,2.3139,2.3139,0.0,9.494
28505.63,3.951,-0.6538,1729723592.0,1,4,12750.0,0.0,2.3157,2.3157,0.0,9.5012
28515.63,3.9508,-0.6538,1729723602.0,1,4,12760.0,0.0,2.3175,2.3175,0.0,9.5084
28525.63,3.9507,-0.6538,1729723612.0,1,4,12770.0,0.0,2.3193,2.3193,0.0,9.5155
28535.63,3.9506,-0.6539,1729723622.0,1,4,12780.0,0.0,2.3211,2.3211,0.0,9.5227
28545.63,3.9504,-0.6538,1729723632.0,1,4,12790.0,0.0,2.3229,2.3229,0.0,9.5299
28555.63,3.9502,-0.6538,1729723642.0,1,4,12800.0,0.0,2.3248,2.3248,0.0,9.5371
28565.63,3.9501,-0.6538,1729723652.0,1,4,12810.0,0.0,2.3266,2.3266,0.0,9.5442
28575.63,3.9499,-0.6537,1729723662.0,1,4,12820.0,0.0,2.3284,2.3284,0.0,9.5514
28585.63,3.9498,-0.6538,1729723672.0,1,4,12830.0,0.0,2.3302,2.3302,0.0,9.5586
28595.63,3.9497,-0.6538,1729723682.0,1,4,12840.0,0.0,2.332,2.332,0.0,9.5658
28605.63,3.9495,-0.6538,1729723692.0,1,4,12850.0,0.0,2.3338,2.3338,0.0,9.5729
28615.63,3.9494,-0.6538,1729723702.0,1,4,12860.0,0.0,2.3357,2.3357,0.0,9.5801
28625.63,3.9492,-0.6539,1729723712.0,1,4,12870.0,0.0,2.3375,2.3375,0.0,9.5873
28635.63,3.949,-0.6539,1729723722.0,1,4,12880.0,0.0,2.3393,2.3393,0.0,9.5945
28645.63,3.9489,-0.6538,1729723732.0,1,4,12890.0,0.0,2.3411,2.3411,0.0,9.6016
28655.63,3.9487,-0.6538,1729723742.0,1,4,12900.0,0.0,2.3429,2.3429,0.0,9.6088
28665.63,3.9486,-0.6537,1729723752.0,1,4,12910.0,0.0,2.3447,2.3447,0.0,9.616
28675.63,3.9484,-0.6538,1729723762.0,1,4,12920.0,0.0,2.3465,2.3465,0.0,9.6231
28685.63,3.9482,-0.6538,1729723772.0,1,4,12930.0,0.0,2.3484,2.3484,0.0,9.6303
28695.63,3.9481,-0.6538,1729723782.0,1,4,12940.0,0.0,2.3502,2.3502,0.0,9.6375
28705.63,3.948,-0.6538,1729723792.0,1,4,12950.0,0.0,2.352,2.352,0.0,9.6446
28715.63,3.9478,-0.6538,1729723802.0,1,4,12960.0,0.0,2.3538,2.3538,0.0,9.6518
28725.63,3.9476,-0.6538,1729723812.0,1,4,12970.0,0.0,2.3556,2.3556,0.0,9.659
28735.63,3.9475,-0.6538,1729723822.0,1,4,12980.0,0.0,2.3574,2.3574,0.0,9.6662
28745.63,3.9473,-0.6538,1729723832.0,1,4,12990.0,0.0,2.3593,2.3593,0.0,9.6733
28755.63,3.9472,-0.6538,1729723842.0,1,4,13000.0,0.0,2.3611,2.3611,0.0,9.6805
28765.63,3.947,-0.6538,1729723852.0,1,4,13010.0,0.0,2.3629,2.3629,0.0,9.6877
28775.63,3.9468,-0.6538,1729723862.0,1,4,13020.0,0.0,2.3647,2.3647,0.0,9.6948
28785.63,3.9467,-0.6538,1729723872.0,1,4,13030.0,0.0,2.3665,2.3665,0.0,9.702
28795.63,3.9465,-0.6538,1729723882.0,1,4,13040.0,0.0,2.3683,2.3683,0.0,9.7092
28805.63,3.9464,-0.6539,1729723892.0,1,4,13050.0,0.0,2.3702,2.3702,0.0,9.7163
28815.63,3.9462,-0.6538,1729723902.0,1,4,13060.0,0.0,2.372,2.372,0.0,9.7235
28825.63,3.946,-0.6538,1729723912.0,1,4,13070.0,0.0,2.3738,2.3738,0.0,9.7307
28835.63,3.9459,-0.6538,1729723922.0,1,4,13080.0,0.0,2.3756,2.3756,0.0,9.7378
28845.63,3.9457,-0.6538,1729723932.0,1,4,13090.0,0.0,2.3774,2.3774,0.0,9.745
28855.63,3.9456,-0.6538,1729723942.0,1,4,13100.0,0.0,2.3792,2.3792,0.0,9.7522
28865.63,3.9454,-0.6538,1729723952.0,1,4,13110.0,0.0,2.3811,2.3811,0.0,9.7593
28875.63,3.9452,-0.6538,1729723962.0,1,4,13120.0,0.0,2.3829,2.3829,0.0,9.7665
28885.63,3.945,-0.6539,1729723972.0,1,4,13130.0,0.0,2.3847,2.3847,0.0,9.7737
28895.63,3.9449,-0.6539,1729723982.0,1,4,13140.0,0.0,2.3865,2.3865,0.0,9.7808
28905.63,3.9447,-0.6538,1729723992.0,1,4,13150.0,0.0,2.3883,2.3883,0.0,9.788
28915.63,3.9445,-0.6538,1729724002.0,1,4,13160.0,0.0,2.3901,2.3901,0.0,9.7952
28925.63,3.9444,-0.6538,1729724012.0,1,4,13170.0,0.0,2.392,2.392,0.0,9.8023
28935.63,3.9442,-0.6538,1729724022.0,1,4,13180.0,0.0,2.3938,2.3938,0.0,9.8095
28945.63,3.9441,-0.6538,1729724032.0,1,4,13190.0,0.0,2.3956,2.3956,0.0,9.8166
28955.63,3.9439,-0.6538,1729724042.0,1,4,13200.0,0.0,2.3974,2.3974,0.0,9.8238
28965.63,3.9437,-0.6538,1729724052.0,1,4,13210.0,0.0,2.3992,2.3992,0.0,9.831
28975.63,3.9436,-0.6538,1729724062.0,1,4,13220.0,0.0,2.401,2.401,0.0,9.8381
28985.63,3.9434,-0.6538,1729724072.0,1,4,13230.0,0.0,2.4028,2.4028,0.0,9.8453
28995.63,3.9432,-0.6538,1729724082.0,1,4,13240.0,0.0,2.4047,2.4047,0.0,9.8525
29005.63,3.9431,-0.6538,1729724092.0,1,4,13250.0,0.0,2.4065,2.4065,0.0,9.8596
29015.63,3.9429,-0.6538,1729724102.0,1,4,13260.0,0.0,2.4083,2.4083,0.0,9.8668
29025.63,3.9427,-0.6538,1729724112.0,1,4,13270.0,0.0,2.4101,2.4101,0.0,9.8739
29035.63,3.9426,-0.6538,1729724122.0,1,4,13280.0,0.0,2.4119,2.4119,0.0,9.8811
29045.63,3.9424,-0.6538,1729724132.0,1,4,13290.0,0.0,2.4137,2.4137,0.0,9.8883
29055.63,3.9422,-0.6539,1729724142.0,1,4,13300.0,0.0,2.4156,2.4156,0.0,9.8954
29065.63,3.9421,-0.6538,1729724152.0,1,4,13310.0,0.0,2.4174,2.4174,0.0,9.9026
29075.63,3.9419,-0.6538,1729724162.0,1,4,13320.0,0.0,2.4192,2.4192,0.0,9.9097
29085.63,3.9417,-0.6538,1729724172.0,1,4,13330.0,0.0,2.421,2.421,0.0,9.9169
29095.63,3.9415,-0.6539,1729724182.0,1,4,13340.0,0.0,2.4228,2.4228,0.0,9.9241
29105.63,3.9414,-0.6538,1729724192.0,1,4,13350.0,0.0,2.4246,2.4246,0.0,9.9312
29115.63,3.9411,-0.6538,1729724202.0,1,4,13360.0,0.0,2.4265,2.4265,0.0,9.9384
29125.63,3.941,-0.6538,1729724212.0,1,4,13370.0,0.0,2.4283,2.4283,0.0,9.9455
29135.63,3.9408,-0.6538,1729724222.0,1,4,13380.0,0.0,2.4301,2.4301,0.0,9.9527
29145.63,3.9407,-0.6538,1729724232.0,1,4,13390.0,0.0,2.4319,2.4319,0.0,9.9598
29155.63,3.9405,-0.6538,1729724242.0,1,4,13400.0,0.0,2.4337,2.4337,0.0,9.967
29165.63,3.9403,-0.6538,1729724252.0,1,4,13410.0,0.0,2.4355,2.4355,0.0,9.9742
29175.63,3.9402,-0.6538,1729724262.0,1,4,13420.0,0.0,2.4374,2.4374,0.0,9.9813
29185.63,3.94,-0.6538,1729724272.0,1,4,13430.0,0.0,2.4392,2.4392,0.0,9.9885
29195.63,3.9398,-0.6538,1729724282.0,1,4,13440.0,0.0,2.441,2.441,0.0,9.9956
29205.63,3.9396,-0.6539,1729724292.0,1,4,13450.0,0.0,2.4428,2.4428,0.0,10.0028
29215.63,3.9395,-0.6539,1729724302.0,1,4,13460.0,0.0,2.4446,2.4446,0.0,10.0099
29225.63,3.9393,-0.6538,1729724312.0,1,4,13470.0,0.0,2.4464,2.4464,0.0,10.0171
29235.63,3.9391,-0.6538,1729724322.0,1,4,13480.0,0.0,2.4483,2.4483,0.0,10.0242
29245.63,3.939,-0.6538,1729724332.0,1,4,13490.0,0.0,2.4501,2.4501,0.0,10.0314
29255.63,3.9388,-0.6538,1729724342.0,1,4,13500.0,0.0,2.4519,2.4519,0.0,10.0386
29265.63,3.9386,-0.6538,1729724352.0,1,4,13510.0,0.0,2.4537,2.4537,0.0,10.0457
29275.63,3.9384,-0.6539,1729724362.0,1,4,13520.0,0.0,2.4555,2.4555,0.0,10.0529
29285.63,3.9382,-0.6538,1729724372.0,1,4,13530.0,0.0,2.4573,2.4573,0.0,10.06
29295.63,3.9381,-0.6538,1729724382.0,1,4,13540.0,0.0,2.4591,2.4591,0.0,10.0672
29305.63,3.9379,-0.6538,1729724392.0,1,4,13550.0,0.0,2.461,2.461,0.0,10.0743
29315.63,3.9377,-0.6539,1729724402.0,1,4,13560.0,0.0,2.4628,2.4628,0.0,10.0815
29325.63,3.9375,-0.6538,1729724412.0,1,4,13570.0,0.0,2.4646,2.4646,0.0,10.0886
29335.63,3.9373,-0.6538,1729724422.0,1,4,13580.0,0.0,2.4664,2.4664,0.0,10.0958
29345.63,3.9372,-0.6538,1729724432.0,1,4,13590.0,0.0,2.4682,2.4682,0.0,10.1029
29355.63,3.937,-0.6538,1729724442.0,1,4,13600.0,0.0,2.47,2.47,0.0,10.1101
29365.63,3.9368,-0.6538,1729724452.0,1,4,13610.0,0.0,2.4719,2.4719,0.0,10.1172
29375.63,3.9366,-0.6538,1729724462.0,1,4,13620.0,0.0,2.4737,2.4737,0.0,10.1244
29385.63,3.9365,-0.6538,1729724472.0,1,4,13630.0,0.0,2.4755,2.4755,0.0,10.1315
29395.63,3.9363,-0.6538,1729724482.0,1,4,13640.0,0.0,2.4773,2.4773,0.0,10.1387
29405.63,3.9361,-0.6537,1729724492.0,1,4,13650.0,0.0,2.4791,2.4791,0.0,10.1458
29415.63,3.9359,-0.6538,1729724502.0,1,4,13660.0,0.0,2.4809,2.4809,0.0,10.153
29425.63,3.9357,-0.6538,1729724512.0,1,4,13670.0,0.0,2.4828,2.4828,0.0,10.1601
29435.63,3.9356,-0.6539,1729724522.0,1,4,13680.0,0.0,2.4846,2.4846,0.0,10.1673
29445.63,3.9354,-0.6538,1729724532.0,1,4,13690.0,0.0,2.4864,2.4864,0.0,10.1744
29455.63,3.9353,-0.6539,1729724542.0,1,4,13700.0,0.0,2.4882,2.4882,0.0,10.1816
29465.63,3.935,-0.6538,1729724552.0,1,4,13710.0,0.0,2.49,2.49,0.0,10.1887
29475.63,3.9349,-0.6538,1729724562.0,1,4,13720.0,0.0,2.4918,2.4918,0.0,10.1958
29485.63,3.9347,-0.6538,1729724572.0,1,4,13730.0,0.0,2.4937,2.4937,0.0,10.203
29495.63,3.9346,-0.6538,1729724582.0,1,4,13740.0,0.0,2.4955,2.4955,0.0,10.2101
29505.63,3.9343,-0.6538,1729724592.0,1,4,13750.0,0.0,2.4973,2.4973,0.0,10.2173
29515.63,3.9342,-0.6537,1729724602.0,1,4,13760.0,0.0,2.4991,2.4991,0.0,10.2244
29525.63,3.934,-0.6539,1729724612.0,1,4,13770.0,0.0,2.5009,2.5009,0.0,10.2316
29535.63,3.9338,-0.6538,1729724622.0,1,4,13780.0,0.0,2.5027,2.5027,0.0,10.2387
29545.63,3.9336,-0.6539,1729724632.0,1,4,13790.0,0.0,2.5046,2.5046,0.0,10.2459
29555.63,3.9335,-0.6538,1729724642.0,1,4,13800.0,0.0,2.5064,2.5064,0.0,10.253
29565.63,3.9333,-0.6539,1729724652.0,1,4,13810.0,0.0,2.5082,2.5082,0.0,10.2602
29575.63,3.9331,-0.6539,1729724662.0,1,4,13820.0,0.0,2.51,2.51,0.0,10.2673
29585.63,3.9329,-0.6537,1729724672.0,1,4,13830.0,0.0,2.5118,2.5118,0.0,10.2744
29595.63,3.9327,-0.6538,1729724682.0,1,4,13840.0,0.0,2.5136,2.5136,0.0,10.2816
29605.63,3.9325,-0.6538,1729724692.0,1,4,13850.0,0.0,2.5154,2.5154,0.0,10.2887
29615.63,3.9324,-0.6538,1729724702.0,1,4,13860.0,0.0,2.5173,2.5173,0.0,10.2959
29625.63,3.9322,-0.6539,1729724712.0,1,4,13870.0,0.0,2.5191,2.5191,0.0,10.303
29635.63,3.932,-0.6538,1729724722.0,1,4,13880.0,0.0,2.5209,2.5209,0.0,10.3101
29645.63,3.9318,-0.6539,1729724732.0,1,4,13890.0,0.0,2.5227,2.5227,0.0,10.3173
29655.63,3.9317,-0.6538,1729724742.0,1,4,13900.0,0.0,2.5245,2.5245,0.0,10.3244
29665.63,3.9315,-0.6538,1729724752.0,1,4,13910.0,0.0,2.5263,2.5263,0.0,10.3316
29675.63,3.9313,-0.6538,1729724762.0,1,4,13920.0,0.0,2.5282,2.5282,0.0,10.3387
29685.63,3.9311,-0.6538,1729724772.0,1,4,13930.0,0.0,2.53,2.53,0.0,10.3458
29695.63,3.9309,-0.6538,1729724782.0,1,4,13940.0,0.0,2.5318,2.5318,0.0,10.353
29705.63,3.9308,-0.6539,1729724792.0,1,4,13950.0,0.0,2.5336,2.5336,0.0,10.3601
29715.63,3.9306,-0.6538,1729724802.0,1,4,13960.0,0.0,2.5354,2.5354,0.0,10.3673
29725.63,3.9304,-0.6539,1729724812.0,1,4,13970.0,0.0,2.5372,2.5372,0.0,10.3744
29735.63,3.9302,-0.6538,1729724822.0,1,4,13980.0,0.0,2.5391,2.5391,0.0,10.3815
29745.63,3.93,-0.6538,1729724832.0,1,4,13990.0,0.0,2.5409,2.5409,0.0,10.3887
29755.63,3.9298,-0.6538,1729724842.0,1,4,14000.0,0.0,2.5427,2.5427,0.0,10.3958
29765.63,3.9296,-0.6539,1729724852.0,1,4,14010.0,0.0,2.5445,2.5445,0.0,10.403
29775.63,3.9295,-0.6538,1729724862.0,1,4,14020.0,0.0,2.5463,2.5463,0.0,10.4101
29785.63,3.9293,-0.6538,1729724872.0,1,4,14030.0,0.0,2.5481,2.5481,0.0,10.4172
29795.63,3.9291,-0.6538,1729724882.0,1,4,14040.0,0.0,2.55,2.55,0.0,10.4244
29805.63,3.9289,-0.6538,1729724892.0,1,4,14050.0,0.0,2.5518,2.5518,0.0,10.4315
29815.63,3.9287,-0.6538,1729724902.0,1,4,14060.0,0.0,2.5536,2.5536,0.0,10.4386
29825.63,3.9286,-0.6537,1729724912.0,1,4,14070.0,0.0,2.5554,2.5554,0.0,10.4458
29835.63,3.9283,-0.6537,1729724922.0,1,4,14080.0,0.0,2.5572,2.5572,0.0,10.4529
29845.63,3.9282,-0.6538,1729724932.0,1,4,14090.0,0.0,2.559,2.559,0.0,10.46
29855.63,3.928,-0.6538,1729724942.0,1,4,14100.0,0.0,2.5609,2.5609,0.0,10.4672
29865.63,3.9278,-0.6538,1729724952.0,1,4,14110.0,0.0,2.5627,2.5627,0.0,10.4743
29875.63,3.9276,-0.6538,1729724962.0,1,4,14120.0,0.0,2.5645,2.5645,0.0,10.4814
29885.63,3.9274,-0.6538,1729724972.0,1,4,14130.0,0.0,2.5663,2.5663,0.0,10.4886
29895.63,3.9273,-0.6538,1729724982.0,1,4,14140.0,0.0,2.5681,2.5681,0.0,10.4957
29905.63,3.9271,-0.6538,1729724992.0,1,4,14150.0,0.0,2.5699,2.5699,0.0,10.5028
29915.63,3.9269,-0.6538,1729725002.0,1,4,14160.0,0.0,2.5717,2.5717,0.0,10.51
29925.63,3.9267,-0.6538,1729725012.0,1,4,14170.0,0.0,2.5736,2.5736,0.0,10.5171
29935.63,3.9265,-0.6538,1729725022.0,1,4,14180.0,0.0,2.5754,2.5754,0.0,10.5242
29945.63,3.9263,-0.6538,1729725032.0,1,4,14190.0,0.0,2.5772,2.5772,0.0,10.5314
29955.63,3.9262,-0.6538,1729725042.0,1,4,14200.0,0.0,2.579,2.579,0.0,10.5385
29965.63,3.926,-0.6538,1729725052.0,1,4,14210.0,0.0,2.5808,2.5808,0.0,10.5456
29975.63,3.9258,-0.6538,1729725062.0,1,4,14220.0,0.0,2.5826,2.5826,0.0,10.5528
29985.63,3.9256,-0.6538,1729725072.0,1,4,14230.0,0.0,2.5845,2.5845,0.0,10.5599
29995.63,3.9254,-0.6538,1729725082.0,1,4,14240.0,0.0,2.5863,2.5863,0.0,10.567
30005.63,3.9252,-0.6537,1729725092.0,1,4,14250.0,0.0,2.5881,2.5881,0.0,10.5741
30015.63,3.925,-0.6539,1729725102.0,1,4,14260.0,0.0,2.5899,2.5899,0.0,10.5813
30025.63,3.9249,-0.6538,1729725112.0,1,4,14270.0,0.0,2.5917,2.5917,0.0,10.5884
30035.63,3.9247,-0.6539,1729725122.0,1,4,14280.0,0.0,2.5935,2.5935,0.0,10.5955
30045.63,3.9245,-0.6538,1729725132.0,1,4,14290.0,0.0,2.5954,2.5954,0.0,10.6027
30055.63,3.9243,-0.6539,1729725142.0,1,4,14300.0,0.0,2.5972,2.5972,0.0,10.6098
30065.63,3.9241,-0.6538,1729725152.0,1,4,14310.0,0.0,2.599,2.599,0.0,10.6169
30075.63,3.9239,-0.6538,1729725162.0,1,4,14320.0,0.0,2.6008,2.6008,0.0,10.624
30085.63,3.9238,-0.6538,1729725172.0,1,4,14330.0,0.0,2.6026,2.6026,0.0,10.6312
30095.63,3.9236,-0.6538,1729725182.0,1,4,14340.0,0.0,2.6044,2.6044,0.0,10.6383
30105.63,3.9234,-0.6538,1729725192.0,1,4,14350.0,0.0,2.6063,2.6063,0.0,10.6454
30115.63,3.9232,-0.6537,1729725202.0,1,4,14360.0,0.0,2.6081,2.6081,0.0,10.6525
30125.63,3.923,-0.6539,1729725212.0,1,4,14370.0,0.0,2.6099,2.6099,0.0,10.6597
30135.63,3.9228,-0.6538,1729725222.0,1,4,14380.0,0.0,2.6117,2.6117,0.0,10.6668
30145.63,3.9226,-0.6538,1729725232.0,1,4,14390.0,0.0,2.6135,2.6135,0.0,10.6739
30155.63,3.9224,-0.6538,1729725242.0,1,4,14400.0,0.0,2.6153,2.6153,0.0,10.681
30165.63,3.9223,-0.6537,1729725252.0,1,4,14410.0,0.0,2.6172,2.6172,0.0,10.6882
30175.63,3.9221,-0.6538,1729725262.0,1,4,14420.0,0.0,2.619,2.619,0.0,10.6953
30185.63,3.9219,-0.6538,1729725272.0,1,4,14430.0,0.0,2.6208,2.6208,0.0,10.7024
30195.63,3.9217,-0.6538,1729725282.0,1,4,14440.0,0.0,2.6226,2.6226,0.0,10.7095
30205.63,3.9215,-0.6538,1729725292.0,1,4,14450.0,0.0,2.6244,2.6244,0.0,10.7166
30215.63,3.9213,-0.6537,1729725302.0,1,4,14460.0,0.0,2.6262,2.6262,0.0,10.7238
30225.63,3.9211,-0.6538,1729725312.0,1,4,14470.0,0.0,2.628,2.628,0.0,10.7309
30235.63,3.921,-0.6537,1729725322.0,1,4,14480.0,0.0,2.6299,2.6299,0.0,10.738
30245.63,3.9208,-0.6538,1729725332.0,1,4,14490.0,0.0,2.6317,2.6317,0.0,10.7451
30255.63,3.9206,-0.6538,1729725342.0,1,4,14500.0,0.0,2.6335,2.6335,0.0,10.7523
30265.63,3.9204,-0.6539,1729725352.0,1,4,14510.0,0.0,2.6353,2.6353,0.0,10.7594
30275.63,3.9202,-0.6538,1729725362.0,1,4,14520.0,0.0,2.6371,2.6371,0.0,10.7665
30285.63,3.92,-0.6538,1729725372.0,1,4,14530.0,0.0,2.6389,2.6389,0.0,10.7736
30295.63,3.9198,-0.6538,1729725382.0,1,4,14540.0,0.0,2.6408,2.6408,0.0,10.7807
30305.63,3.9196,-0.6538,1729725392.0,1,4,14550.0,0.0,2.6426,2.6426,0.0,10.7879
30315.63,3.9195,-0.6539,1729725402.0,1,4,14560.0,0.0,2.6444,2.6444,0.0,10.795
30325.63,3.9192,-0.6538,1729725412.0,1,4,14570.0,0.0,2.6462,2.6462,0.0,10.8021
30335.63,3.9191,-0.6538,1729725422.0,1,4,14580.0,0.0,2.648,2.648,0.0,10.8092
30345.63,3.9189,-0.6538,1729725432.0,1,4,14590.0,0.0,2.6498,2.6498,0.0,10.8163
30355.63,3.9187,-0.6538,1729725442.0,1,4,14600.0,0.0,2.6517,2.6517,0.0,10.8234
30365.63,3.9185,-0.6538,1729725452.0,1,4,14610.0,0.0,2.6535,2.6535,0.0,10.8306
30375.63,3.9183,-0.6539,1729725462.0,1,4,14620.0,0.0,2.6553,2.6553,0.0,10.8377
30385.63,3.9181,-0.6538,1729725472.0,1,4,14630.0,0.0,2.6571,2.6571,0.0,10.8448
30395.63,3.9179,-0.6538,1729725482.0,1,4,14640.0,0.0,2.6589,2.6589,0.0,10.8519
30405.63,3.9177,-0.6538,1729725492.0,1,4,14650.0,0.0,2.6607,2.6607,0.0,10.859
30415.63,3.9176,-0.6538,1729725502.0,1,4,14660.0,0.0,2.6626,2.6626,0.0,10.8661
30425.63,3.9174,-0.6538,1729725512.0,1,4,14670.0,0.0,2.6644,2.6644,0.0,10.8732
30435.63,3.9172,-0.6538,1729725522.0,1,4,14680.0,0.0,2.6662,2.6662,0.0,10.8804
30445.63,3.917,-0.6538,1729725532.0,1,4,14690.0,0.0,2.668,2.668,0.0,10.8875
30455.63,3.9168,-0.6538,1729725542.0,1,4,14700.0,0.0,2.6698,2.6698,0.0,10.8946
30465.63,3.9166,-0.6538,1729725552.0,1,4,14710.0,0.0,2.6716,2.6716,0.0,10.9017
30475.63,3.9164,-0.6538,1729725562.0,1,4,14720.0,0.0,2.6735,2.6735,0.0,10.9088
30485.63,3.9162,-0.6538,1729725572.0,1,4,14730.0,0.0,2.6753,2.6753,0.0,10.9159
30495.63,3.916,-0.6538,1729725582.0,1,4,14740.0,0.0,2.6771,2.6771,0.0,10.923
30505.63,3.9158,-0.6538,1729725592.0,1,4,14750.0,0.0,2.6789,2.6789,0.0,10.9302
30515.63,3.9157,-0.6538,1729725602.0,1,4,14760.0,0.0,2.6807,2.6807,0.0,10.9373
30525.63,3.9155,-0.6538,1729725612.0,1,4,14770.0,0.0,2.6825,2.6825,0.0,10.9444
30535.63,3.9152,-0.6538,1729725622.0,1,4,14780.0,0.0,2.6843,2.6843,0.0,10.9515
30545.63,3.9151,-0.6538,1729725632.0,1,4,14790.0,0.0,2.6862,2.6862,0.0,10.9586
30555.63,3.9149,-0.6538,1729725642.0,1,4,14800.0,0.0,2.688,2.688,0.0,10.9657
30565.63,3.9147,-0.6538,1729725652.0,1,4,14810.0,0.0,2.6898,2.6898,0.0,10.9728
30575.63,3.9145,-0.6538,1729725662.0,1,4,14820.0,0.0,2.6916,2.6916,0.0,10.9799
30585.63,3.9143,-0.6538,1729725672.0,1,4,14830.0,0.0,2.6934,2.6934,0.0,10.987
30595.63,3.9141,-0.6538,1729725682.0,1,4,14840.0,0.0,2.6952,2.6952,0.0,10.9941
30605.63,3.9139,-0.6538,1729725692.0,1,4,14850.0,0.0,2.6971,2.6971,0.0,11.0013
30615.63,3.9137,-0.6538,1729725702.0,1,4,14860.0,0.0,2.6989,2.6989,0.0,11.0084
30625.63,3.9135,-0.6538,1729725712.0,1,4,14870.0,0.0,2.7007,2.7007,0.0,11.0155
30635.63,3.9134,-0.6539,1729725722.0,1,4,14880.0,0.0,2.7025,2.7025,0.0,11.0226
30645.63,3.9131,-0.6538,1729725732.0,1,4,14890.0,0.0,2.7043,2.7043,0.0,11.0297
30655.63,3.913,-0.6539,1729725742.0,1,4,14900.0,0.0,2.7061,2.7061,0.0,11.0368
30665.63,3.9128,-0.6538,1729725752.0,1,4,14910.0,0.0,2.708,2.708,0.0,11.0439
30675.63,3.9126,-0.6538,1729725762.0,1,4,14920.0,0.0,2.7098,2.7098,0.0,11.051
30685.63,3.9124,-0.6539,1729725772.0,1,4,14930.0,0.0,2.7116,2.7116,0.0,11.0581
30695.63,3.9122,-0.6538,1729725782.0,1,4,14940.0,0.0,2.7134,2.7134,0.0,11.0652
30705.63,3.912,-0.6537,1729725792.0,1,4,14950.0,0.0,2.7152,2.7152,0.0,11.0723
30715.63,3.9118,-0.6538,1729725802.0,1,4,14960.0,0.0,2.717,2.717,0.0,11.0794
30725.63,3.9116,-0.6537,1729725812.0,1,4,14970.0,0.0,2.7189,2.7189,0.0,11.0865
30735.63,3.9114,-0.6538,1729725822.0,1,4,14980.0,0.0,2.7207,2.7207,0.0,11.0936
30745.63,3.9112,-0.6537,1729725832.0,1,4,14990.0,0.0,2.7225,2.7225,0.0,11.1007
30755.63,3.9111,-0.6538,1729725842.0,1,4,15000.0,0.0,2.7243,2.7243,0.0,11.1078
30765.63,3.9108,-0.6538,1729725852.0,1,4,15010.0,0.0,2.7261,2.7261,0.0,11.1149
30775.63,3.9106,-0.6538,1729725862.0,1,4,15020.0,0.0,2.7279,2.7279,0.0,11.122
30785.63,3.9104,-0.6538,1729725872.0,1,4,15030.0,0.0,2.7298,2.7298,0.0,11.1291
30795.63,3.9103,-0.6539,1729725882.0,1,4,15040.0,0.0,2.7316,2.7316,0.0,11.1362
30805.63,3.9101,-0.6538,1729725892.0,1,4,15050.0,0.0,2.7334,2.7334,0.0,11.1433
30815.63,3.9099,-0.6539,1729725902.0,1,4,15060.0,0.0,2.7352,2.7352,0.0,11.1504
30825.63,3.9097,-0.6539,1729725912.0,1,4,15070.0,0.0,2.737,2.737,0.0,11.1575
30835.63,3.9095,-0.6538,1729725922.0,1,4,15080.0,0.0,2.7388,2.7388,0.0,11.1646
30845.63,3.9093,-0.6538,1729725932.0,1,4,15090.0,0.0,2.7406,2.7406,0.0,11.1717
30855.63,3.9091,-0.6538,1729725942.0,1,4,15100.0,0.0,2.7425,2.7425,0.0,11.1788
30865.63,3.9089,-0.6538,1729725952.0,1,4,15110.0,0.0,2.7443,2.7443,0.0,11.1859
30875.63,3.9087,-0.6538,1729725962.0,1,4,15120.0,0.0,2.7461,2.7461,0.0,11.193
30885.63,3.9085,-0.6538,1729725972.0,1,4,15130.0,0.0,2.7479,2.7479,0.0,11.2001
30895.63,3.9083,-0.6538,1729725982.0,1,4,15140.0,0.0,2.7497,2.7497,0.0,11.2072
30905.63,3.9081,-0.6538,1729725992.0,1,4,15150.0,0.0,2.7515,2.7515,0.0,11.2143
30915.63,3.9079,-0.6538,1729726002.0,1,4,15160.0,0.0,2.7534,2.7534,0.0,11.2214
30925.63,3.9077,-0.6538,1729726012.0,1,4,15170.0,0.0,2.7552,2.7552,0.0,11.2285
30935.63,3.9075,-0.6538,1729726022.0,1,4,15180.0,0.0,2.757,2.757,0.0,11.2356
30945.63,3.9073,-0.6538,1729726032.0,1,4,15190.0,0.0,2.7588,2.7588,0.0,11.2427
30955.63,3.9071,-0.6539,1729726042.0,1,4,15200.0,0.0,2.7606,2.7606,0.0,11.2498
30965.63,3.9069,-0.6538,1729726052.0,1,4,15210.0,0.0,2.7624,2.7624,0.0,11.2569
30975.63,3.9068,-0.6538,1729726062.0,1,4,15220.0,0.0,2.7643,2.7643,0.0,11.264
30985.63,3.9066,-0.6538,1729726072.0,1,4,15230.0,0.0,2.7661,2.7661,0.0,11.2711
30995.63,3.9064,-0.6538,1729726082.0,1,4,15240.0,0.0,2.7679,2.7679,0.0,11.2782
31005.63,3.9062,-0.6537,1729726092.0,1,4,15250.0,0.0,2.7697,2.7697,0.0,11.2853
31015.63,3.9059,-0.6538,1729726102.0,1,4,15260.0,0.0,2.7715,2.7715,0.0,11.2924
31025.63,3.9058,-0.6539,1729726112.0,1,4,15270.0,0.0,2.7733,2.7733,0.0,11.2995
31035.63,3.9055,-0.6539,1729726122.0,1,4,15280.0,0.0,2.7752,2.7752,0.0,11.3066
31045.63,3.9054,-0.6539,1729726132.0,1,4,15290.0,0.0,2.777,2.777,0.0,11.3137
31055.63,3.9052,-0.6538,1729726142.0,1,4,15300.0,0.0,2.7788,2.7788,0.0,11.3208
31065.63,3.905,-0.6538,1729726152.0,1,4,15310.0,0.0,2.7806,2.7806,0.0,11.3279
31075.63,3.9048,-0.6538,1729726162.0,1,4,15320.0,0.0,2.7824,2.7824,0.0,11.335
31085.63,3.9046,-0.6539,1729726172.0,1,4,15330.0,0.0,2.7842,2.7842,0.0,11.342
31095.63,3.9044,-0.6538,1729726182.0,1,4,15340.0,0.0,2.7861,2.7861,0.0,11.3491
31105.63,3.9042,-0.6538,1729726192.0,1,4,15350.0,0.0,2.7879,2.7879,0.0,11.3562
31115.63,3.904,-0.6538,1729726202.0,1,4,15360.0,0.0,2.7897,2.7897,0.0,11.3633
31125.63,3.9038,-0.6538,1729726212.0,1,4,15370.0,0.0,2.7915,2.7915,0.0,11.3704
31135.63,3.9036,-0.6538,1729726222.0,1,4,15380.0,0.0,2.7933,2.7933,0.0,11.3775
31145.63,3.9034,-0.6538,1729726232.0,1,4,15390.0,0.0,2.7951,2.7951,0.0,11.3846
31155.63,3.9032,-0.6538,1729726242.0,1,4,15400.0,0.0,2.797,2.797,0.0,11.3917
31165.63,3.903,-0.6538,1729726252.0,1,4,15410.0,0.0,2.7988,2.7988,0.0,11.3988
31175.63,3.9028,-0.6538,1729726262.0,1,4,15420.0,0.0,2.8006,2.8006,0.0,11.4059
31185.63,3.9026,-0.6537,1729726272.0,1,4,15430.0,0.0,2.8024,2.8024,0.0,11.4129
31195.63,3.9024,-0.6538,1729726282.0,1,4,15440.0,0.0,2.8042,2.8042,0.0,11.42
31205.63,3.9022,-0.6538,1729726292.0,1,4,15450.0,0.0,2.806,2.806,0.0,11.4271
31215.63,3.902,-0.6538,1729726302.0,1,4,15460.0,0.0,2.8078,2.8078,0.0,11.4342
31225.63,3.9018,-0.6538,1729726312.0,1,4,15470.0,0.0,2.8097,2.8097,0.0,11.4413
31235.63,3.9016,-0.6539,1729726322.0,1,4,15480.0,0.0,2.8115,2.8115,0.0,11.4484
31245.63,3.9014,-0.6538,1729726332.0,1,4,15490.0,0.0,2.8133,2.8133,0.0,11.4555
31255.63,3.9012,-0.6538,1729726342.0,1,4,15500.0,0.0,2.8151,2.8151,0.0,11.4625
31265.63,3.901,-0.6538,1729726352.0,1,4,15510.0,0.0,2.8169,2.8169,0.0,11.4696
31275.63,3.9008,-0.6537,1729726362.0,1,4,15520.0,0.0,2.8187,2.8187,0.0,11.4767
31285.63,3.9006,-0.6538,1729726372.0,1,4,15530.0,0.0,2.8206,2.8206,0.0,11.4838
31295.63,3.9004,-0.6539,1729726382.0,1,4,15540.0,0.0,2.8224,2.8224,0.0,11.4909
31305.63,3.9002,-0.6538,1729726392.0,1,4,15550.0,0.0,2.8242,2.8242,0.0,11.498
31315.63,3.9,-0.6538,1729726402.0,1,4,15560.0,0.0,2.826,2.826,0.0,11.5051
31325.63,3.8998,-0.6538,1729726412.0,1,4,15570.0,0.0,2.8278,2.8278,0.0,11.5121
31335.63,3.8996,-0.6538,1729726422.0,1,4,15580.0,0.0,2.8296,2.8296,0.0,11.5192
31345.63,3.8994,-0.6539,1729726432.0,1,4,15590.0,0.0,2.8315,2.8315,0.0,11.5263
31355.63,3.8992,-0.6538,1729726442.0,1,4,15600.0,0.0,2.8333,2.8333,0.0,11.5334
31365.63,3.899,-0.6538,1729726452.0,1,4,15610.0,0.0,2.8351,2.8351,0.0,11.5405
31375.63,3.8988,-0.6538,1729726462.0,1,4,15620.0,0.0,2.8369,2.8369,0.0,11.5475
31385.63,3.8986,-0.6539,1729726472.0,1,4,15630.0,0.0,2.8387,2.8387,0.0,11.5546
31395.63,3.8984,-0.6538,1729726482.0,1,4,15640.0,0.0,2.8405,2.8405,0.0,11.5617
31405.63,3.8982,-0.6538,1729726492.0,1,4,15650.0,0.0,2.8424,2.8424,0.0,11.5688
31415.63,3.898,-0.6538,1729726502.0,1,4,15660.0,0.0,2.8442,2.8442,0.0,11.5759
31425.63,3.8978,-0.6538,1729726512.0,1,4,15670.0,0.0,2.846,2.846,0.0,11.5829
31435.63,3.8976,-0.6538,1729726522.0,1,4,15680.0,0.0,2.8478,2.8478,0.0,11.59
31445.63,3.8974,-0.6538,1729726532.0,1,4,15690.0,0.0,2.8496,2.8496,0.0,11.5971
31455.63,3.8972,-0.6538,1729726542.0,1,4,15700.0,0.0,2.8514,2.8514,0.0,11.6042
31465.63,3.897,-0.6538,1729726552.0,1,4,15710.0,0.0,2.8533,2.8533,0.0,11.6113
31475.63,3.8968,-0.6538,1729726562.0,1,4,15720.0,0.0,2.8551,2.8551,0.0,11.6183
31485.63,3.8966,-0.6538,1729726572.0,1,4,15730.0,0.0,2.8569,2.8569,0.0,11.6254
31495.63,3.8964,-0.6538,1729726582.0,1,4,15740.0,0.0,2.8587,2.8587,0.0,11.6325
31505.63,3.8962,-0.6538,1729726592.0,1,4,15750.0,0.0,2.8605,2.8605,0.0,11.6396
31515.63,3.896,-0.6538,1729726602.0,1,4,15760.0,0.0,2.8623,2.8623,0.0,11.6466
31525.63,3.8958,-0.6537,1729726612.0,1,4,15770.0,0.0,2.8641,2.8641,0.0,11.6537
31535.63,3.8956,-0.6539,1729726622.0,1,4,15780.0,0.0,2.866,2.866,0.0,11.6608
31545.63,3.8954,-0.6538,1729726632.0,1,4,15790.0,0.0,2.8678,2.8678,0.0,11.6679
31555.63,3.8952,-0.6538,1729726642.0,1,4,15800.0,0.0,2.8696,2.8696,0.0,11.6749
31565.63,3.895,-0.6537,1729726652.0,1,4,15810.0,0.0,2.8714,2.8714,0.0,11.682
31575.63,3.8948,-0.6538,1729726662.0,1,4,15820.0,0.0,2.8732,2.8732,0.0,11.6891
31585.63,3.8946,-0.6538,1729726672.0,1,4,15830.0,0.0,2.875,2.875,0.0,11.6962
31595.63,3.8943,-0.6538,1729726682.0,1,4,15840.0,0.0,2.8769,2.8769,0.0,11.7032
31605.63,3.8942,-0.6538,1729726692.0,1,4,15850.0,0.0,2.8787,2.8787,0.0,11.7103
31615.63,3.894,-0.6538,1729726702.0,1,4,15860.0,0.0,2.8805,2.8805,0.0,11.7174
31625.63,3.8937,-0.6539,1729726712.0,1,4,15870.0,0.0,2.8823,2.8823,0.0,11.7244
31635.63,3.8936,-0.6537,1729726722.0,1,4,15880.0,0.0,2.8841,2.8841,0.0,11.7315
31645.63,3.8933,-0.6538,1729726732.0,1,4,15890.0,0.0,2.8859,2.8859,0.0,11.7386
31655.63,3.8931,-0.6538,1729726742.0,1,4,15900.0,0.0,2.8878,2.8878,0.0,11.7457
31665.63,3.8929,-0.6538,1729726752.0,1,4,15910.0,0.0,2.8896,2.8896,0.0,11.7527
31675.63,3.8927,-0.6538,1729726762.0,1,4,15920.0,0.0,2.8914,2.8914,0.0,11.7598
31685.63,3.8925,-0.6539,1729726772.0,1,4,15930.0,0.0,2.8932,2.8932,0.0,11.7669
31695.63,3.8923,-0.6538,1729726782.0,1,4,15940.0,0.0,2.895,2.895,0.0,11.7739
31705.63,3.8921,-0.6538,1729726792.0,1,4,15950.0,0.0,2.8968,2.8968,0.0,11.781
31715.63,3.8919,-0.6538,1729726802.0,1,4,15960.0,0.0,2.8987,2.8987,0.0,11.7881
31725.63,3.8917,-0.6538,1729726812.0,1,4,15970.0,0.0,2.9005,2.9005,0.0,11.7951
31735.63,3.8915,-0.6538,1729726822.0,1,4,15980.0,0.0,2.9023,2.9023,0.0,11.8022
31745.63,3.8913,-0.6538,1729726832.0,1,4,15990.0,0.0,2.9041,2.9041,0.0,11.8093
31755.63,3.8911,-0.6539,1729726842.0,1,4,16000.0,0.0,2.9059,2.9059,0.0,11.8163
31765.63,3.8909,-0.6538,1729726852.0,1,4,16010.0,0.0,2.9077,2.9077,0.0,11.8234
31775.63,3.8907,-0.6538,1729726862.0,1,4,16020.0,0.0,2.9096,2.9096,0.0,11.8305
31785.63,3.8905,-0.6538,1729726872.0,1,4,16030.0,0.0,2.9114,2.9114,0.0,11.8375
31795.63,3.8903,-0.6538,1729726882.0,1,4,16040.0,0.0,2.9132,2.9132,0.0,11.8446
31805.63,3.89,-0.6538,1729726892.0,1,4,16050.0,0.0,2.915,2.915,0.0,11.8517
31815.63,3.8899,-0.6538,1729726902.0,1,4,16060.0,0.0,2.9168,2.9168,0.0,11.8587
31825.63,3.8897,-0.6538,1729726912.0,1,4,16070.0,0.0,2.9186,2.9186,0.0,11.8658
31835.63,3.8894,-0.6538,1729726922.0,1,4,16080.0,0.0,2.9204,2.9204,0.0,11.8729
31845.63,3.8893,-0.6538,1729726932.0,1,4,16090.0,0.0,2.9223,2.9223,0.0,11.8799
31855.63,3.889,-0.6538,1729726942.0,1,4,16100.0,0.0,2.9241,2.9241,0.0,11.887
31865.63,3.8888,-0.6538,1729726952.0,1,4,16110.0,0.0,2.9259,2.9259,0.0,11.8941
31875.63,3.8886,-0.6538,1729726962.0,1,4,16120.0,0.0,2.9277,2.9277,0.0,11.9011
31885.63,3.8884,-0.6538,1729726972.0,1,4,16130.0,0.0,2.9295,2.9295,0.0,11.9082
31895.63,3.8882,-0.6538,1729726982.0,1,4,16140.0,0.0,2.9313,2.9313,0.0,11.9152
31905.63,3.888,-0.6538,1729726992.0,1,4,16150.0,0.0,2.9332,2.9332,0.0,11.9223
31915.63,3.8878,-0.6539,1729727002.0,1,4,16160.0,0.0,2.935,2.935,0.0,11.9294
31925.63,3.8876,-0.6538,1729727012.0,1,4,16170.0,0.0,2.9368,2.9368,0.0,11.9364
31935.63,3.8874,-0.6538,1729727022.0,1,4,16180.0,0.0,2.9386,2.9386,0.0,11.9435
31945.63,3.8872,-0.6539,1729727032.0,1,4,16190.0,0.0,2.9404,2.9404,0.0,11.9505
31955.63,3.887,-0.6538,1729727042.0,1,4,16200.0,0.0,2.9422,2.9422,0.0,11.9576
31965.63,3.8868,-0.6538,1729727052.0,1,4,16210.0,0.0,2.9441,2.9441,0.0,11.9647
31975.63,3.8866,-0.6539,1729727062.0,1,4,16220.0,0.0,2.9459,2.9459,0.0,11.9717
31985.63,3.8864,-0.6538,1729727072.0,1,4,16230.0,0.0,2.9477,2.9477,0.0,11.9788
31995.63,3.8862,-0.6537,1729727082.0,1,4,16240.0,0.0,2.9495,2.9495,0.0,11.9858
32005.63,3.886,-0.6538,1729727092.0,1,4,16250.0,0.0,2.9513,2.9513,0.0,11.9929
32015.63,3.8858,-0.6538,1729727102.0,1,4,16260.0,0.0,2.9531,2.9531,0.0,12.0
32025.63,3.8856,-0.6539,1729727112.0,1,4,16270.0,0.0,2.955,2.955,0.0,12.007
32035.63,3.8853,-0.6538,1729727122.0,1,4,16280.0,0.0,2.9568,2.9568,0.0,12.0141
32045.63,3.8852,-0.6538,1729727132.0,1,4,16290.0,0.0,2.9586,2.9586,0.0,12.0211
32055.63,3.885,-0.6539,1729727142.0,1,4,16300.0,0.0,2.9604,2.9604,0.0,12.0282
32065.63,3.8847,-0.6538,1729727152.0,1,4,16310.0,0.0,2.9622,2.9622,0.0,12.0352
32075.63,3.8845,-0.6538,1729727162.0,1,4,16320.0,0.0,2.964,2.964,0.0,12.0423
32085.63,3.8843,-0.6537,1729727172.0,1,4,16330.0,0.0,2.9659,2.9659,0.0,12.0493
32095.63,3.8841,-0.6538,1729727182.0,1,4,16340.0,0.0,2.9677,2.9677,0.0,12.0564
32105.63,3.8839,-0.6538,1729727192.0,1,4,16350.0,0.0,2.9695,2.9695,0.0,12.0635
32115.63,3.8837,-0.6538,1729727202.0,1,4,16360.0,0.0,2.9713,2.9713,0.0,12.0705
32125.63,3.8835,-0.6538,1729727212.0,1,4,16370.0,0.0,2.9731,2.9731,0.0,12.0776
32135.63,3.8833,-0.6538,1729727222.0,1,4,16380.0,0.0,2.9749,2.9749,0.0,12.0846
32145.63,3.883,-0.6538,1729727232.0,1,4,16390.0,0.0,2.9768,2.9768,0.0,12.0917
32155.63,3.8828,-0.6538,1729727242.0,1,4,16400.0,0.0,2.9786,2.9786,0.0,12.0987
32165.63,3.8826,-0.6538,1729727252.0,1,4,16410.0,0.0,2.9804,2.9804,0.0,12.1058
32175.63,3.8824,-0.6538,1729727262.0,1,4,16420.0,0.0,2.9822,2.9822,0.0,12.1128
32185.63,3.8822,-0.6539,1729727272.0,1,4,16430.0,0.0,2.984,2.984,0.0,12.1199
32195.63,3.8821,-0.6538,1729727282.0,1,4,16440.0,0.0,2.9858,2.9858,0.0,12.1269
32205.63,3.8818,-0.6539,1729727292.0,1,4,16450.0,0.0,2.9876,2.9876,0.0,12.134
32215.63,3.8816,-0.6539,1729727302.0,1,4,16460.0,0.0,2.9895,2.9895,0.0,12.141
32225.63,3.8814,-0.6538,1729727312.0,1,4,16470.0,0.0,2.9913,2.9913,0.0,12.1481
32235.63,3.8812,-0.6538,1729727322.0,1,4,16480.0,0.0,2.9931,2.9931,0.0,12.1551
32245.63,3.881,-0.6538,1729727332.0,1,4,16490.0,0.0,2.9949,2.9949,0.0,12.1622
32255.63,3.8808,-0.6538,1729727342.0,1,4,16500.0,0.0,2.9967,2.9967,0.0,12.1692
32265.63,3.8806,-0.6538,1729727352.0,1,4,16510.0,0.0,2.9985,2.9985,0.0,12.1763
32275.63,3.8804,-0.6538,1729727362.0,1,4,16520.0,0.0,3.0004,3.0004,0.0,12.1833
32285.63,3.8802,-0.6537,1729727372.0,1,4,16530.0,0.0,3.0022,3.0022,0.0,12.1904
32295.63,3.88,-0.6538,1729727382.0,1,4,16540.0,0.0,3.004,3.004,0.0,12.1974
32305.63,3.8798,-0.6538,1729727392.0,1,4,16550.0,0.0,3.0058,3.0058,0.0,12.2045
32315.63,3.8796,-0.6537,1729727402.0,1,4,16560.0,0.0,3.0076,3.0076,0.0,12.2115
32325.63,3.8794,-0.6538,1729727412.0,1,4,16570.0,0.0,3.0094,3.0094,0.0,12.2185
32335.63,3.8792,-0.6538,1729727422.0,1,4,16580.0,0.0,3.0113,3.0113,0.0,12.2256
32345.63,3.879,-0.6537,1729727432.0,1,4,16590.0,0.0,3.0131,3.0131,0.0,12.2326
32355.63,3.8788,-0.6538,1729727442.0,1,4,16600.0,0.0,3.0149,3.0149,0.0,12.2397
32365.63,3.8786,-0.6538,1729727452.0,1,4,16610.0,0.0,3.0167,3.0167,0.0,12.2467
32375.63,3.8784,-0.6538,1729727462.0,1,4,16620.0,0.0,3.0185,3.0185,0.0,12.2538
32385.63,3.8782,-0.6538,1729727472.0,1,4,16630.0,0.0,3.0203,3.0203,0.0,12.2608
32395.63,3.878,-0.6538,1729727482.0,1,4,16640.0,0.0,3.0222,3.0222,0.0,12.2679
32405.63,3.8778,-0.6538,1729727492.0,1,4,16650.0,0.0,3.024,3.024,0.0,12.2749
32415.63,3.8776,-0.6538,1729727502.0,1,4,16660.0,0.0,3.0258,3.0258,0.0,12.2819
32425.63,3.8774,-0.6539,1729727512.0,1,4,16670.0,0.0,3.0276,3.0276,0.0,12.289
32435.63,3.8772,-0.6539,1729727522.0,1,4,16680.0,0.0,3.0294,3.0294,0.0,12.296
32445.63,3.877,-0.6538,1729727532.0,1,4,16690.0,0.0,3.0312,3.0312,0.0,12.3031
32455.63,3.8768,-0.6538,1729727542.0,1,4,16700.0,0.0,3.033,3.033,0.0,12.3101
32465.63,3.8766,-0.6538,1729727552.0,1,4,16710.0,0.0,3.0349,3.0349,0.0,12.3171
32475.63,3.8763,-0.6537,1729727562.0,1,4,16720.0,0.0,3.0367,3.0367,0.0,12.3242
32485.63,3.8762,-0.6539,1729727572.0,1,4,16730.0,0.0,3.0385,3.0385,0.0,12.3312
32495.63,3.876,-0.6538,1729727582.0,1,4,16740.0,0.0,3.0403,3.0403,0.0,12.3383
32505.63,3.8758,-0.6538,1729727592.0,1,4,16750.0,0.0,3.0421,3.0421,0.0,12.3453
32515.63,3.8756,-0.6538,1729727602.0,1,4,16760.0,0.0,3.0439,3.0439,0.0,12.3523
32525.63,3.8754,-0.6538,1729727612.0,1,4,16770.0,0.0,3.0458,3.0458,0.0,12.3594
32535.63,3.8752,-0.6538,1729727622.0,1,4,16780.0,0.0,3.0476,3.0476,0.0,12.3664
32545.63,3.875,-0.6538,1729727632.0,1,4,16790.0,0.0,3.0494,3.0494,0.0,12.3735
32555.63,3.8748,-0.6537,1729727642.0,1,4,16800.0,0.0,3.0512,3.0512,0.0,12.3805
32565.63,3.8746,-0.6537,1729727652.0,1,4,16810.0,0.0,3.053,3.053,0.0,12.3875
32575.63,3.8744,-0.6538,1729727662.0,1,4,16820.0,0.0,3.0548,3.0548,0.0,12.3946
32585.63,3.8742,-0.6538,1729727672.0,1,4,16830.0,0.0,3.0567,3.0567,0.0,12.4016
32595.63,3.874,-0.6538,1729727682.0,1,4,16840.0,0.0,3.0585,3.0585,0.0,12.4086
32605.63,3.8737,-0.6537,1729727692.0,1,4,16850.0,0.0,3.0603,3.0603,0.0,12.4157
32615.63,3.8736,-0.6538,1729727702.0,1,4,16860.0,0.0,3.0621,3.0621,0.0,12.4227
32625.63,3.8734,-0.6538,1729727712.0,1,4,16870.0,0.0,3.0639,3.0639,0.0,12.4297
32635.63,3.8732,-0.6538,1729727722.0,1,4,16880.0,0.0,3.0657,3.0657,0.0,12.4368
32645.63,3.873,-0.6538,1729727732.0,1,4,16890.0,0.0,3.0676,3.0676,0.0,12.4438
32655.63,3.8728,-0.6538,1729727742.0,1,4,16900.0,0.0,3.0694,3.0694,0.0,12.4508
32665.63,3.8726,-0.6538,1729727752.0,1,4,16910.0,0.0,3.0712,3.0712,0.0,12.4579
32675.63,3.8724,-0.6538,1729727762.0,1,4,16920.0,0.0,3.073,3.073,0.0,12.4649
32685.63,3.8722,-0.6538,1729727772.0,1,4,16930.0,0.0,3.0748,3.0748,0.0,12.4719
32695.63,3.872,-0.6537,1729727782.0,1,4,16940.0,0.0,3.0766,3.0766,0.0,12.479
32705.63,3.8718,-0.6538,1729727792.0,1,4,16950.0,0.0,3.0785,3.0785,0.0,12.486
32715.63,3.8716,-0.6538,1729727802.0,1,4,16960.0,0.0,3.0803,3.0803,0.0,12.493
32725.63,3.8714,-0.6538,1729727812.0,1,4,16970.0,0.0,3.0821,3.0821,0.0,12.5001
32735.63,3.8712,-0.6538,1729727822.0,1,4,16980.0,0.0,3.0839,3.0839,0.0,12.5071
32745.63,3.871,-0.6538,1729727832.0,1,4,16990.0,0.0,3.0857,3.0857,0.0,12.5141
32755.63,3.8708,-0.6539,1729727842.0,1,4,17000.0,0.0,3.0875,3.0875,0.0,12.5212
32765.63,3.8706,-0.6538,1729727852.0,1,4,17010.0,0.0,3.0893,3.0893,0.0,12.5282
32775.63,3.8704,-0.6538,1729727862.0,1,4,17020.0,0.0,3.0912,3.0912,0.0,12.5352
32785.63,3.8703,-0.6538,1729727872.0,1,4,17030.0,0.0,3.093,3.093,0.0,12.5422
32795.63,3.87,-0.6537,1729727882.0,1,4,17040.0,0.0,3.0948,3.0948,0.0,12.5493
32805.63,3.8699,-0.6538,1729727892.0,1,4,17050.0,0.0,3.0966,3.0966,0.0,12.5563
32815.63,3.8697,-0.6538,1729727902.0,1,4,17060.0,0.0,3.0984,3.0984,0.0,12.5633
32825.63,3.8695,-0.6538,1729727912.0,1,4,17070.0,0.0,3.1002,3.1002,0.0,12.5704
32835.63,3.8693,-0.6537,1729727922.0,1,4,17080.0,0.0,3.1021,3.1021,0.0,12.5774
32845.63,3.8691,-0.6538,1729727932.0,1,4,17090.0,0.0,3.1039,3.1039,0.0,12.5844
32855.63,3.8689,-0.6538,1729727942.0,1,4,17100.0,0.0,3.1057,3.1057,0.0,12.5914
32865.63,3.8687,-0.6538,1729727952.0,1,4,17110.0,0.0,3.1075,3.1075,0.0,12.5985
32875.63,3.8685,-0.6538,1729727962.0,1,4,17120.0,0.0,3.1093,3.1093,0.0,12.6055
32885.63,3.8683,-0.6538,1729727972.0,1,4,17130.0,0.0,3.1111,3.1111,0.0,12.6125
32895.63,3.8682,-0.6538,1729727982.0,1,4,17140.0,0.0,3.113,3.113,0.0,12.6195
32905.63,3.868,-0.6538,1729727992.0,1,4,17150.0,0.0,3.1148,3.1148,0.0,12.6266
32915.63,3.8678,-0.6538,1729728001.0,1,4,17160.0,0.0,3.1166,3.1166,0.0,12.6336
32925.63,3.8676,-0.6538,1729728011.0,1,4,17170.0,0.0,3.1184,3.1184,0.0,12.6406
32935.63,3.8674,-0.6538,1729728021.0,1,4,17180.0,0.0,3.1202,3.1202,0.0,12.6476
32945.63,3.8672,-0.6538,1729728031.0,1,4,17190.0,0.0,3.122,3.122,0.0,12.6547
32955.63,3.867,-0.6538,1729728041.0,1,4,17200.0,0.0,3.1239,3.1239,0.0,12.6617
32965.63,3.8668,-0.6538,1729728051.0,1,4,17210.0,0.0,3.1257,3.1257,0.0,12.6687
32975.63,3.8666,-0.6538,1729728061.0,1,4,17220.0,0.0,3.1275,3.1275,0.0,12.6757
32985.63,3.8664,-0.6538,1729728071.0,1,4,17230.0,0.0,3.1293,3.1293,0.0,12.6828
32995.63,3.8662,-0.6538,1729728081.0,1,4,17240.0,0.0,3.1311,3.1311,0.0,12.6898
33005.63,3.8661,-0.6538,1729728091.0,1,4,17250.0,0.0,3.1329,3.1329,0.0,12.6968
33015.63,3.8659,-0.6538,1729728101.0,1,4,17260.0,0.0,3.1348,3.1348,0.0,12.7038
33025.63,3.8657,-0.6538,1729728111.0,1,4,17270.0,0.0,3.1366,3.1366,0.0,12.7108
33035.63,3.8655,-0.6538,1729728121.0,1,4,17280.0,0.0,3.1384,3.1384,0.0,12.7179
33045.63,3.8653,-0.6538,1729728131.0,1,4,17290.0,0.0,3.1402,3.1402,0.0,12.7249
33055.63,3.8651,-0.6538,1729728141.0,1,4,17300.0,0.0,3.142,3.142,0.0,12.7319
33065.63,3.8649,-0.6538,1729728151.0,1,4,17310.0,0.0,3.1438,3.1438,0.0,12.7389
33075.63,3.8648,-0.6538,1729728161.0,1,4,17320.0,0.0,3.1456,3.1456,0.0,12.7459
33085.63,3.8646,-0.6538,1729728171.0,1,4,17330.0,0.0,3.1475,3.1475,0.0,12.753
33095.63,3.8644,-0.6538,1729728181.0,1,4,17340.0,0.0,3.1493,3.1493,0.0,12.76
33105.63,3.8642,-0.6538,1729728191.0,1,4,17350.0,0.0,3.1511,3.1511,0.0,12.767
33115.63,3.8641,-0.6537,1729728201.0,1,4,17360.0,0.0,3.1529,3.1529,0.0,12.774
33125.63,3.8639,-0.6538,1729728211.0,1,4,17370.0,0.0,3.1547,3.1547,0.0,12.781
33135.63,3.8637,-0.6538,1729728221.0,1,4,17380.0,0.0,3.1565,3.1565,0.0,12.788
33145.63,3.8634,-0.6537,1729728231.0,1,4,17390.0,0.0,3.1584,3.1584,0.0,12.7951
33155.63,3.8633,-0.6538,1729728241.0,1,4,17400.0,0.0,3.1602,3.1602,0.0,12.8021
33165.63,3.8631,-0.6538,1729728251.0,1,4,17410.0,0.0,3.162,3.162,0.0,12.8091
33175.63,3.8629,-0.6538,1729728261.0,1,4,17420.0,0.0,3.1638,3.1638,0.0,12.8161
33185.63,3.8628,-0.6538,1729728271.0,1,4,17430.0,0.0,3.1656,3.1656,0.0,12.8231
33195.63,3.8626,-0.6538,1729728281.0,1,4,17440.0,0.0,3.1674,3.1674,0.0,12.8301
33205.63,3.8624,-0.6538,1729728291.0,1,4,17450.0,0.0,3.1693,3.1693,0.0,12.8371
33215.63,3.8622,-0.6539,1729728301.0,1,4,17460.0,0.0,3.1711,3.1711,0.0,12.8442
33225.63,3.8621,-0.6538,1729728311.0,1,4,17470.0,0.0,3.1729,3.1729,0.0,12.8512
33235.63,3.8618,-0.6538,1729728321.0,1,4,17480.0,0.0,3.1747,3.1747,0.0,12.8582
33245.63,3.8617,-0.6538,1729728331.0,1,4,17490.0,0.0,3.1765,3.1765,0.0,12.8652
33255.63,3.8615,-0.6538,1729728341.0,1,4,17500.0,0.0,3.1783,3.1783,0.0,12.8722
33265.63,3.8613,-0.6538,1729728351.0,1,4,17510.0,0.0,3.1802,3.1802,0.0,12.8792
33275.63,3.8612,-0.6538,1729728361.0,1,4,17520.0,0.0,3.182,3.182,0.0,12.8862
33285.63,3.861,-0.6538,1729728371.0,1,4,17530.0,0.0,3.1838,3.1838,0.0,12.8933
33295.63,3.8608,-0.6538,1729728381.0,1,4,17540.0,0.0,3.1856,3.1856,0.0,12.9003
33305.63,3.8606,-0.6538,1729728391.0,1,4,17550.0,0.0,3.1874,3.1874,0.0,12.9073
33315.63,3.8605,-0.6538,1729728401.0,1,4,17560.0,0.0,3.1892,3.1892,0.0,12.9143
33325.63,3.8603,-0.6538,1729728411.0,1,4,17570.0,0.0,3.191,3.191,0.0,12.9213
33335.63,3.8601,-0.6538,1729728421.0,1,4,17580.0,0.0,3.1929,3.1929,0.0,12.9283
33345.63,3.86,-0.6538,1729728431.0,1,4,17590.0,0.0,3.1947,3.1947,0.0,12.9353
33355.63,3.8598,-0.6538,1729728441.0,1,4,17600.0,0.0,3.1965,3.1965,0.0,12.9423
33365.63,3.8596,-0.6538,1729728451.0,1,4,17610.0,0.0,3.1983,3.1983,0.0,12.9493
33375.63,3.8594,-0.6538,1729728461.0,1,4,17620.0,0.0,3.2001,3.2001,0.0,12.9563
33385.63,3.8593,-0.6537,1729728471.0,1,4,17630.0,0.0,3.2019,3.2019,0.0,12.9634
33395.63,3.8591,-0.6538,1729728481.0,1,4,17640.0,0.0,3.2038,3.2038,0.0,12.9704
33405.63,3.8589,-0.6538,1729728491.0,1,4,17650.0,0.0,3.2056,3.2056,0.0,12.9774
33415.63,3.8588,-0.6538,1729728501.0,1,4,17660.0,0.0,3.2074,3.2074,0.0,12.9844
33425.63,3.8586,-0.6537,1729728511.0,1,4,17670.0,0.0,3.2092,3.2092,0.0,12.9914
33435.63,3.8584,-0.6538,1729728521.0,1,4,17680.0,0.0,3.211,3.211,0.0,12.9984
33445.63,3.8582,-0.6538,1729728531.0,1,4,17690.0,0.0,3.2128,3.2128,0.0,13.0054
33455.63,3.8581,-0.6538,1729728541.0,1,4,17700.0,0.0,3.2147,3.2147,0.0,13.0124
33465.63,3.8579,-0.6538,1729728551.0,1,4,17710.0,0.0,3.2165,3.2165,0.0,13.0194
33475.63,3.8578,-0.6538,1729728561.0,1,4,17720.0,0.0,3.2183,3.2183,0.0,13.0264
33485.63,3.8576,-0.6538,1729728571.0,1,4,17730.0,0.0,3.2201,3.2201,0.0,13.0334
33495.63,3.8574,-0.6538,1729728581.0,1,4,17740.0,0.0,3.2219,3.2219,0.0,13.0404
33505.63,3.8573,-0.6538,1729728591.0,1,4,17750.0,0.0,3.2237,3.2237,0.0,13.0474
33515.63,3.8571,-0.6537,1729728601.0,1,4,17760.0,0.0,3.2256,3.2256,0.0,13.0544
33525.63,3.8569,-0.6538,1729728611.0,1,4,17770.0,0.0,3.2274,3.2274,0.0,13.0614
33535.63,3.8568,-0.6538,1729728621.0,1,4,17780.0,0.0,3.2292,3.2292,0.0,13.0685
33545.63,3.8566,-0.6538,1729728631.0,1,4,17790.0,0.0,3.231,3.231,0.0,13.0755
33555.63,3.8564,-0.6538,1729728641.0,1,4,17800.0,0.0,3.2328,3.2328,0.0,13.0825
33565.63,3.8562,-0.6538,1729728651.0,1,4,17810.0,0.0,3.2346,3.2346,0.0,13.0895
33575.63,3.8561,-0.6538,1729728661.0,1,4,17820.0,0.0,3.2365,3.2365,0.0,13.0965
33585.63,3.8559,-0.6538,1729728671.0,1,4,17830.0,0.0,3.2383,3.2383,0.0,13.1035
33595.63,3.8557,-0.6538,1729728681.0,1,4,17840.0,0.0,3.2401,3.2401,0.0,13.1105
33605.63,3.8556,-0.6537,1729728691.0,1,4,17850.0,0.0,3.2419,3.2419,0.0,13.1175
33615.63,3.8554,-0.6538,1729728701.0,1,4,17860.0,0.0,3.2437,3.2437,0.0,13.1245
33625.63,3.8553,-0.6538,1729728711.0,1,4,17870.0,0.0,3.2455,3.2455,0.0,13.1315
33635.63,3.8551,-0.6538,1729728721.0,1,4,17880.0,0.0,3.2473,3.2473,0.0,13.1385
33645.63,3.8549,-0.6538,1729728731.0,1,4,17890.0,0.0,3.2492,3.2492,0.0,13.1455
33655.63,3.8547,-0.6538,1729728741.0,1,4,17900.0,0.0,3.251,3.251,0.0,13.1525
33665.63,3.8546,-0.6538,1729728751.0,1,4,17910.0,0.0,3.2528,3.2528,0.0,13.1595
33675.63,3.8544,-0.6537,1729728761.0,1,4,17920.0,0.0,3.2546,3.2546,0.0,13.1665
33685.63,3.8543,-0.6537,1729728771.0,1,4,17930.0,0.0,3.2564,3.2564,0.0,13.1735
33695.63,3.8541,-0.6537,1729728781.0,1,4,17940.0,0.0,3.2582,3.2582,0.0,13.1805
33705.63,3.8539,-0.6538,1729728791.0,1,4,17950.0,0.0,3.2601,3.2601,0.0,13.1875
33715.63,3.8538,-0.6538,1729728801.0,1,4,17960.0,0.0,3.2619,3.2619,0.0,13.1945
33725.63,3.8536,-0.6538,1729728811.0,1,4,17970.0,0.0,3.2637,3.2637,0.0,13.2015
33735.63,3.8535,-0.6539,1729728821.0,1,4,17980.0,0.0,3.2655,3.2655,0.0,13.2085
33745.63,3.8533,-0.6538,1729728831.0,1,4,17990.0,0.0,3.2673,3.2673,0.0,13.2155
33755.63,3.8531,-0.6537,1729728841.0,1,4,18000.0,0.0,3.2691,3.2691,0.0,13.2225
33765.63,3.853,-0.6538,1729728851.0,1,4,18010.0,0.0,3.271,3.271,0.0,13.2295
33775.63,3.8528,-0.6538,1729728861.0,1,4,18020.0,0.0,3.2728,3.2728,0.0,13.2365
33785.63,3.8526,-0.6538,1729728871.0,1,4,18030.0,0.0,3.2746,3.2746,0.0,13.2435
33795.63,3.8525,-0.6538,1729728881.0,1,4,18040.0,0.0,3.2764,3.2764,0.0,13.2505
33805.63,3.8523,-0.6537,1729728891.0,1,4,18050.0,0.0,3.2782,3.2782,0.0,13.2574
33815.63,3.8522,-0.6537,1729728901.0,1,4,18060.0,0.0,3.28,3.28,0.0,13.2644
33825.63,3.852,-0.6537,1729728911.0,1,4,18070.0,0.0,3.2819,3.2819,0.0,13.2714
33835.63,3.8519,-0.6538,1729728921.0,1,4,18080.0,0.0,3.2837,3.2837,0.0,13.2784
33845.63,3.8517,-0.6538,1729728931.0,1,4,18090.0,0.0,3.2855,3.2855,0.0,13.2854
33855.63,3.8515,-0.6538,1729728941.0,1,4,18100.0,0.0,3.2873,3.2873,0.0,13.2924
33865.63,3.8514,-0.6538,1729728951.0,1,4,18110.0,0.0,3.2891,3.2891,0.0,13.2994
33875.63,3.8513,-0.6538,1729728961.0,1,4,18120.0,0.0,3.2909,3.2909,0.0,13.3064
33885.63,3.8511,-0.6538,1729728971.0,1,4,18130.0,0.0,3.2927,3.2927,0.0,13.3134
33895.63,3.8509,-0.6538,1729728981.0,1,4,18140.0,0.0,3.2946,3.2946,0.0,13.3204
33905.63,3.8508,-0.6538,1729728991.0,1,4,18150.0,0.0,3.2964,3.2964,0.0,13.3274
33915.63,3.8506,-0.6538,1729729001.0,1,4,18160.0,0.0,3.2982,3.2982,0.0,13.3344
33925.63,3.8505,-0.6538,1729729011.0,1,4,18170.0,0.0,3.3,3.3,0.0,13.3414
33935.63,3.8503,-0.6538,1729729021.0,1,4,18180.0,0.0,3.3018,3.3018,0.0,13.3484
33945.63,3.8501,-0.6538,1729729031.0,1,4,18190.0,0.0,3.3036,3.3036,0.0,13.3554
33955.63,3.85,-0.6538,1729729041.0,1,4,18200.0,0.0,3.3055,3.3055,0.0,13.3624
33965.63,3.8498,-0.6538,1729729051.0,1,4,18210.0,0.0,3.3073,3.3073,0.0,13.3693
33975.63,3.8497,-0.6538,1729729061.0,1,4,18220.0,0.0,3.3091,3.3091,0.0,13.3763
33985.63,3.8495,-0.6538,1729729071.0,1,4,18230.0,0.0,3.3109,3.3109,0.0,13.3833
33995.63,3.8494,-0.6538,1729729081.0,1,4,18240.0,0.0,3.3127,3.3127,0.0,13.3903
34005.63,3.8493,-0.6538,1729729091.0,1,4,18250.0,0.0,3.3145,3.3145,0.0,13.3973
34015.63,3.8491,-0.6538,1729729101.0,1,4,18260.0,0.0,3.3164,3.3164,0.0,13.4043
34025.63,3.8489,-0.6538,1729729111.0,1,4,18270.0,0.0,3.3182,3.3182,0.0,13.4113
34035.63,3.8488,-0.6537,1729729121.0,1,4,18280.0,0.0,3.32,3.32,0.0,13.4183
34045.63,3.8487,-0.6537,1729729131.0,1,4,18290.0,0.0,3.3218,3.3218,0.0,13.4253
34055.63,3.8485,-0.6539,1729729141.0,1,4,18300.0,0.0,3.3236,3.3236,0.0,13.4323
34065.63,3.8484,-0.6538,1729729151.0,1,4,18310.0,0.0,3.3254,3.3254,0.0,13.4393
34075.63,3.8482,-0.6538,1729729161.0,1,4,18320.0,0.0,3.3273,3.3273,0.0,13.4462
34085.63,3.848,-0.6537,1729729171.0,1,4,18330.0,0.0,3.3291,3.3291,0.0,13.4532
34095.63,3.8479,-0.6538,1729729181.0,1,4,18340.0,0.0,3.3309,3.3309,0.0,13.4602
34105.63,3.8477,-0.6538,1729729191.0,1,4,18350.0,0.0,3.3327,3.3327,0.0,13.4672
34115.63,3.8476,-0.6538,1729729201.0,1,4,18360.0,0.0,3.3345,3.3345,0.0,13.4742
34125.63,3.8474,-0.6537,1729729211.0,1,4,18370.0,0.0,3.3363,3.3363,0.0,13.4812
34135.63,3.8472,-0.6538,1729729221.0,1,4,18380.0,0.0,3.3381,3.3381,0.0,13.4882
34145.63,3.8471,-0.6538,1729729231.0,1,4,18390.0,0.0,3.34,3.34,0.0,13.4952
34155.63,3.847,-0.6538,1729729241.0,1,4,18400.0,0.0,3.3418,3.3418,0.0,13.5021
34165.63,3.8468,-0.6539,1729729251.0,1,4,18410.0,0.0,3.3436,3.3436,0.0,13.5091
34175.63,3.8467,-0.6539,1729729261.0,1,4,18420.0,0.0,3.3454,3.3454,0.0,13.5161
34185.63,3.8465,-0.6538,1729729271.0,1,4,18430.0,0.0,3.3472,3.3472,0.0,13.5231
34195.63,3.8464,-0.6538,1729729281.0,1,4,18440.0,0.0,3.349,3.349,0.0,13.5301
34205.63,3.8462,-0.6538,1729729291.0,1,4,18450.0,0.0,3.3509,3.3509,0.0,13.5371
34215.63,3.8461,-0.6538,1729729301.0,1,4,18460.0,0.0,3.3527,3.3527,0.0,13.5441
34225.63,3.8459,-0.6538,1729729311.0,1,4,18470.0,0.0,3.3545,3.3545,0.0,13.551
34235.63,3.8458,-0.6538,1729729321.0,1,4,18480.0,0.0,3.3563,3.3563,0.0,13.558
34245.63,3.8456,-0.6539,1729729331.0,1,4,18490.0,0.0,3.3581,3.3581,0.0,13.565
34255.63,3.8455,-0.6537,1729729341.0,1,4,18500.0,0.0,3.3599,3.3599,0.0,13.572
34265.63,3.8453,-0.6538,1729729351.0,1,4,18510.0,0.0,3.3618,3.3618,0.0,13.579
34275.63,3.8452,-0.6538,1729729361.0,1,4,18520.0,0.0,3.3636,3.3636,0.0,13.586
34285.63,3.845,-0.6538,1729729371.0,1,4,18530.0,0.0,3.3654,3.3654,0.0,13.5929
34295.63,3.8449,-0.6538,1729729381.0,1,4,18540.0,0.0,3.3672,3.3672,0.0,13.5999
34305.63,3.8447,-0.6538,1729729391.0,1,4,18550.0,0.0,3.369,3.369,0.0,13.6069
34315.63,3.8446,-0.6538,1729729401.0,1,4,18560.0,0.0,3.3708,3.3708,0.0,13.6139
34325.63,3.8445,-0.6538,1729729411.0,1,4,18570.0,0.0,3.3727,3.3727,0.0,13.6209
34335.63,3.8443,-0.6538,1729729421.0,1,4,18580.0,0.0,3.3745,3.3745,0.0,13.6278
34345.63,3.8442,-0.6538,1729729431.0,1,4,18590.0,0.0,3.3763,3.3763,0.0,13.6348
34355.63,3.844,-0.6537,1729729441.0,1,4,18600.0,0.0,3.3781,3.3781,0.0,13.6418
34365.63,3.8439,-0.6538,1729729451.0,1,4,18610.0,0.0,3.3799,3.3799,0.0,13.6488
34375.63,3.8438,-0.6538,1729729461.0,1,4,18620.0,0.0,3.3817,3.3817,0.0,13.6558
34385.63,3.8436,-0.6538,1729729471.0,1,4,18630.0,0.0,3.3836,3.3836,0.0,13.6628
34395.63,3.8434,-0.6538,1729729481.0,1,4,18640.0,0.0,3.3854,3.3854,0.0,13.6697
34405.63,3.8433,-0.6537,1729729491.0,1,4,18650.0,0.0,3.3872,3.3872,0.0,13.6767
34415.63,3.8432,-0.6538,1729729501.0,1,4,18660.0,0.0,3.389,3.389,0.0,13.6837
34425.63,3.843,-0.6538,1729729511.0,1,4,18670.0,0.0,3.3908,3.3908,0.0,13.6907
34435.63,3.8428,-0.6538,1729729521.0,1,4,18680.0,0.0,3.3926,3.3926,0.0,13.6977
34445.63,3.8427,-0.6538,1729729531.0,1,4,18690.0,0.0,3.3944,3.3944,0.0,13.7046
34455.63,3.8426,-0.6538,1729729541.0,1,4,18700.0,0.0,3.3963,3.3963,0.0,13.7116
34465.63,3.8424,-0.6537,1729729551.0,1,4,18710.0,0.0,3.3981,3.3981,0.0,13.7186
34475.63,3.8423,-0.6538,1729729561.0,1,4,18720.0,0.0,3.3999,3.3999,0.0,13.7256
34485.63,3.8421,-0.6538,1729729571.0,1,4,18730.0,0.0,3.4017,3.4017,0.0,13.7325
34495.63,3.842,-0.6538,1729729581.0,1,4,18740.0,0.0,3.4035,3.4035,0.0,13.7395
34505.63,3.8419,-0.6538,1729729591.0,1,4,18750.0,0.0,3.4053,3.4053,0.0,13.7465
34515.63,3.8417,-0.6538,1729729601.0,1,4,18760.0,0.0,3.4072,3.4072,0.0,13.7535
34525.63,3.8416,-0.6538,1729729611.0,1,4,18770.0,0.0,3.409,3.409,0.0,13.7605
34535.63,3.8414,-0.6538,1729729621.0,1,4,18780.0,0.0,3.4108,3.4108,0.0,13.7674
34545.63,3.8413,-0.6538,1729729631.0,1,4,18790.0,0.0,3.4126,3.4126,0.0,13.7744
34555.63,3.8411,-0.6537,1729729641.0,1,4,18800.0,0.0,3.4144,3.4144,0.0,13.7814
34565.63,3.841,-0.6538,1729729651.0,1,4,18810.0,0.0,3.4162,3.4162,0.0,13.7884
34575.63,3.8408,-0.6538,1729729661.0,1,4,18820.0,0.0,3.4181,3.4181,0.0,13.7953
34585.63,3.8407,-0.6538,1729729671.0,1,4,18830.0,0.0,3.4199,3.4199,0.0,13.8023
34595.63,3.8406,-0.6538,1729729681.0,1,4,18840.0,0.0,3.4217,3.4217,0.0,13.8093
34605.63,3.8404,-0.6538,1729729691.0,1,4,18850.0,0.0,3.4235,3.4235,0.0,13.8163
34615.63,3.8403,-0.6538,1729729701.0,1,4,18860.0,0.0,3.4253,3.4253,0.0,13.8232
34625.63,3.8402,-0.6538,1729729711.0,1,4,18870.0,0.0,3.4271,3.4271,0.0,13.8302
34635.63,3.84,-0.6538,1729729721.0,1,4,18880.0,0.0,3.429,3.429,0.0,13.8372
34645.63,3.8399,-0.6538,1729729731.0,1,4,18890.0,0.0,3.4308,3.4308,0.0,13.8442
34655.63,3.8398,-0.6538,1729729741.0,1,4,18900.0,0.0,3.4326,3.4326,0.0,13.8511
34665.63,3.8396,-0.6537,1729729751.0,1,4,18910.0,0.0,3.4344,3.4344,0.0,13.8581
34675.63,3.8395,-0.6538,1729729761.0,1,4,18920.0,0.0,3.4362,3.4362,0.0,13.8651
34685.63,3.8394,-0.6538,1729729771.0,1,4,18930.0,0.0,3.438,3.438,0.0,13.872
34695.63,3.8392,-0.6538,1729729781.0,1,4,18940.0,0.0,3.4398,3.4398,0.0,13.879
34705.63,3.8391,-0.6538,1729729791.0,1,4,18950.0,0.0,3.4417,3.4417,0.0,13.886
34715.63,3.8389,-0.6538,1729729801.0,1,4,18960.0,0.0,3.4435,3.4435,0.0,13.893
34725.63,3.8388,-0.6537,1729729811.0,1,4,18970.0,0.0,3.4453,3.4453,0.0,13.8999
34735.63,3.8387,-0.6538,1729729821.0,1,4,18980.0,0.0,3.4471,3.4471,0.0,13.9069
34745.63,3.8385,-0.6538,1729729831.0,1,4,18990.0,0.0,3.4489,3.4489,0.0,13.9139
34755.63,3.8384,-0.6537,1729729841.0,1,4,19000.0,0.0,3.4507,3.4507,0.0,13.9208
34765.63,3.8383,-0.6537,1729729851.0,1,4,19010.0,0.0,3.4526,3.4526,0.0,13.9278
34775.63,3.8381,-0.6537,1729729861.0,1,4,19020.0,0.0,3.4544,3.4544,0.0,13.9348
34785.63,3.838,-0.6537,1729729871.0,1,4,19030.0,0.0,3.4562,3.4562,0.0,13.9418
34795.63,3.8379,-0.6537,1729729881.0,1,4,19040.0,0.0,3.458,3.458,0.0,13.9487
34805.63,3.8377,-0.6538,1729729891.0,1,4,19050.0,0.0,3.4598,3.4598,0.0,13.9557
34815.63,3.8376,-0.6537,1729729901.0,1,4,19060.0,0.0,3.4616,3.4616,0.0,13.9627
34825.63,3.8375,-0.6538,1729729911.0,1,4,19070.0,0.0,3.4635,3.4635,0.0,13.9696
34835.63,3.8374,-0.6538,1729729921.0,1,4,19080.0,0.0,3.4653,3.4653,0.0,13.9766
34845.63,3.8372,-0.6537,1729729931.0,1,4,19090.0,0.0,3.4671,3.4671,0.0,13.9836
34855.63,3.8371,-0.6538,1729729941.0,1,4,19100.0,0.0,3.4689,3.4689,0.0,13.9905
34865.63,3.837,-0.6538,1729729951.0,1,4,19110.0,0.0,3.4707,3.4707,0.0,13.9975
34875.63,3.8368,-0.6538,1729729961.0,1,4,19120.0,0.0,3.4725,3.4725,0.0,14.0045
34885.63,3.8366,-0.6538,1729729971.0,1,4,19130.0,0.0,3.4744,3.4744,0.0,14.0114
34895.63,3.8365,-0.6538,1729729981.0,1,4,19140.0,0.0,3.4762,3.4762,0.0,14.0184
34905.63,3.8364,-0.6537,1729729991.0,1,4,19150.0,0.0,3.478,3.478,0.0,14.0254
34915.63,3.8363,-0.6539,1729730001.0,1,4,19160.0,0.0,3.4798,3.4798,0.0,14.0323
34925.63,3.8361,-0.6538,1729730011.0,1,4,19170.0,0.0,3.4816,3.4816,0.0,14.0393
34935.63,3.836,-0.6537,1729730021.0,1,4,19180.0,0.0,3.4834,3.4834,0.0,14.0463
34945.63,3.8359,-0.6537,1729730031.0,1,4,19190.0,0.0,3.4852,3.4852,0.0,14.0532
34955.63,3.8357,-0.6538,1729730041.0,1,4,19200.0,0.0,3.4871,3.4871,0.0,14.0602
34965.63,3.8356,-0.6538,1729730051.0,1,4,19210.0,0.0,3.4889,3.4889,0.0,14.0672
34975.63,3.8355,-0.6538,1729730061.0,1,4,19220.0,0.0,3.4907,3.4907,0.0,14.0741
34985.63,3.8353,-0.6538,1729730071.0,1,4,19230.0,0.0,3.4925,3.4925,0.0,14.0811
34995.63,3.8352,-0.6538,1729730081.0,1,4,19240.0,0.0,3.4943,3.4943,0.0,14.0881
35005.63,3.8351,-0.6538,1729730091.0,1,4,19250.0,0.0,3.4961,3.4961,0.0,14.095
35015.63,3.8349,-0.6539,1729730101.0,1,4,19260.0,0.0,3.498,3.498,0.0,14.102
35025.63,3.8348,-0.6538,1729730111.0,1,4,19270.0,0.0,3.4998,3.4998,0.0,14.109
35035.63,3.8347,-0.6538,1729730121.0,1,4,19280.0,0.0,3.5016,3.5016,0.0,14.1159
35045.63,3.8345,-0.6538,1729730131.0,1,4,19290.0,0.0,3.5034,3.5034,0.0,14.1229
35055.63,3.8344,-0.6538,1729730141.0,1,4,19300.0,0.0,3.5052,3.5052,0.0,14.1299
35065.63,3.8343,-0.6538,1729730151.0,1,4,19310.0,0.0,3.507,3.507,0.0,14.1368
35075.63,3.8342,-0.6538,1729730161.0,1,4,19320.0,0.0,3.5089,3.5089,0.0,14.1438
35085.63,3.834,-0.6537,1729730171.0,1,4,19330.0,0.0,3.5107,3.5107,0.0,14.1507
35095.63,3.8339,-0.6537,1729730181.0,1,4,19340.0,0.0,3.5125,3.5125,0.0,14.1577
35105.63,3.8338,-0.6537,1729730191.0,1,4,19350.0,0.0,3.5143,3.5143,0.0,14.1647
35115.63,3.8336,-0.6538,1729730201.0,1,4,19360.0,0.0,3.5161,3.5161,0.0,14.1716
35125.63,3.8335,-0.6538,1729730211.0,1,4,19370.0,0.0,3.5179,3.5179,0.0,14.1786
35135.63,3.8334,-0.6537,1729730221.0,1,4,19380.0,0.0,3.5198,3.5198,0.0,14.1856
35145.63,3.8332,-0.6537,1729730231.0,1,4,19390.0,0.0,3.5216,3.5216,0.0,14.1925
35155.63,3.8331,-0.6538,1729730241.0,1,4,19400.0,0.0,3.5234,3.5234,0.0,14.1995
35165.63,3.833,-0.6538,1729730251.0,1,4,19410.0,0.0,3.5252,3.5252,0.0,14.2064
35175.63,3.8329,-0.6538,1729730261.0,1,4,19420.0,0.0,3.527,3.527,0.0,14.2134
35185.63,3.8327,-0.6538,1729730271.0,1,4,19430.0,0.0,3.5288,3.5288,0.0,14.2204
35195.63,3.8326,-0.6537,1729730281.0,1,4,19440.0,0.0,3.5306,3.5306,0.0,14.2273
35205.63,3.8325,-0.6538,1729730291.0,1,4,19450.0,0.0,3.5325,3.5325,0.0,14.2343
35215.63,3.8323,-0.6538,1729730301.0,1,4,19460.0,0.0,3.5343,3.5343,0.0,14.2412
35225.63,3.8322,-0.6538,1729730311.0,1,4,19470.0,0.0,3.5361,3.5361,0.0,14.2482
35235.63,3.8321,-0.6538,1729730321.0,1,4,19480.0,0.0,3.5379,3.5379,0.0,14.2552
35245.63,3.832,-0.6538,1729730331.0,1,4,19490.0,0.0,3.5397,3.5397,0.0,14.2621
35255.63,3.8318,-0.6538,1729730341.0,1,4,19500.0,0.0,3.5415,3.5415,0.0,14.2691
35265.63,3.8317,-0.6538,1729730351.0,1,4,19510.0,0.0,3.5434,3.5434,0.0,14.276
35275.63,3.8316,-0.6538,1729730361.0,1,4,19520.0,0.0,3.5452,3.5452,0.0,14.283
35285.63,3.8315,-0.6538,1729730371.0,1,4,19530.0,0.0,3.547,3.547,0.0,14.2899
35295.63,3.8313,-0.6538,1729730381.0,1,4,19540.0,0.0,3.5488,3.5488,0.0,14.2969
35305.63,3.8312,-0.6538,1729730391.0,1,4,19550.0,0.0,3.5506,3.5506,0.0,14.3039
35315.63,3.8311,-0.6538,1729730401.0,1,4,19560.0,0.0,3.5524,3.5524,0.0,14.3108
35325.63,3.831,-0.6537,1729730411.0,1,4,19570.0,0.0,3.5543,3.5543,0.0,14.3178
35335.63,3.8308,-0.6538,1729730421.0,1,4,19580.0,0.0,3.5561,3.5561,0.0,14.3247
35345.63,3.8307,-0.6538,1729730431.0,1,4,19590.0,0.0,3.5579,3.5579,0.0,14.3317
35355.63,3.8306,-0.6538,1729730441.0,1,4,19600.0,0.0,3.5597,3.5597,0.0,14.3387
35365.63,3.8304,-0.6538,1729730451.0,1,4,19610.0,0.0,3.5615,3.5615,0.0,14.3456
35375.63,3.8303,-0.6538,1729730461.0,1,4,19620.0,0.0,3.5633,3.5633,0.0,14.3526
35385.63,3.8302,-0.6538,1729730471.0,1,4,19630.0,0.0,3.5652,3.5652,0.0,14.3595
35395.63,3.8301,-0.6538,1729730481.0,1,4,19640.0,0.0,3.567,3.567,0.0,14.3665
35405.63,3.8299,-0.6538,1729730491.0,1,4,19650.0,0.0,3.5688,3.5688,0.0,14.3734
35415.63,3.8298,-0.6538,1729730501.0,1,4,19660.0,0.0,3.5706,3.5706,0.0,14.3804
35425.63,3.8297,-0.6538,1729730511.0,1,4,19670.0,0.0,3.5724,3.5724,0.0,14.3873
35435.63,3.8296,-0.6538,1729730521.0,1,4,19680.0,0.0,3.5742,3.5742,0.0,14.3943
35445.63,3.8294,-0.6538,1729730531.0,1,4,19690.0,0.0,3.5761,3.5761,0.0,14.4013
35455.63,3.8293,-0.6538,1729730541.0,1,4,19700.0,0.0,3.5779,3.5779,0.0,14.4082
35465.63,3.8292,-0.6538,1729730551.0,1,4,19710.0,0.0,3.5797,3.5797,0.0,14.4152
35475.63,3.8291,-0.6537,1729730561.0,1,4,19720.0,0.0,3.5815,3.5815,0.0,14.4221
35485.63,3.829,-0.6538,1729730571.0,1,4,19730.0,0.0,3.5833,3.5833,0.0,14.4291
35495.63,3.8288,-0.6538,1729730581.0,1,4,19740.0,0.0,3.5851,3.5851,0.0,14.436
35505.63,3.8287,-0.6538,1729730591.0,1,4,19750.0,0.0,3.5869,3.5869,0.0,14.443
35515.63,3.8286,-0.6538,1729730601.0,1,4,19760.0,0.0,3.5888,3.5888,0.0,14.4499
35525.63,3.8285,-0.6538,1729730611.0,1,4,19770.0,0.0,3.5906,3.5906,0.0,14.4569
35535.63,3.8284,-0.6538,1729730621.0,1,4,19780.0,0.0,3.5924,3.5924,0.0,14.4638
35545.63,3.8283,-0.6538,1729730631.0,1,4,19790.0,0.0,3.5942,3.5942,0.0,14.4708
35555.63,3.8281,-0.6538,1729730641.0,1,4,19800.0,0.0,3.596,3.596,0.0,14.4777
35565.63,3.828,-0.6538,1729730651.0,1,4,19810.0,0.0,3.5978,3.5978,0.0,14.4847
35575.63,3.8279,-0.6538,1729730661.0,1,4,19820.0,0.0,3.5997,3.5997,0.0,14.4916
35585.63,3.8278,-0.6538,1729730671.0,1,4,19830.0,0.0,3.6015,3.6015,0.0,14.4986
35595.63,3.8276,-0.6538,1729730681.0,1,4,19840.0,0.0,3.6033,3.6033,0.0,14.5055
35605.63,3.8275,-0.6538,1729730691.0,1,4,19850.0,0.0,3.6051,3.6051,0.0,14.5125
35615.63,3.8274,-0.6538,1729730701.0,1,4,19860.0,0.0,3.6069,3.6069,0.0,14.5194
35625.63,3.8272,-0.6537,1729730711.0,1,4,19870.0,0.0,3.6087,3.6087,0.0,14.5264
35635.63,3.8271,-0.6538,1729730721.0,1,4,19880.0,0.0,3.6106,3.6106,0.0,14.5333
35645.63,3.827,-0.6538,1729730731.0,1,4,19890.0,0.0,3.6124,3.6124,0.0,14.5403
35655.63,3.8269,-0.6538,1729730741.0,1,4,19900.0,0.0,3.6142,3.6142,0.0,14.5472
35665.63,3.8268,-0.6538,1729730751.0,1,4,19910.0,0.0,3.616,3.616,0.0,14.5542
35675.63,3.8266,-0.6538,1729730761.0,1,4,19920.0,0.0,3.6178,3.6178,0.0,14.5611
35685.63,3.8265,-0.6538,1729730771.0,1,4,19930.0,0.0,3.6196,3.6196,0.0,14.5681
35695.63,3.8264,-0.6538,1729730781.0,1,4,19940.0,0.0,3.6215,3.6215,0.0,14.575
35705.63,3.8263,-0.6538,1729730791.0,1,4,19950.0,0.0,3.6233,3.6233,0.0,14.582
35715.63,3.8262,-0.6537,1729730801.0,1,4,19960.0,0.0,3.6251,3.6251,0.0,14.5889
35725.63,3.8261,-0.6537,1729730811.0,1,4,19970.0,0.0,3.6269,3.6269,0.0,14.5959
35735.63,3.8259,-0.6538,1729730821.0,1,4,19980.0,0.0,3.6287,3.6287,0.0,14.6028
35745.63,3.8258,-0.6538,1729730831.0,1,4,19990.0,0.0,3.6305,3.6305,0.0,14.6098
35755.63,3.8257,-0.6537,1729730841.0,1,4,20000.0,0.0,3.6323,3.6323,0.0,14.6167
35765.63,3.8256,-0.6537,1729730851.0,1,4,20010.0,0.0,3.6342,3.6342,0.0,14.6237
35775.63,3.8255,-0.6538,1729730861.0,1,4,20020.0,0.0,3.636,3.636,0.0,14.6306
35785.63,3.8254,-0.6538,1729730871.0,1,4,20030.0,0.0,3.6378,3.6378,0.0,14.6376
35795.63,3.8252,-0.6538,1729730881.0,1,4,20040.0,0.0,3.6396,3.6396,0.0,14.6445
35805.63,3.8251,-0.6538,1729730891.0,1,4,20050.0,0.0,3.6414,3.6414,0.0,14.6515
35815.63,3.825,-0.6537,1729730901.0,1,4,20060.0,0.0,3.6432,3.6432,0.0,14.6584
35825.63,3.8249,-0.6538,1729730911.0,1,4,20070.0,0.0,3.6451,3.6451,0.0,14.6654
35835.63,3.8248,-0.6538,1729730921.0,1,4,20080.0,0.0,3.6469,3.6469,0.0,14.6723
35845.63,3.8247,-0.6537,1729730931.0,1,4,20090.0,0.0,3.6487,3.6487,0.0,14.6793
35855.63,3.8245,-0.6538,1729730941.0,1,4,20100.0,0.0,3.6505,3.6505,0.0,14.6862
35865.63,3.8244,-0.6538,1729730951.0,1,4,20110.0,0.0,3.6523,3.6523,0.0,14.6931
35875.63,3.8243,-0.6539,1729730961.0,1,4,20120.0,0.0,3.6541,3.6541,0.0,14.7001
35885.63,3.8242,-0.6538,1729730971.0,1,4,20130.0,0.0,3.656,3.656,0.0,14.707
35895.63,3.8241,-0.6537,1729730981.0,1,4,20140.0,0.0,3.6578,3.6578,0.0,14.714
35905.63,3.824,-0.6537,1729730991.0,1,4,20150.0,0.0,3.6596,3.6596,0.0,14.7209
35915.63,3.8239,-0.6538,1729731001.0,1,4,20160.0,0.0,3.6614,3.6614,0.0,14.7279
35925.63,3.8237,-0.6537,1729731011.0,1,4,20170.0,0.0,3.6632,3.6632,0.0,14.7348
35935.63,3.8236,-0.6537,1729731021.0,1,4,20180.0,0.0,3.665,3.665,0.0,14.7418
35945.63,3.8235,-0.6538,1729731031.0,1,4,20190.0,0.0,3.6669,3.6669,0.0,14.7487
35955.63,3.8234,-0.6538,1729731041.0,1,4,20200.0,0.0,3.6687,3.6687,0.0,14.7556
35965.63,3.8233,-0.6538,1729731051.0,1,4,20210.0,0.0,3.6705,3.6705,0.0,14.7626
35975.63,3.8232,-0.6538,1729731061.0,1,4,20220.0,0.0,3.6723,3.6723,0.0,14.7695
35985.63,3.8231,-0.6538,1729731071.0,1,4,20230.0,0.0,3.6741,3.6741,0.0,14.7765
35995.63,3.823,-0.6538,1729731081.0,1,4,20240.0,0.0,3.6759,3.6759,0.0,14.7834
36005.63,3.8228,-0.6538,1729731091.0,1,4,20250.0,0.0,3.6778,3.6778,0.0,14.7904
36015.63,3.8227,-0.6538,1729731101.0,1,4,20260.0,0.0,3.6796,3.6796,0.0,14.7973
36025.63,3.8226,-0.6538,1729731111.0,1,4,20270.0,0.0,3.6814,3.6814,0.0,14.8042
36035.63,3.8225,-0.6538,1729731121.0,1,4,20280.0,0.0,3.6832,3.6832,0.0,14.8112
36045.63,3.8224,-0.6538,1729731131.0,1,4,20290.0,0.0,3.685,3.685,0.0,14.8181
36055.63,3.8223,-0.6538,1729731141.0,1,4,20300.0,0.0,3.6868,3.6868,0.0,14.8251
36065.63,3.8222,-0.6538,1729731151.0,1,4,20310.0,0.0,3.6886,3.6886,0.0,14.832
36075.63,3.822,-0.6537,1729731161.0,1,4,20320.0,0.0,3.6905,3.6905,0.0,14.839
36085.63,3.8219,-0.6538,1729731171.0,1,4,20330.0,0.0,3.6923,3.6923,0.0,14.8459
36095.63,3.8218,-0.6538,1729731181.0,1,4,20340.0,0.0,3.6941,3.6941,0.0,14.8528
36105.63,3.8217,-0.6538,1729731191.0,1,4,20350.0,0.0,3.6959,3.6959,0.0,14.8598
36115.63,3.8216,-0.6538,1729731201.0,1,4,20360.0,0.0,3.6977,3.6977,0.0,14.8667
36125.63,3.8215,-0.6537,1729731211.0,1,4,20370.0,0.0,3.6995,3.6995,0.0,14.8737
36135.63,3.8214,-0.6538,1729731221.0,1,4,20380.0,0.0,3.7014,3.7014,0.0,14.8806
36145.63,3.8213,-0.6538,1729731231.0,1,4,20390.0,0.0,3.7032,3.7032,0.0,14.8875
36155.63,3.8211,-0.6538,1729731241.0,1,4,20400.0,0.0,3.705,3.705,0.0,14.8945
36165.63,3.821,-0.6538,1729731251.0,1,4,20410.0,0.0,3.7068,3.7068,0.0,14.9014
36175.63,3.8209,-0.6537,1729731261.0,1,4,20420.0,0.0,3.7086,3.7086,0.0,14.9084
36185.63,3.8208,-0.6537,1729731271.0,1,4,20430.0,0.0,3.7104,3.7104,0.0,14.9153
36195.63,3.8207,-0.6538,1729731281.0,1,4,20440.0,0.0,3.7123,3.7123,0.0,14.9222
36205.63,3.8206,-0.6539,1729731291.0,1,4,20450.0,0.0,3.7141,3.7141,0.0,14.9292
36215.63,3.8205,-0.6538,1729731301.0,1,4,20460.0,0.0,3.7159,3.7159,0.0,14.9361
36225.63,3.8204,-0.6538,1729731311.0,1,4,20470.0,0.0,3.7177,3.7177,0.0,14.943
36235.63,3.8202,-0.6538,1729731321.0,1,4,20480.0,0.0,3.7195,3.7195,0.0,14.95
36245.63,3.8202,-0.6538,1729731331.0,1,4,20490.0,0.0,3.7213,3.7213,0.0,14.9569
36255.63,3.82,-0.6538,1729731341.0,1,4,20500.0,0.0,3.7232,3.7232,0.0,14.9639
36265.63,3.8199,-0.6538,1729731351.0,1,4,20510.0,0.0,3.725,3.725,0.0,14.9708
36275.63,3.8198,-0.6537,1729731361.0,1,4,20520.0,0.0,3.7268,3.7268,0.0,14.9777
36285.63,3.8197,-0.6538,1729731371.0,1,4,20530.0,0.0,3.7286,3.7286,0.0,14.9847
36295.63,3.8196,-0.6538,1729731381.0,1,4,20540.0,0.0,3.7304,3.7304,0.0,14.9916
36305.63,3.8195,-0.6538,1729731391.0,1,4,20550.0,0.0,3.7322,3.7322,0.0,14.9985
36315.63,3.8194,-0.6537,1729731401.0,1,4,20560.0,0.0,3.734,3.734,0.0,15.0055
36325.63,3.8193,-0.6538,1729731411.0,1,4,20570.0,0.0,3.7359,3.7359,0.0,15.0124
36335.63,3.8191,-0.6538,1729731421.0,1,4,20580.0,0.0,3.7377,3.7377,0.0,15.0194
36345.63,3.8191,-0.6538,1729731431.0,1,4,20590.0,0.0,3.7395,3.7395,0.0,15.0263
36355.63,3.8189,-0.6538,1729731441.0,1,4,20600.0,0.0,3.7413,3.7413,0.0,15.0332
36365.63,3.8188,-0.6538,1729731451.0,1,4,20610.0,0.0,3.7431,3.7431,0.0,15.0402
36375.63,3.8187,-0.6538,1729731461.0,1,4,20620.0,0.0,3.7449,3.7449,0.0,15.0471
36385.63,3.8186,-0.6538,1729731471.0,1,4,20630.0,0.0,3.7468,3.7468,0.0,15.054
36395.63,3.8185,-0.6538,1729731481.0,1,4,20640.0,0.0,3.7486,3.7486,0.0,15.061
36405.63,3.8184,-0.6538,1729731491.0,1,4,20650.0,0.0,3.7504,3.7504,0.0,15.0679
36415.63,3.8184,-0.6538,1729731501.0,1,4,20660.0,0.0,3.7522,3.7522,0.0,15.0748
36425.63,3.8182,-0.6538,1729731511.0,1,4,20670.0,0.0,3.754,3.754,0.0,15.0818
36435.63,3.8181,-0.6538,1729731521.0,1,4,20680.0,0.0,3.7558,3.7558,0.0,15.0887
36445.63,3.818,-0.6537,1729731531.0,1,4,20690.0,0.0,3.7577,3.7577,0.0,15.0956
36455.63,3.8179,-0.6537,1729731541.0,1,4,20700.0,0.0,3.7595,3.7595,0.0,15.1026
36465.63,3.8178,-0.6538,1729731551.0,1,4,20710.0,0.0,3.7613,3.7613,0.0,15.1095
36475.63,3.8177,-0.6538,1729731561.0,1,4,20720.0,0.0,3.7631,3.7631,0.0,15.1164
36485.63,3.8176,-0.6538,1729731571.0,1,4,20730.0,0.0,3.7649,3.7649,0.0,15.1234
36495.63,3.8175,-0.6538,1729731581.0,1,4,20740.0,0.0,3.7667,3.7667,0.0,15.1303
36505.63,3.8174,-0.6537,1729731591.0,1,4,20750.0,0.0,3.7686,3.7686,0.0,15.1372
36515.63,3.8173,-0.6538,1729731601.0,1,4,20760.0,0.0,3.7704,3.7704,0.0,15.1442
36525.63,3.8171,-0.6538,1729731611.0,1,4,20770.0,0.0,3.7722,3.7722,0.0,15.1511
36535.63,3.8171,-0.6538,1729731621.0,1,4,20780.0,0.0,3.774,3.774,0.0,15.158
36545.63,3.8169,-0.6538,1729731631.0,1,4,20790.0,0.0,3.7758,3.7758,0.0,15.165
36555.63,3.8168,-0.6538,1729731641.0,1,4,20800.0,0.0,3.7776,3.7776,0.0,15.1719
36565.63,3.8167,-0.6538,1729731651.0,1,4,20810.0,0.0,3.7794,3.7794,0.0,15.1788
36575.63,3.8166,-0.6538,1729731661.0,1,4,20820.0,0.0,3.7813,3.7813,0.0,15.1858
36585.63,3.8165,-0.6538,1729731671.0,1,4,20830.0,0.0,3.7831,3.7831,0.0,15.1927
36595.63,3.8164,-0.6538,1729731681.0,1,4,20840.0,0.0,3.7849,3.7849,0.0,15.1996
36605.63,3.8163,-0.6537,1729731691.0,1,4,20850.0,0.0,3.7867,3.7867,0.0,15.2065
36615.63,3.8162,-0.6537,1729731701.0,1,4,20860.0,0.0,3.7885,3.7885,0.0,15.2135
36625.63,3.8161,-0.6538,1729731711.0,1,4,20870.0,0.0,3.7903,3.7903,0.0,15.2204
36635.63,3.816,-0.6537,1729731721.0,1,4,20880.0,0.0,3.7922,3.7922,0.0,15.2273
36645.63,3.8159,-0.6538,1729731731.0,1,4,20890.0,0.0,3.794,3.794,0.0,15.2343
36655.63,3.8158,-0.6538,1729731741.0,1,4,20900.0,0.0,3.7958,3.7958,0.0,15.2412
36665.63,3.8157,-0.6537,1729731751.0,1,4,20910.0,0.0,3.7976,3.7976,0.0,15.2481
36675.63,3.8156,-0.6537,1729731761.0,1,4,20920.0,0.0,3.7994,3.7994,0.0,15.2551
36685.63,3.8155,-0.6538,1729731771.0,1,4,20930.0,0.0,3.8012,3.8012,0.0,15.262
36695.63,3.8154,-0.6538,1729731781.0,1,4,20940.0,0.0,3.8031,3.8031,0.0,15.2689
36705.63,3.8153,-0.6538,1729731791.0,1,4,20950.0,0.0,3.8049,3.8049,0.0,15.2758
36715.63,3.8152,-0.6538,1729731801.0,1,4,20960.0,0.0,3.8067,3.8067,0.0,15.2828
36725.63,3.8151,-0.6538,1729731811.0,1,4,20970.0,0.0,3.8085,3.8085,0.0,15.2897
36735.63,3.815,-0.6538,1729731821.0,1,4,20980.0,0.0,3.8103,3.8103,0.0,15.2966
36745.63,3.8149,-0.6538,1729731831.0,1,4,20990.0,0.0,3.8121,3.8121,0.0,15.3036
36755.63,3.8148,-0.6537,1729731841.0,1,4,21000.0,0.0,3.814,3.814,0.0,15.3105
36765.63,3.8146,-0.6538,1729731851.0,1,4,21010.0,0.0,3.8158,3.8158,0.0,15.3174
36775.63,3.8146,-0.6538,1729731861.0,1,4,21020.0,0.0,3.8176,3.8176,0.0,15.3243
36785.63,3.8145,-0.6538,1729731871.0,1,4,21030.0,0.0,3.8194,3.8194,0.0,15.3313
36795.63,3.8144,-0.6538,1729731881.0,1,4,21040.0,0.0,3.8212,3.8212,0.0,15.3382
36805.63,3.8142,-0.6538,1729731891.0,1,4,21050.0,0.0,3.823,3.823,0.0,15.3451
36815.63,3.8142,-0.6538,1729731901.0,1,4,21060.0,0.0,3.8249,3.8249,0.0,15.3521
36825.63,3.8141,-0.6538,1729731911.0,1,4,21070.0,0.0,3.8267,3.8267,0.0,15.359
36835.63,3.8139,-0.6538,1729731921.0,1,4,21080.0,0.0,3.8285,3.8285,0.0,15.3659
36845.63,3.8139,-0.6537,1729731931.0,1,4,21090.0,0.0,3.8303,3.8303,0.0,15.3728
36855.63,3.8137,-0.6538,1729731941.0,1,4,21100.0,0.0,3.8321,3.8321,0.0,15.3798
36865.63,3.8136,-0.6537,1729731951.0,1,4,21110.0,0.0,3.8339,3.8339,0.0,15.3867
36875.63,3.8136,-0.6538,1729731961.0,1,4,21120.0,0.0,3.8357,3.8357,0.0,15.3936
36885.63,3.8135,-0.6538,1729731971.0,1,4,21130.0,0.0,3.8376,3.8376,0.0,15.4005
36895.63,3.8134,-0.6538,1729731981.0,1,4,21140.0,0.0,3.8394,3.8394,0.0,15.4075
36905.63,3.8132,-0.6537,1729731991.0,1,4,21150.0,0.0,3.8412,3.8412,0.0,15.4144
36915.63,3.8131,-0.6538,1729732001.0,1,4,21160.0,0.0,3.843,3.843,0.0,15.4213
36925.63,3.813,-0.6537,1729732011.0,1,4,21170.0,0.0,3.8448,3.8448,0.0,15.4282
36935.63,3.8129,-0.6537,1729732021.0,1,4,21180.0,0.0,3.8466,3.8466,0.0,15.4352
36945.63,3.8129,-0.6538,1729732031.0,1,4,21190.0,0.0,3.8485,3.8485,0.0,15.4421
36955.63,3.8128,-0.6538,1729732041.0,1,4,21200.0,0.0,3.8503,3.8503,0.0,15.449
36965.63,3.8126,-0.6538,1729732051.0,1,4,21210.0,0.0,3.8521,3.8521,0.0,15.4559
36975.63,3.8125,-0.6537,1729732061.0,1,4,21220.0,0.0,3.8539,3.8539,0.0,15.4629
36985.63,3.8125,-0.6538,1729732071.0,1,4,21230.0,0.0,3.8557,3.8557,0.0,15.4698
36995.63,3.8124,-0.6538,1729732081.0,1,4,21240.0,0.0,3.8575,3.8575,0.0,15.4767
37005.63,3.8123,-0.6538,1729732091.0,1,4,21250.0,0.0,3.8594,3.8594,0.0,15.4836
37015.63,3.8122,-0.6538,1729732101.0,1,4,21260.0,0.0,3.8612,3.8612,0.0,15.4905
37025.63,3.812,-0.6538,1729732111.0,1,4,21270.0,0.0,3.863,3.863,0.0,15.4975
37035.63,3.812,-0.6538,1729732121.0,1,4,21280.0,0.0,3.8648,3.8648,0.0,15.5044
37045.63,3.8119,-0.6538,1729732131.0,1,4,21290.0,0.0,3.8666,3.8666,0.0,15.5113
37055.63,3.8118,-0.6538,1729732141.0,1,4,21300.0,0.0,3.8684,3.8684,0.0,15.5182
37065.63,3.8117,-0.6537,1729732151.0,1,4,21310.0,0.0,3.8703,3.8703,0.0,15.5252
37075.63,3.8116,-0.6538,1729732161.0,1,4,21320.0,0.0,3.8721,3.8721,0.0,15.5321
37085.63,3.8115,-0.6538,1729732171.0,1,4,21330.0,0.0,3.8739,3.8739,0.0,15.539
37095.63,3.8114,-0.6537,1729732181.0,1,4,21340.0,0.0,3.8757,3.8757,0.0,15.5459
37105.63,3.8113,-0.6538,1729732191.0,1,4,21350.0,0.0,3.8775,3.8775,0.0,15.5528
37115.63,3.8112,-0.6538,1729732201.0,1,4,21360.0,0.0,3.8793,3.8793,0.0,15.5598
37125.63,3.8111,-0.6538,1729732211.0,1,4,21370.0,0.0,3.8811,3.8811,0.0,15.5667
37135.63,3.811,-0.6538,1729732221.0,1,4,21380.0,0.0,3.883,3.883,0.0,15.5736
37145.63,3.8109,-0.6538,1729732231.0,1,4,21390.0,0.0,3.8848,3.8848,0.0,15.5805
37155.63,3.8108,-0.6538,1729732241.0,1,4,21400.0,0.0,3.8866,3.8866,0.0,15.5875
37165.63,3.8107,-0.6538,1729732251.0,1,4,21410.0,0.0,3.8884,3.8884,0.0,15.5944
37175.63,3.8106,-0.6538,1729732261.0,1,4,21420.0,0.0,3.8902,3.8902,0.0,15.6013
37185.63,3.8105,-0.6537,1729732271.0,1,4,21430.0,0.0,3.892,3.892,0.0,15.6082
37195.63,3.8104,-0.6538,1729732281.0,1,4,21440.0,0.0,3.8939,3.8939,0.0,15.6151
37205.63,3.8103,-0.6537,1729732291.0,1,4,21450.0,0.0,3.8957,3.8957,0.0,15.6221
37215.63,3.8102,-0.6538,1729732301.0,1,4,21460.0,0.0,3.8975,3.8975,0.0,15.629
37225.63,3.8102,-0.6538,1729732311.0,1,4,21470.0,0.0,3.8993,3.8993,0.0,15.6359
37235.63,3.81,-0.6538,1729732321.0,1,4,21480.0,0.0,3.9011,3.9011,0.0,15.6428
37245.63,3.8099,-0.6538,1729732331.0,1,4,21490.0,0.0,3.9029,3.9029,0.0,15.6497
37255.63,3.8098,-0.6538,1729732341.0,1,4,21500.0,0.0,3.9048,3.9048,0.0,15.6566
37265.63,3.8097,-0.6538,1729732351.0,1,4,21510.0,0.0,3.9066,3.9066,0.0,15.6636
37275.63,3.8097,-0.6538,1729732361.0,1,4,21520.0,0.0,3.9084,3.9084,0.0,15.6705
37285.63,3.8095,-0.6537,1729732371.0,1,4,21530.0,0.0,3.9102,3.9102,0.0,15.6774
37295.63,3.8094,-0.6538,1729732381.0,1,4,21540.0,0.0,3.912,3.912,0.0,15.6843
37305.63,3.8094,-0.6538,1729732391.0,1,4,21550.0,0.0,3.9138,3.9138,0.0,15.6912
37315.63,3.8093,-0.6537,1729732401.0,1,4,21560.0,0.0,3.9157,3.9157,0.0,15.6982
37325.63,3.8092,-0.6538,1729732411.0,1,4,21570.0,0.0,3.9175,3.9175,0.0,15.7051
37335.63,3.8091,-0.6538,1729732421.0,1,4,21580.0,0.0,3.9193,3.9193,0.0,15.712
37345.63,3.809,-0.6537,1729732431.0,1,4,21590.0,0.0,3.9211,3.9211,0.0,15.7189
37355.63,3.8089,-0.6537,1729732441.0,1,4,21600.0,0.0,3.9229,3.9229,0.0,15.7258
37365.63,3.8088,-0.6537,1729732451.0,1,4,21610.0,0.0,3.9247,3.9247,0.0,15.7327
37375.63,3.8087,-0.6537,1729732461.0,1,4,21620.0,0.0,3.9265,3.9265,0.0,15.7397
37385.63,3.8086,-0.6538,1729732471.0,1,4,21630.0,0.0,3.9284,3.9284,0.0,15.7466
37395.63,3.8085,-0.6538,1729732481.0,1,4,21640.0,0.0,3.9302,3.9302,0.0,15.7535
37405.63,3.8084,-0.6537,1729732491.0,1,4,21650.0,0.0,3.932,3.932,0.0,15.7604
37415.63,3.8083,-0.6538,1729732501.0,1,4,21660.0,0.0,3.9338,3.9338,0.0,15.7673
37425.63,3.8083,-0.6538,1729732511.0,1,4,21670.0,0.0,3.9356,3.9356,0.0,15.7742
37435.63,3.8081,-0.6537,1729732521.0,1,4,21680.0,0.0,3.9374,3.9374,0.0,15.7812
37445.63,3.8081,-0.6538,1729732531.0,1,4,21690.0,0.0,3.9393,3.9393,0.0,15.7881
37455.63,3.8079,-0.6538,1729732541.0,1,4,21700.0,0.0,3.9411,3.9411,0.0,15.795
37465.63,3.8079,-0.6537,1729732551.0,1,4,21710.0,0.0,3.9429,3.9429,0.0,15.8019
37475.63,3.8078,-0.6538,1729732561.0,1,4,21720.0,0.0,3.9447,3.9447,0.0,15.8088
37485.63,3.8077,-0.6538,1729732571.0,1,4,21730.0,0.0,3.9465,3.9465,0.0,15.8157
37495.63,3.8076,-0.6538,1729732581.0,1,4,21740.0,0.0,3.9483,3.9483,0.0,15.8226
37505.63,3.8075,-0.6538,1729732591.0,1,4,21750.0,0.0,3.9502,3.9502,0.0,15.8296
37515.63,3.8074,-0.6538,1729732601.0,1,4,21760.0,0.0,3.952,3.952,0.0,15.8365
37525.63,3.8073,-0.6537,1729732611.0,1,4,21770.0,0.0,3.9538,3.9538,0.0,15.8434
37535.63,3.8072,-0.6537,1729732621.0,1,4,21780.0,0.0,3.9556,3.9556,0.0,15.8503
37545.63,3.8071,-0.6537,1729732631.0,1,4,21790.0,0.0,3.9574,3.9574,0.0,15.8572
37555.63,3.8071,-0.6537,1729732641.0,1,4,21800.0,0.0,3.9592,3.9592,0.0,15.8641
37565.63,3.807,-0.6538,1729732651.0,1,4,21810.0,0.0,3.9611,3.9611,0.0,15.871
37575.63,3.8069,-0.6537,1729732661.0,1,4,21820.0,0.0,3.9629,3.9629,0.0,15.878
37585.63,3.8068,-0.6538,1729732671.0,1,4,21830.0,0.0,3.9647,3.9647,0.0,15.8849
37595.63,3.8067,-0.6537,1729732681.0,1,4,21840.0,0.0,3.9665,3.9665,0.0,15.8918
37605.63,3.8066,-0.6538,1729732691.0,1,4,21850.0,0.0,3.9683,3.9683,0.0,15.8987
37615.63,3.8065,-0.6537,1729732701.0,1,4,21860.0,0.0,3.9701,3.9701,0.0,15.9056
37625.63,3.8064,-0.6538,1729732711.0,1,4,21870.0,0.0,3.9719,3.9719,0.0,15.9125
37635.63,3.8063,-0.6538,1729732721.0,1,4,21880.0,0.0,3.9738,3.9738,0.0,15.9194
37645.63,3.8062,-0.6537,1729732731.0,1,4,21890.0,0.0,3.9756,3.9756,0.0,15.9263
37655.63,3.8061,-0.6537,1729732741.0,1,4,21900.0,0.0,3.9774,3.9774,0.0,15.9333
37665.63,3.806,-0.6537,1729732751.0,1,4,21910.0,0.0,3.9792,3.9792,0.0,15.9402
37675.63,3.8059,-0.6538,1729732761.0,1,4,21920.0,0.0,3.981,3.981,0.0,15.9471
37685.63,3.8058,-0.6538,1729732771.0,1,4,21930.0,0.0,3.9828,3.9828,0.0,15.954
37695.63,3.8058,-0.6537,1729732781.0,1,4,21940.0,0.0,3.9847,3.9847,0.0,15.9609
37705.63,3.8057,-0.6538,1729732791.0,1,4,21950.0,0.0,3.9865,3.9865,0.0,15.9678
37715.63,3.8056,-0.6538,1729732801.0,1,4,21960.0,0.0,3.9883,3.9883,0.0,15.9747
37725.63,3.8055,-0.6538,1729732811.0,1,4,21970.0,0.0,3.9901,3.9901,0.0,15.9816
37735.63,3.8054,-0.6538,1729732821.0,1,4,21980.0,0.0,3.9919,3.9919,0.0,15.9885
37745.63,3.8053,-0.6538,1729732831.0,1,4,21990.0,0.0,3.9937,3.9937,0.0,15.9955
37755.63,3.8052,-0.6538,1729732841.0,1,4,22000.0,0.0,3.9956,3.9956,0.0,16.0024
37765.63,3.8052,-0.6537,1729732851.0,1,4,22010.0,0.0,3.9974,3.9974,0.0,16.0093
37775.63,3.8051,-0.6537,1729732861.0,1,4,22020.0,0.0,3.9992,3.9992,0.0,16.0162
37785.63,3.805,-0.6538,1729732871.0,1,4,22030.0,0.0,4.001,4.001,0.0,16.0231
37795.63,3.8049,-0.6538,1729732881.0,1,4,22040.0,0.0,4.0028,4.0028,0.0,16.03
37805.63,3.8048,-0.6538,1729732891.0,1,4,22050.0,0.0,4.0046,4.0046,0.0,16.0369
37815.63,3.8047,-0.6538,1729732901.0,1,4,22060.0,0.0,4.0065,4.0065,0.0,16.0438
37825.63,3.8046,-0.6538,1729732911.0,1,4,22070.0,0.0,4.0083,4.0083,0.0,16.0507
37835.63,3.8045,-0.6538,1729732921.0,1,4,22080.0,0.0,4.0101,4.0101,0.0,16.0576
37845.63,3.8044,-0.6538,1729732931.0,1,4,22090.0,0.0,4.0119,4.0119,0.0,16.0646
37855.63,3.8044,-0.6538,1729732941.0,1,4,22100.0,0.0,4.0137,4.0137,0.0,16.0715
37865.63,3.8043,-0.6537,1729732951.0,1,4,22110.0,0.0,4.0155,4.0155,0.0,16.0784
37875.63,3.8042,-0.6537,1729732961.0,1,4,22120.0,0.0,4.0173,4.0173,0.0,16.0853
37885.63,3.8041,-0.6537,1729732971.0,1,4,22130.0,0.0,4.0192,4.0192,0.0,16.0922
37895.63,3.804,-0.6538,1729732981.0,1,4,22140.0,0.0,4.021,4.021,0.0,16.0991
37905.63,3.8039,-0.6537,1729732991.0,1,4,22150.0,0.0,4.0228,4.0228,0.0,16.106
37915.63,3.8038,-0.6537,1729733001.0,1,4,22160.0,0.0,4.0246,4.0246,0.0,16.1129
37925.63,3.8038,-0.6537,1729733011.0,1,4,22170.0,0.0,4.0264,4.0264,0.0,16.1198
37935.63,3.8037,-0.6537,1729733021.0,1,4,22180.0,0.0,4.0282,4.0282,0.0,16.1267
37945.63,3.8036,-0.6538,1729733031.0,1,4,22190.0,0.0,4.0301,4.0301,0.0,16.1336
37955.63,3.8034,-0.6537,1729733041.0,1,4,22200.0,0.0,4.0319,4.0319,0.0,16.1405
37965.63,3.8034,-0.6537,1729733051.0,1,4,22210.0,0.0,4.0337,4.0337,0.0,16.1474
37975.63,3.8033,-0.6538,1729733061.0,1,4,22220.0,0.0,4.0355,4.0355,0.0,16.1544
37985.63,3.8032,-0.6537,1729733071.0,1,4,22230.0,0.0,4.0373,4.0373,0.0,16.1613
37995.63,3.8031,-0.6538,1729733081.0,1,4,22240.0,0.0,4.0391,4.0391,0.0,16.1682
38005.63,3.803,-0.6537,1729733091.0,1,4,22250.0,0.0,4.041,4.041,0.0,16.1751
38015.63,3.8029,-0.6538,1729733101.0,1,4,22260.0,0.0,4.0428,4.0428,0.0,16.182
38025.63,3.8028,-0.6538,1729733111.0,1,4,22270.0,0.0,4.0446,4.0446,0.0,16.1889
38035.63,3.8027,-0.6537,1729733121.0,1,4,22280.0,0.0,4.0464,4.0464,0.0,16.1958
38045.63,3.8027,-0.6537,1729733131.0,1,4,22290.0,0.0,4.0482,4.0482,0.0,16.2027
38055.63,3.8026,-0.6538,1729733141.0,1,4,22300.0,0.0,4.05,4.05,0.0,16.2096
38065.63,3.8025,-0.6537,1729733151.0,1,4,22310.0,0.0,4.0519,4.0519,0.0,16.2165
38075.63,3.8024,-0.6538,1729733161.0,1,4,22320.0,0.0,4.0537,4.0537,0.0,16.2234
38085.63,3.8023,-0.6538,1729733171.0,1,4,22330.0,0.0,4.0555,4.0555,0.0,16.2303
38095.63,3.8022,-0.6538,1729733181.0,1,4,22340.0,0.0,4.0573,4.0573,0.0,16.2372
38105.63,3.8022,-0.6538,1729733191.0,1,4,22350.0,0.0,4.0591,4.0591,0.0,16.2441
38115.63,3.8021,-0.6538,1729733201.0,1,4,22360.0,0.0,4.0609,4.0609,0.0,16.251
38125.63,3.802,-0.6537,1729733211.0,1,4,22370.0,0.0,4.0627,4.0627,0.0,16.2579
38135.63,3.8019,-0.6539,1729733221.0,1,4,22380.0,0.0,4.0646,4.0646,0.0,16.2648
38145.63,3.8018,-0.6537,1729733231.0,1,4,22390.0,0.0,4.0664,4.0664,0.0,16.2717
38155.63,3.8017,-0.6537,1729733241.0,1,4,22400.0,0.0,4.0682,4.0682,0.0,16.2787
38165.63,3.8016,-0.6537,1729733251.0,1,4,22410.0,0.0,4.07,4.07,0.0,16.2856
38175.63,3.8016,-0.6538,1729733261.0,1,4,22420.0,0.0,4.0718,4.0718,0.0,16.2925
38185.63,3.8015,-0.6537,1729733271.0,1,4,22430.0,0.0,4.0736,4.0736,0.0,16.2994
38195.63,3.8014,-0.6538,1729733281.0,1,4,22440.0,0.0,4.0755,4.0755,0.0,16.3063
38205.63,3.8013,-0.6537,1729733291.0,1,4,22450.0,0.0,4.0773,4.0773,0.0,16.3132
38215.63,3.8012,-0.6537,1729733301.0,1,4,22460.0,0.0,4.0791,4.0791,0.0,16.3201
38225.63,3.8011,-0.6537,1729733311.0,1,4,22470.0,0.0,4.0809,4.0809,0.0,16.327
38235.63,3.8011,-0.6537,1729733321.0,1,4,22480.0,0.0,4.0827,4.0827,0.0,16.3339
38245.63,3.801,-0.6538,1729733331.0,1,4,22490.0,0.0,4.0845,4.0845,0.0,16.3408
38255.63,3.8009,-0.6538,1729733341.0,1,4,22500.0,0.0,4.0864,4.0864,0.0,16.3477
38265.63,3.8008,-0.6538,1729733351.0,1,4,22510.0,0.0,4.0882,4.0882,0.0,16.3546
38275.63,3.8007,-0.6537,1729733361.0,1,4,22520.0,0.0,4.09,4.09,0.0,16.3615
38285.63,3.8007,-0.6537,1729733371.0,1,4,22530.0,0.0,4.0918,4.0918,0.0,16.3684
38295.63,3.8006,-0.6537,1729733381.0,1,4,22540.0,0.0,4.0936,4.0936,0.0,16.3753
38305.63,3.8005,-0.6538,1729733391.0,1,4,22550.0,0.0,4.0954,4.0954,0.0,16.3822
38315.63,3.8004,-0.6537,1729733401.0,1,4,22560.0,0.0,4.0973,4.0973,0.0,16.3891
38325.63,3.8003,-0.6538,1729733411.0,1,4,22570.0,0.0,4.0991,4.0991,0.0,16.396
38335.63,3.8002,-0.6538,1729733421.0,1,4,22580.0,0.0,4.1009,4.1009,0.0,16.4029
38345.63,3.8002,-0.6538,1729733431.0,1,4,22590.0,0.0,4.1027,4.1027,0.0,16.4098
38355.63,3.8001,-0.6538,1729733441.0,1,4,22600.0,0.0,4.1045,4.1045,0.0,16.4167
38365.63,3.8,-0.6537,1729733451.0,1,4,22610.0,0.0,4.1063,4.1063,0.0,16.4236
38375.63,3.7999,-0.6538,1729733461.0,1,4,22620.0,0.0,4.1081,4.1081,0.0,16.4305
38385.63,3.7998,-0.6538,1729733471.0,1,4,22630.0,0.0,4.11,4.11,0.0,16.4374
38395.63,3.7997,-0.6537,1729733481.0,1,4,22640.0,0.0,4.1118,4.1118,0.0,16.4443
38405.63,3.7996,-0.6537,1729733491.0,1,4,22650.0,0.0,4.1136,4.1136,0.0,16.4512
38415.63,3.7996,-0.6537,1729733501.0,1,4,22660.0,0.0,4.1154,4.1154,0.0,16.4581
38425.63,3.7995,-0.6537,1729733511.0,1,4,22670.0,0.0,4.1172,4.1172,0.0,16.465
38435.63,3.7994,-0.6537,1729733521.0,1,4,22680.0,0.0,4.119,4.119,0.0,16.4719
38445.63,3.7993,-0.6538,1729733531.0,1,4,22690.0,0.0,4.1209,4.1209,0.0,16.4788
38455.63,3.7992,-0.6537,1729733541.0,1,4,22700.0,0.0,4.1227,4.1227,0.0,16.4857
38465.63,3.7991,-0.6537,1729733551.0,1,4,22710.0,0.0,4.1245,4.1245,0.0,16.4926
38475.63,3.7991,-0.6538,1729733561.0,1,4,22720.0,0.0,4.1263,4.1263,0.0,16.4995
38485.63,3.799,-0.6538,1729733571.0,1,4,22730.0,0.0,4.1281,4.1281,0.0,16.5064
38495.63,3.7989,-0.6538,1729733581.0,1,4,22740.0,0.0,4.1299,4.1299,0.0,16.5133
38505.63,3.7988,-0.6537,1729733591.0,1,4,22750.0,0.0,4.1318,4.1318,0.0,16.5202
38515.63,3.7987,-0.6538,1729733601.0,1,4,22760.0,0.0,4.1336,4.1336,0.0,16.5271
38525.63,3.7987,-0.6537,1729733611.0,1,4,22770.0,0.0,4.1354,4.1354,0.0,16.534
38535.63,3.7986,-0.6537,1729733621.0,1,4,22780.0,0.0,4.1372,4.1372,0.0,16.5409
38545.63,3.7985,-0.6537,1729733631.0,1,4,22790.0,0.0,4.139,4.139,0.0,16.5478
38555.63,3.7984,-0.6538,1729733641.0,1,4,22800.0,0.0,4.1408,4.1408,0.0,16.5547
38565.63,3.7983,-0.6537,1729733651.0,1,4,22810.0,0.0,4.1426,4.1426,0.0,16.5616
38575.63,3.7983,-0.6538,1729733661.0,1,4,22820.0,0.0,4.1445,4.1445,0.0,16.5685
38585.63,3.7982,-0.6537,1729733671.0,1,4,22830.0,0.0,4.1463,4.1463,0.0,16.5754
38595.63,3.7981,-0.6537,1729733681.0,1,4,22840.0,0.0,4.1481,4.1481,0.0,16.5823
38605.63,3.798,-0.6537,1729733691.0,1,4,22850.0,0.0,4.1499,4.1499,0.0,16.5892
38615.63,3.7979,-0.6537,1729733701.0,1,4,22860.0,0.0,4.1517,4.1517,0.0,16.5961
38625.63,3.7979,-0.6538,1729733711.0,1,4,22870.0,0.0,4.1535,4.1535,0.0,16.603
38635.63,3.7978,-0.6537,1729733721.0,1,4,22880.0,0.0,4.1554,4.1554,0.0,16.6099
38645.63,3.7977,-0.6538,1729733731.0,1,4,22890.0,0.0,4.1572,4.1572,0.0,16.6168
38655.63,3.7976,-0.6538,1729733741.0,1,4,22900.0,0.0,4.159,4.159,0.0,16.6237
38665.63,3.7975,-0.6538,1729733751.0,1,4,22910.0,0.0,4.1608,4.1608,0.0,16.6306
38675.63,3.7975,-0.6538,1729733761.0,1,4,22920.0,0.0,4.1626,4.1626,0.0,16.6374
38685.63,3.7974,-0.6538,1729733771.0,1,4,22930.0,0.0,4.1644,4.1644,0.0,16.6443
38695.63,3.7973,-0.6538,1729733781.0,1,4,22940.0,0.0,4.1663,4.1663,0.0,16.6512
38705.63,3.7972,-0.6537,1729733791.0,1,4,22950.0,0.0,4.1681,4.1681,0.0,16.6581
38715.63,3.7971,-0.6538,1729733801.0,1,4,22960.0,0.0,4.1699,4.1699,0.0,16.665
38725.63,3.7971,-0.6537,1729733811.0,1,4,22970.0,0.0,4.1717,4.1717,0.0,16.6719
38735.63,3.797,-0.6538,1729733821.0,1,4,22980.0,0.0,4.1735,4.1735,0.0,16.6788
38745.63,3.7969,-0.6538,1729733831.0,1,4,22990.0,0.0,4.1753,4.1753,0.0,16.6857
38755.63,3.7969,-0.6538,1729733841.0,1,4,23000.0,0.0,4.1772,4.1772,0.0,16.6926
38765.63,3.7968,-0.6537,1729733851.0,1,4,23010.0,0.0,4.179,4.179,0.0,16.6995
38775.63,3.7967,-0.6538,1729733861.0,1,4,23020.0,0.0,4.1808,4.1808,0.0,16.7064
38785.63,3.7966,-0.6538,1729733871.0,1,4,23030.0,0.0,4.1826,4.1826,0.0,16.7133
38795.63,3.7965,-0.6538,1729733881.0,1,4,23040.0,0.0,4.1844,4.1844,0.0,16.7202
38805.63,3.7965,-0.6538,1729733891.0,1,4,23050.0,0.0,4.1862,4.1862,0.0,16.7271
38815.63,3.7964,-0.6538,1729733901.0,1,4,23060.0,0.0,4.188,4.188,0.0,16.734
38825.63,3.7963,-0.6538,1729733911.0,1,4,23070.0,0.0,4.1899,4.1899,0.0,16.7409
38835.63,3.7962,-0.6538,1729733921.0,1,4,23080.0,0.0,4.1917,4.1917,0.0,16.7478
38845.63,3.7961,-0.6538,1729733931.0,1,4,23090.0,0.0,4.1935,4.1935,0.0,16.7547
38855.63,3.7961,-0.6538,1729733941.0,1,4,23100.0,0.0,4.1953,4.1953,0.0,16.7616
38865.63,3.796,-0.6538,1729733951.0,1,4,23110.0,0.0,4.1971,4.1971,0.0,16.7685
38875.63,3.7959,-0.6537,1729733961.0,1,4,23120.0,0.0,4.1989,4.1989,0.0,16.7753
38885.63,3.7958,-0.6537,1729733971.0,1,4,23130.0,0.0,4.2008,4.2008,0.0,16.7822
38895.63,3.7958,-0.6537,1729733981.0,1,4,23140.0,0.0,4.2026,4.2026,0.0,16.7891
38905.63,3.7957,-0.6538,1729733991.0,1,4,23150.0,0.0,4.2044,4.2044,0.0,16.796
38915.63,3.7956,-0.6538,1729734001.0,1,4,23160.0,0.0,4.2062,4.2062,0.0,16.8029
38925.63,3.7955,-0.6538,1729734011.0,1,4,23170.0,0.0,4.208,4.208,0.0,16.8098
38935.63,3.7954,-0.6538,1729734021.0,1,4,23180.0,0.0,4.2098,4.2098,0.0,16.8167
38945.63,3.7954,-0.6538,1729734031.0,1,4,23190.0,0.0,4.2117,4.2117,0.0,16.8236
38955.63,3.7953,-0.6538,1729734041.0,1,4,23200.0,0.0,4.2135,4.2135,0.0,16.8305
38965.63,3.7952,-0.6538,1729734051.0,1,4,23210.0,0.0,4.2153,4.2153,0.0,16.8374
38975.63,3.7951,-0.6538,1729734061.0,1,4,23220.0,0.0,4.2171,4.2171,0.0,16.8443
38985.63,3.7951,-0.6538,1729734071.0,1,4,23230.0,0.0,4.2189,4.2189,0.0,16.8512
38995.63,3.795,-0.6538,1729734081.0,1,4,23240.0,0.0,4.2207,4.2207,0.0,16.8581
39005.63,3.7949,-0.6538,1729734091.0,1,4,23250.0,0.0,4.2226,4.2226,0.0,16.8649
39015.63,3.7949,-0.6537,1729734101.0,1,4,23260.0,0.0,4.2244,4.2244,0.0,16.8718
39025.63,3.7947,-0.6537,1729734111.0,1,4,23270.0,0.0,4.2262,4.2262,0.0,16.8787
39035.63,3.7946,-0.6537,1729734121.0,1,4,23280.0,0.0,4.228,4.228,0.0,16.8856
39045.63,3.7946,-0.6538,1729734131.0,1,4,23290.0,0.0,4.2298,4.2298,0.0,16.8925
39055.63,3.7945,-0.6538,1729734141.0,1,4,23300.0,0.0,4.2316,4.2316,0.0,16.8994
39065.63,3.7944,-0.6538,1729734151.0,1,4,23310.0,0.0,4.2335,4.2335,0.0,16.9063
39075.63,3.7944,-0.6538,1729734161.0,1,4,23320.0,0.0,4.2353,4.2353,0.0,16.9132
39085.63,3.7943,-0.6538,1729734171.0,1,4,23330.0,0.0,4.2371,4.2371,0.0,16.9201
39095.63,3.7942,-0.6538,1729734181.0,1,4,23340.0,0.0,4.2389,4.2389,0.0,16.927
39105.63,3.7941,-0.6538,1729734191.0,1,4,23350.0,0.0,4.2407,4.2407,0.0,16.9339
39115.63,3.794,-0.6538,1729734201.0,1,4,23360.0,0.0,4.2425,4.2425,0.0,16.9407
39125.63,3.794,-0.6538,1729734211.0,1,4,23370.0,0.0,4.2443,4.2443,0.0,16.9476
39135.63,3.7939,-0.6537,1729734221.0,1,4,23380.0,0.0,4.2462,4.2462,0.0,16.9545
39145.63,3.7938,-0.6538,1729734231.0,1,4,23390.0,0.0,4.248,4.248,0.0,16.9614
39155.63,3.7937,-0.6538,1729734241.0,1,4,23400.0,0.0,4.2498,4.2498,0.0,16.9683
39165.63,3.7936,-0.6537,1729734251.0,1,4,23410.0,0.0,4.2516,4.2516,0.0,16.9752
39175.63,3.7936,-0.6538,1729734261.0,1,4,23420.0,0.0,4.2534,4.2534,0.0,16.9821
39185.63,3.7935,-0.6537,1729734271.0,1,4,23430.0,0.0,4.2552,4.2552,0.0,16.989
39195.63,3.7934,-0.6538,1729734281.0,1,4,23440.0,0.0,4.2571,4.2571,0.0,16.9959
39205.63,3.7934,-0.6538,1729734291.0,1,4,23450.0,0.0,4.2589,4.2589,0.0,17.0028
39215.63,3.7933,-0.6537,1729734301.0,1,4,23460.0,0.0,4.2607,4.2607,0.0,17.0096
39225.63,3.7932,-0.6537,1729734311.0,1,4,23470.0,0.0,4.2625,4.2625,0.0,17.0165
39235.63,3.7931,-0.6538,1729734321.0,1,4,23480.0,0.0,4.2643,4.2643,0.0,17.0234
39245.63,3.7931,-0.6537,1729734331.0,1,4,23490.0,0.0,4.2661,4.2661,0.0,17.0303
39255.63,3.793,-0.6538,1729734341.0,1,4,23500.0,0.0,4.268,4.268,0.0,17.0372
39265.63,3.7929,-0.6537,1729734351.0,1,4,23510.0,0.0,4.2698,4.2698,0.0,17.0441
39275.63,3.7928,-0.6537,1729734361.0,1,4,23520.0,0.0,4.2716,4.2716,0.0,17.051
39285.63,3.7928,-0.6538,1729734371.0,1,4,23530.0,0.0,4.2734,4.2734,0.0,17.0579
39295.63,3.7927,-0.6537,1729734381.0,1,4,23540.0,0.0,4.2752,4.2752,0.0,17.0647
39305.63,3.7926,-0.6537,1729734391.0,1,4,23550.0,0.0,4.277,4.277,0.0,17.0716
39315.63,3.7925,-0.6537,1729734401.0,1,4,23560.0,0.0,4.2789,4.2789,0.0,17.0785
39325.63,3.7924,-0.6538,1729734411.0,1,4,23570.0,0.0,4.2807,4.2807,0.0,17.0854
39335.63,3.7924,-0.6538,1729734421.0,1,4,23580.0,0.0,4.2825,4.2825,0.0,17.0923
39345.63,3.7923,-0.6538,1729734431.0,1,4,23590.0,0.0,4.2843,4.2843,0.0,17.0992
39355.63,3.7922,-0.6537,1729734441.0,1,4,23600.0,0.0,4.2861,4.2861,0.0,17.1061
39365.63,3.7922,-0.6538,1729734451.0,1,4,23610.0,0.0,4.2879,4.2879,0.0,17.113
39375.63,3.7921,-0.6538,1729734461.0,1,4,23620.0,0.0,4.2897,4.2897,0.0,17.1198
39385.63,3.792,-0.6537,1729734471.0,1,4,23630.0,0.0,4.2916,4.2916,0.0,17.1267
39395.63,3.7919,-0.6538,1729734481.0,1,4,23640.0,0.0,4.2934,4.2934,0.0,17.1336
39405.63,3.7919,-0.6537,1729734491.0,1,4,23650.0,0.0,4.2952,4.2952,0.0,17.1405
39415.63,3.7918,-0.6538,1729734501.0,1,4,23660.0,0.0,4.297,4.297,0.0,17.1474
39425.63,3.7917,-0.6538,1729734511.0,1,4,23670.0,0.0,4.2988,4.2988,0.0,17.1543
39435.63,3.7916,-0.6538,1729734521.0,1,4,23680.0,0.0,4.3006,4.3006,0.0,17.1612
39445.63,3.7915,-0.6538,1729734531.0,1,4,23690.0,0.0,4.3025,4.3025,0.0,17.168
39455.63,3.7915,-0.6537,1729734541.0,1,4,23700.0,0.0,4.3043,4.3043,0.0,17.1749
39465.63,3.7914,-0.6537,1729734551.0,1,4,23710.0,0.0,4.3061,4.3061,0.0,17.1818
39475.63,3.7914,-0.6538,1729734561.0,1,4,23720.0,0.0,4.3079,4.3079,0.0,17.1887
39485.63,3.7912,-0.6537,1729734571.0,1,4,23730.0,0.0,4.3097,4.3097,0.0,17.1956
39495.63,3.7912,-0.6538,1729734581.0,1,4,23740.0,0.0,4.3115,4.3115,0.0,17.2025
39505.63,3.7911,-0.6538,1729734591.0,1,4,23750.0,0.0,4.3134,4.3134,0.0,17.2094
39515.63,3.7911,-0.6538,1729734601.0,1,4,23760.0,0.0,4.3152,4.3152,0.0,17.2162
39525.63,3.791,-0.6537,1729734611.0,1,4,23770.0,0.0,4.317,4.317,0.0,17.2231
39535.63,3.7909,-0.6538,1729734621.0,1,4,23780.0,0.0,4.3188,4.3188,0.0,17.23
39545.63,3.7908,-0.6538,1729734631.0,1,4,23790.0,0.0,4.3206,4.3206,0.0,17.2369
39555.63,3.7908,-0.6538,1729734641.0,1,4,23800.0,0.0,4.3224,4.3224,0.0,17.2438
39565.63,3.7907,-0.6538,1729734651.0,1,4,23810.0,0.0,4.3243,4.3243,0.0,17.2507
39575.63,3.7906,-0.6538,1729734661.0,1,4,23820.0,0.0,4.3261,4.3261,0.0,17.2575
39585.63,3.7906,-0.6538,1729734671.0,1,4,23830.0,0.0,4.3279,4.3279,0.0,17.2644
39595.63,3.7905,-0.6538,1729734681.0,1,4,23840.0,0.0,4.3297,4.3297,0.0,17.2713
39605.63,3.7904,-0.6538,1729734691.0,1,4,23850.0,0.0,4.3315,4.3315,0.0,17.2782
39615.63,3.7903,-0.6538,1729734701.0,1,4,23860.0,0.0,4.3333,4.3333,0.0,17.2851
39625.63,3.7903,-0.6538,1729734711.0,1,4,23870.0,0.0,4.3351,4.3351,0.0,17.292
39635.63,3.7902,-0.6538,1729734721.0,1,4,23880.0,0.0,4.337,4.337,0.0,17.2988
39645.63,3.7901,-0.6537,1729734731.0,1,4,23890.0,0.0,4.3388,4.3388,0.0,17.3057
39655.63,3.79,-0.6537,1729734741.0,1,4,23900.0,0.0,4.3406,4.3406,0.0,17.3126
39665.63,3.79,-0.6538,1729734751.0,1,4,23910.0,0.0,4.3424,4.3424,0.0,17.3195
39675.63,3.7899,-0.6537,1729734761.0,1,4,23920.0,0.0,4.3442,4.3442,0.0,17.3264
39685.63,3.7898,-0.6538,1729734771.0,1,4,23930.0,0.0,4.346,4.346,0.0,17.3333
39695.63,3.7898,-0.6538,1729734781.0,1,4,23940.0,0.0,4.3479,4.3479,0.0,17.3401
39705.63,3.7897,-0.6537,1729734791.0,1,4,23950.0,0.0,4.3497,4.3497,0.0,17.347
39715.63,3.7896,-0.6538,1729734801.0,1,4,23960.0,0.0,4.3515,4.3515,0.0,17.3539
39725.63,3.7895,-0.6538,1729734811.0,1,4,23970.0,0.0,4.3533,4.3533,0.0,17.3608
39735.63,3.7895,-0.6538,1729734821.0,1,4,23980.0,0.0,4.3551,4.3551,0.0,17.3677
39745.63,3.7894,-0.6538,1729734831.0,1,4,23990.0,0.0,4.3569,4.3569,0.0,17.3745
39755.63,3.7893,-0.6537,1729734841.0,1,4,24000.0,0.0,4.3588,4.3588,0.0,17.3814
39765.63,3.7893,-0.6538,1729734851.0,1,4,24010.0,0.0,4.3606,4.3606,0.0,17.3883
39775.63,3.7892,-0.6538,1729734861.0,1,4,24020.0,0.0,4.3624,4.3624,0.0,17.3952
39785.63,3.7891,-0.6538,1729734871.0,1,4,24030.0,0.0,4.3642,4.3642,0.0,17.4021
39795.63,3.789,-0.6538,1729734881.0,1,4,24040.0,0.0,4.366,4.366,0.0,17.409
39805.63,3.789,-0.6538,1729734891.0,1,4,24050.0,0.0,4.3678,4.3678,0.0,17.4158
39815.63,3.7889,-0.6538,1729734901.0,1,4,24060.0,0.0,4.3697,4.3697,0.0,17.4227
39825.63,3.7888,-0.6537,1729734911.0,1,4,24070.0,0.0,4.3715,4.3715,0.0,17.4296
39835.63,3.7888,-0.6538,1729734921.0,1,4,24080.0,0.0,4.3733,4.3733,0.0,17.4365
39845.63,3.7887,-0.6538,1729734931.0,1,4,24090.0,0.0,4.3751,4.3751,0.0,17.4434
39855.63,3.7886,-0.6538,1729734941.0,1,4,24100.0,0.0,4.3769,4.3769,0.0,17.4502
39865.63,3.7886,-0.6537,1729734951.0,1,4,24110.0,0.0,4.3787,4.3787,0.0,17.4571
39875.63,3.7885,-0.6538,1729734961.0,1,4,24120.0,0.0,4.3805,4.3805,0.0,17.464
39885.63,3.7884,-0.6537,1729734971.0,1,4,24130.0,0.0,4.3824,4.3824,0.0,17.4709
39895.63,3.7884,-0.6538,1729734981.0,1,4,24140.0,0.0,4.3842,4.3842,0.0,17.4778
39905.63,3.7883,-0.6538,1729734991.0,1,4,24150.0,0.0,4.386,4.386,0.0,17.4846
39915.63,3.7882,-0.6538,1729735001.0,1,4,24160.0,0.0,4.3878,4.3878,0.0,17.4915
39925.63,3.7881,-0.6538,1729735011.0,1,4,24170.0,0.0,4.3896,4.3896,0.0,17.4984
39935.63,3.7881,-0.6538,1729735021.0,1,4,24180.0,0.0,4.3914,4.3914,0.0,17.5053
39945.63,3.788,-0.6538,1729735031.0,1,4,24190.0,0.0,4.3933,4.3933,0.0,17.5122
39955.63,3.7879,-0.6537,1729735041.0,1,4,24200.0,0.0,4.3951,4.3951,0.0,17.519
39965.63,3.7878,-0.6538,1729735051.0,1,4,24210.0,0.0,4.3969,4.3969,0.0,17.5259
39975.63,3.7878,-0.6538,1729735061.0,1,4,24220.0,0.0,4.3987,4.3987,0.0,17.5328
39985.63,3.7877,-0.6538,1729735071.0,1,4,24230.0,0.0,4.4005,4.4005,0.0,17.5397
39995.63,3.7877,-0.6538,1729735081.0,1,4,24240.0,0.0,4.4023,4.4023,0.0,17.5466
40005.63,3.7876,-0.6537,1729735091.0,1,4,24250.0,0.0,4.4042,4.4042,0.0,17.5534
40015.63,3.7875,-0.6539,1729735101.0,1,4,24260.0,0.0,4.406,4.406,0.0,17.5603
40025.63,3.7874,-0.6537,1729735111.0,1,4,24270.0,0.0,4.4078,4.4078,0.0,17.5672
40035.63,3.7874,-0.6538,1729735121.0,1,4,24280.0,0.0,4.4096,4.4096,0.0,17.5741
40045.63,3.7873,-0.6538,1729735131.0,1,4,24290.0,0.0,4.4114,4.4114,0.0,17.5809
40055.63,3.7872,-0.6537,1729735141.0,1,4,24300.0,0.0,4.4132,4.4132,0.0,17.5878
40065.63,3.7872,-0.6537,1729735151.0,1,4,24310.0,0.0,4.4151,4.4151,0.0,17.5947
40075.63,3.7871,-0.6537,1729735161.0,1,4,24320.0,0.0,4.4169,4.4169,0.0,17.6016
40085.63,3.7871,-0.6538,1729735171.0,1,4,24330.0,0.0,4.4187,4.4187,0.0,17.6085
40095.63,3.787,-0.6538,1729735181.0,1,4,24340.0,0.0,4.4205,4.4205,0.0,17.6153
40105.63,3.7869,-0.6537,1729735191.0,1,4,24350.0,0.0,4.4223,4.4223,0.0,17.6222
40115.63,3.7868,-0.6537,1729735201.0,1,4,24360.0,0.0,4.4241,4.4241,0.0,17.6291
40125.63,3.7868,-0.6537,1729735211.0,1,4,24370.0,0.0,4.4259,4.4259,0.0,17.636
40135.63,3.7867,-0.6538,1729735221.0,1,4,24380.0,0.0,4.4278,4.4278,0.0,17.6428
40145.63,3.7866,-0.6538,1729735231.0,1,4,24390.0,0.0,4.4296,4.4296,0.0,17.6497
40155.63,3.7865,-0.6538,1729735241.0,1,4,24400.0,0.0,4.4314,4.4314,0.0,17.6566
40165.63,3.7865,-0.6538,1729735251.0,1,4,24410.0,0.0,4.4332,4.4332,0.0,17.6635
40175.63,3.7864,-0.6538,1729735261.0,1,4,24420.0,0.0,4.435,4.435,0.0,17.6703
40185.63,3.7864,-0.6537,1729735271.0,1,4,24430.0,0.0,4.4368,4.4368,0.0,17.6772
40195.63,3.7863,-0.6537,1729735281.0,1,4,24440.0,0.0,4.4387,4.4387,0.0,17.6841
40205.63,3.7862,-0.6538,1729735291.0,1,4,24450.0,0.0,4.4405,4.4405,0.0,17.691
40215.63,3.7862,-0.6537,1729735301.0,1,4,24460.0,0.0,4.4423,4.4423,0.0,17.6978
40225.63,3.7861,-0.6538,1729735311.0,1,4,24470.0,0.0,4.4441,4.4441,0.0,17.7047
40235.63,3.786,-0.6538,1729735321.0,1,4,24480.0,0.0,4.4459,4.4459,0.0,17.7116
40245.63,3.7859,-0.6538,1729735331.0,1,4,24490.0,0.0,4.4477,4.4477,0.0,17.7185
40255.63,3.7859,-0.6538,1729735341.0,1,4,24500.0,0.0,4.4496,4.4496,0.0,17.7253
40265.63,3.7858,-0.6537,1729735351.0,1,4,24510.0,0.0,4.4514,4.4514,0.0,17.7322
40275.63,3.7858,-0.6538,1729735361.0,1,4,24520.0,0.0,4.4532,4.4532,0.0,17.7391
40285.63,3.7857,-0.6538,1729735371.0,1,4,24530.0,0.0,4.455,4.455,0.0,17.746
40295.63,3.7856,-0.6537,1729735381.0,1,4,24540.0,0.0,4.4568,4.4568,0.0,17.7528
40305.63,3.7855,-0.6538,1729735391.0,1,4,24550.0,0.0,4.4586,4.4586,0.0,17.7597
40315.63,3.7855,-0.6538,1729735401.0,1,4,24560.0,0.0,4.4605,4.4605,0.0,17.7666
40325.63,3.7854,-0.6538,1729735411.0,1,4,24570.0,0.0,4.4623,4.4623,0.0,17.7735
40335.63,3.7853,-0.6537,1729735421.0,1,4,24580.0,0.0,4.4641,4.4641,0.0,17.7803
40345.63,3.7853,-0.6538,1729735431.0,1,4,24590.0,0.0,4.4659,4.4659,0.0,17.7872
40355.63,3.7852,-0.6538,1729735441.0,1,4,24600.0,0.0,4.4677,4.4677,0.0,17.7941
40365.63,3.7852,-0.6538,1729735451.0,1,4,24610.0,0.0,4.4695,4.4695,0.0,17.801
40375.63,3.7851,-0.6538,1729735461.0,1,4,24620.0,0.0,4.4713,4.4713,0.0,17.8078
40385.63,3.785,-0.6537,1729735471.0,1,4,24630.0,0.0,4.4732,4.4732,0.0,17.8147
40395.63,3.785,-0.6538,1729735481.0,1,4,24640.0,0.0,4.475,4.475,0.0,17.8216
40405.63,3.7849,-0.6537,1729735491.0,1,4,24650.0,0.0,4.4768,4.4768,0.0,17.8285
40415.63,3.7848,-0.6537,1729735501.0,1,4,24660.0,0.0,4.4786,4.4786,0.0,17.8353
40425.63,3.7848,-0.6538,1729735511.0,1,4,24670.0,0.0,4.4804,4.4804,0.0,17.8422
40435.63,3.7847,-0.6537,1729735521.0,1,4,24680.0,0.0,4.4822,4.4822,0.0,17.8491
40445.63,3.7847,-0.6537,1729735531.0,1,4,24690.0,0.0,4.4841,4.4841,0.0,17.8559
40455.63,3.7846,-0.6538,1729735541.0,1,4,24700.0,0.0,4.4859,4.4859,0.0,17.8628
40465.63,3.7845,-0.6537,1729735551.0,1,4,24710.0,0.0,4.4877,4.4877,0.0,17.8697
40475.63,3.7844,-0.6537,1729735561.0,1,4,24720.0,0.0,4.4895,4.4895,0.0,17.8766
40485.63,3.7844,-0.6537,1729735571.0,1,4,24730.0,0.0,4.4913,4.4913,0.0,17.8834
40495.63,3.7843,-0.6538,1729735581.0,1,4,24740.0,0.0,4.4931,4.4931,0.0,17.8903
40505.63,3.7842,-0.6538,1729735591.0,1,4,24750.0,0.0,4.495,4.495,0.0,17.8972
40515.63,3.7842,-0.6538,1729735601.0,1,4,24760.0,0.0,4.4968,4.4968,0.0,17.9041
40525.63,3.7841,-0.6538,1729735611.0,1,4,24770.0,0.0,4.4986,4.4986,0.0,17.9109
40535.63,3.784,-0.6537,1729735621.0,1,4,24780.0,0.0,4.5004,4.5004,0.0,17.9178
40545.63,3.784,-0.6538,1729735631.0,1,4,24790.0,0.0,4.5022,4.5022,0.0,17.9247
40555.63,3.7839,-0.6537,1729735641.0,1,4,24800.0,0.0,4.504,4.504,0.0,17.9315
40565.63,3.7838,-0.6537,1729735651.0,1,4,24810.0,0.0,4.5059,4.5059,0.0,17.9384
40575.63,3.7838,-0.6539,1729735661.0,1,4,24820.0,0.0,4.5077,4.5077,0.0,17.9453
40585.63,3.7837,-0.6538,1729735671.0,1,4,24830.0,0.0,4.5095,4.5095,0.0,17.9522
40595.63,3.7837,-0.6538,1729735681.0,1,4,24840.0,0.0,4.5113,4.5113,0.0,17.959
40605.63,3.7836,-0.6538,1729735691.0,1,4,24850.0,0.0,4.5131,4.5131,0.0,17.9659
40615.63,3.7835,-0.6538,1729735701.0,1,4,24860.0,0.0,4.5149,4.5149,0.0,17.9728
40625.63,3.7835,-0.6538,1729735711.0,1,4,24870.0,0.0,4.5167,4.5167,0.0,17.9796
40635.63,3.7834,-0.6538,1729735721.0,1,4,24880.0,0.0,4.5186,4.5186,0.0,17.9865
40645.63,3.7833,-0.6538,1729735731.0,1,4,24890.0,0.0,4.5204,4.5204,0.0,17.9934
40655.63,3.7832,-0.6538,1729735741.0,1,4,24900.0,0.0,4.5222,4.5222,0.0,18.0003
40665.63,3.7832,-0.6538,1729735751.0,1,4,24910.0,0.0,4.524,4.524,0.0,18.0071
40675.63,3.7831,-0.6538,1729735761.0,1,4,24920.0,0.0,4.5258,4.5258,0.0,18.014
40685.63,3.7831,-0.6537,1729735771.0,1,4,24930.0,0.0,4.5276,4.5276,0.0,18.0209
40695.63,3.783,-0.6538,1729735781.0,1,4,24940.0,0.0,4.5295,4.5295,0.0,18.0277
40705.63,3.7829,-0.6538,1729735791.0,1,4,24950.0,0.0,4.5313,4.5313,0.0,18.0346
40715.63,3.7829,-0.6538,1729735801.0,1,4,24960.0,0.0,4.5331,4.5331,0.0,18.0415
40725.63,3.7828,-0.6537,1729735811.0,1,4,24970.0,0.0,4.5349,4.5349,0.0,18.0483
40735.63,3.7827,-0.6538,1729735821.0,1,4,24980.0,0.0,4.5367,4.5367,0.0,18.0552
40745.63,3.7827,-0.6538,1729735831.0,1,4,24990.0,0.0,4.5385,4.5385,0.0,18.0621
40755.63,3.7826,-0.6538,1729735841.0,1,4,25000.0,0.0,4.5404,4.5404,0.0,18.069
40765.63,3.7826,-0.6538,1729735851.0,1,4,25010.0,0.0,4.5422,4.5422,0.0,18.0758
40775.63,3.7825,-0.6538,1729735861.0,1,4,25020.0,0.0,4.544,4.544,0.0,18.0827
40785.63,3.7825,-0.6538,1729735871.0,1,4,25030.0,0.0,4.5458,4.5458,0.0,18.0896
40795.63,3.7824,-0.6538,1729735881.0,1,4,25040.0,0.0,4.5476,4.5476,0.0,18.0964
40805.63,3.7823,-0.6538,1729735891.0,1,4,25050.0,0.0,4.5494,4.5494,0.0,18.1033
40815.63,3.7823,-0.6537,1729735901.0,1,4,25060.0,0.0,4.5513,4.5513,0.0,18.1102
40825.63,3.7822,-0.6538,1729735911.0,1,4,25070.0,0.0,4.5531,4.5531,0.0,18.117
40835.63,3.7821,-0.6538,1729735921.0,1,4,25080.0,0.0,4.5549,4.5549,0.0,18.1239
40845.63,3.782,-0.6538,1729735931.0,1,4,25090.0,0.0,4.5567,4.5567,0.0,18.1308
40855.63,3.782,-0.6537,1729735941.0,1,4,25100.0,0.0,4.5585,4.5585,0.0,18.1376
40865.63,3.7819,-0.6537,1729735951.0,1,4,25110.0,0.0,4.5603,4.5603,0.0,18.1445
40875.63,3.7819,-0.6538,1729735961.0,1,4,25120.0,0.0,4.5621,4.5621,0.0,18.1514
40885.63,3.7818,-0.6537,1729735971.0,1,4,25130.0,0.0,4.564,4.564,0.0,18.1582
40895.63,3.7818,-0.6537,1729735981.0,1,4,25140.0,0.0,4.5658,4.5658,0.0,18.1651
40905.63,3.7816,-0.6538,1729735991.0,1,4,25150.0,0.0,4.5676,4.5676,0.0,18.172
40915.63,3.7816,-0.6537,1729736001.0,1,4,25160.0,0.0,4.5694,4.5694,0.0,18.1788
40925.63,3.7816,-0.6538,1729736011.0,1,4,25170.0,0.0,4.5712,4.5712,0.0,18.1857
40935.63,3.7815,-0.6538,1729736021.0,1,4,25180.0,0.0,4.573,4.573,0.0,18.1926
40945.63,3.7814,-0.6538,1729736031.0,1,4,25190.0,0.0,4.5749,4.5749,0.0,18.1994
40955.63,3.7814,-0.6538,1729736041.0,1,4,25200.0,0.0,4.5767,4.5767,0.0,18.2063
40965.63,3.7813,-0.6538,1729736051.0,1,4,25210.0,0.0,4.5785,4.5785,0.0,18.2132
40975.63,3.7812,-0.6538,1729736061.0,1,4,25220.0,0.0,4.5803,4.5803,0.0,18.22
40985.63,3.7812,-0.6538,1729736071.0,1,4,25230.0,0.0,4.5821,4.5821,0.0,18.2269
40995.63,3.7811,-0.6538,1729736081.0,1,4,25240.0,0.0,4.5839,4.5839,0.0,18.2338
41005.63,3.7811,-0.6537,1729736091.0,1,4,25250.0,0.0,4.5858,4.5858,0.0,18.2406
41015.63,3.781,-0.6538,1729736101.0,1,4,25260.0,0.0,4.5876,4.5876,0.0,18.2475
41025.63,3.7809,-0.6538,1729736111.0,1,4,25270.0,0.0,4.5894,4.5894,0.0,18.2544
41035.63,3.7809,-0.6538,1729736121.0,1,4,25280.0,0.0,4.5912,4.5912,0.0,18.2612
41045.63,3.7808,-0.6538,1729736131.0,1,4,25290.0,0.0,4.593,4.593,0.0,18.2681
41055.63,3.7808,-0.6538,1729736141.0,1,4,25300.0,0.0,4.5948,4.5948,0.0,18.275
41065.63,3.7807,-0.6537,1729736151.0,1,4,25310.0,0.0,4.5967,4.5967,0.0,18.2818
41075.63,3.7806,-0.6538,1729736161.0,1,4,25320.0,0.0,4.5985,4.5985,0.0,18.2887
41085.63,3.7806,-0.6538,1729736171.0,1,4,25330.0,0.0,4.6003,4.6003,0.0,18.2956
41095.63,3.7805,-0.6538,1729736181.0,1,4,25340.0,0.0,4.6021,4.6021,0.0,18.3024
41105.63,3.7804,-0.6538,1729736191.0,1,4,25350.0,0.0,4.6039,4.6039,0.0,18.3093
41115.63,3.7804,-0.6538,1729736201.0,1,4,25360.0,0.0,4.6057,4.6057,0.0,18.3162
41125.63,3.7803,-0.6538,1729736211.0,1,4,25370.0,0.0,4.6075,4.6075,0.0,18.323
41135.63,3.7802,-0.6538,1729736221.0,1,4,25380.0,0.0,4.6094,4.6094,0.0,18.3299
41145.63,3.7802,-0.6537,1729736231.0,1,4,25390.0,0.0,4.6112,4.6112,0.0,18.3368
41155.63,3.7801,-0.6538,1729736241.0,1,4,25400.0,0.0,4.613,4.613,0.0,18.3436
41165.63,3.7801,-0.6538,1729736251.0,1,4,25410.0,0.0,4.6148,4.6148,0.0,18.3505
41175.63,3.78,-0.6538,1729736261.0,1,4,25420.0,0.0,4.6166,4.6166,0.0,18.3574
41185.63,3.7799,-0.6538,1729736271.0,1,4,25430.0,0.0,4.6184,4.6184,0.0,18.3642
41195.63,3.7799,-0.6538,1729736281.0,1,4,25440.0,0.0,4.6203,4.6203,0.0,18.3711
41205.63,3.7798,-0.6538,1729736291.0,1,4,25450.0,0.0,4.6221,4.6221,0.0,18.378
41215.63,3.7797,-0.6537,1729736301.0,1,4,25460.0,0.0,4.6239,4.6239,0.0,18.3848
41225.63,3.7797,-0.6538,1729736311.0,1,4,25470.0,0.0,4.6257,4.6257,0.0,18.3917
41235.63,3.7796,-0.6538,1729736321.0,1,4,25480.0,0.0,4.6275,4.6275,0.0,18.3985
41245.63,3.7796,-0.6538,1729736331.0,1,4,25490.0,0.0,4.6293,4.6293,0.0,18.4054
41255.63,3.7795,-0.6539,1729736341.0,1,4,25500.0,0.0,4.6312,4.6312,0.0,18.4123
41265.63,3.7795,-0.6538,1729736351.0,1,4,25510.0,0.0,4.633,4.633,0.0,18.4191
41275.63,3.7794,-0.6538,1729736361.0,1,4,25520.0,0.0,4.6348,4.6348,0.0,18.426
41285.63,3.7793,-0.6537,1729736371.0,1,4,25530.0,0.0,4.6366,4.6366,0.0,18.4329
41295.63,3.7793,-0.6538,1729736381.0,1,4,25540.0,0.0,4.6384,4.6384,0.0,18.4397
41305.63,3.7792,-0.6539,1729736391.0,1,4,25550.0,0.0,4.6402,4.6402,0.0,18.4466
41315.63,3.7791,-0.6538,1729736401.0,1,4,25560.0,0.0,4.6421,4.6421,0.0,18.4535
41325.63,3.7791,-0.6538,1729736411.0,1,4,25570.0,0.0,4.6439,4.6439,0.0,18.4603
41335.63,3.779,-0.6538,1729736421.0,1,4,25580.0,0.0,4.6457,4.6457,0.0,18.4672
41345.63,3.7789,-0.6537,1729736431.0,1,4,25590.0,0.0,4.6475,4.6475,0.0,18.474
41355.63,3.7789,-0.6538,1729736441.0,1,4,25600.0,0.0,4.6493,4.6493,0.0,18.4809
41365.63,3.7788,-0.6538,1729736451.0,1,4,25610.0,0.0,4.6511,4.6511,0.0,18.4878
41375.63,3.7788,-0.6538,1729736461.0,1,4,25620.0,0.0,4.6529,4.6529,0.0,18.4946
41385.63,3.7787,-0.6538,1729736471.0,1,4,25630.0,0.0,4.6548,4.6548,0.0,18.5015
41395.63,3.7787,-0.6538,1729736481.0,1,4,25640.0,0.0,4.6566,4.6566,0.0,18.5084
41405.63,3.7786,-0.6538,1729736491.0,1,4,25650.0,0.0,4.6584,4.6584,0.0,18.5152
41415.63,3.7786,-0.6537,1729736501.0,1,4,25660.0,0.0,4.6602,4.6602,0.0,18.5221
41425.63,3.7785,-0.6538,1729736511.0,1,4,25670.0,0.0,4.662,4.662,0.0,18.5289
41435.63,3.7784,-0.6538,1729736521.0,1,4,25680.0,0.0,4.6638,4.6638,0.0,18.5358
41445.63,3.7784,-0.6538,1729736531.0,1,4,25690.0,0.0,4.6657,4.6657,0.0,18.5427
41455.63,3.7783,-0.6538,1729736541.0,1,4,25700.0,0.0,4.6675,4.6675,0.0,18.5495
41465.63,3.7783,-0.6537,1729736551.0,1,4,25710.0,0.0,4.6693,4.6693,0.0,18.5564
41475.63,3.7782,-0.6538,1729736561.0,1,4,25720.0,0.0,4.6711,4.6711,0.0,18.5632
41485.63,3.7782,-0.6538,1729736571.0,1,4,25730.0,0.0,4.6729,4.6729,0.0,18.5701
41495.63,3.7781,-0.6538,1729736581.0,1,4,25740.0,0.0,4.6747,4.6747,0.0,18.577
41505.63,3.778,-0.6538,1729736591.0,1,4,25750.0,0.0,4.6766,4.6766,0.0,18.5838
41515.63,3.778,-0.6537,1729736601.0,1,4,25760.0,0.0,4.6784,4.6784,0.0,18.5907
41525.63,3.7779,-0.6538,1729736611.0,1,4,25770.0,0.0,4.6802,4.6802,0.0,18.5976
41535.63,3.7778,-0.6538,1729736621.0,1,4,25780.0,0.0,4.682,4.682,0.0,18.6044
41545.63,3.7778,-0.6538,1729736631.0,1,4,25790.0,0.0,4.6838,4.6838,0.0,18.6113
41555.63,3.7777,-0.6538,1729736641.0,1,4,25800.0,0.0,4.6856,4.6856,0.0,18.6181
41565.63,3.7777,-0.6538,1729736651.0,1,4,25810.0,0.0,4.6875,4.6875,0.0,18.625
41575.63,3.7776,-0.6538,1729736661.0,1,4,25820.0,0.0,4.6893,4.6893,0.0,18.6319
41585.63,3.7776,-0.6538,1729736671.0,1,4,25830.0,0.0,4.6911,4.6911,0.0,18.6387
41595.63,3.7775,-0.6538,1729736681.0,1,4,25840.0,0.0,4.6929,4.6929,0.0,18.6456
41605.63,3.7774,-0.6538,1729736691.0,1,4,25850.0,0.0,4.6947,4.6947,0.0,18.6524
41615.63,3.7774,-0.6537,1729736701.0,1,4,25860.0,0.0,4.6965,4.6965,0.0,18.6593
41625.63,3.7773,-0.6537,1729736711.0,1,4,25870.0,0.0,4.6983,4.6983,0.0,18.6662
41635.63,3.7773,-0.6538,1729736721.0,1,4,25880.0,0.0,4.7002,4.7002,0.0,18.673
41645.63,3.7772,-0.6537,1729736731.0,1,4,25890.0,0.0,4.702,4.702,0.0,18.6799
41655.63,3.7772,-0.6538,1729736741.0,1,4,25900.0,0.0,4.7038,4.7038,0.0,18.6867
41665.63,3.7771,-0.6538,1729736751.0,1,4,25910.0,0.0,4.7056,4.7056,0.0,18.6936
41675.63,3.777,-0.6538,1729736761.0,1,4,25920.0,0.0,4.7074,4.7074,0.0,18.7005
41685.63,3.777,-0.6538,1729736771.0,1,4,25930.0,0.0,4.7092,4.7092,0.0,18.7073
41695.63,3.7769,-0.6538,1729736781.0,1,4,25940.0,0.0,4.7111,4.7111,0.0,18.7142
41705.63,3.7768,-0.6538,1729736791.0,1,4,25950.0,0.0,4.7129,4.7129,0.0,18.721
41715.63,3.7768,-0.6538,1729736801.0,1,4,25960.0,0.0,4.7147,4.7147,0.0,18.7279
41725.63,3.7767,-0.6537,1729736811.0,1,4,25970.0,0.0,4.7165,4.7165,0.0,18.7348
41735.63,3.7766,-0.6538,1729736821.0,1,4,25980.0,0.0,4.7183,4.7183,0.0,18.7416
41745.63,3.7766,-0.6538,1729736831.0,1,4,25990.0,0.0,4.7201,4.7201,0.0,18.7485
41755.63,3.7765,-0.6538,1729736841.0,1,4,26000.0,0.0,4.722,4.722,0.0,18.7553
41765.63,3.7765,-0.6537,1729736851.0,1,4,26010.0,0.0,4.7238,4.7238,0.0,18.7622
41775.63,3.7764,-0.6538,1729736861.0,1,4,26020.0,0.0,4.7256,4.7256,0.0,18.769
41785.63,3.7764,-0.6538,1729736871.0,1,4,26030.0,0.0,4.7274,4.7274,0.0,18.7759
41795.63,3.7763,-0.6537,1729736881.0,1,4,26040.0,0.0,4.7292,4.7292,0.0,18.7828
41805.63,3.7763,-0.6538,1729736891.0,1,4,26050.0,0.0,4.731,4.731,0.0,18.7896
41815.63,3.7762,-0.6538,1729736901.0,1,4,26060.0,0.0,4.7329,4.7329,0.0,18.7965
41825.63,3.7762,-0.6537,1729736911.0,1,4,26070.0,0.0,4.7347,4.7347,0.0,18.8033
41835.63,3.7761,-0.6538,1729736921.0,1,4,26080.0,0.0,4.7365,4.7365,0.0,18.8102
41845.63,3.776,-0.6538,1729736931.0,1,4,26090.0,0.0,4.7383,4.7383,0.0,18.817
41855.63,3.776,-0.6538,1729736941.0,1,4,26100.0,0.0,4.7401,4.7401,0.0,18.8239
41865.63,3.7759,-0.6538,1729736951.0,1,4,26110.0,0.0,4.7419,4.7419,0.0,18.8308
41875.63,3.7758,-0.6539,1729736961.0,1,4,26120.0,0.0,4.7438,4.7438,0.0,18.8376
41885.63,3.7758,-0.6538,1729736971.0,1,4,26130.0,0.0,4.7456,4.7456,0.0,18.8445
41895.63,3.7758,-0.6538,1729736981.0,1,4,26140.0,0.0,4.7474,4.7474,0.0,18.8513
41905.63,3.7757,-0.6538,1729736991.0,1,4,26150.0,0.0,4.7492,4.7492,0.0,18.8582
41915.63,3.7756,-0.6538,1729737001.0,1,4,26160.0,0.0,4.751,4.751,0.0,18.865
41925.63,3.7756,-0.6537,1729737011.0,1,4,26170.0,0.0,4.7528,4.7528,0.0,18.8719
41935.63,3.7755,-0.6538,1729737021.0,1,4,26180.0,0.0,4.7546,4.7546,0.0,18.8788
41945.63,3.7754,-0.6537,1729737031.0,1,4,26190.0,0.0,4.7565,4.7565,0.0,18.8856
41955.63,3.7754,-0.6538,1729737041.0,1,4,26200.0,0.0,4.7583,4.7583,0.0,18.8925
41965.63,3.7754,-0.6537,1729737051.0,1,4,26210.0,0.0,4.7601,4.7601,0.0,18.8993
41975.63,3.7753,-0.6538,1729737061.0,1,4,26220.0,0.0,4.7619,4.7619,0.0,18.9062
41985.63,3.7752,-0.6537,1729737071.0,1,4,26230.0,0.0,4.7637,4.7637,0.0,18.913
41995.63,3.7752,-0.6538,1729737081.0,1,4,26240.0,0.0,4.7655,4.7655,0.0,18.9199
42005.63,3.7751,-0.6538,1729737091.0,1,4,26250.0,0.0,4.7674,4.7674,0.0,18.9268
42015.63,3.7751,-0.6538,1729737101.0,1,4,26260.0,0.0,4.7692,4.7692,0.0,18.9336
42025.63,3.775,-0.6538,1729737111.0,1,4,26270.0,0.0,4.771,4.771,0.0,18.9405
42035.63,3.775,-0.6538,1729737121.0,1,4,26280.0,0.0,4.7728,4.7728,0.0,18.9473
42045.63,3.7749,-0.6538,1729737131.0,1,4,26290.0,0.0,4.7746,4.7746,0.0,18.9542
42055.63,3.7749,-0.6538,1729737141.0,1,4,26300.0,0.0,4.7764,4.7764,0.0,18.961
42065.63,3.7748,-0.6538,1729737151.0,1,4,26310.0,0.0,4.7783,4.7783,0.0,18.9679
42075.63,3.7748,-0.6537,1729737161.0,1,4,26320.0,0.0,4.7801,4.7801,0.0,18.9747
42085.63,3.7747,-0.6538,1729737171.0,1,4,26330.0,0.0,4.7819,4.7819,0.0,18.9816
42095.63,3.7746,-0.6538,1729737181.0,1,4,26340.0,0.0,4.7837,4.7837,0.0,18.9885
42105.63,3.7746,-0.6538,1729737191.0,1,4,26350.0,0.0,4.7855,4.7855,0.0,18.9953
42115.63,3.7745,-0.6539,1729737201.0,1,4,26360.0,0.0,4.7873,4.7873,0.0,19.0022
42125.63,3.7745,-0.6538,1729737211.0,1,4,26370.0,0.0,4.7892,4.7892,0.0,19.009
42135.63,3.7744,-0.6538,1729737221.0,1,4,26380.0,0.0,4.791,4.791,0.0,19.0159
42145.63,3.7744,-0.6538,1729737231.0,1,4,26390.0,0.0,4.7928,4.7928,0.0,19.0227
42155.63,3.7743,-0.6538,1729737241.0,1,4,26400.0,0.0,4.7946,4.7946,0.0,19.0296
42165.63,3.7743,-0.6538,1729737251.0,1,4,26410.0,0.0,4.7964,4.7964,0.0,19.0364
42175.63,3.7742,-0.6538,1729737261.0,1,4,26420.0,0.0,4.7982,4.7982,0.0,19.0433
42185.63,3.7741,-0.6538,1729737271.0,1,4,26430.0,0.0,4.8,4.8,0.0,19.0501
42195.63,3.7741,-0.6537,1729737281.0,1,4,26440.0,0.0,4.8019,4.8019,0.0,19.057
42205.63,3.774,-0.6538,1729737291.0,1,4,26450.0,0.0,4.8037,4.8037,0.0,19.0638
42215.63,3.774,-0.6538,1729737301.0,1,4,26460.0,0.0,4.8055,4.8055,0.0,19.0707
42225.63,3.7739,-0.6538,1729737311.0,1,4,26470.0,0.0,4.8073,4.8073,0.0,19.0776
42235.63,3.7739,-0.6538,1729737321.0,1,4,26480.0,0.0,4.8091,4.8091,0.0,19.0844
42245.63,3.7738,-0.6538,1729737331.0,1,4,26490.0,0.0,4.8109,4.8109,0.0,19.0913
42255.63,3.7737,-0.6538,1729737341.0,1,4,26500.0,0.0,4.8128,4.8128,0.0,19.0981
42265.63,3.7737,-0.6538,1729737351.0,1,4,26510.0,0.0,4.8146,4.8146,0.0,19.105
42275.63,3.7737,-0.6538,1729737361.0,1,4,26520.0,0.0,4.8164,4.8164,0.0,19.1118
42285.63,3.7736,-0.6538,1729737371.0,1,4,26530.0,0.0,4.8182,4.8182,0.0,19.1187
42295.63,3.7736,-0.6538,1729737381.0,1,4,26540.0,0.0,4.82,4.82,0.0,19.1255
42305.63,3.7735,-0.6538,1729737391.0,1,4,26550.0,0.0,4.8218,4.8218,0.0,19.1324
42315.63,3.7734,-0.6538,1729737401.0,1,4,26560.0,0.0,4.8237,4.8237,0.0,19.1392
42325.63,3.7734,-0.6538,1729737411.0,1,4,26570.0,0.0,4.8255,4.8255,0.0,19.1461
42335.63,3.7733,-0.6538,1729737421.0,1,4,26580.0,0.0,4.8273,4.8273,0.0,19.1529
42345.63,3.7733,-0.6539,1729737431.0,1,4,26590.0,0.0,4.8291,4.8291,0.0,19.1598
42355.63,3.7732,-0.6537,1729737441.0,1,4,26600.0,0.0,4.8309,4.8309,0.0,19.1666
42365.63,3.7732,-0.6538,1729737451.0,1,4,26610.0,0.0,4.8327,4.8327,0.0,19.1735
42375.63,3.7731,-0.6538,1729737461.0,1,4,26620.0,0.0,4.8346,4.8346,0.0,19.1803
42385.63,3.7731,-0.6538,1729737471.0,1,4,26630.0,0.0,4.8364,4.8364,0.0,19.1872
42395.63,3.773,-0.6538,1729737481.0,1,4,26640.0,0.0,4.8382,4.8382,0.0,19.1941
42405.63,3.773,-0.6538,1729737491.0,1,4,26650.0,0.0,4.84,4.84,0.0,19.2009
42415.63,3.7729,-0.6538,1729737501.0,1,4,26660.0,0.0,4.8418,4.8418,0.0,19.2078
42425.63,3.7729,-0.6538,1729737511.0,1,4,26670.0,0.0,4.8436,4.8436,0.0,19.2146
42435.63,3.7728,-0.6538,1729737521.0,1,4,26680.0,0.0,4.8454,4.8454,0.0,19.2215
42445.63,3.7728,-0.6538,1729737531.0,1,4,26690.0,0.0,4.8473,4.8473,0.0,19.2283
42455.63,3.7727,-0.6537,1729737541.0,1,4,26700.0,0.0,4.8491,4.8491,0.0,19.2352
42465.63,3.7726,-0.6538,1729737551.0,1,4,26710.0,0.0,4.8509,4.8509,0.0,19.242
42475.63,3.7726,-0.6537,1729737561.0,1,4,26720.0,0.0,4.8527,4.8527,0.0,19.2489
42485.63,3.7726,-0.6538,1729737571.0,1,4,26730.0,0.0,4.8545,4.8545,0.0,19.2557
42495.63,3.7725,-0.6538,1729737581.0,1,4,26740.0,0.0,4.8563,4.8563,0.0,19.2626
42505.63,3.7725,-0.6538,1729737591.0,1,4,26750.0,0.0,4.8582,4.8582,0.0,19.2694
42515.63,3.7724,-0.6538,1729737601.0,1,4,26760.0,0.0,4.86,4.86,0.0,19.2763
42525.63,3.7723,-0.6538,1729737611.0,1,4,26770.0,0.0,4.8618,4.8618,0.0,19.2831
42535.63,3.7723,-0.6537,1729737621.0,1,4,26780.0,0.0,4.8636,4.8636,0.0,19.29
42545.63,3.7723,-0.6537,1729737631.0,1,4,26790.0,0.0,4.8654,4.8654,0.0,19.2968
42555.63,3.7722,-0.6537,1729737641.0,1,4,26800.0,0.0,4.8672,4.8672,0.0,19.3037
42565.63,3.7721,-0.6537,1729737651.0,1,4,26810.0,0.0,4.8691,4.8691,0.0,19.3105
42575.63,3.7721,-0.6537,1729737661.0,1,4,26820.0,0.0,4.8709,4.8709,0.0,19.3174
42585.63,3.7721,-0.6537,1729737671.0,1,4,26830.0,0.0,4.8727,4.8727,0.0,19.3242
42595.63,3.772,-0.6539,1729737681.0,1,4,26840.0,0.0,4.8745,4.8745,0.0,19.3311
42605.63,3.772,-0.6538,1729737691.0,1,4,26850.0,0.0,4.8763,4.8763,0.0,19.3379
42615.63,3.7719,-0.6538,1729737701.0,1,4,26860.0,0.0,4.8781,4.8781,0.0,19.3448
42625.63,3.7719,-0.6538,1729737711.0,1,4,26870.0,0.0,4.88,4.88,0.0,19.3516
42635.63,3.7718,-0.6538,1729737721.0,1,4,26880.0,0.0,4.8818,4.8818,0.0,19.3585
42645.63,3.7717,-0.6538,1729737731.0,1,4,26890.0,0.0,4.8836,4.8836,0.0,19.3653
42655.63,3.7717,-0.6537,1729737741.0,1,4,26900.0,0.0,4.8854,4.8854,0.0,19.3722
42665.63,3.7717,-0.6538,1729737751.0,1,4,26910.0,0.0,4.8872,4.8872,0.0,19.379
42675.63,3.7716,-0.6539,1729737761.0,1,4,26920.0,0.0,4.889,4.889,0.0,19.3859
42685.63,3.7716,-0.6537,1729737771.0,1,4,26930.0,0.0,4.8908,4.8908,0.0,19.3927
42695.63,3.7715,-0.6537,1729737781.0,1,4,26940.0,0.0,4.8927,4.8927,0.0,19.3996
42705.63,3.7715,-0.6538,1729737791.0,1,4,26950.0,0.0,4.8945,4.8945,0.0,19.4064
42715.63,3.7714,-0.6537,1729737801.0,1,4,26960.0,0.0,4.8963,4.8963,0.0,19.4133
42725.63,3.7714,-0.6538,1729737811.0,1,4,26970.0,0.0,4.8981,4.8981,0.0,19.4201
42735.63,3.7713,-0.6538,1729737821.0,1,4,26980.0,0.0,4.8999,4.8999,0.0,19.427
42745.63,3.7713,-0.6538,1729737831.0,1,4,26990.0,0.0,4.9017,4.9017,0.0,19.4338
42755.63,3.7712,-0.6537,1729737841.0,1,4,27000.0,0.0,4.9036,4.9036,0.0,19.4407
42765.63,3.7712,-0.6537,1729737851.0,1,4,27010.0,0.0,4.9054,4.9054,0.0,19.4475
42775.63,3.7711,-0.6538,1729737861.0,1,4,27020.0,0.0,4.9072,4.9072,0.0,19.4544
42785.63,3.7711,-0.6538,1729737871.0,1,4,27030.0,0.0,4.909,4.909,0.0,19.4612
42795.63,3.771,-0.6538,1729737881.0,1,4,27040.0,0.0,4.9108,4.9108,0.0,19.4681
42805.63,3.771,-0.6538,1729737891.0,1,4,27050.0,0.0,4.9126,4.9126,0.0,19.4749
42815.63,3.7709,-0.6538,1729737901.0,1,4,27060.0,0.0,4.9145,4.9145,0.0,19.4817
42825.63,3.7709,-0.6538,1729737911.0,1,4,27070.0,0.0,4.9163,4.9163,0.0,19.4886
42835.63,3.7708,-0.6538,1729737921.0,1,4,27080.0,0.0,4.9181,4.9181,0.0,19.4954
42845.63,3.7708,-0.6538,1729737931.0,1,4,27090.0,0.0,4.9199,4.9199,0.0,19.5023
42855.63,3.7707,-0.6538,1729737941.0,1,4,27100.0,0.0,4.9217,4.9217,0.0,19.5091
42865.63,3.7707,-0.6537,1729737951.0,1,4,27110.0,0.0,4.9235,4.9235,0.0,19.516
42875.63,3.7706,-0.6537,1729737961.0,1,4,27120.0,0.0,4.9254,4.9254,0.0,19.5228
42885.63,3.7706,-0.6537,1729737971.0,1,4,27130.0,0.0,4.9272,4.9272,0.0,19.5297
42895.63,3.7705,-0.6538,1729737981.0,1,4,27140.0,0.0,4.929,4.929,0.0,19.5365
42905.63,3.7705,-0.6537,1729737991.0,1,4,27150.0,0.0,4.9308,4.9308,0.0,19.5434
42915.63,3.7704,-0.6537,1729738001.0,1,4,27160.0,0.0,4.9326,4.9326,0.0,19.5502
42925.63,3.7704,-0.6538,1729738011.0,1,4,27170.0,0.0,4.9344,4.9344,0.0,19.5571
42935.63,3.7704,-0.6538,1729738021.0,1,4,27180.0,0.0,4.9362,4.9362,0.0,19.5639
42945.63,3.7703,-0.6538,1729738031.0,1,4,27190.0,0.0,4.9381,4.9381,0.0,19.5708
42955.63,3.7703,-0.6538,1729738041.0,1,4,27200.0,0.0,4.9399,4.9399,0.0,19.5776
42965.63,3.7702,-0.6538,1729738051.0,1,4,27210.0,0.0,4.9417,4.9417,0.0,19.5845
42975.63,3.7702,-0.6538,1729738061.0,1,4,27220.0,0.0,4.9435,4.9435,0.0,19.5913
42985.63,3.7701,-0.6537,1729738071.0,1,4,27230.0,0.0,4.9453,4.9453,0.0,19.5982
42995.63,3.7701,-0.6537,1729738081.0,1,4,27240.0,0.0,4.9471,4.9471,0.0,19.605
43005.63,3.77,-0.6538,1729738091.0,1,4,27250.0,0.0,4.949,4.949,0.0,19.6118
43015.63,3.7699,-0.6538,1729738101.0,1,4,27260.0,0.0,4.9508,4.9508,0.0,19.6187
43025.63,3.77,-0.6538,1729738111.0,1,4,27270.0,0.0,4.9526,4.9526,0.0,19.6255
43035.63,3.7699,-0.6537,1729738121.0,1,4,27280.0,0.0,4.9544,4.9544,0.0,19.6324
43045.63,3.7698,-0.6537,1729738131.0,1,4,27290.0,0.0,4.9562,4.9562,0.0,19.6392
43055.63,3.7697,-0.6538,1729738141.0,1,4,27300.0,0.0,4.958,4.958,0.0,19.6461
43065.63,3.7697,-0.6538,1729738151.0,1,4,27310.0,0.0,4.9599,4.9599,0.0,19.6529
43075.63,3.7696,-0.6537,1729738161.0,1,4,27320.0,0.0,4.9617,4.9617,0.0,19.6598
43085.63,3.7696,-0.6538,1729738171.0,1,4,27330.0,0.0,4.9635,4.9635,0.0,19.6666
43095.63,3.7696,-0.6538,1729738181.0,1,4,27340.0,0.0,4.9653,4.9653,0.0,19.6735
43105.63,3.7695,-0.6538,1729738191.0,1,4,27350.0,0.0,4.9671,4.9671,0.0,19.6803
43115.63,3.7695,-0.6537,1729738201.0,1,4,27360.0,0.0,4.9689,4.9689,0.0,19.6871
43125.63,3.7694,-0.6538,1729738211.0,1,4,27370.0,0.0,4.9708,4.9708,0.0,19.694
43135.63,3.7694,-0.6538,1729738221.0,1,4,27380.0,0.0,4.9726,4.9726,0.0,19.7008
43145.63,3.7693,-0.6538,1729738231.0,1,4,27390.0,0.0,4.9744,4.9744,0.0,19.7077
43155.63,3.7693,-0.6537,1729738241.0,1,4,27400.0,0.0,4.9762,4.9762,0.0,19.7145
43165.63,3.7692,-0.6538,1729738251.0,1,4,27410.0,0.0,4.978,4.978,0.0,19.7214
43175.63,3.7692,-0.6537,1729738261.0,1,4,27420.0,0.0,4.9798,4.9798,0.0,19.7282
43185.63,3.7692,-0.6538,1729738271.0,1,4,27430.0,0.0,4.9816,4.9816,0.0,19.7351
43195.63,3.7691,-0.6538,1729738281.0,1,4,27440.0,0.0,4.9835,4.9835,0.0,19.7419
43205.63,3.7691,-0.6537,1729738291.0,1,4,27450.0,0.0,4.9853,4.9853,0.0,19.7488
43215.63,3.769,-0.6538,1729738301.0,1,4,27460.0,0.0,4.9871,4.9871,0.0,19.7556
43225.63,3.7689,-0.6538,1729738311.0,1,4,27470.0,0.0,4.9889,4.9889,0.0,19.7624
43235.63,3.7689,-0.6538,1729738321.0,1,4,27480.0,0.0,4.9907,4.9907,0.0,19.7693
43245.63,3.7689,-0.6538,1729738331.0,1,4,27490.0,0.0,4.9925,4.9925,0.0,19.7761
43255.63,3.7688,-0.6538,1729738341.0,1,4,27500.0,0.0,4.9944,4.9944,0.0,19.783
43265.63,3.7688,-0.6537,1729738351.0,1,4,27510.0,0.0,4.9962,4.9962,0.0,19.7898
43275.63,3.7687,-0.6538,1729738361.0,1,4,27520.0,0.0,4.998,4.998,0.0,19.7967
43285.63,3.7687,-0.6538,1729738371.0,1,4,27530.0,0.0,4.9998,4.9998,0.0,19.8035
43295.63,3.7686,-0.6537,1729738381.0,1,4,27540.0,0.0,5.0016,5.0016,0.0,19.8104
43305.63,3.7686,-0.6537,1729738391.0,1,4,27550.0,0.0,5.0034,5.0034,0.0,19.8172
43315.63,3.7685,-0.6538,1729738401.0,1,4,27560.0,0.0,5.0053,5.0053,0.0,19.824
43325.63,3.7685,-0.6538,1729738411.0,1,4,27570.0,0.0,5.0071,5.0071,0.0,19.8309
43335.63,3.7684,-0.6537,1729738421.0,1,4,27580.0,0.0,5.0089,5.0089,0.0,19.8377
43345.63,3.7684,-0.6538,1729738431.0,1,4,27590.0,0.0,5.0107,5.0107,0.0,19.8446
43355.63,3.7684,-0.6538,1729738441.0,1,4,27600.0,0.0,5.0125,5.0125,0.0,19.8514
43365.63,3.7683,-0.6538,1729738451.0,1,4,27610.0,0.0,5.0143,5.0143,0.0,19.8583
43375.63,3.7683,-0.6538,1729738461.0,1,4,27620.0,0.0,5.0162,5.0162,0.0,19.8651
43385.63,3.7682,-0.6537,1729738471.0,1,4,27630.0,0.0,5.018,5.018,0.0,19.8719
43395.63,3.7681,-0.6537,1729738481.0,1,4,27640.0,0.0,5.0198,5.0198,0.0,19.8788
43405.63,3.7681,-0.6538,1729738491.0,1,4,27650.0,0.0,5.0216,5.0216,0.0,19.8856
43415.63,3.7681,-0.6537,1729738501.0,1,4,27660.0,0.0,5.0234,5.0234,0.0,19.8925
43425.63,3.768,-0.6537,1729738511.0,1,4,27670.0,0.0,5.0252,5.0252,0.0,19.8993
43435.63,3.7679,-0.6538,1729738521.0,1,4,27680.0,0.0,5.027,5.027,0.0,19.9062
43445.63,3.7679,-0.6538,1729738531.0,1,4,27690.0,0.0,5.0289,5.0289,0.0,19.913
43455.63,3.7679,-0.6537,1729738541.0,1,4,27700.0,0.0,5.0307,5.0307,0.0,19.9198
43465.63,3.7678,-0.6538,1729738551.0,1,4,27710.0,0.0,5.0325,5.0325,0.0,19.9267
43475.63,3.7678,-0.6537,1729738561.0,1,4,27720.0,0.0,5.0343,5.0343,0.0,19.9335
43485.63,3.7678,-0.6538,1729738571.0,1,4,27730.0,0.0,5.0361,5.0361,0.0,19.9404
43495.63,3.7677,-0.6538,1729738581.0,1,4,27740.0,0.0,5.0379,5.0379,0.0,19.9472
43505.63,3.7676,-0.6538,1729738591.0,1,4,27750.0,0.0,5.0398,5.0398,0.0,19.9541
43515.63,3.7676,-0.6538,1729738601.0,1,4,27760.0,0.0,5.0416,5.0416,0.0,19.9609
43525.63,3.7676,-0.6538,1729738611.0,1,4,27770.0,0.0,5.0434,5.0434,0.0,19.9677
43535.63,3.7675,-0.6537,1729738621.0,1,4,27780.0,0.0,5.0452,5.0452,0.0,19.9746
43545.63,3.7675,-0.6538,1729738631.0,1,4,27790.0,0.0,5.047,5.047,0.0,19.9814
43555.63,3.7674,-0.6538,1729738641.0,1,4,27800.0,0.0,5.0488,5.0488,0.0,19.9883
43565.63,3.7673,-0.6537,1729738651.0,1,4,27810.0,0.0,5.0507,5.0507,0.0,19.9951
43575.63,3.7673,-0.6538,1729738661.0,1,4,27820.0,0.0,5.0525,5.0525,0.0,20.0019
43585.63,3.7672,-0.6538,1729738671.0,1,4,27830.0,0.0,5.0543,5.0543,0.0,20.0088
43595.63,3.7672,-0.6538,1729738681.0,1,4,27840.0,0.0,5.0561,5.0561,0.0,20.0156
43605.63,3.7671,-0.6537,1729738691.0,1,4,27850.0,0.0,5.0579,5.0579,0.0,20.0225
43615.63,3.7671,-0.6538,1729738701.0,1,4,27860.0,0.0,5.0597,5.0597,0.0,20.0293
43625.63,3.7671,-0.6538,1729738711.0,1,4,27870.0,0.0,5.0616,5.0616,0.0,20.0362
43635.63,3.767,-0.6538,1729738721.0,1,4,27880.0,0.0,5.0634,5.0634,0.0,20.043
43645.63,3.7669,-0.6537,1729738731.0,1,4,27890.0,0.0,5.0652,5.0652,0.0,20.0498
43655.63,3.7669,-0.6538,1729738741.0,1,4,27900.0,0.0,5.067,5.067,0.0,20.0567
43665.63,3.7669,-0.6538,1729738751.0,1,4,27910.0,0.0,5.0688,5.0688,0.0,20.0635
43675.63,3.7668,-0.6537,1729738761.0,1,4,27920.0,0.0,5.0706,5.0706,0.0,20.0704
43685.63,3.7667,-0.6538,1729738771.0,1,4,27930.0,0.0,5.0724,5.0724,0.0,20.0772
43695.63,3.7667,-0.6537,1729738781.0,1,4,27940.0,0.0,5.0743,5.0743,0.0,20.084
43705.63,3.7666,-0.6538,1729738791.0,1,4,27950.0,0.0,5.0761,5.0761,0.0,20.0909
43715.63,3.7666,-0.6538,1729738801.0,1,4,27960.0,0.0,5.0779,5.0779,0.0,20.0977
43725.63,3.7666,-0.6537,1729738811.0,1,4,27970.0,0.0,5.0797,5.0797,0.0,20.1046
43735.63,3.7665,-0.6538,1729738821.0,1,4,27980.0,0.0,5.0815,5.0815,0.0,20.1114
43745.63,3.7665,-0.6538,1729738831.0,1,4,27990.0,0.0,5.0833,5.0833,0.0,20.1182
43755.63,3.7664,-0.6537,1729738841.0,1,4,28000.0,0.0,5.0852,5.0852,0.0,20.1251
43765.63,3.7663,-0.6538,1729738851.0,1,4,28010.0,0.0,5.087,5.087,0.0,20.1319
43775.63,3.7663,-0.6538,1729738861.0,1,4,28020.0,0.0,5.0888,5.0888,0.0,20.1388
43785.63,3.7663,-0.6538,1729738871.0,1,4,28030.0,0.0,5.0906,5.0906,0.0,20.1456
43795.63,3.7662,-0.6537,1729738881.0,1,4,28040.0,0.0,5.0924,5.0924,0.0,20.1524
43805.63,3.7662,-0.6538,1729738891.0,1,4,28050.0,0.0,5.0942,5.0942,0.0,20.1593
43815.63,3.7661,-0.6538,1729738901.0,1,4,28060.0,0.0,5.0961,5.0961,0.0,20.1661
43825.63,3.7661,-0.6538,1729738911.0,1,4,28070.0,0.0,5.0979,5.0979,0.0,20.173
43835.63,3.766,-0.6538,1729738921.0,1,4,28080.0,0.0,5.0997,5.0997,0.0,20.1798
43845.63,3.766,-0.6537,1729738931.0,1,4,28090.0,0.0,5.1015,5.1015,0.0,20.1866
43855.63,3.7659,-0.6538,1729738941.0,1,4,28100.0,0.0,5.1033,5.1033,0.0,20.1935
43865.63,3.7658,-0.6538,1729738951.0,1,4,28110.0,0.0,5.1051,5.1051,0.0,20.2003
43875.63,3.7658,-0.6538,1729738961.0,1,4,28120.0,0.0,5.107,5.107,0.0,20.2071
43885.63,3.7658,-0.6538,1729738971.0,1,4,28130.0,0.0,5.1088,5.1088,0.0,20.214
43895.63,3.7657,-0.6538,1729738981.0,1,4,28140.0,0.0,5.1106,5.1106,0.0,20.2208
43905.63,3.7656,-0.6538,1729738991.0,1,4,28150.0,0.0,5.1124,5.1124,0.0,20.2277
43915.63,3.7656,-0.6538,1729739001.0,1,4,28160.0,0.0,5.1142,5.1142,0.0,20.2345
43925.63,3.7655,-0.6538,1729739011.0,1,4,28170.0,0.0,5.116,5.116,0.0,20.2413
43935.63,3.7655,-0.6538,1729739021.0,1,4,28180.0,0.0,5.1178,5.1178,0.0,20.2482
43945.63,3.7655,-0.6537,1729739031.0,1,4,28190.0,0.0,5.1197,5.1197,0.0,20.255
43955.63,3.7654,-0.6537,1729739041.0,1,4,28200.0,0.0,5.1215,5.1215,0.0,20.2619
43965.63,3.7653,-0.6538,1729739051.0,1,4,28210.0,0.0,5.1233,5.1233,0.0,20.2687
43975.63,3.7653,-0.6538,1729739061.0,1,4,28220.0,0.0,5.1251,5.1251,0.0,20.2755
43985.63,3.7653,-0.6538,1729739071.0,1,4,28230.0,0.0,5.1269,5.1269,0.0,20.2824
43995.63,3.7652,-0.6538,1729739081.0,1,4,28240.0,0.0,5.1287,5.1287,0.0,20.2892
44005.63,3.7652,-0.6538,1729739091.0,1,4,28250.0,0.0,5.1306,5.1306,0.0,20.296
44015.63,3.7651,-0.6538,1729739101.0,1,4,28260.0,0.0,5.1324,5.1324,0.0,20.3029
44025.63,3.7651,-0.6538,1729739111.0,1,4,28270.0,0.0,5.1342,5.1342,0.0,20.3097
44035.63,3.765,-0.6538,1729739121.0,1,4,28280.0,0.0,5.136,5.136,0.0,20.3166
44045.63,3.765,-0.6538,1729739131.0,1,4,28290.0,0.0,5.1378,5.1378,0.0,20.3234
44055.63,3.7649,-0.6538,1729739141.0,1,4,28300.0,0.0,5.1396,5.1396,0.0,20.3302
44065.63,3.7649,-0.6537,1729739151.0,1,4,28310.0,0.0,5.1415,5.1415,0.0,20.3371
44075.63,3.7648,-0.6537,1729739161.0,1,4,28320.0,0.0,5.1433,5.1433,0.0,20.3439
44085.63,3.7647,-0.6537,1729739171.0,1,4,28330.0,0.0,5.1451,5.1451,0.0,20.3507
44095.63,3.7647,-0.6537,1729739181.0,1,4,28340.0,0.0,5.1469,5.1469,0.0,20.3576
44105.63,3.7647,-0.6538,1729739191.0,1,4,28350.0,0.0,5.1487,5.1487,0.0,20.3644
44115.63,3.7646,-0.6538,1729739201.0,1,4,28360.0,0.0,5.1505,5.1505,0.0,20.3712
44125.63,3.7645,-0.6538,1729739211.0,1,4,28370.0,0.0,5.1524,5.1524,0.0,20.3781
44135.63,3.7645,-0.6538,1729739221.0,1,4,28380.0,0.0,5.1542,5.1542,0.0,20.3849
44145.63,3.7644,-0.6537,1729739231.0,1,4,28390.0,0.0,5.156,5.156,0.0,20.3918
44155.63,3.7644,-0.6538,1729739241.0,1,4,28400.0,0.0,5.1578,5.1578,0.0,20.3986
44165.63,3.7643,-0.6537,1729739251.0,1,4,28410.0,0.0,5.1596,5.1596,0.0,20.4054
44175.63,3.7643,-0.6538,1729739261.0,1,4,28420.0,0.0,5.1614,5.1614,0.0,20.4123
44185.63,3.7643,-0.6538,1729739271.0,1,4,28430.0,0.0,5.1632,5.1632,0.0,20.4191
44195.63,3.7642,-0.6538,1729739281.0,1,4,28440.0,0.0,5.1651,5.1651,0.0,20.4259
44205.63,3.7642,-0.6537,1729739291.0,1,4,28450.0,0.0,5.1669,5.1669,0.0,20.4328
44215.63,3.7641,-0.6537,1729739301.0,1,4,28460.0,0.0,5.1687,5.1687,0.0,20.4396
44225.63,3.764,-0.6538,1729739311.0,1,4,28470.0,0.0,5.1705,5.1705,0.0,20.4464
44235.63,3.764,-0.6537,1729739321.0,1,4,28480.0,0.0,5.1723,5.1723,0.0,20.4533
44245.63,3.7639,-0.6538,1729739331.0,1,4,28490.0,0.0,5.1741,5.1741,0.0,20.4601
44255.63,3.7639,-0.6538,1729739341.0,1,4,28500.0,0.0,5.176,5.176,0.0,20.467
44265.63,3.7638,-0.6538,1729739351.0,1,4,28510.0,0.0,5.1778,5.1778,0.0,20.4738
44275.63,3.7638,-0.6538,1729739361.0,1,4,28520.0,0.0,5.1796,5.1796,0.0,20.4806
44285.63,3.7637,-0.6538,1729739371.0,1,4,28530.0,0.0,5.1814,5.1814,0.0,20.4875
44295.63,3.7637,-0.6538,1729739381.0,1,4,28540.0,0.0,5.1832,5.1832,0.0,20.4943
44305.63,3.7636,-0.6537,1729739391.0,1,4,28550.0,0.0,5.185,5.185,0.0,20.5011
44315.63,3.7636,-0.6538,1729739401.0,1,4,28560.0,0.0,5.1869,5.1869,0.0,20.508
44325.63,3.7635,-0.6538,1729739411.0,1,4,28570.0,0.0,5.1887,5.1887,0.0,20.5148
44335.63,3.7635,-0.6538,1729739421.0,1,4,28580.0,0.0,5.1905,5.1905,0.0,20.5216
44345.63,3.7634,-0.6537,1729739431.0,1,4,28590.0,0.0,5.1923,5.1923,0.0,20.5285
44355.63,3.7634,-0.6538,1729739441.0,1,4,28600.0,0.0,5.1941,5.1941,0.0,20.5353
44365.63,3.7633,-0.6538,1729739451.0,1,4,28610.0,0.0,5.1959,5.1959,0.0,20.5421
44375.63,3.7633,-0.6538,1729739461.0,1,4,28620.0,0.0,5.1978,5.1978,0.0,20.549
44385.63,3.7632,-0.6538,1729739471.0,1,4,28630.0,0.0,5.1996,5.1996,0.0,20.5558
44395.63,3.7632,-0.6537,1729739481.0,1,4,28640.0,0.0,5.2014,5.2014,0.0,20.5626
44405.63,3.7631,-0.6538,1729739491.0,1,4,28650.0,0.0,5.2032,5.2032,0.0,20.5695
44415.63,3.7631,-0.6538,1729739501.0,1,4,28660.0,0.0,5.205,5.205,0.0,20.5763
44425.63,3.763,-0.6538,1729739511.0,1,4,28670.0,0.0,5.2068,5.2068,0.0,20.5831
44435.63,3.763,-0.6538,1729739521.0,1,4,28680.0,0.0,5.2086,5.2086,0.0,20.59
44445.63,3.7629,-0.6538,1729739531.0,1,4,28690.0,0.0,5.2105,5.2105,0.0,20.5968
44455.63,3.7628,-0.6537,1729739541.0,1,4,28700.0,0.0,5.2123,5.2123,0.0,20.6036
44465.63,3.7627,-0.6537,1729739551.0,1,4,28710.0,0.0,5.2141,5.2141,0.0,20.6105
44475.63,3.7627,-0.6538,1729739561.0,1,4,28720.0,0.0,5.2159,5.2159,0.0,20.6173
44485.63,3.7627,-0.6537,1729739571.0,1,4,28730.0,0.0,5.2177,5.2177,0.0,20.6241
44495.63,3.7626,-0.6538,1729739581.0,1,4,28740.0,0.0,5.2195,5.2195,0.0,20.631
44505.63,3.7626,-0.6537,1729739591.0,1,4,28750.0,0.0,5.2214,5.2214,0.0,20.6378
44515.63,3.7625,-0.6537,1729739601.0,1,4,28760.0,0.0,5.2232,5.2232,0.0,20.6446
44525.63,3.7624,-0.6538,1729739611.0,1,4,28770.0,0.0,5.225,5.225,0.0,20.6515
44535.63,3.7624,-0.6538,1729739621.0,1,4,28780.0,0.0,5.2268,5.2268,0.0,20.6583
44545.63,3.7624,-0.6538,1729739631.0,1,4,28790.0,0.0,5.2286,5.2286,0.0,20.6651
44555.63,3.7623,-0.6538,1729739641.0,1,4,28800.0,0.0,5.2304,5.2304,0.0,20.672
44565.63,3.7622,-0.6537,1729739651.0,1,4,28810.0,0.0,5.2323,5.2323,0.0,20.6788
44575.63,3.7622,-0.6537,1729739661.0,1,4,28820.0,0.0,5.2341,5.2341,0.0,20.6856
44585.63,3.7621,-0.6538,1729739671.0,1,4,28830.0,0.0,5.2359,5.2359,0.0,20.6925
44595.63,3.7621,-0.6538,1729739681.0,1,4,28840.0,0.0,5.2377,5.2377,0.0,20.6993
44605.63,3.762,-0.6538,1729739691.0,1,4,28850.0,0.0,5.2395,5.2395,0.0,20.7061
44615.63,3.762,-0.6538,1729739701.0,1,4,28860.0,0.0,5.2413,5.2413,0.0,20.713
44625.63,3.7619,-0.6538,1729739711.0,1,4,28870.0,0.0,5.2432,5.2432,0.0,20.7198
44635.63,3.7618,-0.6538,1729739721.0,1,4,28880.0,0.0,5.245,5.245,0.0,20.7266
44645.63,3.7618,-0.6539,1729739731.0,1,4,28890.0,0.0,5.2468,5.2468,0.0,20.7335
44655.63,3.7617,-0.6538,1729739741.0,1,4,28900.0,0.0,5.2486,5.2486,0.0,20.7403
44665.63,3.7617,-0.6537,1729739751.0,1,4,28910.0,0.0,5.2504,5.2504,0.0,20.7471
44675.63,3.7616,-0.6538,1729739761.0,1,4,28920.0,0.0,5.2522,5.2522,0.0,20.754
44685.63,3.7616,-0.6538,1729739771.0,1,4,28930.0,0.0,5.2541,5.2541,0.0,20.7608
44695.63,3.7615,-0.6538,1729739781.0,1,4,28940.0,0.0,5.2559,5.2559,0.0,20.7676
44705.63,3.7614,-0.6538,1729739791.0,1,4,28950.0,0.0,5.2577,5.2577,0.0,20.7744
44715.63,3.7614,-0.6538,1729739801.0,1,4,28960.0,0.0,5.2595,5.2595,0.0,20.7813
44725.63,3.7613,-0.6538,1729739811.0,1,4,28970.0,0.0,5.2613,5.2613,0.0,20.7881
44735.63,3.7613,-0.6538,1729739821.0,1,4,28980.0,0.0,5.2631,5.2631,0.0,20.7949
44745.63,3.7612,-0.6539,1729739831.0,1,4,28990.0,0.0,5.2649,5.2649,0.0,20.8018
44755.63,3.7611,-0.6537,1729739841.0,1,4,29000.0,0.0,5.2668,5.2668,0.0,20.8086
44765.63,3.7611,-0.6538,1729739851.0,1,4,29010.0,0.0,5.2686,5.2686,0.0,20.8154
44775.63,3.761,-0.6538,1729739861.0,1,4,29020.0,0.0,5.2704,5.2704,0.0,20.8223
44785.63,3.7609,-0.6538,1729739871.0,1,4,29030.0,0.0,5.2722,5.2722,0.0,20.8291
44795.63,3.7609,-0.6538,1729739881.0,1,4,29040.0,0.0,5.274,5.274,0.0,20.8359
44805.63,3.7609,-0.6537,1729739891.0,1,4,29050.0,0.0,5.2758,5.2758,0.0,20.8427
44815.63,3.7608,-0.6538,1729739901.0,1,4,29060.0,0.0,5.2777,5.2777,0.0,20.8496
44825.63,3.7607,-0.6538,1729739911.0,1,4,29070.0,0.0,5.2795,5.2795,0.0,20.8564
44835.63,3.7607,-0.6538,1729739921.0,1,4,29080.0,0.0,5.2813,5.2813,0.0,20.8632
44845.63,3.7606,-0.6538,1729739931.0,1,4,29090.0,0.0,5.2831,5.2831,0.0,20.8701
44855.63,3.7606,-0.6538,1729739941.0,1,4,29100.0,0.0,5.2849,5.2849,0.0,20.8769
44865.63,3.7605,-0.6538,1729739951.0,1,4,29110.0,0.0,5.2867,5.2867,0.0,20.8837
44875.63,3.7605,-0.6538,1729739961.0,1,4,29120.0,0.0,5.2886,5.2886,0.0,20.8906
44885.63,3.7604,-0.6537,1729739971.0,1,4,29130.0,0.0,5.2904,5.2904,0.0,20.8974
44895.63,3.7603,-0.6538,1729739981.0,1,4,29140.0,0.0,5.2922,5.2922,0.0,20.9042
44905.63,3.7602,-0.6538,1729739991.0,1,4,29150.0,0.0,5.294,5.294,0.0,20.911
44915.63,3.7602,-0.6538,1729740001.0,1,4,29160.0,0.0,5.2958,5.2958,0.0,20.9179
44925.63,3.7602,-0.6537,1729740011.0,1,4,29170.0,0.0,5.2976,5.2976,0.0,20.9247
44935.63,3.76,-0.6538,1729740021.0,1,4,29180.0,0.0,5.2995,5.2995,0.0,20.9315
44945.63,3.76,-0.6538,1729740031.0,1,4,29190.0,0.0,5.3013,5.3013,0.0,20.9384
44955.63,3.7599,-0.6538,1729740041.0,1,4,29200.0,0.0,5.3031,5.3031,0.0,20.9452
44965.63,3.7598,-0.6538,1729740051.0,1,4,29210.0,0.0,5.3049,5.3049,0.0,20.952
44975.63,3.7598,-0.6538,1729740061.0,1,4,29220.0,0.0,5.3067,5.3067,0.0,20.9588
44985.63,3.7597,-0.6538,1729740071.0,1,4,29230.0,0.0,5.3085,5.3085,0.0,20.9657
44995.63,3.7597,-0.6537,1729740081.0,1,4,29240.0,0.0,5.3103,5.3103,0.0,20.9725
45005.63,3.7596,-0.6537,1729740091.0,1,4,29250.0,0.0,5.3122,5.3122,0.0,20.9793
45015.63,3.7595,-0.6537,1729740101.0,1,4,29260.0,0.0,5.314,5.314,0.0,20.9862
45025.63,3.7594,-0.6537,1729740111.0,1,4,29270.0,0.0,5.3158,5.3158,0.0,20.993
45035.63,3.7594,-0.6537,1729740121.0,1,4,29280.0,0.0,5.3176,5.3176,0.0,20.9998
45045.63,3.7593,-0.6537,1729740131.0,1,4,29290.0,0.0,5.3194,5.3194,0.0,21.0066
45055.63,3.7592,-0.6538,1729740141.0,1,4,29300.0,0.0,5.3212,5.3212,0.0,21.0135
45065.63,3.7592,-0.6538,1729740151.0,1,4,29310.0,0.0,5.3231,5.3231,0.0,21.0203
45075.63,3.7591,-0.6538,1729740161.0,1,4,29320.0,0.0,5.3249,5.3249,0.0,21.0271
45085.63,3.759,-0.6538,1729740171.0,1,4,29330.0,0.0,5.3267,5.3267,0.0,21.0339
45095.63,3.7589,-0.6537,1729740181.0,1,4,29340.0,0.0,5.3285,5.3285,0.0,21.0408
45105.63,3.7589,-0.6538,1729740191.0,1,4,29350.0,0.0,5.3303,5.3303,0.0,21.0476
45115.63,3.7588,-0.6537,1729740201.0,1,4,29360.0,0.0,5.3321,5.3321,0.0,21.0544
45125.63,3.7588,-0.6537,1729740211.0,1,4,29370.0,0.0,5.334,5.334,0.0,21.0612
45135.63,3.7586,-0.6538,1729740221.0,1,4,29380.0,0.0,5.3358,5.3358,0.0,21.0681
45145.63,3.7586,-0.6538,1729740231.0,1,4,29390.0,0.0,5.3376,5.3376,0.0,21.0749
45155.63,3.7586,-0.6538,1729740241.0,1,4,29400.0,0.0,5.3394,5.3394,0.0,21.0817
45165.63,3.7585,-0.6538,1729740251.0,1,4,29410.0,0.0,5.3412,5.3412,0.0,21.0885
45175.63,3.7584,-0.6537,1729740261.0,1,4,29420.0,0.0,5.343,5.343,0.0,21.0954
45185.63,3.7583,-0.6538,1729740271.0,1,4,29430.0,0.0,5.3449,5.3449,0.0,21.1022
45195.63,3.7583,-0.6538,1729740281.0,1,4,29440.0,0.0,5.3467,5.3467,0.0,21.109
45205.63,3.7582,-0.6538,1729740291.0,1,4,29450.0,0.0,5.3485,5.3485,0.0,21.1158
45215.63,3.7581,-0.6538,1729740301.0,1,4,29460.0,0.0,5.3503,5.3503,0.0,21.1227
45225.63,3.7581,-0.6538,1729740311.0,1,4,29470.0,0.0,5.3521,5.3521,0.0,21.1295
45235.63,3.758,-0.6538,1729740321.0,1,4,29480.0,0.0,5.3539,5.3539,0.0,21.1363
45245.63,3.7579,-0.6538,1729740331.0,1,4,29490.0,0.0,5.3557,5.3557,0.0,21.1431
45255.63,3.7578,-0.6538,1729740341.0,1,4,29500.0,0.0,5.3576,5.3576,0.0,21.15
45265.63,3.7577,-0.6537,1729740351.0,1,4,29510.0,0.0,5.3594,5.3594,0.0,21.1568
45275.63,3.7577,-0.6538,1729740361.0,1,4,29520.0,0.0,5.3612,5.3612,0.0,21.1636
45285.63,3.7576,-0.6537,1729740371.0,1,4,29530.0,0.0,5.363,5.363,0.0,21.1704
45295.63,3.7575,-0.6538,1729740381.0,1,4,29540.0,0.0,5.3648,5.3648,0.0,21.1773
45305.63,3.7575,-0.6537,1729740391.0,1,4,29550.0,0.0,5.3666,5.3666,0.0,21.1841
45315.63,3.7574,-0.6537,1729740401.0,1,4,29560.0,0.0,5.3685,5.3685,0.0,21.1909
45325.63,3.7573,-0.6537,1729740411.0,1,4,29570.0,0.0,5.3703,5.3703,0.0,21.1977
45335.63,3.7572,-0.6538,1729740421.0,1,4,29580.0,0.0,5.3721,5.3721,0.0,21.2046
45345.63,3.7572,-0.6538,1729740431.0,1,4,29590.0,0.0,5.3739,5.3739,0.0,21.2114
45355.63,3.7571,-0.6538,1729740441.0,1,4,29600.0,0.0,5.3757,5.3757,0.0,21.2182
45365.63,3.757,-0.6538,1729740451.0,1,4,29610.0,0.0,5.3775,5.3775,0.0,21.225
45375.63,3.7569,-0.6538,1729740461.0,1,4,29620.0,0.0,5.3794,5.3794,0.0,21.2319
45385.63,3.7569,-0.6538,1729740471.0,1,4,29630.0,0.0,5.3812,5.3812,0.0,21.2387
45395.63,3.7568,-0.6537,1729740481.0,1,4,29640.0,0.0,5.383,5.383,0.0,21.2455
45405.63,3.7567,-0.6538,1729740491.0,1,4,29650.0,0.0,5.3848,5.3848,0.0,21.2523
45415.63,3.7566,-0.6538,1729740501.0,1,4,29660.0,0.0,5.3866,5.3866,0.0,21.2591
45425.63,3.7565,-0.6538,1729740511.0,1,4,29670.0,0.0,5.3884,5.3884,0.0,21.266
45435.63,3.7564,-0.6538,1729740521.0,1,4,29680.0,0.0,5.3903,5.3903,0.0,21.2728
45445.63,3.7563,-0.6538,1729740531.0,1,4,29690.0,0.0,5.3921,5.3921,0.0,21.2796
45455.63,3.7563,-0.6538,1729740541.0,1,4,29700.0,0.0,5.3939,5.3939,0.0,21.2864
45465.63,3.7562,-0.6538,1729740551.0,1,4,29710.0,0.0,5.3957,5.3957,0.0,21.2932
45475.63,3.7561,-0.6538,1729740561.0,1,4,29720.0,0.0,5.3975,5.3975,0.0,21.3001
45485.63,3.756,-0.6537,1729740571.0,1,4,29730.0,0.0,5.3993,5.3993,0.0,21.3069
45495.63,3.756,-0.6538,1729740581.0,1,4,29740.0,0.0,5.4011,5.4011,0.0,21.3137
45505.63,3.7559,-0.6537,1729740591.0,1,4,29750.0,0.0,5.403,5.403,0.0,21.3205
45515.63,3.7558,-0.6538,1729740601.0,1,4,29760.0,0.0,5.4048,5.4048,0.0,21.3274
45525.63,3.7557,-0.6538,1729740611.0,1,4,29770.0,0.0,5.4066,5.4066,0.0,21.3342
45535.63,3.7556,-0.6537,1729740621.0,1,4,29780.0,0.0,5.4084,5.4084,0.0,21.341
45545.63,3.7555,-0.6538,1729740631.0,1,4,29790.0,0.0,5.4102,5.4102,0.0,21.3478
45555.63,3.7555,-0.6537,1729740641.0,1,4,29800.0,0.0,5.412,5.412,0.0,21.3546
45565.63,3.7554,-0.6538,1729740651.0,1,4,29810.0,0.0,5.4139,5.4139,0.0,21.3615
45575.63,3.7553,-0.6537,1729740661.0,1,4,29820.0,0.0,5.4157,5.4157,0.0,21.3683
45585.63,3.7552,-0.6538,1729740671.0,1,4,29830.0,0.0,5.4175,5.4175,0.0,21.3751
45595.63,3.7551,-0.6538,1729740681.0,1,4,29840.0,0.0,5.4193,5.4193,0.0,21.3819
45605.63,3.755,-0.6538,1729740691.0,1,4,29850.0,0.0,5.4211,5.4211,0.0,21.3887
45615.63,3.755,-0.6538,1729740701.0,1,4,29860.0,0.0,5.4229,5.4229,0.0,21.3955
45625.63,3.7549,-0.6538,1729740711.0,1,4,29870.0,0.0,5.4248,5.4248,0.0,21.4024
45635.63,3.7548,-0.6537,1729740721.0,1,4,29880.0,0.0,5.4266,5.4266,0.0,21.4092
45645.63,3.7547,-0.6538,1729740731.0,1,4,29890.0,0.0,5.4284,5.4284,0.0,21.416
45655.63,3.7546,-0.6538,1729740741.0,1,4,29900.0,0.0,5.4302,5.4302,0.0,21.4228
45665.63,3.7545,-0.6538,1729740751.0,1,4,29910.0,0.0,5.432,5.432,0.0,21.4296
45675.63,3.7544,-0.6537,1729740761.0,1,4,29920.0,0.0,5.4338,5.4338,0.0,21.4365
45685.63,3.7544,-0.6538,1729740771.0,1,4,29930.0,0.0,5.4357,5.4357,0.0,21.4433
45695.63,3.7543,-0.6537,1729740781.0,1,4,29940.0,0.0,5.4375,5.4375,0.0,21.4501
45705.63,3.7542,-0.6538,1729740791.0,1,4,29950.0,0.0,5.4393,5.4393,0.0,21.4569
45715.63,3.7541,-0.6538,1729740801.0,1,4,29960.0,0.0,5.4411,5.4411,0.0,21.4637
45725.63,3.754,-0.6538,1729740811.0,1,4,29970.0,0.0,5.4429,5.4429,0.0,21.4705
45735.63,3.7539,-0.6538,1729740821.0,1,4,29980.0,0.0,5.4447,5.4447,0.0,21.4774
45745.63,3.7539,-0.6538,1729740831.0,1,4,29990.0,0.0,5.4465,5.4465,0.0,21.4842
45755.63,3.7537,-0.6538,1729740841.0,1,4,30000.0,0.0,5.4484,5.4484,0.0,21.491
45765.63,3.7536,-0.6537,1729740851.0,1,4,30010.0,0.0,5.4502,5.4502,0.0,21.4978
45775.63,3.7535,-0.6536,1729740861.0,1,4,30020.0,0.0,5.452,5.452,0.0,21.5046
45785.63,3.7534,-0.6538,1729740871.0,1,4,30030.0,0.0,5.4538,5.4538,0.0,21.5114
45795.63,3.7533,-0.6538,1729740881.0,1,4,30040.0,0.0,5.4556,5.4556,0.0,21.5183
45805.63,3.7533,-0.6538,1729740891.0,1,4,30050.0,0.0,5.4574,5.4574,0.0,21.5251
45815.63,3.7531,-0.6538,1729740901.0,1,4,30060.0,0.0,5.4593,5.4593,0.0,21.5319
45825.63,3.7531,-0.6538,1729740911.0,1,4,30070.0,0.0,5.4611,5.4611,0.0,21.5387
45835.63,3.753,-0.6537,1729740921.0,1,4,30080.0,0.0,5.4629,5.4629,0.0,21.5455
45845.63,3.7529,-0.6538,1729740931.0,1,4,30090.0,0.0,5.4647,5.4647,0.0,21.5523
45855.63,3.7528,-0.6538,1729740941.0,1,4,30100.0,0.0,5.4665,5.4665,0.0,21.5592
45865.63,3.7527,-0.6538,1729740951.0,1,4,30110.0,0.0,5.4683,5.4683,0.0,21.566
45875.63,3.7526,-0.6538,1729740961.0,1,4,30120.0,0.0,5.4702,5.4702,0.0,21.5728
45885.63,3.7525,-0.6538,1729740971.0,1,4,30130.0,0.0,5.472,5.472,0.0,21.5796
45895.63,3.7524,-0.6536,1729740981.0,1,4,30140.0,0.0,5.4738,5.4738,0.0,21.5864
45905.63,3.7523,-0.6538,1729740991.0,1,4,30150.0,0.0,5.4756,5.4756,0.0,21.5932
45915.63,3.7522,-0.6538,1729741001.0,1,4,30160.0,0.0,5.4774,5.4774,0.0,21.6
45925.63,3.7522,-0.6537,1729741011.0,1,4,30170.0,0.0,5.4792,5.4792,0.0,21.6069
45935.63,3.752,-0.6538,1729741021.0,1,4,30180.0,0.0,5.481,5.481,0.0,21.6137
45945.63,3.752,-0.6538,1729741031.0,1,4,30190.0,0.0,5.4829,5.4829,0.0,21.6205
45955.63,3.7519,-0.6537,1729741041.0,1,4,30200.0,0.0,5.4847,5.4847,0.0,21.6273
45965.63,3.7517,-0.6538,1729741051.0,1,4,30210.0,0.0,5.4865,5.4865,0.0,21.6341
45975.63,3.7517,-0.6538,1729741061.0,1,4,30220.0,0.0,5.4883,5.4883,0.0,21.6409
45985.63,3.7516,-0.6537,1729741071.0,1,4,30230.0,0.0,5.4901,5.4901,0.0,21.6477
45995.63,3.7515,-0.6537,1729741081.0,1,4,30240.0,0.0,5.4919,5.4919,0.0,21.6546
46005.63,3.7514,-0.6538,1729741091.0,1,4,30250.0,0.0,5.4938,5.4938,0.0,21.6614
46015.63,3.7513,-0.6537,1729741101.0,1,4,30260.0,0.0,5.4956,5.4956,0.0,21.6682
46025.63,3.7512,-0.6537,1729741111.0,1,4,30270.0,0.0,5.4974,5.4974,0.0,21.675
46035.63,3.7511,-0.6538,1729741121.0,1,4,30280.0,0.0,5.4992,5.4992,0.0,21.6818
46045.63,3.751,-0.6538,1729741131.0,1,4,30290.0,0.0,5.501,5.501,0.0,21.6886
46055.63,3.7509,-0.6537,1729741141.0,1,4,30300.0,0.0,5.5028,5.5028,0.0,21.6954
46065.63,3.7508,-0.6537,1729741151.0,1,4,30310.0,0.0,5.5047,5.5047,0.0,21.7022
46075.63,3.7507,-0.6538,1729741161.0,1,4,30320.0,0.0,5.5065,5.5065,0.0,21.709
46085.63,3.7506,-0.6537,1729741171.0,1,4,30330.0,0.0,5.5083,5.5083,0.0,21.7159
46095.63,3.7505,-0.6538,1729741181.0,1,4,30340.0,0.0,5.5101,5.5101,0.0,21.7227
46105.63,3.7504,-0.6537,1729741191.0,1,4,30350.0,0.0,5.5119,5.5119,0.0,21.7295
46115.63,3.7503,-0.6538,1729741201.0,1,4,30360.0,0.0,5.5137,5.5137,0.0,21.7363
46125.63,3.7502,-0.6538,1729741211.0,1,4,30370.0,0.0,5.5156,5.5156,0.0,21.7431
46135.63,3.7501,-0.6538,1729741221.0,1,4,30380.0,0.0,5.5174,5.5174,0.0,21.7499
46145.63,3.75,-0.6538,1729741231.0,1,4,30390.0,0.0,5.5192,5.5192,0.0,21.7567
46155.63,3.7499,-0.6537,1729741241.0,1,4,30400.0,0.0,5.521,5.521,0.0,21.7635
46165.63,3.7498,-0.6538,1729741251.0,1,4,30410.0,0.0,5.5228,5.5228,0.0,21.7703
46175.63,3.7497,-0.6538,1729741261.0,1,4,30420.0,0.0,5.5246,5.5246,0.0,21.7772
46185.63,3.7496,-0.6538,1729741271.0,1,4,30430.0,0.0,5.5265,5.5265,0.0,21.784
46195.63,3.7495,-0.6537,1729741281.0,1,4,30440.0,0.0,5.5283,5.5283,0.0,21.7908
46205.63,3.7494,-0.6538,1729741291.0,1,4,30450.0,0.0,5.5301,5.5301,0.0,21.7976
46215.63,3.7493,-0.6538,1729741301.0,1,4,30460.0,0.0,5.5319,5.5319,0.0,21.8044
46225.63,3.7492,-0.6538,1729741311.0,1,4,30470.0,0.0,5.5337,5.5337,0.0,21.8112
46235.63,3.7491,-0.6538,1729741321.0,1,4,30480.0,0.0,5.5355,5.5355,0.0,21.818
46245.63,3.749,-0.6538,1729741331.0,1,4,30490.0,0.0,5.5373,5.5373,0.0,21.8248
46255.63,3.7489,-0.6538,1729741341.0,1,4,30500.0,0.0,5.5392,5.5392,0.0,21.8316
46265.63,3.7487,-0.6538,1729741351.0,1,4,30510.0,0.0,5.541,5.541,0.0,21.8384
46275.63,3.7487,-0.6537,1729741361.0,1,4,30520.0,0.0,5.5428,5.5428,0.0,21.8452
46285.63,3.7486,-0.6538,1729741371.0,1,4,30530.0,0.0,5.5446,5.5446,0.0,21.852
46295.63,3.7485,-0.6538,1729741381.0,1,4,30540.0,0.0,5.5464,5.5464,0.0,21.8589
46305.63,3.7484,-0.6538,1729741391.0,1,4,30550.0,0.0,5.5482,5.5482,0.0,21.8657
46315.63,3.7483,-0.6537,1729741401.0,1,4,30560.0,0.0,5.5501,5.5501,0.0,21.8725
46325.63,3.7482,-0.6537,1729741411.0,1,4,30570.0,0.0,5.5519,5.5519,0.0,21.8793
46335.63,3.7481,-0.6538,1729741421.0,1,4,30580.0,0.0,5.5537,5.5537,0.0,21.8861
46345.63,3.748,-0.6538,1729741431.0,1,4,30590.0,0.0,5.5555,5.5555,0.0,21.8929
46355.63,3.7479,-0.6537,1729741441.0,1,4,30600.0,0.0,5.5573,5.5573,0.0,21.8997
46365.63,3.7478,-0.6537,1729741451.0,1,4,30610.0,0.0,5.5591,5.5591,0.0,21.9065
46375.63,3.7477,-0.6538,1729741461.0,1,4,30620.0,0.0,5.561,5.561,0.0,21.9133
46385.63,3.7476,-0.6537,1729741471.0,1,4,30630.0,0.0,5.5628,5.5628,0.0,21.9201
46395.63,3.7475,-0.6538,1729741481.0,1,4,30640.0,0.0,5.5646,5.5646,0.0,21.9269
46405.63,3.7474,-0.6537,1729741491.0,1,4,30650.0,0.0,5.5664,5.5664,0.0,21.9337
46415.63,3.7473,-0.6537,1729741501.0,1,4,30660.0,0.0,5.5682,5.5682,0.0,21.9405
46425.63,3.7472,-0.6538,1729741511.0,1,4,30670.0,0.0,5.57,5.57,0.0,21.9473
46435.63,3.7471,-0.6537,1729741521.0,1,4,30680.0,0.0,5.5719,5.5719,0.0,21.9541
46445.63,3.747,-0.6538,1729741531.0,1,4,30690.0,0.0,5.5737,5.5737,0.0,21.9609
46455.63,3.7469,-0.6538,1729741541.0,1,4,30700.0,0.0,5.5755,5.5755,0.0,21.9677
46465.63,3.7468,-0.6538,1729741551.0,1,4,30710.0,0.0,5.5773,5.5773,0.0,21.9746
46475.63,3.7467,-0.6537,1729741561.0,1,4,30720.0,0.0,5.5791,5.5791,0.0,21.9814
46485.63,3.7466,-0.6538,1729741571.0,1,4,30730.0,0.0,5.5809,5.5809,0.0,21.9882
46495.63,3.7465,-0.6538,1729741581.0,1,4,30740.0,0.0,5.5827,5.5827,0.0,21.995
46505.63,3.7464,-0.6538,1729741591.0,1,4,30750.0,0.0,5.5846,5.5846,0.0,22.0018
46515.63,3.7463,-0.6538,1729741601.0,1,4,30760.0,0.0,5.5864,5.5864,0.0,22.0086
46525.63,3.7462,-0.6538,1729741611.0,1,4,30770.0,0.0,5.5882,5.5882,0.0,22.0154
46535.63,3.7461,-0.6538,1729741621.0,1,4,30780.0,0.0,5.59,5.59,0.0,22.0222
46545.63,3.746,-0.6538,1729741631.0,1,4,30790.0,0.0,5.5918,5.5918,0.0,22.029
46555.63,3.7459,-0.6538,1729741641.0,1,4,30800.0,0.0,5.5936,5.5936,0.0,22.0358
46565.63,3.7458,-0.6538,1729741651.0,1,4,30810.0,0.0,5.5955,5.5955,0.0,22.0426
46575.63,3.7458,-0.6538,1729741661.0,1,4,30820.0,0.0,5.5973,5.5973,0.0,22.0494
46585.63,3.7456,-0.6538,1729741671.0,1,4,30830.0,0.0,5.5991,5.5991,0.0,22.0562
46595.63,3.7455,-0.6537,1729741681.0,1,4,30840.0,0.0,5.6009,5.6009,0.0,22.063
46605.63,3.7454,-0.6538,1729741691.0,1,4,30850.0,0.0,5.6027,5.6027,0.0,22.0698
46615.63,3.7454,-0.6538,1729741701.0,1,4,30860.0,0.0,5.6045,5.6045,0.0,22.0766
46625.63,3.7453,-0.6538,1729741711.0,1,4,30870.0,0.0,5.6064,5.6064,0.0,22.0834
46635.63,3.7452,-0.6538,1729741721.0,1,4,30880.0,0.0,5.6082,5.6082,0.0,22.0902
46645.63,3.7451,-0.6538,1729741731.0,1,4,30890.0,0.0,5.61,5.61,0.0,22.097
46655.63,3.745,-0.6538,1729741741.0,1,4,30900.0,0.0,5.6118,5.6118,0.0,22.1038
46665.63,3.7449,-0.6538,1729741751.0,1,4,30910.0,0.0,5.6136,5.6136,0.0,22.1106
46675.63,3.7448,-0.6537,1729741761.0,1,4,30920.0,0.0,5.6154,5.6154,0.0,22.1174
46685.63,3.7447,-0.6538,1729741771.0,1,4,30930.0,0.0,5.6173,5.6173,0.0,22.1242
46695.63,3.7446,-0.6538,1729741781.0,1,4,30940.0,0.0,5.6191,5.6191,0.0,22.131
46705.63,3.7445,-0.6537,1729741791.0,1,4,30950.0,0.0,5.6209,5.6209,0.0,22.1378
46715.63,3.7445,-0.6538,1729741801.0,1,4,30960.0,0.0,5.6227,5.6227,0.0,22.1446
46725.63,3.7444,-0.6538,1729741811.0,1,4,30970.0,0.0,5.6245,5.6245,0.0,22.1514
46735.63,3.7442,-0.6537,1729741821.0,1,4,30980.0,0.0,5.6263,5.6263,0.0,22.1582
46745.63,3.7442,-0.6538,1729741831.0,1,4,30990.0,0.0,5.6281,5.6281,0.0,22.165
46755.63,3.7441,-0.6538,1729741841.0,1,4,31000.0,0.0,5.63,5.63,0.0,22.1718
46765.63,3.744,-0.6538,1729741851.0,1,4,31010.0,0.0,5.6318,5.6318,0.0,22.1786
46775.63,3.7439,-0.6537,1729741861.0,1,4,31020.0,0.0,5.6336,5.6336,0.0,22.1854
46785.63,3.7439,-0.6538,1729741871.0,1,4,31030.0,0.0,5.6354,5.6354,0.0,22.1922
46795.63,3.7438,-0.6538,1729741881.0,1,4,31040.0,0.0,5.6372,5.6372,0.0,22.199
46805.63,3.7437,-0.6538,1729741891.0,1,4,31050.0,0.0,5.639,5.639,0.0,22.2058
46815.63,3.7436,-0.6538,1729741901.0,1,4,31060.0,0.0,5.6409,5.6409,0.0,22.2126
46825.63,3.7435,-0.6538,1729741911.0,1,4,31070.0,0.0,5.6427,5.6427,0.0,22.2194
46835.63,3.7434,-0.6537,1729741921.0,1,4,31080.0,0.0,5.6445,5.6445,0.0,22.2262
46845.63,3.7433,-0.6538,1729741931.0,1,4,31090.0,0.0,5.6463,5.6463,0.0,22.233
46855.63,3.7433,-0.6537,1729741941.0,1,4,31100.0,0.0,5.6481,5.6481,0.0,22.2398
46865.63,3.7432,-0.6538,1729741951.0,1,4,31110.0,0.0,5.6499,5.6499,0.0,22.2466
46875.63,3.7431,-0.6537,1729741961.0,1,4,31120.0,0.0,5.6518,5.6518,0.0,22.2534
46885.63,3.743,-0.6537,1729741971.0,1,4,31130.0,0.0,5.6536,5.6536,0.0,22.2602
46895.63,3.7429,-0.6537,1729741981.0,1,4,31140.0,0.0,5.6554,5.6554,0.0,22.267
46905.63,3.7429,-0.6538,1729741991.0,1,4,31150.0,0.0,5.6572,5.6572,0.0,22.2738
46915.63,3.7427,-0.6537,1729742001.0,1,4,31160.0,0.0,5.659,5.659,0.0,22.2806
46925.63,3.7427,-0.6538,1729742011.0,1,4,31170.0,0.0,5.6608,5.6608,0.0,22.2874
46935.63,3.7426,-0.6538,1729742021.0,1,4,31180.0,0.0,5.6627,5.6627,0.0,22.2942
46945.63,3.7425,-0.6538,1729742031.0,1,4,31190.0,0.0,5.6645,5.6645,0.0,22.301
46955.63,3.7424,-0.6537,1729742041.0,1,4,31200.0,0.0,5.6663,5.6663,0.0,22.3078
46965.63,3.7423,-0.6538,1729742051.0,1,4,31210.0,0.0,5.6681,5.6681,0.0,22.3146
46975.63,3.7422,-0.6538,1729742061.0,1,4,31220.0,0.0,5.6699,5.6699,0.0,22.3213
46985.63,3.7422,-0.6537,1729742071.0,1,4,31230.0,0.0,5.6717,5.6717,0.0,22.3281
46995.63,3.7421,-0.6538,1729742081.0,1,4,31240.0,0.0,5.6735,5.6735,0.0,22.3349
47005.63,3.742,-0.6537,1729742091.0,1,4,31250.0,0.0,5.6754,5.6754,0.0,22.3417
47015.63,3.7419,-0.6538,1729742101.0,1,4,31260.0,0.0,5.6772,5.6772,0.0,22.3485
47025.63,3.7418,-0.6538,1729742111.0,1,4,31270.0,0.0,5.679,5.679,0.0,22.3553
47035.63,3.7417,-0.6538,1729742121.0,1,4,31280.0,0.0,5.6808,5.6808,0.0,22.3621
47045.63,3.7417,-0.6537,1729742131.0,1,4,31290.0,0.0,5.6826,5.6826,0.0,22.3689
47055.63,3.7416,-0.6538,1729742141.0,1,4,31300.0,0.0,5.6844,5.6844,0.0,22.3757
47065.63,3.7415,-0.6539,1729742151.0,1,4,31310.0,0.0,5.6863,5.6863,0.0,22.3825
47075.63,3.7415,-0.6538,1729742161.0,1,4,31320.0,0.0,5.6881,5.6881,0.0,22.3893
47085.63,3.7414,-0.6538,1729742171.0,1,4,31330.0,0.0,5.6899,5.6899,0.0,22.3961
47095.63,3.7413,-0.6538,1729742181.0,1,4,31340.0,0.0,5.6917,5.6917,0.0,22.4029
47105.63,3.7412,-0.6538,1729742191.0,1,4,31350.0,0.0,5.6935,5.6935,0.0,22.4097
47115.63,3.7411,-0.6538,1729742201.0,1,4,31360.0,0.0,5.6953,5.6953,0.0,22.4165
47125.63,3.7411,-0.6537,1729742211.0,1,4,31370.0,0.0,5.6972,5.6972,0.0,22.4233
47135.63,3.741,-0.6538,1729742221.0,1,4,31380.0,0.0,5.699,5.699,0.0,22.4301
47145.63,3.7409,-0.6538,1729742231.0,1,4,31390.0,0.0,5.7008,5.7008,0.0,22.4369
47155.63,3.7408,-0.6538,1729742241.0,1,4,31400.0,0.0,5.7026,5.7026,0.0,22.4437
47165.63,3.7407,-0.6538,1729742251.0,1,4,31410.0,0.0,5.7044,5.7044,0.0,22.4504
47175.63,3.7407,-0.6538,1729742261.0,1,4,31420.0,0.0,5.7062,5.7062,0.0,22.4572
47185.63,3.7406,-0.6538,1729742271.0,1,4,31430.0,0.0,5.7081,5.7081,0.0,22.464
47195.63,3.7405,-0.6537,1729742281.0,1,4,31440.0,0.0,5.7099,5.7099,0.0,22.4708
47205.63,3.7404,-0.6538,1729742291.0,1,4,31450.0,0.0,5.7117,5.7117,0.0,22.4776
47215.63,3.7404,-0.6537,1729742301.0,1,4,31460.0,0.0,5.7135,5.7135,0.0,22.4844
47225.63,3.7403,-0.6537,1729742311.0,1,4,31470.0,0.0,5.7153,5.7153,0.0,22.4912
47235.63,3.7402,-0.6537,1729742321.0,1,4,31480.0,0.0,5.7171,5.7171,0.0,22.498
47245.63,3.7401,-0.6537,1729742331.0,1,4,31490.0,0.0,5.7189,5.7189,0.0,22.5048
47255.63,3.7401,-0.6538,1729742341.0,1,4,31500.0,0.0,5.7208,5.7208,0.0,22.5116
47265.63,3.74,-0.6538,1729742351.0,1,4,31510.0,0.0,5.7226,5.7226,0.0,22.5184
47275.63,3.7399,-0.6537,1729742361.0,1,4,31520.0,0.0,5.7244,5.7244,0.0,22.5252
47285.63,3.7398,-0.6537,1729742371.0,1,4,31530.0,0.0,5.7262,5.7262,0.0,22.532
47295.63,3.7397,-0.6538,1729742381.0,1,4,31540.0,0.0,5.728,5.728,0.0,22.5387
47305.63,3.7397,-0.6538,1729742391.0,1,4,31550.0,0.0,5.7298,5.7298,0.0,22.5455
47315.63,3.7396,-0.6537,1729742401.0,1,4,31560.0,0.0,5.7317,5.7317,0.0,22.5523
47325.63,3.7395,-0.6538,1729742411.0,1,4,31570.0,0.0,5.7335,5.7335,0.0,22.5591
47335.63,3.7394,-0.6536,1729742421.0,1,4,31580.0,0.0,5.7353,5.7353,0.0,22.5659
47345.63,3.7393,-0.6538,1729742431.0,1,4,31590.0,0.0,5.7371,5.7371,0.0,22.5727
47355.63,3.7393,-0.6538,1729742441.0,1,4,31600.0,0.0,5.7389,5.7389,0.0,22.5795
47365.63,3.7392,-0.6537,1729742451.0,1,4,31610.0,0.0,5.7407,5.7407,0.0,22.5863
47375.63,3.7391,-0.6538,1729742461.0,1,4,31620.0,0.0,5.7426,5.7426,0.0,22.5931
47385.63,3.739,-0.6538,1729742471.0,1,4,31630.0,0.0,5.7444,5.7444,0.0,22.5999
47395.63,3.739,-0.6538,1729742481.0,1,4,31640.0,0.0,5.7462,5.7462,0.0,22.6066
47405.63,3.7389,-0.6538,1729742491.0,1,4,31650.0,0.0,5.748,5.748,0.0,22.6134
47415.63,3.7388,-0.6538,1729742501.0,1,4,31660.0,0.0,5.7498,5.7498,0.0,22.6202
47425.63,3.7387,-0.6537,1729742511.0,1,4,31670.0,0.0,5.7516,5.7516,0.0,22.627
47435.63,3.7386,-0.6537,1729742521.0,1,4,31680.0,0.0,5.7535,5.7535,0.0,22.6338
47445.63,3.7385,-0.6537,1729742531.0,1,4,31690.0,0.0,5.7553,5.7553,0.0,22.6406
47455.63,3.7385,-0.6537,1729742541.0,1,4,31700.0,0.0,5.7571,5.7571,0.0,22.6474
47465.63,3.7384,-0.6537,1729742551.0,1,4,31710.0,0.0,5.7589,5.7589,0.0,22.6542
47475.63,3.7383,-0.6537,1729742561.0,1,4,31720.0,0.0,5.7607,5.7607,0.0,22.661
47485.63,3.7383,-0.6537,1729742571.0,1,4,31730.0,0.0,5.7625,5.7625,0.0,22.6677
47495.63,3.7382,-0.6538,1729742581.0,1,4,31740.0,0.0,5.7643,5.7643,0.0,22.6745
47505.63,3.7381,-0.6537,1729742591.0,1,4,31750.0,0.0,5.7662,5.7662,0.0,22.6813
47515.63,3.738,-0.6538,1729742601.0,1,4,31760.0,0.0,5.768,5.768,0.0,22.6881
47525.63,3.7379,-0.6537,1729742611.0,1,4,31770.0,0.0,5.7698,5.7698,0.0,22.6949
47535.63,3.7378,-0.6538,1729742621.0,1,4,31780.0,0.0,5.7716,5.7716,0.0,22.7017
47545.63,3.7378,-0.6537,1729742631.0,1,4,31790.0,0.0,5.7734,5.7734,0.0,22.7085
47555.63,3.7377,-0.6537,1729742641.0,1,4,31800.0,0.0,5.7752,5.7752,0.0,22.7153
47565.63,3.7376,-0.6538,1729742651.0,1,4,31810.0,0.0,5.7771,5.7771,0.0,22.7221
47575.63,3.7375,-0.6538,1729742661.0,1,4,31820.0,0.0,5.7789,5.7789,0.0,22.7288
47585.63,3.7375,-0.6537,1729742671.0,1,4,31830.0,0.0,5.7807,5.7807,0.0,22.7356
47595.63,3.7374,-0.6537,1729742681.0,1,4,31840.0,0.0,5.7825,5.7825,0.0,22.7424
47605.63,3.7373,-0.6538,1729742691.0,1,4,31850.0,0.0,5.7843,5.7843,0.0,22.7492
47615.63,3.7372,-0.6538,1729742701.0,1,4,31860.0,0.0,5.7861,5.7861,0.0,22.756
47625.63,3.7371,-0.6538,1729742711.0,1,4,31870.0,0.0,5.788,5.788,0.0,22.7628
47635.63,3.737,-0.6537,1729742721.0,1,4,31880.0,0.0,5.7898,5.7898,0.0,22.7696
47645.63,3.737,-0.6538,1729742731.0,1,4,31890.0,0.0,5.7916,5.7916,0.0,22.7763
47655.63,3.7369,-0.6538,1729742741.0,1,4,31900.0,0.0,5.7934,5.7934,0.0,22.7831
47665.63,3.7368,-0.6538,1729742751.0,1,4,31910.0,0.0,5.7952,5.7952,0.0,22.7899
47675.63,3.7367,-0.6538,1729742761.0,1,4,31920.0,0.0,5.797,5.797,0.0,22.7967
47685.63,3.7366,-0.6538,1729742771.0,1,4,31930.0,0.0,5.7989,5.7989,0.0,22.8035
47695.63,3.7365,-0.6538,1729742781.0,1,4,31940.0,0.0,5.8007,5.8007,0.0,22.8103
47705.63,3.7365,-0.6538,1729742791.0,1,4,31950.0,0.0,5.8025,5.8025,0.0,22.8171
47715.63,3.7364,-0.6537,1729742801.0,1,4,31960.0,0.0,5.8043,5.8043,0.0,22.8238
47725.63,3.7363,-0.6538,1729742811.0,1,4,31970.0,0.0,5.8061,5.8061,0.0,22.8306
47735.63,3.7362,-0.6537,1729742821.0,1,4,31980.0,0.0,5.8079,5.8079,0.0,22.8374
47745.63,3.7361,-0.6537,1729742831.0,1,4,31990.0,0.0,5.8097,5.8097,0.0,22.8442
47755.63,3.736,-0.6537,1729742841.0,1,4,32000.0,0.0,5.8116,5.8116,0.0,22.851
47765.63,3.7359,-0.6538,1729742851.0,1,4,32010.0,0.0,5.8134,5.8134,0.0,22.8578
47775.63,3.7359,-0.6538,1729742861.0,1,4,32020.0,0.0,5.8152,5.8152,0.0,22.8646
47785.63,3.7358,-0.6538,1729742871.0,1,4,32030.0,0.0,5.817,5.817,0.0,22.8713
47795.63,3.7357,-0.6538,1729742881.0,1,4,32040.0,0.0,5.8188,5.8188,0.0,22.8781
47805.63,3.7356,-0.6538,1729742891.0,1,4,32050.0,0.0,5.8206,5.8206,0.0,22.8849
47815.63,3.7355,-0.6537,1729742901.0,1,4,32060.0,0.0,5.8225,5.8225,0.0,22.8917
47825.63,3.7355,-0.6537,1729742911.0,1,4,32070.0,0.0,5.8243,5.8243,0.0,22.8985
47835.63,3.7354,-0.6538,1729742921.0,1,4,32080.0,0.0,5.8261,5.8261,0.0,22.9053
47845.63,3.7352,-0.6537,1729742931.0,1,4,32090.0,0.0,5.8279,5.8279,0.0,22.912
47855.63,3.7352,-0.6538,1729742941.0,1,4,32100.0,0.0,5.8297,5.8297,0.0,22.9188
47865.63,3.7351,-0.6538,1729742951.0,1,4,32110.0,0.0,5.8315,5.8315,0.0,22.9256
47875.63,3.735,-0.6538,1729742961.0,1,4,32120.0,0.0,5.8334,5.8334,0.0,22.9324
47885.63,3.7349,-0.6538,1729742971.0,1,4,32130.0,0.0,5.8352,5.8352,0.0,22.9392
47895.63,3.7348,-0.6538,1729742981.0,1,4,32140.0,0.0,5.837,5.837,0.0,22.946
47905.63,3.7347,-0.6538,1729742991.0,1,4,32150.0,0.0,5.8388,5.8388,0.0,22.9527
47915.63,3.7347,-0.6538,1729743001.0,1,4,32160.0,0.0,5.8406,5.8406,0.0,22.9595
47925.63,3.7346,-0.6538,1729743011.0,1,4,32170.0,0.0,5.8424,5.8424,0.0,22.9663
47935.63,3.7344,-0.6538,1729743021.0,1,4,32180.0,0.0,5.8442,5.8442,0.0,22.9731
47945.63,3.7343,-0.6538,1729743031.0,1,4,32190.0,0.0,5.8461,5.8461,0.0,22.9799
47955.63,3.7343,-0.6538,1729743041.0,1,4,32200.0,0.0,5.8479,5.8479,0.0,22.9867
47965.63,3.7342,-0.6537,1729743051.0,1,4,32210.0,0.0,5.8497,5.8497,0.0,22.9934
47975.63,3.7341,-0.6538,1729743061.0,1,4,32220.0,0.0,5.8515,5.8515,0.0,23.0002
47985.63,3.734,-0.6538,1729743071.0,1,4,32230.0,0.0,5.8533,5.8533,0.0,23.007
47995.63,3.7339,-0.6537,1729743081.0,1,4,32240.0,0.0,5.8551,5.8551,0.0,23.0138
48005.63,3.7337,-0.6538,1729743091.0,1,4,32250.0,0.0,5.857,5.857,0.0,23.0206
48015.63,3.7336,-0.6536,1729743101.0,1,4,32260.0,0.0,5.8588,5.8588,0.0,23.0273
48025.63,3.7336,-0.6537,1729743111.0,1,4,32270.0,0.0,5.8606,5.8606,0.0,23.0341
48035.63,3.7335,-0.6538,1729743121.0,1,4,32280.0,0.0,5.8624,5.8624,0.0,23.0409
48045.63,3.7334,-0.6538,1729743131.0,1,4,32290.0,0.0,5.8642,5.8642,0.0,23.0477
48055.63,3.7333,-0.6538,1729743141.0,1,4,32300.0,0.0,5.866,5.866,0.0,23.0545
48065.63,3.7332,-0.6537,1729743151.0,1,4,32310.0,0.0,5.8679,5.8679,0.0,23.0612
48075.63,3.7331,-0.6538,1729743161.0,1,4,32320.0,0.0,5.8697,5.8697,0.0,23.068
48085.63,3.733,-0.6538,1729743171.0,1,4,32330.0,0.0,5.8715,5.8715,0.0,23.0748
48095.63,3.7329,-0.6538,1729743181.0,1,4,32340.0,0.0,5.8733,5.8733,0.0,23.0816
48105.63,3.7328,-0.6538,1729743191.0,1,4,32350.0,0.0,5.8751,5.8751,0.0,23.0884
48115.63,3.7327,-0.6538,1729743201.0,1,4,32360.0,0.0,5.8769,5.8769,0.0,23.0951
48125.63,3.7326,-0.6538,1729743211.0,1,4,32370.0,0.0,5.8788,5.8788,0.0,23.1019
48135.63,3.7325,-0.6538,1729743221.0,1,4,32380.0,0.0,5.8806,5.8806,0.0,23.1087
48145.63,3.7324,-0.6538,1729743231.0,1,4,32390.0,0.0,5.8824,5.8824,0.0,23.1155
48155.63,3.7323,-0.6537,1729743241.0,1,4,32400.0,0.0,5.8842,5.8842,0.0,23.1222
48165.63,3.7322,-0.6538,1729743251.0,1,4,32410.0,0.0,5.886,5.886,0.0,23.129
48175.63,3.7321,-0.6538,1729743261.0,1,4,32420.0,0.0,5.8878,5.8878,0.0,23.1358
48185.63,3.732,-0.6538,1729743271.0,1,4,32430.0,0.0,5.8897,5.8897,0.0,23.1426
48195.63,3.7319,-0.6537,1729743281.0,1,4,32440.0,0.0,5.8915,5.8915,0.0,23.1494
48205.63,3.7318,-0.6538,1729743291.0,1,4,32450.0,0.0,5.8933,5.8933,0.0,23.1561
48215.63,3.7317,-0.6537,1729743301.0,1,4,32460.0,0.0,5.8951,5.8951,0.0,23.1629
48225.63,3.7316,-0.6537,1729743311.0,1,4,32470.0,0.0,5.8969,5.8969,0.0,23.1697
48235.63,3.7315,-0.6538,1729743321.0,1,4,32480.0,0.0,5.8987,5.8987,0.0,23.1765
48245.63,3.7313,-0.6538,1729743331.0,1,4,32490.0,0.0,5.9005,5.9005,0.0,23.1832
48255.63,3.7312,-0.6537,1729743341.0,1,4,32500.0,0.0,5.9024,5.9024,0.0,23.19
48265.63,3.7312,-0.6538,1729743351.0,1,4,32510.0,0.0,5.9042,5.9042,0.0,23.1968
48275.63,3.731,-0.6537,1729743361.0,1,4,32520.0,0.0,5.906,5.906,0.0,23.2036
48285.63,3.7309,-0.6537,1729743371.0,1,4,32530.0,0.0,5.9078,5.9078,0.0,23.2103
48295.63,3.7308,-0.6538,1729743381.0,1,4,32540.0,0.0,5.9096,5.9096,0.0,23.2171
48305.63,3.7307,-0.6538,1729743391.0,1,4,32550.0,0.0,5.9114,5.9114,0.0,23.2239
48315.63,3.7306,-0.6538,1729743401.0,1,4,32560.0,0.0,5.9133,5.9133,0.0,23.2307
48325.63,3.7305,-0.6538,1729743411.0,1,4,32570.0,0.0,5.9151,5.9151,0.0,23.2374
48335.63,3.7304,-0.6538,1729743421.0,1,4,32580.0,0.0,5.9169,5.9169,0.0,23.2442
48345.63,3.7303,-0.6537,1729743431.0,1,4,32590.0,0.0,5.9187,5.9187,0.0,23.251
48355.63,3.7302,-0.6538,1729743441.0,1,4,32600.0,0.0,5.9205,5.9205,0.0,23.2578
48365.63,3.7301,-0.6538,1729743451.0,1,4,32610.0,0.0,5.9223,5.9223,0.0,23.2645
48375.63,3.73,-0.6538,1729743461.0,1,4,32620.0,0.0,5.9242,5.9242,0.0,23.2713
48385.63,3.7298,-0.6537,1729743471.0,1,4,32630.0,0.0,5.926,5.926,0.0,23.2781
48395.63,3.7297,-0.6538,1729743481.0,1,4,32640.0,0.0,5.9278,5.9278,0.0,23.2849
48405.63,3.7296,-0.6538,1729743491.0,1,4,32650.0,0.0,5.9296,5.9296,0.0,23.2916
48415.63,3.7295,-0.6538,1729743501.0,1,4,32660.0,0.0,5.9314,5.9314,0.0,23.2984
48425.63,3.7294,-0.6538,1729743511.0,1,4,32670.0,0.0,5.9332,5.9332,0.0,23.3052
48435.63,3.7293,-0.6537,1729743521.0,1,4,32680.0,0.0,5.9351,5.9351,0.0,23.312
48445.63,3.7292,-0.6538,1729743531.0,1,4,32690.0,0.0,5.9369,5.9369,0.0,23.3187
48455.63,3.729,-0.6538,1729743541.0,1,4,32700.0,0.0,5.9387,5.9387,0.0,23.3255
48465.63,3.7289,-0.6538,1729743551.0,1,4,32710.0,0.0,5.9405,5.9405,0.0,23.3323
48475.63,3.7288,-0.6537,1729743561.0,1,4,32720.0,0.0,5.9423,5.9423,0.0,23.339
48485.63,3.7287,-0.6538,1729743571.0,1,4,32730.0,0.0,5.9441,5.9441,0.0,23.3458
48495.63,3.7286,-0.6538,1729743581.0,1,4,32740.0,0.0,5.9459,5.9459,0.0,23.3526
48505.63,3.7285,-0.6538,1729743591.0,1,4,32750.0,0.0,5.9478,5.9478,0.0,23.3594
48515.63,3.7283,-0.6537,1729743601.0,1,4,32760.0,0.0,5.9496,5.9496,0.0,23.3661
48525.63,3.7282,-0.6537,1729743611.0,1,4,32770.0,0.0,5.9514,5.9514,0.0,23.3729
48535.63,3.7281,-0.6537,1729743621.0,1,4,32780.0,0.0,5.9532,5.9532,0.0,23.3797
48545.63,3.728,-0.6538,1729743631.0,1,4,32790.0,0.0,5.955,5.955,0.0,23.3864
48555.63,3.7278,-0.6538,1729743641.0,1,4,32800.0,0.0,5.9568,5.9568,0.0,23.3932
48565.63,3.7277,-0.6538,1729743651.0,1,4,32810.0,0.0,5.9587,5.9587,0.0,23.4
48575.63,3.7276,-0.6538,1729743661.0,1,4,32820.0,0.0,5.9605,5.9605,0.0,23.4067
48585.63,3.7275,-0.6538,1729743671.0,1,4,32830.0,0.0,5.9623,5.9623,0.0,23.4135
48595.63,3.7274,-0.6537,1729743681.0,1,4,32840.0,0.0,5.9641,5.9641,0.0,23.4203
48605.63,3.7273,-0.6538,1729743691.0,1,4,32850.0,0.0,5.9659,5.9659,0.0,23.4271
48615.63,3.7271,-0.6538,1729743701.0,1,4,32860.0,0.0,5.9677,5.9677,0.0,23.4338
48625.63,3.727,-0.6537,1729743711.0,1,4,32870.0,0.0,5.9696,5.9696,0.0,23.4406
48635.63,3.7269,-0.6537,1729743721.0,1,4,32880.0,0.0,5.9714,5.9714,0.0,23.4474
48645.63,3.7268,-0.6538,1729743731.0,1,4,32890.0,0.0,5.9732,5.9732,0.0,23.4541
48655.63,3.7267,-0.6538,1729743741.0,1,4,32900.0,0.0,5.975,5.975,0.0,23.4609
48665.63,3.7265,-0.6538,1729743751.0,1,4,32910.0,0.0,5.9768,5.9768,0.0,23.4677
48675.63,3.7264,-0.6537,1729743761.0,1,4,32920.0,0.0,5.9786,5.9786,0.0,23.4744
48685.63,3.7263,-0.6538,1729743771.0,1,4,32930.0,0.0,5.9805,5.9805,0.0,23.4812
48695.63,3.7261,-0.6538,1729743781.0,1,4,32940.0,0.0,5.9823,5.9823,0.0,23.488
48705.63,3.726,-0.6538,1729743791.0,1,4,32950.0,0.0,5.9841,5.9841,0.0,23.4947
48715.63,3.7259,-0.6538,1729743801.0,1,4,32960.0,0.0,5.9859,5.9859,0.0,23.5015
48725.63,3.7258,-0.6538,1729743811.0,1,4,32970.0,0.0,5.9877,5.9877,0.0,23.5083
48735.63,3.7256,-0.6538,1729743821.0,1,4,32980.0,0.0,5.9895,5.9895,0.0,23.515
48745.63,3.7255,-0.6538,1729743831.0,1,4,32990.0,0.0,5.9913,5.9913,0.0,23.5218
48755.63,3.7254,-0.6538,1729743841.0,1,4,33000.0,0.0,5.9932,5.9932,0.0,23.5286
48765.63,3.7253,-0.6538,1729743851.0,1,4,33010.0,0.0,5.995,5.995,0.0,23.5353
48775.63,3.7251,-0.6537,1729743861.0,1,4,33020.0,0.0,5.9968,5.9968,0.0,23.5421
48785.63,3.725,-0.6538,1729743871.0,1,4,33030.0,0.0,5.9986,5.9986,0.0,23.5489
48795.63,3.7249,-0.6538,1729743881.0,1,4,33040.0,0.0,6.0004,6.0004,0.0,23.5556
48805.63,3.7247,-0.6538,1729743891.0,1,4,33050.0,0.0,6.0022,6.0022,0.0,23.5624
48815.63,3.7246,-0.6538,1729743901.0,1,4,33060.0,0.0,6.0041,6.0041,0.0,23.5691
48825.63,3.7245,-0.6538,1729743911.0,1,4,33070.0,0.0,6.0059,6.0059,0.0,23.5759
48835.63,3.7243,-0.6538,1729743921.0,1,4,33080.0,0.0,6.0077,6.0077,0.0,23.5827
48845.63,3.7242,-0.6537,1729743931.0,1,4,33090.0,0.0,6.0095,6.0095,0.0,23.5894
48855.63,3.724,-0.6537,1729743941.0,1,4,33100.0,0.0,6.0113,6.0113,0.0,23.5962
48865.63,3.7239,-0.6537,1729743951.0,1,4,33110.0,0.0,6.0131,6.0131,0.0,23.603
48875.63,3.7238,-0.6538,1729743961.0,1,4,33120.0,0.0,6.015,6.015,0.0,23.6097
48885.63,3.7237,-0.6538,1729743971.0,1,4,33130.0,0.0,6.0168,6.0168,0.0,23.6165
48895.63,3.7235,-0.6538,1729743981.0,1,4,33140.0,0.0,6.0186,6.0186,0.0,23.6233
48905.63,3.7234,-0.6538,1729743991.0,1,4,33150.0,0.0,6.0204,6.0204,0.0,23.63
48915.63,3.7233,-0.6537,1729744001.0,1,4,33160.0,0.0,6.0222,6.0222,0.0,23.6368
48925.63,3.7231,-0.6537,1729744011.0,1,4,33170.0,0.0,6.024,6.024,0.0,23.6435
48935.63,3.723,-0.6538,1729744021.0,1,4,33180.0,0.0,6.0259,6.0259,0.0,23.6503
48945.63,3.7229,-0.6537,1729744031.0,1,4,33190.0,0.0,6.0277,6.0277,0.0,23.6571
48955.63,3.7227,-0.6538,1729744041.0,1,4,33200.0,0.0,6.0295,6.0295,0.0,23.6638
48965.63,3.7226,-0.6537,1729744051.0,1,4,33210.0,0.0,6.0313,6.0313,0.0,23.6706
48975.63,3.7225,-0.6537,1729744061.0,1,4,33220.0,0.0,6.0331,6.0331,0.0,23.6773
48985.63,3.7223,-0.6538,1729744071.0,1,4,33230.0,0.0,6.0349,6.0349,0.0,23.6841
48995.63,3.7222,-0.6537,1729744081.0,1,4,33240.0,0.0,6.0367,6.0367,0.0,23.6909
49005.63,3.7221,-0.6538,1729744091.0,1,4,33250.0,0.0,6.0386,6.0386,0.0,23.6976
49015.63,3.7219,-0.6537,1729744101.0,1,4,33260.0,0.0,6.0404,6.0404,0.0,23.7044
49025.63,3.7218,-0.6538,1729744111.0,1,4,33270.0,0.0,6.0422,6.0422,0.0,23.7111
49035.63,3.7216,-0.6538,1729744121.0,1,4,33280.0,0.0,6.044,6.044,0.0,23.7179
49045.63,3.7215,-0.6538,1729744131.0,1,4,33290.0,0.0,6.0458,6.0458,0.0,23.7247
49055.63,3.7214,-0.6538,1729744141.0,1,4,33300.0,0.0,6.0476,6.0476,0.0,23.7314
49065.63,3.7212,-0.6538,1729744151.0,1,4,33310.0,0.0,6.0495,6.0495,0.0,23.7382
49075.63,3.7211,-0.6538,1729744161.0,1,4,33320.0,0.0,6.0513,6.0513,0.0,23.7449
49085.63,3.721,-0.6538,1729744171.0,1,4,33330.0,0.0,6.0531,6.0531,0.0,23.7517
49095.63,3.7209,-0.6538,1729744181.0,1,4,33340.0,0.0,6.0549,6.0549,0.0,23.7584
49105.63,3.7207,-0.6539,1729744191.0,1,4,33350.0,0.0,6.0567,6.0567,0.0,23.7652
49115.63,3.7206,-0.6538,1729744201.0,1,4,33360.0,0.0,6.0585,6.0585,0.0,23.772
49125.63,3.7205,-0.6538,1729744211.0,1,4,33370.0,0.0,6.0604,6.0604,0.0,23.7787
49135.63,3.7203,-0.6538,1729744221.0,1,4,33380.0,0.0,6.0622,6.0622,0.0,23.7855
49145.63,3.7202,-0.6538,1729744231.0,1,4,33390.0,0.0,6.064,6.064,0.0,23.7922
49155.63,3.72,-0.6538,1729744241.0,1,4,33400.0,0.0,6.0658,6.0658,0.0,23.799
49165.63,3.7199,-0.6537,1729744251.0,1,4,33410.0,0.0,6.0676,6.0676,0.0,23.8057
49175.63,3.7198,-0.6538,1729744261.0,1,4,33420.0,0.0,6.0694,6.0694,0.0,23.8125
49185.63,3.7196,-0.6537,1729744271.0,1,4,33430.0,0.0,6.0713,6.0713,0.0,23.8192
49195.63,3.7195,-0.6538,1729744281.0,1,4,33440.0,0.0,6.0731,6.0731,0.0,23.826
49205.63,3.7193,-0.6537,1729744291.0,1,4,33450.0,0.0,6.0749,6.0749,0.0,23.8328
49215.63,3.7192,-0.6538,1729744301.0,1,4,33460.0,0.0,6.0767,6.0767,0.0,23.8395
49225.63,3.7191,-0.6537,1729744311.0,1,4,33470.0,0.0,6.0785,6.0785,0.0,23.8463
49235.63,3.719,-0.6538,1729744321.0,1,4,33480.0,0.0,6.0803,6.0803,0.0,23.853
49245.63,3.7188,-0.6538,1729744331.0,1,4,33490.0,0.0,6.0821,6.0821,0.0,23.8598
49255.63,3.7187,-0.6537,1729744341.0,1,4,33500.0,0.0,6.084,6.084,0.0,23.8665
49265.63,3.7185,-0.6538,1729744351.0,1,4,33510.0,0.0,6.0858,6.0858,0.0,23.8733
49275.63,3.7184,-0.6538,1729744361.0,1,4,33520.0,0.0,6.0876,6.0876,0.0,23.88
49285.63,3.7183,-0.6538,1729744371.0,1,4,33530.0,0.0,6.0894,6.0894,0.0,23.8868
49295.63,3.7182,-0.6538,1729744381.0,1,4,33540.0,0.0,6.0912,6.0912,0.0,23.8935
49305.63,3.7181,-0.6537,1729744391.0,1,4,33550.0,0.0,6.093,6.093,0.0,23.9003
49315.63,3.7179,-0.6538,1729744401.0,1,4,33560.0,0.0,6.0949,6.0949,0.0,23.907
49325.63,3.7178,-0.6537,1729744411.0,1,4,33570.0,0.0,6.0967,6.0967,0.0,23.9138
49335.63,3.7176,-0.6538,1729744421.0,1,4,33580.0,0.0,6.0985,6.0985,0.0,23.9205
49345.63,3.7175,-0.6538,1729744431.0,1,4,33590.0,0.0,6.1003,6.1003,0.0,23.9273
49355.63,3.7174,-0.6537,1729744441.0,1,4,33600.0,0.0,6.1021,6.1021,0.0,23.934
49365.63,3.7173,-0.6537,1729744451.0,1,4,33610.0,0.0,6.1039,6.1039,0.0,23.9408
49375.63,3.7171,-0.6538,1729744461.0,1,4,33620.0,0.0,6.1058,6.1058,0.0,23.9475
49385.63,3.717,-0.6538,1729744471.0,1,4,33630.0,0.0,6.1076,6.1076,0.0,23.9543
49395.63,3.7169,-0.6538,1729744481.0,1,4,33640.0,0.0,6.1094,6.1094,0.0,23.961
49405.63,3.7168,-0.6538,1729744491.0,1,4,33650.0,0.0,6.1112,6.1112,0.0,23.9678
49415.63,3.7166,-0.6538,1729744501.0,1,4,33660.0,0.0,6.113,6.113,0.0,23.9745
49425.63,3.7165,-0.6538,1729744511.0,1,4,33670.0,0.0,6.1148,6.1148,0.0,23.9813
49435.63,3.7164,-0.6538,1729744521.0,1,4,33680.0,0.0,6.1167,6.1167,0.0,23.988
49445.63,3.7162,-0.6538,1729744531.0,1,4,33690.0,0.0,6.1185,6.1185,0.0,23.9948
49455.63,3.7161,-0.6538,1729744541.0,1,4,33700.0,0.0,6.1203,6.1203,0.0,24.0015
49465.63,3.716,-0.6538,1729744551.0,1,4,33710.0,0.0,6.1221,6.1221,0.0,24.0083
49475.63,3.7159,-0.6538,1729744561.0,1,4,33720.0,0.0,6.1239,6.1239,0.0,24.015
49485.63,3.7157,-0.6538,1729744571.0,1,4,33730.0,0.0,6.1257,6.1257,0.0,24.0218
49495.63,3.7156,-0.6538,1729744581.0,1,4,33740.0,0.0,6.1275,6.1275,0.0,24.0285
49505.63,3.7155,-0.6537,1729744591.0,1,4,33750.0,0.0,6.1294,6.1294,0.0,24.0353
49515.63,3.7154,-0.6538,1729744601.0,1,4,33760.0,0.0,6.1312,6.1312,0.0,24.042
49525.63,3.7152,-0.6538,1729744611.0,1,4,33770.0,0.0,6.133,6.133,0.0,24.0488
49535.63,3.7151,-0.6538,1729744621.0,1,4,33780.0,0.0,6.1348,6.1348,0.0,24.0555
49545.63,3.715,-0.6537,1729744631.0,1,4,33790.0,0.0,6.1366,6.1366,0.0,24.0623
49555.63,3.7149,-0.6538,1729744641.0,1,4,33800.0,0.0,6.1384,6.1384,0.0,24.069
49565.63,3.7147,-0.6538,1729744651.0,1,4,33810.0,0.0,6.1403,6.1403,0.0,24.0758
49575.63,3.7147,-0.6538,1729744661.0,1,4,33820.0,0.0,6.1421,6.1421,0.0,24.0825
49585.63,3.7145,-0.6537,1729744671.0,1,4,33830.0,0.0,6.1439,6.1439,0.0,24.0893
49595.63,3.7144,-0.6537,1729744681.0,1,4,33840.0,0.0,6.1457,6.1457,0.0,24.096
49605.63,3.7143,-0.6538,1729744691.0,1,4,33850.0,0.0,6.1475,6.1475,0.0,24.1027
49615.63,3.7141,-0.6538,1729744701.0,1,4,33860.0,0.0,6.1493,6.1493,0.0,24.1095
49625.63,3.714,-0.6538,1729744711.0,1,4,33870.0,0.0,6.1512,6.1512,0.0,24.1162
49635.63,3.7139,-0.6538,1729744721.0,1,4,33880.0,0.0,6.153,6.153,0.0,24.123
49645.63,3.7138,-0.6538,1729744731.0,1,4,33890.0,0.0,6.1548,6.1548,0.0,24.1297
49655.63,3.7137,-0.6538,1729744741.0,1,4,33900.0,0.0,6.1566,6.1566,0.0,24.1365
49665.63,3.7136,-0.6538,1729744751.0,1,4,33910.0,0.0,6.1584,6.1584,0.0,24.1432
49675.63,3.7134,-0.6538,1729744761.0,1,4,33920.0,0.0,6.1602,6.1602,0.0,24.15
49685.63,3.7133,-0.6537,1729744771.0,1,4,33930.0,0.0,6.1621,6.1621,0.0,24.1567
49695.63,3.7132,-0.6538,1729744781.0,1,4,33940.0,0.0,6.1639,6.1639,0.0,24.1634
49705.63,3.7131,-0.6538,1729744791.0,1,4,33950.0,0.0,6.1657,6.1657,0.0,24.1702
49715.63,3.713,-0.6538,1729744801.0,1,4,33960.0,0.0,6.1675,6.1675,0.0,24.1769
49725.63,3.7128,-0.6537,1729744811.0,1,4,33970.0,0.0,6.1693,6.1693,0.0,24.1837
49735.63,3.7127,-0.6538,1729744821.0,1,4,33980.0,0.0,6.1711,6.1711,0.0,24.1904
49745.63,3.7126,-0.6538,1729744831.0,1,4,33990.0,0.0,6.1729,6.1729,0.0,24.1972
49755.63,3.7125,-0.6538,1729744841.0,1,4,34000.0,0.0,6.1748,6.1748,0.0,24.2039
49765.63,3.7123,-0.6538,1729744851.0,1,4,34010.0,0.0,6.1766,6.1766,0.0,24.2106
49775.63,3.7122,-0.6538,1729744861.0,1,4,34020.0,0.0,6.1784,6.1784,0.0,24.2174
49785.63,3.7121,-0.6538,1729744871.0,1,4,34030.0,0.0,6.1802,6.1802,0.0,24.2241
49795.63,3.712,-0.6538,1729744881.0,1,4,34040.0,0.0,6.182,6.182,0.0,24.2309
49805.63,3.7119,-0.6537,1729744891.0,1,4,34050.0,0.0,6.1838,6.1838,0.0,24.2376
49815.63,3.7118,-0.6538,1729744901.0,1,4,34060.0,0.0,6.1857,6.1857,0.0,24.2443
49825.63,3.7116,-0.6538,1729744911.0,1,4,34070.0,0.0,6.1875,6.1875,0.0,24.2511
49835.63,3.7115,-0.6538,1729744921.0,1,4,34080.0,0.0,6.1893,6.1893,0.0,24.2578
49845.63,3.7114,-0.6538,1729744931.0,1,4,34090.0,0.0,6.1911,6.1911,0.0,24.2646
49855.63,3.7113,-0.6538,1729744941.0,1,4,34100.0,0.0,6.1929,6.1929,0.0,24.2713
49865.63,3.7112,-0.6537,1729744951.0,1,4,34110.0,0.0,6.1947,6.1947,0.0,24.278
49875.63,3.7111,-0.6538,1729744961.0,1,4,34120.0,0.0,6.1966,6.1966,0.0,24.2848
49885.63,3.7109,-0.6538,1729744971.0,1,4,34130.0,0.0,6.1984,6.1984,0.0,24.2915
49895.63,3.7108,-0.6538,1729744981.0,1,4,34140.0,0.0,6.2002,6.2002,0.0,24.2983
49905.63,3.7107,-0.6537,1729744991.0,1,4,34150.0,0.0,6.202,6.202,0.0,24.305
49915.63,3.7106,-0.6538,1729745001.0,1,4,34160.0,0.0,6.2038,6.2038,0.0,24.3117
49925.63,3.7104,-0.6538,1729745011.0,1,4,34170.0,0.0,6.2056,6.2056,0.0,24.3185
49935.63,3.7103,-0.6538,1729745021.0,1,4,34180.0,0.0,6.2075,6.2075,0.0,24.3252
49945.63,3.7102,-0.6538,1729745031.0,1,4,34190.0,0.0,6.2093,6.2093,0.0,24.332
49955.63,3.7101,-0.6538,1729745041.0,1,4,34200.0,0.0,6.2111,6.2111,0.0,24.3387
49965.63,3.7099,-0.6538,1729745051.0,1,4,34210.0,0.0,6.2129,6.2129,0.0,24.3454
49975.63,3.7099,-0.6538,1729745061.0,1,4,34220.0,0.0,6.2147,6.2147,0.0,24.3522
49985.63,3.7097,-0.6538,1729745071.0,1,4,34230.0,0.0,6.2165,6.2165,0.0,24.3589
49995.63,3.7096,-0.6538,1729745081.0,1,4,34240.0,0.0,6.2183,6.2183,0.0,24.3656
50005.63,3.7095,-0.6538,1729745091.0,1,4,34250.0,0.0,6.2202,6.2202,0.0,24.3724
50015.63,3.7093,-0.6537,1729745101.0,1,4,34260.0,0.0,6.222,6.222,0.0,24.3791
50025.63,3.7092,-0.6538,1729745111.0,1,4,34270.0,0.0,6.2238,6.2238,0.0,24.3858
50035.63,3.7091,-0.6538,1729745121.0,1,4,34280.0,0.0,6.2256,6.2256,0.0,24.3926
50045.63,3.709,-0.6537,1729745131.0,1,4,34290.0,0.0,6.2274,6.2274,0.0,24.3993
50055.63,3.7088,-0.6537,1729745141.0,1,4,34300.0,0.0,6.2292,6.2292,0.0,24.4061
50065.63,3.7087,-0.6538,1729745151.0,1,4,34310.0,0.0,6.2311,6.2311,0.0,24.4128
50075.63,3.7086,-0.6537,1729745161.0,1,4,34320.0,0.0,6.2329,6.2329,0.0,24.4195
50085.63,3.7085,-0.6538,1729745171.0,1,4,34330.0,0.0,6.2347,6.2347,0.0,24.4263
50095.63,3.7083,-0.6538,1729745181.0,1,4,34340.0,0.0,6.2365,6.2365,0.0,24.433
50105.63,3.7082,-0.6538,1729745191.0,1,4,34350.0,0.0,6.2383,6.2383,0.0,24.4397
50115.63,3.7081,-0.6538,1729745201.0,1,4,34360.0,0.0,6.2401,6.2401,0.0,24.4465
50125.63,3.7079,-0.6538,1729745211.0,1,4,34370.0,0.0,6.242,6.242,0.0,24.4532
50135.63,3.7078,-0.6537,1729745221.0,1,4,34380.0,0.0,6.2438,6.2438,0.0,24.4599
50145.63,3.7077,-0.6538,1729745231.0,1,4,34390.0,0.0,6.2456,6.2456,0.0,24.4667
50155.63,3.7076,-0.6537,1729745241.0,1,4,34400.0,0.0,6.2474,6.2474,0.0,24.4734
50165.63,3.7074,-0.6538,1729745251.0,1,4,34410.0,0.0,6.2492,6.2492,0.0,24.4801
50175.63,3.7073,-0.6537,1729745261.0,1,4,34420.0,0.0,6.251,6.251,0.0,24.4869
50185.63,3.7072,-0.6538,1729745271.0,1,4,34430.0,0.0,6.2529,6.2529,0.0,24.4936
50195.63,3.707,-0.6538,1729745281.0,1,4,34440.0,0.0,6.2547,6.2547,0.0,24.5003
50205.63,3.7069,-0.6538,1729745291.0,1,4,34450.0,0.0,6.2565,6.2565,0.0,24.5071
50215.63,3.7067,-0.6538,1729745301.0,1,4,34460.0,0.0,6.2583,6.2583,0.0,24.5138
50225.63,3.7066,-0.6538,1729745311.0,1,4,34470.0,0.0,6.2601,6.2601,0.0,24.5205
50235.63,3.7065,-0.6538,1729745321.0,1,4,34480.0,0.0,6.2619,6.2619,0.0,24.5272
50245.63,3.7064,-0.6538,1729745331.0,1,4,34490.0,0.0,6.2637,6.2637,0.0,24.534
50255.63,3.7062,-0.6538,1729745341.0,1,4,34500.0,0.0,6.2656,6.2656,0.0,24.5407
50265.63,3.706,-0.6538,1729745351.0,1,4,34510.0,0.0,6.2674,6.2674,0.0,24.5474
50275.63,3.7059,-0.6538,1729745361.0,1,4,34520.0,0.0,6.2692,6.2692,0.0,24.5542
50285.63,3.7058,-0.6537,1729745371.0,1,4,34530.0,0.0,6.271,6.271,0.0,24.5609
50295.63,3.7056,-0.6538,1729745381.0,1,4,34540.0,0.0,6.2728,6.2728,0.0,24.5676
50305.63,3.7055,-0.6538,1729745391.0,1,4,34550.0,0.0,6.2746,6.2746,0.0,24.5744
50315.63,3.7053,-0.6538,1729745401.0,1,4,34560.0,0.0,6.2765,6.2765,0.0,24.5811
50325.63,3.7052,-0.6538,1729745411.0,1,4,34570.0,0.0,6.2783,6.2783,0.0,24.5878
50335.63,3.7051,-0.6537,1729745421.0,1,4,34580.0,0.0,6.2801,6.2801,0.0,24.5945
50345.63,3.7049,-0.6538,1729745431.0,1,4,34590.0,0.0,6.2819,6.2819,0.0,24.6013
50355.63,3.7048,-0.6537,1729745441.0,1,4,34600.0,0.0,6.2837,6.2837,0.0,24.608
50365.63,3.7046,-0.6538,1729745451.0,1,4,34610.0,0.0,6.2855,6.2855,0.0,24.6147
50375.63,3.7045,-0.6538,1729745461.0,1,4,34620.0,0.0,6.2874,6.2874,0.0,24.6215
50385.63,3.7043,-0.6538,1729745471.0,1,4,34630.0,0.0,6.2892,6.2892,0.0,24.6282
50395.63,3.7042,-0.6538,1729745481.0,1,4,34640.0,0.0,6.291,6.291,0.0,24.6349
50405.63,3.704,-0.6538,1729745491.0,1,4,34650.0,0.0,6.2928,6.2928,0.0,24.6416
50415.63,3.7039,-0.6538,1729745501.0,1,4,34660.0,0.0,6.2946,6.2946,0.0,24.6484
50425.63,3.7037,-0.6537,1729745511.0,1,4,34670.0,0.0,6.2964,6.2964,0.0,24.6551
50435.63,3.7035,-0.6538,1729745521.0,1,4,34680.0,0.0,6.2983,6.2983,0.0,24.6618
50445.63,3.7034,-0.6538,1729745531.0,1,4,34690.0,0.0,6.3001,6.3001,0.0,24.6685
50455.63,3.7032,-0.6537,1729745541.0,1,4,34700.0,0.0,6.3019,6.3019,0.0,24.6753
50465.63,3.7031,-0.6538,1729745551.0,1,4,34710.0,0.0,6.3037,6.3037,0.0,24.682
50475.63,3.7029,-0.6538,1729745561.0,1,4,34720.0,0.0,6.3055,6.3055,0.0,24.6887
50485.63,3.7028,-0.6538,1729745571.0,1,4,34730.0,0.0,6.3073,6.3073,0.0,24.6954
50495.63,3.7026,-0.6538,1729745581.0,1,4,34740.0,0.0,6.3091,6.3091,0.0,24.7022
50505.63,3.7024,-0.6538,1729745591.0,1,4,34750.0,0.0,6.311,6.311,0.0,24.7089
50515.63,3.7022,-0.6538,1729745601.0,1,4,34760.0,0.0,6.3128,6.3128,0.0,24.7156
50525.63,3.7021,-0.6538,1729745611.0,1,4,34770.0,0.0,6.3146,6.3146,0.0,24.7223
50535.63,3.7019,-0.6538,1729745621.0,1,4,34780.0,0.0,6.3164,6.3164,0.0,24.7291
50545.63,3.7017,-0.6538,1729745631.0,1,4,34790.0,0.0,6.3182,6.3182,0.0,24.7358
50555.63,3.7016,-0.6537,1729745641.0,1,4,34800.0,0.0,6.32,6.32,0.0,24.7425
50565.63,3.7014,-0.6537,1729745651.0,1,4,34810.0,0.0,6.3219,6.3219,0.0,24.7492
50575.63,3.7012,-0.6538,1729745661.0,1,4,34820.0,0.0,6.3237,6.3237,0.0,24.7559
50585.63,3.701,-0.6538,1729745671.0,1,4,34830.0,0.0,6.3255,6.3255,0.0,24.7627
50595.63,3.7009,-0.6538,1729745681.0,1,4,34840.0,0.0,6.3273,6.3273,0.0,24.7694
50605.63,3.7007,-0.6538,1729745691.0,1,4,34850.0,0.0,6.3291,6.3291,0.0,24.7761
50615.63,3.7005,-0.6538,1729745701.0,1,4,34860.0,0.0,6.3309,6.3309,0.0,24.7828
50625.63,3.7003,-0.6537,1729745711.0,1,4,34870.0,0.0,6.3328,6.3328,0.0,24.7895
50635.63,3.7001,-0.6537,1729745721.0,1,4,34880.0,0.0,6.3346,6.3346,0.0,24.7963
50645.63,3.6999,-0.6537,1729745731.0,1,4,34890.0,0.0,6.3364,6.3364,0.0,24.803
50655.63,3.6997,-0.6537,1729745741.0,1,4,34900.0,0.0,6.3382,6.3382,0.0,24.8097
50665.63,3.6995,-0.6537,1729745751.0,1,4,34910.0,0.0,6.34,6.34,0.0,24.8164
50675.63,3.6994,-0.6537,1729745761.0,1,4,34920.0,0.0,6.3418,6.3418,0.0,24.8231
50685.63,3.6992,-0.6538,1729745771.0,1,4,34930.0,0.0,6.3437,6.3437,0.0,24.8299
50695.63,3.699,-0.6537,1729745781.0,1,4,34940.0,0.0,6.3455,6.3455,0.0,24.8366
50705.63,3.6988,-0.6537,1729745791.0,1,4,34950.0,0.0,6.3473,6.3473,0.0,24.8433
50715.63,3.6986,-0.6537,1729745801.0,1,4,34960.0,0.0,6.3491,6.3491,0.0,24.85
50725.63,3.6983,-0.6537,1729745811.0,1,4,34970.0,0.0,6.3509,6.3509,0.0,24.8567
50735.63,3.6982,-0.6537,1729745821.0,1,4,34980.0,0.0,6.3527,6.3527,0.0,24.8634
50745.63,3.6979,-0.6538,1729745831.0,1,4,34990.0,0.0,6.3545,6.3545,0.0,24.8702
50755.63,3.6977,-0.6537,1729745841.0,1,4,35000.0,0.0,6.3564,6.3564,0.0,24.8769
50765.63,3.6975,-0.6537,1729745851.0,1,4,35010.0,0.0,6.3582,6.3582,0.0,24.8836
50775.63,3.6973,-0.6537,1729745861.0,1,4,35020.0,0.0,6.36,6.36,0.0,24.8903
50785.63,3.6971,-0.6537,1729745871.0,1,4,35030.0,0.0,6.3618,6.3618,0.0,24.897
50795.63,3.6969,-0.6537,1729745881.0,1,4,35040.0,0.0,6.3636,6.3636,0.0,24.9037
50805.63,3.6967,-0.6537,1729745891.0,1,4,35050.0,0.0,6.3654,6.3654,0.0,24.9104
50815.63,3.6965,-0.6537,1729745901.0,1,4,35060.0,0.0,6.3673,6.3673,0.0,24.9172
50825.63,3.6963,-0.6537,1729745911.0,1,4,35070.0,0.0,6.3691,6.3691,0.0,24.9239
50835.63,3.696,-0.6537,1729745921.0,1,4,35080.0,0.0,6.3709,6.3709,0.0,24.9306
50845.63,3.6958,-0.6538,1729745931.0,1,4,35090.0,0.0,6.3727,6.3727,0.0,24.9373
50855.63,3.6956,-0.6537,1729745941.0,1,4,35100.0,0.0,6.3745,6.3745,0.0,24.944
50865.63,3.6954,-0.6537,1729745951.0,1,4,35110.0,0.0,6.3763,6.3763,0.0,24.9507
50875.63,3.6951,-0.6538,1729745961.0,1,4,35120.0,0.0,6.3782,6.3782,0.0,24.9574
50885.63,3.6949,-0.6538,1729745971.0,1,4,35130.0,0.0,6.38,6.38,0.0,24.9641
50895.63,3.6947,-0.6537,1729745981.0,1,4,35140.0,0.0,6.3818,6.3818,0.0,24.9708
50905.63,3.6945,-0.6538,1729745991.0,1,4,35150.0,0.0,6.3836,6.3836,0.0,24.9776
50915.63,3.6943,-0.6537,1729746001.0,1,4,35160.0,0.0,6.3854,6.3854,0.0,24.9843
50925.63,3.694,-0.6537,1729746011.0,1,4,35170.0,0.0,6.3872,6.3872,0.0,24.991
50935.63,3.6938,-0.6537,1729746021.0,1,4,35180.0,0.0,6.3891,6.3891,0.0,24.9977
50945.63,3.6936,-0.6538,1729746031.0,1,4,35190.0,0.0,6.3909,6.3909,0.0,25.0044
50955.63,3.6933,-0.6537,1729746041.0,1,4,35200.0,0.0,6.3927,6.3927,0.0,25.0111
50965.63,3.6931,-0.6537,1729746051.0,1,4,35210.0,0.0,6.3945,6.3945,0.0,25.0178
50975.63,3.6929,-0.6537,1729746061.0,1,4,35220.0,0.0,6.3963,6.3963,0.0,25.0245
50985.63,3.6926,-0.6537,1729746071.0,1,4,35230.0,0.0,6.3981,6.3981,0.0,25.0312
50995.63,3.6924,-0.6538,1729746081.0,1,4,35240.0,0.0,6.3999,6.3999,0.0,25.0379
51005.63,3.6922,-0.6538,1729746091.0,1,4,35250.0,0.0,6.4018,6.4018,0.0,25.0446
51015.63,3.692,-0.6537,1729746101.0,1,4,35260.0,0.0,6.4036,6.4036,0.0,25.0513
51025.63,3.6918,-0.6537,1729746111.0,1,4,35270.0,0.0,6.4054,6.4054,0.0,25.058
51035.63,3.6916,-0.6537,1729746121.0,1,4,35280.0,0.0,6.4072,6.4072,0.0,25.0647
51045.63,3.6913,-0.6537,1729746131.0,1,4,35290.0,0.0,6.409,6.409,0.0,25.0714
51055.63,3.6912,-0.6537,1729746141.0,1,4,35300.0,0.0,6.4108,6.4108,0.0,25.0781
51065.63,3.691,-0.6538,1729746151.0,1,4,35310.0,0.0,6.4127,6.4127,0.0,25.0848
51075.63,3.6908,-0.6537,1729746161.0,1,4,35320.0,0.0,6.4145,6.4145,0.0,25.0915
51085.63,3.6905,-0.6538,1729746171.0,1,4,35330.0,0.0,6.4163,6.4163,0.0,25.0982
51095.63,3.6904,-0.6538,1729746181.0,1,4,35340.0,0.0,6.4181,6.4181,0.0,25.105
51105.63,3.6902,-0.6537,1729746191.0,1,4,35350.0,0.0,6.4199,6.4199,0.0,25.1116
51115.63,3.69,-0.6538,1729746201.0,1,4,35360.0,0.0,6.4217,6.4217,0.0,25.1184
51125.63,3.6898,-0.6538,1729746211.0,1,4,35370.0,0.0,6.4236,6.4236,0.0,25.1251
51135.63,3.6897,-0.6537,1729746221.0,1,4,35380.0,0.0,6.4254,6.4254,0.0,25.1317
51145.63,3.6895,-0.6537,1729746231.0,1,4,35390.0,0.0,6.4272,6.4272,0.0,25.1385
51155.63,3.6894,-0.6538,1729746241.0,1,4,35400.0,0.0,6.429,6.429,0.0,25.1452
51165.63,3.6892,-0.6538,1729746251.0,1,4,35410.0,0.0,6.4308,6.4308,0.0,25.1518
51175.63,3.6891,-0.6537,1729746261.0,1,4,35420.0,0.0,6.4326,6.4326,0.0,25.1586
51185.63,3.6889,-0.6538,1729746271.0,1,4,35430.0,0.0,6.4344,6.4344,0.0,25.1652
51195.63,3.6888,-0.6538,1729746281.0,1,4,35440.0,0.0,6.4363,6.4363,0.0,25.1719
51205.63,3.6887,-0.6538,1729746291.0,1,4,35450.0,0.0,6.4381,6.4381,0.0,25.1786
51215.63,3.6885,-0.6538,1729746301.0,1,4,35460.0,0.0,6.4399,6.4399,0.0,25.1853
51225.63,3.6884,-0.6537,1729746311.0,1,4,35470.0,0.0,6.4417,6.4417,0.0,25.192
51235.63,3.6883,-0.6537,1729746321.0,1,4,35480.0,0.0,6.4435,6.4435,0.0,25.1987
51245.63,3.6882,-0.6538,1729746331.0,1,4,35490.0,0.0,6.4453,6.4453,0.0,25.2054
51255.63,3.6881,-0.6537,1729746341.0,1,4,35500.0,0.0,6.4472,6.4472,0.0,25.2121
51265.63,3.688,-0.6537,1729746351.0,1,4,35510.0,0.0,6.449,6.449,0.0,25.2188
51275.63,3.6879,-0.6537,1729746361.0,1,4,35520.0,0.0,6.4508,6.4508,0.0,25.2255
51285.63,3.6878,-0.6537,1729746371.0,1,4,35530.0,0.0,6.4526,6.4526,0.0,25.2322
51295.63,3.6877,-0.6538,1729746381.0,1,4,35540.0,0.0,6.4544,6.4544,0.0,25.2389
51305.63,3.6876,-0.6537,1729746391.0,1,4,35550.0,0.0,6.4562,6.4562,0.0,25.2456
51315.63,3.6875,-0.6538,1729746401.0,1,4,35560.0,0.0,6.4581,6.4581,0.0,25.2523
51325.63,3.6875,-0.6537,1729746411.0,1,4,35570.0,0.0,6.4599,6.4599,0.0,25.259
51335.63,3.6873,-0.6538,1729746421.0,1,4,35580.0,0.0,6.4617,6.4617,0.0,25.2657
51345.63,3.6873,-0.6538,1729746431.0,1,4,35590.0,0.0,6.4635,6.4635,0.0,25.2724
51355.63,3.6872,-0.6536,1729746441.0,1,4,35600.0,0.0,6.4653,6.4653,0.0,25.2791
51365.63,3.6871,-0.6537,1729746451.0,1,4,35610.0,0.0,6.4671,6.4671,0.0,25.2858
51375.63,3.6871,-0.6537,1729746461.0,1,4,35620.0,0.0,6.469,6.469,0.0,25.2925
51385.63,3.687,-0.6537,1729746471.0,1,4,35630.0,0.0,6.4708,6.4708,0.0,25.2992
51395.63,3.6869,-0.6538,1729746481.0,1,4,35640.0,0.0,6.4726,6.4726,0.0,25.3059
51405.63,3.6869,-0.6537,1729746491.0,1,4,35650.0,0.0,6.4744,6.4744,0.0,25.3126
51415.63,3.6868,-0.6538,1729746501.0,1,4,35660.0,0.0,6.4762,6.4762,0.0,25.3193
51425.63,3.6867,-0.6537,1729746511.0,1,4,35670.0,0.0,6.478,6.478,0.0,25.326
51435.63,3.6867,-0.6537,1729746521.0,1,4,35680.0,0.0,6.4798,6.4798,0.0,25.3327
51445.63,3.6866,-0.6537,1729746531.0,1,4,35690.0,0.0,6.4817,6.4817,0.0,25.3394
51455.63,3.6865,-0.6537,1729746541.0,1,4,35700.0,0.0,6.4835,6.4835,0.0,25.3461
51465.63,3.6865,-0.6538,1729746551.0,1,4,35710.0,0.0,6.4853,6.4853,0.0,25.3527
51475.63,3.6864,-0.6537,1729746561.0,1,4,35720.0,0.0,6.4871,6.4871,0.0,25.3594
51485.63,3.6864,-0.6538,1729746571.0,1,4,35730.0,0.0,6.4889,6.4889,0.0,25.3661
51495.63,3.6863,-0.6537,1729746581.0,1,4,35740.0,0.0,6.4907,6.4907,0.0,25.3728
51505.63,3.6862,-0.6537,1729746591.0,1,4,35750.0,0.0,6.4926,6.4926,0.0,25.3795
51515.63,3.6862,-0.6537,1729746601.0,1,4,35760.0,0.0,6.4944,6.4944,0.0,25.3862
51525.63,3.6861,-0.6537,1729746611.0,1,4,35770.0,0.0,6.4962,6.4962,0.0,25.3929
51535.63,3.6861,-0.6537,1729746621.0,1,4,35780.0,0.0,6.498,6.498,0.0,25.3996
51545.63,3.686,-0.6537,1729746631.0,1,4,35790.0,0.0,6.4998,6.4998,0.0,25.4063
51555.63,3.686,-0.6537,1729746641.0,1,4,35800.0,0.0,6.5016,6.5016,0.0,25.413
51565.63,3.686,-0.6538,1729746651.0,1,4,35810.0,0.0,6.5035,6.5035,0.0,25.4197
51575.63,3.6859,-0.6538,1729746661.0,1,4,35820.0,0.0,6.5053,6.5053,0.0,25.4264
51585.63,3.6859,-0.6537,1729746671.0,1,4,35830.0,0.0,6.5071,6.5071,0.0,25.4331
51595.63,3.6858,-0.6537,1729746681.0,1,4,35840.0,0.0,6.5089,6.5089,0.0,25.4398
51605.63,3.6858,-0.6538,1729746691.0,1,4,35850.0,0.0,6.5107,6.5107,0.0,25.4465
51615.63,3.6857,-0.6537,1729746701.0,1,4,35860.0,0.0,6.5125,6.5125,0.0,25.4531
51625.63,3.6857,-0.6538,1729746711.0,1,4,35870.0,0.0,6.5143,6.5143,0.0,25.4598
51635.63,3.6856,-0.6538,1729746721.0,1,4,35880.0,0.0,6.5162,6.5162,0.0,25.4665
51645.63,3.6856,-0.6537,1729746731.0,1,4,35890.0,0.0,6.518,6.518,0.0,25.4732
51655.63,3.6855,-0.6538,1729746741.0,1,4,35900.0,0.0,6.5198,6.5198,0.0,25.4799
51665.63,3.6854,-0.6537,1729746751.0,1,4,35910.0,0.0,6.5216,6.5216,0.0,25.4866
51675.63,3.6854,-0.6538,1729746761.0,1,4,35920.0,0.0,6.5234,6.5234,0.0,25.4933
51685.63,3.6854,-0.6537,1729746771.0,1,4,35930.0,0.0,6.5252,6.5252,0.0,25.5
51695.63,3.6853,-0.6537,1729746781.0,1,4,35940.0,0.0,6.5271,6.5271,0.0,25.5067
51705.63,3.6853,-0.6537,1729746791.0,1,4,35950.0,0.0,6.5289,6.5289,0.0,25.5134
51715.63,3.6853,-0.6538,1729746801.0,1,4,35960.0,0.0,6.5307,6.5307,0.0,25.5201
51725.63,3.6852,-0.6537,1729746811.0,1,4,35970.0,0.0,6.5325,6.5325,0.0,25.5268
51735.63,3.6852,-0.6538,1729746821.0,1,4,35980.0,0.0,6.5343,6.5343,0.0,25.5335
51745.63,3.6851,-0.6538,1729746831.0,1,4,35990.0,0.0,6.5361,6.5361,0.0,25.5402
51755.63,3.6851,-0.6537,1729746841.0,1,4,36000.0,0.0,6.538,6.538,0.0,25.5468
51765.63,3.685,-0.6538,1729746851.0,1,4,36010.0,0.0,6.5398,6.5398,0.0,25.5535
51775.63,3.685,-0.6538,1729746861.0,1,4,36020.0,0.0,6.5416,6.5416,0.0,25.5602
51785.63,3.685,-0.6538,1729746871.0,1,4,36030.0,0.0,6.5434,6.5434,0.0,25.5669
51795.63,3.6849,-0.6538,1729746881.0,1,4,36040.0,0.0,6.5452,6.5452,0.0,25.5736
51805.63,3.6849,-0.6537,1729746891.0,1,4,36050.0,0.0,6.547,6.547,0.0,25.5803
51815.63,3.6848,-0.6537,1729746901.0,1,4,36060.0,0.0,6.5489,6.5489,0.0,25.587
51825.63,3.6848,-0.6538,1729746911.0,1,4,36070.0,0.0,6.5507,6.5507,0.0,25.5937
51835.63,3.6847,-0.6537,1729746921.0,1,4,36080.0,0.0,6.5525,6.5525,0.0,25.6004
51845.63,3.6847,-0.6538,1729746931.0,1,4,36090.0,0.0,6.5543,6.5543,0.0,25.6071
51855.63,3.6846,-0.6538,1729746941.0,1,4,36100.0,0.0,6.5561,6.5561,0.0,25.6138
51865.63,3.6846,-0.6537,1729746951.0,1,4,36110.0,0.0,6.5579,6.5579,0.0,25.6205
51875.63,3.6845,-0.6538,1729746961.0,1,4,36120.0,0.0,6.5597,6.5597,0.0,25.6271
51885.63,3.6845,-0.6537,1729746971.0,1,4,36130.0,0.0,6.5616,6.5616,0.0,25.6338
51895.63,3.6844,-0.6537,1729746981.0,1,4,36140.0,0.0,6.5634,6.5634,0.0,25.6405
51905.63,3.6844,-0.6538,1729746991.0,1,4,36150.0,0.0,6.5652,6.5652,0.0,25.6472
51915.63,3.6844,-0.6538,1729747001.0,1,4,36160.0,0.0,6.567,6.567,0.0,25.6539
51925.63,3.6843,-0.6538,1729747011.0,1,4,36170.0,0.0,6.5688,6.5688,0.0,25.6606
51935.63,3.6843,-0.6538,1729747021.0,1,4,36180.0,0.0,6.5706,6.5706,0.0,25.6673
51945.63,3.6842,-0.6537,1729747031.0,1,4,36190.0,0.0,6.5725,6.5725,0.0,25.674
51955.63,3.6842,-0.6537,1729747041.0,1,4,36200.0,0.0,6.5743,6.5743,0.0,25.6807
51965.63,3.6842,-0.6538,1729747051.0,1,4,36210.0,0.0,6.5761,6.5761,0.0,25.6874
51975.63,3.6841,-0.6537,1729747061.0,1,4,36220.0,0.0,6.5779,6.5779,0.0,25.694
51985.63,3.6841,-0.6538,1729747071.0,1,4,36230.0,0.0,6.5797,6.5797,0.0,25.7007
51995.63,3.684,-0.6538,1729747081.0,1,4,36240.0,0.0,6.5815,6.5815,0.0,25.7074
52005.63,3.6839,-0.6537,1729747091.0,1,4,36250.0,0.0,6.5834,6.5834,0.0,25.7141
52015.63,3.6839,-0.6538,1729747101.0,1,4,36260.0,0.0,6.5852,6.5852,0.0,25.7208
52025.63,3.6838,-0.6537,1729747111.0,1,4,36270.0,0.0,6.587,6.587,0.0,25.7275
52035.63,3.6838,-0.6538,1729747121.0,1,4,36280.0,0.0,6.5888,6.5888,0.0,25.7342
52045.63,3.6838,-0.6538,1729747131.0,1,4,36290.0,0.0,6.5906,6.5906,0.0,25.7409
52055.63,3.6837,-0.6537,1729747141.0,1,4,36300.0,0.0,6.5924,6.5924,0.0,25.7476
52065.63,3.6837,-0.6537,1729747151.0,1,4,36310.0,0.0,6.5943,6.5943,0.0,25.7543
52075.63,3.6836,-0.6537,1729747161.0,1,4,36320.0,0.0,6.5961,6.5961,0.0,25.7609
52085.63,3.6836,-0.6537,1729747171.0,1,4,36330.0,0.0,6.5979,6.5979,0.0,25.7676
52095.63,3.6835,-0.6538,1729747181.0,1,4,36340.0,0.0,6.5997,6.5997,0.0,25.7743
52105.63,3.6835,-0.6537,1729747191.0,1,4,36350.0,0.0,6.6015,6.6015,0.0,25.781
52115.63,3.6834,-0.6537,1729747201.0,1,4,36360.0,0.0,6.6033,6.6033,0.0,25.7877
52125.63,3.6834,-0.6537,1729747211.0,1,4,36370.0,0.0,6.6051,6.6051,0.0,25.7944
52135.63,3.6833,-0.6538,1729747221.0,1,4,36380.0,0.0,6.607,6.607,0.0,25.8011
52145.63,3.6833,-0.6537,1729747231.0,1,4,36390.0,0.0,6.6088,6.6088,0.0,25.8078
52155.63,3.6832,-0.6538,1729747241.0,1,4,36400.0,0.0,6.6106,6.6106,0.0,25.8145
52165.63,3.6832,-0.6538,1729747251.0,1,4,36410.0,0.0,6.6124,6.6124,0.0,25.8211
52175.63,3.6831,-0.6538,1729747261.0,1,4,36420.0,0.0,6.6142,6.6142,0.0,25.8278
52185.63,3.6831,-0.6538,1729747271.0,1,4,36430.0,0.0,6.616,6.616,0.0,25.8345
52195.63,3.683,-0.6538,1729747281.0,1,4,36440.0,0.0,6.6179,6.6179,0.0,25.8412
52205.63,3.683,-0.6537,1729747291.0,1,4,36450.0,0.0,6.6197,6.6197,0.0,25.8479
52215.63,3.6829,-0.6538,1729747301.0,1,4,36460.0,0.0,6.6215,6.6215,0.0,25.8546
52225.63,3.6829,-0.6537,1729747311.0,1,4,36470.0,0.0,6.6233,6.6233,0.0,25.8613
52235.63,3.6828,-0.6537,1729747321.0,1,4,36480.0,0.0,6.6251,6.6251,0.0,25.868
52245.63,3.6828,-0.6537,1729747331.0,1,4,36490.0,0.0,6.6269,6.6269,0.0,25.8746
52255.63,3.6827,-0.6537,1729747341.0,1,4,36500.0,0.0,6.6288,6.6288,0.0,25.8813
52265.63,3.6827,-0.6537,1729747351.0,1,4,36510.0,0.0,6.6306,6.6306,0.0,25.888
52275.63,3.6826,-0.6538,1729747361.0,1,4,36520.0,0.0,6.6324,6.6324,0.0,25.8947
52285.63,3.6825,-0.6537,1729747371.0,1,4,36530.0,0.0,6.6342,6.6342,0.0,25.9014
52295.63,3.6825,-0.6538,1729747381.0,1,4,36540.0,0.0,6.636,6.636,0.0,25.9081
52305.63,3.6825,-0.6537,1729747391.0,1,4,36550.0,0.0,6.6378,6.6378,0.0,25.9148
52315.63,3.6824,-0.6538,1729747401.0,1,4,36560.0,0.0,6.6396,6.6396,0.0,25.9215
52325.63,3.6824,-0.6538,1729747411.0,1,4,36570.0,0.0,6.6415,6.6415,0.0,25.9281
52335.63,3.6823,-0.6537,1729747421.0,1,4,36580.0,0.0,6.6433,6.6433,0.0,25.9348
52345.63,3.6822,-0.6538,1729747431.0,1,4,36590.0,0.0,6.6451,6.6451,0.0,25.9415
52355.63,3.6822,-0.6538,1729747441.0,1,4,36600.0,0.0,6.6469,6.6469,0.0,25.9482
52365.63,3.6821,-0.6536,1729747451.0,1,4,36610.0,0.0,6.6487,6.6487,0.0,25.9549
52375.63,3.6821,-0.6537,1729747461.0,1,4,36620.0,0.0,6.6505,6.6505,0.0,25.9616
52385.63,3.682,-0.6538,1729747471.0,1,4,36630.0,0.0,6.6524,6.6524,0.0,25.9683
52395.63,3.6819,-0.6538,1729747481.0,1,4,36640.0,0.0,6.6542,6.6542,0.0,25.9749
52405.63,3.6819,-0.6538,1729747491.0,1,4,36650.0,0.0,6.656,6.656,0.0,25.9816
52415.63,3.6818,-0.6538,1729747501.0,1,4,36660.0,0.0,6.6578,6.6578,0.0,25.9883
52425.63,3.6818,-0.6538,1729747511.0,1,4,36670.0,0.0,6.6596,6.6596,0.0,25.995
52435.63,3.6817,-0.6538,1729747521.0,1,4,36680.0,0.0,6.6614,6.6614,0.0,26.0017
52445.63,3.6817,-0.6537,1729747531.0,1,4,36690.0,0.0,6.6633,6.6633,0.0,26.0084
52455.63,3.6816,-0.6537,1729747541.0,1,4,36700.0,0.0,6.6651,6.6651,0.0,26.0151
52465.63,3.6815,-0.6537,1729747551.0,1,4,36710.0,0.0,6.6669,6.6669,0.0,26.0217
52475.63,3.6815,-0.6537,1729747561.0,1,4,36720.0,0.0,6.6687,6.6687,0.0,26.0284
52485.63,3.6814,-0.6538,1729747571.0,1,4,36730.0,0.0,6.6705,6.6705,0.0,26.0351
52495.63,3.6813,-0.6537,1729747581.0,1,4,36740.0,0.0,6.6723,6.6723,0.0,26.0418
52505.63,3.6813,-0.6538,1729747591.0,1,4,36750.0,0.0,6.6742,6.6742,0.0,26.0485
52515.63,3.6812,-0.6537,1729747601.0,1,4,36760.0,0.0,6.676,6.676,0.0,26.0552
52525.63,3.6812,-0.6538,1729747611.0,1,4,36770.0,0.0,6.6778,6.6778,0.0,26.0619
52535.63,3.6811,-0.6537,1729747621.0,1,4,36780.0,0.0,6.6796,6.6796,0.0,26.0685
52545.63,3.681,-0.6537,1729747631.0,1,4,36790.0,0.0,6.6814,6.6814,0.0,26.0752
52555.63,3.6809,-0.6537,1729747641.0,1,4,36800.0,0.0,6.6832,6.6832,0.0,26.0819
52565.63,3.6809,-0.6537,1729747651.0,1,4,36810.0,0.0,6.685,6.685,0.0,26.0886
52575.63,3.6808,-0.6536,1729747661.0,1,4,36820.0,0.0,6.6869,6.6869,0.0,26.0953
52585.63,3.6807,-0.6537,1729747671.0,1,4,36830.0,0.0,6.6887,6.6887,0.0,26.102
52595.63,3.6806,-0.6537,1729747681.0,1,4,36840.0,0.0,6.6905,6.6905,0.0,26.1086
52605.63,3.6806,-0.6538,1729747691.0,1,4,36850.0,0.0,6.6923,6.6923,0.0,26.1153
52615.63,3.6805,-0.6538,1729747701.0,1,4,36860.0,0.0,6.6941,6.6941,0.0,26.122
52625.63,3.6805,-0.6537,1729747711.0,1,4,36870.0,0.0,6.6959,6.6959,0.0,26.1287
52635.63,3.6804,-0.6537,1729747721.0,1,4,36880.0,0.0,6.6978,6.6978,0.0,26.1354
52645.63,3.6804,-0.6537,1729747731.0,1,4,36890.0,0.0,6.6996,6.6996,0.0,26.1421
52655.63,3.6803,-0.6537,1729747741.0,1,4,36900.0,0.0,6.7014,6.7014,0.0,26.1488
52665.63,3.6802,-0.6537,1729747751.0,1,4,36910.0,0.0,6.7032,6.7032,0.0,26.1554
52675.63,3.6801,-0.6538,1729747761.0,1,4,36920.0,0.0,6.705,6.705,0.0,26.1621
52685.63,3.68,-0.6537,1729747771.0,1,4,36930.0,0.0,6.7068,6.7068,0.0,26.1688
52695.63,3.68,-0.6538,1729747781.0,1,4,36940.0,0.0,6.7087,6.7087,0.0,26.1755
52705.63,3.6799,-0.6538,1729747791.0,1,4,36950.0,0.0,6.7105,6.7105,0.0,26.1822
52715.63,3.6798,-0.6538,1729747801.0,1,4,36960.0,0.0,6.7123,6.7123,0.0,26.1888
52725.63,3.6797,-0.6538,1729747811.0,1,4,36970.0,0.0,6.7141,6.7141,0.0,26.1955
52735.63,3.6796,-0.6538,1729747821.0,1,4,36980.0,0.0,6.7159,6.7159,0.0,26.2022
52745.63,3.6795,-0.6538,1729747831.0,1,4,36990.0,0.0,6.7177,6.7177,0.0,26.2089
52755.63,3.6794,-0.6538,1729747841.0,1,4,37000.0,0.0,6.7195,6.7195,0.0,26.2156
52765.63,3.6793,-0.6537,1729747851.0,1,4,37010.0,0.0,6.7214,6.7214,0.0,26.2223
52775.63,3.6793,-0.6537,1729747861.0,1,4,37020.0,0.0,6.7232,6.7232,0.0,26.2289
52785.63,3.6792,-0.6537,1729747871.0,1,4,37030.0,0.0,6.725,6.725,0.0,26.2356
52795.63,3.6791,-0.6537,1729747881.0,1,4,37040.0,0.0,6.7268,6.7268,0.0,26.2423
52805.63,3.679,-0.6538,1729747891.0,1,4,37050.0,0.0,6.7286,6.7286,0.0,26.249
52815.63,3.6789,-0.6537,1729747901.0,1,4,37060.0,0.0,6.7304,6.7304,0.0,26.2557
52825.63,3.6788,-0.6538,1729747911.0,1,4,37070.0,0.0,6.7323,6.7323,0.0,26.2623
52835.63,3.6787,-0.6537,1729747921.0,1,4,37080.0,0.0,6.7341,6.7341,0.0,26.269
52845.63,3.6786,-0.6537,1729747931.0,1,4,37090.0,0.0,6.7359,6.7359,0.0,26.2757
52855.63,3.6785,-0.6537,1729747941.0,1,4,37100.0,0.0,6.7377,6.7377,0.0,26.2824
52865.63,3.6784,-0.6537,1729747951.0,1,4,37110.0,0.0,6.7395,6.7395,0.0,26.2891
52875.63,3.6783,-0.6537,1729747961.0,1,4,37120.0,0.0,6.7413,6.7413,0.0,26.2957
52885.63,3.6782,-0.6537,1729747971.0,1,4,37130.0,0.0,6.7432,6.7432,0.0,26.3024
52895.63,3.6781,-0.6538,1729747981.0,1,4,37140.0,0.0,6.745,6.745,0.0,26.3091
52905.63,3.678,-0.6538,1729747991.0,1,4,37150.0,0.0,6.7468,6.7468,0.0,26.3158
52915.63,3.6779,-0.6538,1729748001.0,1,4,37160.0,0.0,6.7486,6.7486,0.0,26.3225
52925.63,3.6778,-0.6537,1729748011.0,1,4,37170.0,0.0,6.7504,6.7504,0.0,26.3291
52935.63,3.6776,-0.6537,1729748021.0,1,4,37180.0,0.0,6.7522,6.7522,0.0,26.3358
52945.63,3.6775,-0.6537,1729748031.0,1,4,37190.0,0.0,6.7541,6.7541,0.0,26.3425
52955.63,3.6774,-0.6538,1729748041.0,1,4,37200.0,0.0,6.7559,6.7559,0.0,26.3492
52965.63,3.6773,-0.6537,1729748051.0,1,4,37210.0,0.0,6.7577,6.7577,0.0,26.3558
52975.63,3.6771,-0.6537,1729748061.0,1,4,37220.0,0.0,6.7595,6.7595,0.0,26.3625
52985.63,3.677,-0.6537,1729748071.0,1,4,37230.0,0.0,6.7613,6.7613,0.0,26.3692
52995.63,3.6769,-0.6537,1729748081.0,1,4,37240.0,0.0,6.7631,6.7631,0.0,26.3759
53005.63,3.6768,-0.6537,1729748091.0,1,4,37250.0,0.0,6.7649,6.7649,0.0,26.3826
53015.63,3.6766,-0.6537,1729748101.0,1,4,37260.0,0.0,6.7668,6.7668,0.0,26.3892
53025.63,3.6765,-0.6538,1729748111.0,1,4,37270.0,0.0,6.7686,6.7686,0.0,26.3959
53035.63,3.6763,-0.6537,1729748121.0,1,4,37280.0,0.0,6.7704,6.7704,0.0,26.4026
53045.63,3.6762,-0.6537,1729748131.0,1,4,37290.0,0.0,6.7722,6.7722,0.0,26.4093
53055.63,3.6761,-0.6537,1729748141.0,1,4,37300.0,0.0,6.774,6.774,0.0,26.4159
53065.63,3.6759,-0.6538,1729748151.0,1,4,37310.0,0.0,6.7758,6.7758,0.0,26.4226
53075.63,3.6758,-0.6537,1729748161.0,1,4,37320.0,0.0,6.7777,6.7777,0.0,26.4293
53085.63,3.6756,-0.6537,1729748171.0,1,4,37330.0,0.0,6.7795,6.7795,0.0,26.436
53095.63,3.6755,-0.6538,1729748181.0,1,4,37340.0,0.0,6.7813,6.7813,0.0,26.4426
53105.63,3.6753,-0.6537,1729748191.0,1,4,37350.0,0.0,6.7831,6.7831,0.0,26.4493
53115.63,3.6751,-0.6537,1729748201.0,1,4,37360.0,0.0,6.7849,6.7849,0.0,26.456
53125.63,3.6749,-0.6537,1729748211.0,1,4,37370.0,0.0,6.7867,6.7867,0.0,26.4627
53135.63,3.6748,-0.6537,1729748221.0,1,4,37380.0,0.0,6.7886,6.7886,0.0,26.4693
53145.63,3.6746,-0.6537,1729748231.0,1,4,37390.0,0.0,6.7904,6.7904,0.0,26.476
53155.63,3.6744,-0.6537,1729748241.0,1,4,37400.0,0.0,6.7922,6.7922,0.0,26.4827
53165.63,3.6742,-0.6537,1729748251.0,1,4,37410.0,0.0,6.794,6.794,0.0,26.4893
53175.63,3.674,-0.6537,1729748261.0,1,4,37420.0,0.0,6.7958,6.7958,0.0,26.496
53185.63,3.6738,-0.6538,1729748271.0,1,4,37430.0,0.0,6.7976,6.7976,0.0,26.5027
53195.63,3.6736,-0.6537,1729748281.0,1,4,37440.0,0.0,6.7994,6.7994,0.0,26.5094
53205.63,3.6734,-0.6537,1729748291.0,1,4,37450.0,0.0,6.8013,6.8013,0.0,26.516
53215.63,3.6732,-0.6538,1729748301.0,1,4,37460.0,0.0,6.8031,6.8031,0.0,26.5227
53225.63,3.6729,-0.6537,1729748311.0,1,4,37470.0,0.0,6.8049,6.8049,0.0,26.5294
53235.63,3.6727,-0.6538,1729748321.0,1,4,37480.0,0.0,6.8067,6.8067,0.0,26.536
53245.63,3.6725,-0.6537,1729748331.0,1,4,37490.0,0.0,6.8085,6.8085,0.0,26.5427
53255.63,3.6722,-0.6538,1729748341.0,1,4,37500.0,0.0,6.8103,6.8103,0.0,26.5494
53265.63,3.6719,-0.6537,1729748351.0,1,4,37510.0,0.0,6.8122,6.8122,0.0,26.556
53275.63,3.6717,-0.6537,1729748361.0,1,4,37520.0,0.0,6.814,6.814,0.0,26.5627
53285.63,3.6714,-0.6537,1729748371.0,1,4,37530.0,0.0,6.8158,6.8158,0.0,26.5694
53295.63,3.6711,-0.6537,1729748381.0,1,4,37540.0,0.0,6.8176,6.8176,0.0,26.576
53305.63,3.6708,-0.6537,1729748391.0,1,4,37550.0,0.0,6.8194,6.8194,0.0,26.5827
53315.63,3.6705,-0.6537,1729748401.0,1,4,37560.0,0.0,6.8212,6.8212,0.0,26.5894
53325.63,3.6702,-0.6537,1729748411.0,1,4,37570.0,0.0,6.8231,6.8231,0.0,26.596
53335.63,3.6699,-0.6537,1729748421.0,1,4,37580.0,0.0,6.8249,6.8249,0.0,26.6027
53345.63,3.6695,-0.6537,1729748431.0,1,4,37590.0,0.0,6.8267,6.8267,0.0,26.6094
53355.63,3.6692,-0.6537,1729748441.0,1,4,37600.0,0.0,6.8285,6.8285,0.0,26.616
53365.63,3.6688,-0.6537,1729748451.0,1,4,37610.0,0.0,6.8303,6.8303,0.0,26.6227
53375.63,3.6685,-0.6538,1729748461.0,1,4,37620.0,0.0,6.8321,6.8321,0.0,26.6294
53385.63,3.6681,-0.6537,1729748471.0,1,4,37630.0,0.0,6.8339,6.8339,0.0,26.636
53395.63,3.6677,-0.6537,1729748481.0,1,4,37640.0,0.0,6.8358,6.8358,0.0,26.6427
53405.63,3.6672,-0.6537,1729748491.0,1,4,37650.0,0.0,6.8376,6.8376,0.0,26.6493
53415.63,3.6669,-0.6537,1729748501.0,1,4,37660.0,0.0,6.8394,6.8394,0.0,26.656
53425.63,3.6664,-0.6538,1729748511.0,1,4,37670.0,0.0,6.8412,6.8412,0.0,26.6627
53435.63,3.666,-0.6538,1729748521.0,1,4,37680.0,0.0,6.843,6.843,0.0,26.6693
53445.63,3.6655,-0.6538,1729748531.0,1,4,37690.0,0.0,6.8448,6.8448,0.0,26.676
53455.63,3.665,-0.6537,1729748541.0,1,4,37700.0,0.0,6.8467,6.8467,0.0,26.6826
53465.63,3.6644,-0.6537,1729748551.0,1,4,37710.0,0.0,6.8485,6.8485,0.0,26.6893
53475.63,3.6639,-0.6537,1729748561.0,1,4,37720.0,0.0,6.8503,6.8503,0.0,26.6959
53485.63,3.6633,-0.6538,1729748571.0,1,4,37730.0,0.0,6.8521,6.8521,0.0,26.7026
53495.63,3.6628,-0.6537,1729748581.0,1,4,37740.0,0.0,6.8539,6.8539,0.0,26.7092
53505.63,3.6622,-0.6537,1729748591.0,1,4,37750.0,0.0,6.8557,6.8557,0.0,26.7159
53515.63,3.6616,-0.6537,1729748601.0,1,4,37760.0,0.0,6.8576,6.8576,0.0,26.7225
53525.63,3.661,-0.6537,1729748611.0,1,4,37770.0,0.0,6.8594,6.8594,0.0,26.7292
53535.63,3.6603,-0.6538,1729748621.0,1,4,37780.0,0.0,6.8612,6.8612,0.0,26.7358
53545.63,3.6597,-0.6538,1729748631.0,1,4,37790.0,0.0,6.863,6.863,0.0,26.7425
53555.63,3.6589,-0.6537,1729748641.0,1,4,37800.0,0.0,6.8648,6.8648,0.0,26.7491
53565.63,3.6583,-0.6537,1729748651.0,1,4,37810.0,0.0,6.8666,6.8666,0.0,26.7558
53575.63,3.6575,-0.6538,1729748661.0,1,4,37820.0,0.0,6.8685,6.8685,0.0,26.7624
53585.63,3.6568,-0.6537,1729748671.0,1,4,37830.0,0.0,6.8703,6.8703,0.0,26.769
53595.63,3.656,-0.6537,1729748681.0,1,4,37840.0,0.0,6.8721,6.8721,0.0,26.7757
53605.63,3.6553,-0.6538,1729748691.0,1,4,37850.0,0.0,6.8739,6.8739,0.0,26.7823
53615.63,3.6545,-0.6538,1729748701.0,1,4,37860.0,0.0,6.8757,6.8757,0.0,26.789
53625.63,3.6536,-0.6537,1729748711.0,1,4,37870.0,0.0,6.8775,6.8775,0.0,26.7956
53635.63,3.6529,-0.6537,1729748721.0,1,4,37880.0,0.0,6.8793,6.8793,0.0,26.8022
53645.63,3.652,-0.6537,1729748731.0,1,4,37890.0,0.0,6.8812,6.8812,0.0,26.8089
53655.63,3.6512,-0.6538,1729748741.0,1,4,37900.0,0.0,6.883,6.883,0.0,26.8155
53665.63,3.6503,-0.6538,1729748751.0,1,4,37910.0,0.0,6.8848,6.8848,0.0,26.8221
53675.63,3.6495,-0.6538,1729748761.0,1,4,37920.0,0.0,6.8866,6.8866,0.0,26.8288
53685.63,3.6486,-0.6537,1729748771.0,1,4,37930.0,0.0,6.8884,6.8884,0.0,26.8354
53695.63,3.6477,-0.6537,1729748781.0,1,4,37940.0,0.0,6.8902,6.8902,0.0,26.842
53705.63,3.6468,-0.6538,1729748791.0,1,4,37950.0,0.0,6.8921,6.8921,0.0,26.8486
53715.63,3.6459,-0.6537,1729748801.0,1,4,37960.0,0.0,6.8939,6.8939,0.0,26.8552
53725.63,3.645,-0.6538,1729748811.0,1,4,37970.0,0.0,6.8957,6.8957,0.0,26.8619
53735.63,3.644,-0.6537,1729748821.0,1,4,37980.0,0.0,6.8975,6.8975,0.0,26.8685
53745.63,3.6431,-0.6538,1729748831.0,1,4,37990.0,0.0,6.8993,6.8993,0.0,26.8751
53755.63,3.6422,-0.6537,1729748841.0,1,4,38000.0,0.0,6.9011,6.9011,0.0,26.8817
53765.63,3.6412,-0.6537,1729748851.0,1,4,38010.0,0.0,6.903,6.903,0.0,26.8883
53775.63,3.6402,-0.6536,1729748861.0,1,4,38020.0,0.0,6.9048,6.9048,0.0,26.8949
53785.63,3.6393,-0.6537,1729748871.0,1,4,38030.0,0.0,6.9066,6.9066,0.0,26.9015
53795.63,3.6383,-0.6537,1729748881.0,1,4,38040.0,0.0,6.9084,6.9084,0.0,26.9082
53805.63,3.6373,-0.6537,1729748891.0,1,4,38050.0,0.0,6.9102,6.9102,0.0,26.9148
53815.63,3.6363,-0.6537,1729748901.0,1,4,38060.0,0.0,6.912,6.912,0.0,26.9214
53825.63,3.6353,-0.6538,1729748911.0,1,4,38070.0,0.0,6.9138,6.9138,0.0,26.928
53835.63,3.6344,-0.6537,1729748921.0,1,4,38080.0,0.0,6.9157,6.9157,0.0,26.9346
53845.63,3.6334,-0.6537,1729748931.0,1,4,38090.0,0.0,6.9175,6.9175,0.0,26.9412
53855.63,3.6323,-0.6537,1729748941.0,1,4,38100.0,0.0,6.9193,6.9193,0.0,26.9478
53865.63,3.6313,-0.6537,1729748951.0,1,4,38110.0,0.0,6.9211,6.9211,0.0,26.9544
53875.63,3.6303,-0.6537,1729748961.0,1,4,38120.0,0.0,6.9229,6.9229,0.0,26.961
53885.63,3.6292,-0.6537,1729748971.0,1,4,38130.0,0.0,6.9247,6.9247,0.0,26.9675
53895.63,3.6281,-0.6537,1729748981.0,1,4,38140.0,0.0,6.9266,6.9266,0.0,26.9741
53905.63,3.6271,-0.6537,1729748991.0,1,4,38150.0,0.0,6.9284,6.9284,0.0,26.9807
53915.63,3.6261,-0.6537,1729749001.0,1,4,38160.0,0.0,6.9302,6.9302,0.0,26.9873
53925.63,3.625,-0.6538,1729749011.0,1,4,38170.0,0.0,6.932,6.932,0.0,26.9939
53935.63,3.6239,-0.6537,1729749021.0,1,4,38180.0,0.0,6.9338,6.9338,0.0,27.0005
53945.63,3.6228,-0.6538,1729749031.0,1,4,38190.0,0.0,6.9356,6.9356,0.0,27.007
53955.63,3.6217,-0.6537,1729749041.0,1,4,38200.0,0.0,6.9375,6.9375,0.0,27.0136
53965.63,3.6207,-0.6537,1729749051.0,1,4,38210.0,0.0,6.9393,6.9393,0.0,27.0202
53975.63,3.6196,-0.6537,1729749061.0,1,4,38220.0,0.0,6.9411,6.9411,0.0,27.0268
53985.63,3.6184,-0.6537,1729749071.0,1,4,38230.0,0.0,6.9429,6.9429,0.0,27.0333
53995.63,3.6173,-0.6537,1729749081.0,1,4,38240.0,0.0,6.9447,6.9447,0.0,27.0399
54005.63,3.6162,-0.6537,1729749091.0,1,4,38250.0,0.0,6.9465,6.9465,0.0,27.0465
54015.63,3.6151,-0.6537,1729749101.0,1,4,38260.0,0.0,6.9483,6.9483,0.0,27.0531
54025.63,3.614,-0.6536,1729749111.0,1,4,38270.0,0.0,6.9502,6.9502,0.0,27.0596
54035.63,3.6128,-0.6537,1729749121.0,1,4,38280.0,0.0,6.952,6.952,0.0,27.0662
54045.63,3.6117,-0.6537,1729749131.0,1,4,38290.0,0.0,6.9538,6.9538,0.0,27.0727
54055.63,3.6106,-0.6538,1729749141.0,1,4,38300.0,0.0,6.9556,6.9556,0.0,27.0793
54065.63,3.6094,-0.6537,1729749151.0,1,4,38310.0,0.0,6.9574,6.9574,0.0,27.0858
54075.63,3.6083,-0.6537,1729749161.0,1,4,38320.0,0.0,6.9592,6.9592,0.0,27.0924
54085.63,3.6071,-0.6537,1729749171.0,1,4,38330.0,0.0,6.9611,6.9611,0.0,27.0989
54095.63,3.6059,-0.6538,1729749181.0,1,4,38340.0,0.0,6.9629,6.9629,0.0,27.1055
54105.63,3.6047,-0.6537,1729749191.0,1,4,38350.0,0.0,6.9647,6.9647,0.0,27.112
54115.63,3.6035,-0.6537,1729749201.0,1,4,38360.0,0.0,6.9665,6.9665,0.0,27.1186
54125.63,3.6023,-0.6538,1729749211.0,1,4,38370.0,0.0,6.9683,6.9683,0.0,27.1251
54135.63,3.6011,-0.6536,1729749221.0,1,4,38380.0,0.0,6.9701,6.9701,0.0,27.1317
54145.63,3.5999,-0.6536,1729749231.0,1,4,38390.0,0.0,6.972,6.972,0.0,27.1382
54155.63,3.5987,-0.6537,1729749241.0,1,4,38400.0,0.0,6.9738,6.9738,0.0,27.1447
54165.63,3.5975,-0.6537,1729749251.0,1,4,38410.0,0.0,6.9756,6.9756,0.0,27.1513
54175.63,3.5963,-0.6537,1729749261.0,1,4,38420.0,0.0,6.9774,6.9774,0.0,27.1578
54185.63,3.595,-0.6537,1729749271.0,1,4,38430.0,0.0,6.9792,6.9792,0.0,27.1643
54195.63,3.5938,-0.6538,1729749281.0,1,4,38440.0,0.0,6.981,6.981,0.0,27.1709
54205.63,3.5925,-0.6538,1729749291.0,1,4,38450.0,0.0,6.9829,6.9829,0.0,27.1774
54215.63,3.5913,-0.6538,1729749301.0,1,4,38460.0,0.0,6.9847,6.9847,0.0,27.1839
54225.63,3.59,-0.6538,1729749311.0,1,4,38470.0,0.0,6.9865,6.9865,0.0,27.1904
54235.63,3.5887,-0.6537,1729749321.0,1,4,38480.0,0.0,6.9883,6.9883,0.0,27.197
54245.63,3.5874,-0.6537,1729749331.0,1,4,38490.0,0.0,6.9901,6.9901,0.0,27.2035
54255.63,3.5861,-0.6537,1729749341.0,1,4,38500.0,0.0,6.9919,6.9919,0.0,27.21
54265.63,3.5849,-0.6537,1729749351.0,1,4,38510.0,0.0,6.9937,6.9937,0.0,27.2165
54275.63,3.5835,-0.6538,1729749361.0,1,4,38520.0,0.0,6.9956,6.9956,0.0,27.223
54285.63,3.5822,-0.6537,1729749371.0,1,4,38530.0,0.0,6.9974,6.9974,0.0,27.2295
54295.63,3.5809,-0.6536,1729749381.0,1,4,38540.0,0.0,6.9992,6.9992,0.0,27.236
54305.63,3.5796,-0.6537,1729749391.0,1,4,38550.0,0.0,7.001,7.001,0.0,27.2425
54315.63,3.5782,-0.6537,1729749401.0,1,4,38560.0,0.0,7.0028,7.0028,0.0,27.249
54325.63,3.5769,-0.6536,1729749411.0,1,4,38570.0,0.0,7.0046,7.0046,0.0,27.2555
54335.63,3.5756,-0.6537,1729749421.0,1,4,38580.0,0.0,7.0065,7.0065,0.0,27.262
54345.63,3.5742,-0.6538,1729749431.0,1,4,38590.0,0.0,7.0083,7.0083,0.0,27.2685
54355.63,3.5728,-0.6537,1729749441.0,1,4,38600.0,0.0,7.0101,7.0101,0.0,27.275
54365.63,3.5715,-0.6538,1729749451.0,1,4,38610.0,0.0,7.0119,7.0119,0.0,27.2815
54375.63,3.5701,-0.6537,1729749461.0,1,4,38620.0,0.0,7.0137,7.0137,0.0,27.288
54385.63,3.5687,-0.6536,1729749471.0,1,4,38630.0,0.0,7.0155,7.0155,0.0,27.2944
54395.63,3.5673,-0.6537,1729749481.0,1,4,38640.0,0.0,7.0174,7.0174,0.0,27.3009
54405.63,3.5659,-0.6537,1729749491.0,1,4,38650.0,0.0,7.0192,7.0192,0.0,27.3074
54415.63,3.5644,-0.6537,1729749501.0,1,4,38660.0,0.0,7.021,7.021,0.0,27.3139
54425.63,3.563,-0.6537,1729749511.0,1,4,38670.0,0.0,7.0228,7.0228,0.0,27.3203
54435.63,3.5616,-0.6537,1729749521.0,1,4,38680.0,0.0,7.0246,7.0246,0.0,27.3268
54445.63,3.5601,-0.6538,1729749531.0,1,4,38690.0,0.0,7.0264,7.0264,0.0,27.3333
54455.63,3.5587,-0.6537,1729749541.0,1,4,38700.0,0.0,7.0282,7.0282,0.0,27.3397
54465.63,3.5572,-0.6537,1729749551.0,1,4,38710.0,0.0,7.0301,7.0301,0.0,27.3462
54475.63,3.5557,-0.6537,1729749561.0,1,4,38720.0,0.0,7.0319,7.0319,0.0,27.3526
54485.63,3.5542,-0.6537,1729749571.0,1,4,38730.0,0.0,7.0337,7.0337,0.0,27.3591
54495.63,3.5527,-0.6537,1729749581.0,1,4,38740.0,0.0,7.0355,7.0355,0.0,27.3656
54505.63,3.5512,-0.6537,1729749591.0,1,4,38750.0,0.0,7.0373,7.0373,0.0,27.372
54515.63,3.5497,-0.6538,1729749601.0,1,4,38760.0,0.0,7.0391,7.0391,0.0,27.3785
54525.63,3.5482,-0.6537,1729749611.0,1,4,38770.0,0.0,7.041,7.041,0.0,27.3849
54535.63,3.5466,-0.6537,1729749621.0,1,4,38780.0,0.0,7.0428,7.0428,0.0,27.3913
54545.63,3.5451,-0.6537,1729749631.0,1,4,38790.0,0.0,7.0446,7.0446,0.0,27.3978
54555.63,3.5435,-0.6537,1729749641.0,1,4,38800.0,0.0,7.0464,7.0464,0.0,27.4042
54565.63,3.542,-0.6537,1729749651.0,1,4,38810.0,0.0,7.0482,7.0482,0.0,27.4107
54575.63,3.5404,-0.6537,1729749661.0,1,4,38820.0,0.0,7.05,7.05,0.0,27.4171
54585.63,3.5388,-0.6537,1729749671.0,1,4,38830.0,0.0,7.0519,7.0519,0.0,27.4235
54595.63,3.5372,-0.6536,1729749681.0,1,4,38840.0,0.0,7.0537,7.0537,0.0,27.4299
54605.63,3.5356,-0.6537,1729749691.0,1,4,38850.0,0.0,7.0555,7.0555,0.0,27.4364
54615.63,3.5339,-0.6537,1729749701.0,1,4,38860.0,0.0,7.0573,7.0573,0.0,27.4428
54625.63,3.5323,-0.6537,1729749711.0,1,4,38870.0,0.0,7.0591,7.0591,0.0,27.4492
54635.63,3.5307,-0.6537,1729749721.0,1,4,38880.0,0.0,7.0609,7.0609,0.0,27.4556
54645.63,3.529,-0.6536,1729749731.0,1,4,38890.0,0.0,7.0627,7.0627,0.0,27.462
54655.63,3.5273,-0.6537,1729749741.0,1,4,38900.0,0.0,7.0646,7.0646,0.0,27.4684
54665.63,3.5256,-0.6537,1729749751.0,1,4,38910.0,0.0,7.0664,7.0664,0.0,27.4748
54675.63,3.5239,-0.6537,1729749761.0,1,4,38920.0,0.0,7.0682,7.0682,0.0,27.4812
54685.63,3.5223,-0.6537,1729749771.0,1,4,38930.0,0.0,7.07,7.07,0.0,27.4876
54695.63,3.5205,-0.6537,1729749781.0,1,4,38940.0,0.0,7.0718,7.0718,0.0,27.494
54705.63,3.5188,-0.6537,1729749791.0,1,4,38950.0,0.0,7.0736,7.0736,0.0,27.5004
54715.63,3.517,-0.6537,1729749801.0,1,4,38960.0,0.0,7.0755,7.0755,0.0,27.5068
54725.63,3.5153,-0.6537,1729749811.0,1,4,38970.0,0.0,7.0773,7.0773,0.0,27.5132
54735.63,3.5135,-0.6537,1729749821.0,1,4,38980.0,0.0,7.0791,7.0791,0.0,27.5196
54745.63,3.5117,-0.6537,1729749831.0,1,4,38990.0,0.0,7.0809,7.0809,0.0,27.5259
54755.63,3.5099,-0.6537,1729749841.0,1,4,39000.0,0.0,7.0827,7.0827,0.0,27.5323
54765.63,3.5081,-0.6537,1729749851.0,1,4,39010.0,0.0,7.0845,7.0845,0.0,27.5387
54775.63,3.5062,-0.6537,1729749861.0,1,4,39020.0,0.0,7.0864,7.0864,0.0,27.545
54785.63,3.5044,-0.6538,1729749871.0,1,4,39030.0,0.0,7.0882,7.0882,0.0,27.5514
54795.63,3.5026,-0.6538,1729749881.0,1,4,39040.0,0.0,7.09,7.09,0.0,27.5578
54805.63,3.5007,-0.6537,1729749891.0,1,4,39050.0,0.0,7.0918,7.0918,0.0,27.5641
54815.63,3.4988,-0.6537,1729749901.0,1,4,39060.0,0.0,7.0936,7.0936,0.0,27.5705
54825.63,3.4969,-0.6537,1729749911.0,1,4,39070.0,0.0,7.0954,7.0954,0.0,27.5768
54835.63,3.495,-0.6537,1729749921.0,1,4,39080.0,0.0,7.0972,7.0972,0.0,27.5832
54845.63,3.493,-0.6537,1729749931.0,1,4,39090.0,0.0,7.0991,7.0991,0.0,27.5895
54855.63,3.4911,-0.6537,1729749941.0,1,4,39100.0,0.0,7.1009,7.1009,0.0,27.5959
54865.63,3.4891,-0.6538,1729749951.0,1,4,39110.0,0.0,7.1027,7.1027,0.0,27.6022
54875.63,3.4871,-0.6537,1729749961.0,1,4,39120.0,0.0,7.1045,7.1045,0.0,27.6085
54885.63,3.4851,-0.6538,1729749971.0,1,4,39130.0,0.0,7.1063,7.1063,0.0,27.6149
54895.63,3.4831,-0.6537,1729749981.0,1,4,39140.0,0.0,7.1081,7.1081,0.0,27.6212
54905.63,3.481,-0.6537,1729749991.0,1,4,39150.0,0.0,7.11,7.11,0.0,27.6275
54915.63,3.479,-0.6537,1729750001.0,1,4,39160.0,0.0,7.1118,7.1118,0.0,27.6338
54925.63,3.4769,-0.6536,1729750011.0,1,4,39170.0,0.0,7.1136,7.1136,0.0,27.6402
54935.63,3.4748,-0.6538,1729750021.0,1,4,39180.0,0.0,7.1154,7.1154,0.0,27.6465
54945.63,3.4727,-0.6537,1729750031.0,1,4,39190.0,0.0,7.1172,7.1172,0.0,27.6528
54955.63,3.4706,-0.6537,1729750041.0,1,4,39200.0,0.0,7.119,7.119,0.0,27.6591
54965.63,3.4684,-0.6537,1729750051.0,1,4,39210.0,0.0,7.1209,7.1209,0.0,27.6654
54975.63,3.4663,-0.6537,1729750061.0,1,4,39220.0,0.0,7.1227,7.1227,0.0,27.6717
54985.63,3.4641,-0.6537,1729750071.0,1,4,39230.0,0.0,7.1245,7.1245,0.0,27.678
54995.63,3.4619,-0.6537,1729750081.0,1,4,39240.0,0.0,7.1263,7.1263,0.0,27.6843
55005.63,3.4596,-0.6536,1729750091.0,1,4,39250.0,0.0,7.1281,7.1281,0.0,27.6905
55015.63,3.4574,-0.6537,1729750101.0,1,4,39260.0,0.0,7.1299,7.1299,0.0,27.6968
55025.63,3.4551,-0.6537,1729750111.0,1,4,39270.0,0.0,7.1317,7.1317,0.0,27.7031
55035.63,3.4528,-0.6537,1729750121.0,1,4,39280.0,0.0,7.1336,7.1336,0.0,27.7094
55045.63,3.4505,-0.6537,1729750131.0,1,4,39290.0,0.0,7.1354,7.1354,0.0,27.7156
55055.63,3.4482,-0.6537,1729750141.0,1,4,39300.0,0.0,7.1372,7.1372,0.0,27.7219
55065.63,3.4458,-0.6537,1729750151.0,1,4,39310.0,0.0,7.139,7.139,0.0,27.7282
55075.63,3.4434,-0.6537,1729750161.0,1,4,39320.0,0.0,7.1408,7.1408,0.0,27.7344
55085.63,3.4409,-0.6537,1729750171.0,1,4,39330.0,0.0,7.1426,7.1426,0.0,27.7407
55095.63,3.4385,-0.6537,1729750181.0,1,4,39340.0,0.0,7.1445,7.1445,0.0,27.7469
55105.63,3.436,-0.6538,1729750191.0,1,4,39350.0,0.0,7.1463,7.1463,0.0,27.7531
55115.63,3.4336,-0.6537,1729750201.0,1,4,39360.0,0.0,7.1481,7.1481,0.0,27.7594
55125.63,3.4311,-0.6537,1729750211.0,1,4,39370.0,0.0,7.1499,7.1499,0.0,27.7656
55135.63,3.4285,-0.6537,1729750221.0,1,4,39380.0,0.0,7.1517,7.1517,0.0,27.7718
55145.63,3.4259,-0.6537,1729750231.0,1,4,39390.0,0.0,7.1535,7.1535,0.0,27.7781
55155.63,3.4233,-0.6537,1729750241.0,1,4,39400.0,0.0,7.1554,7.1554,0.0,27.7843
55165.63,3.4207,-0.6537,1729750251.0,1,4,39410.0,0.0,7.1572,7.1572,0.0,27.7905
55175.63,3.418,-0.6537,1729750261.0,1,4,39420.0,0.0,7.159,7.159,0.0,27.7967
55185.63,3.4153,-0.6537,1729750271.0,1,4,39430.0,0.0,7.1608,7.1608,0.0,27.8029
55195.63,3.4126,-0.6536,1729750281.0,1,4,39440.0,0.0,7.1626,7.1626,0.0,27.8091
55205.63,3.4098,-0.6536,1729750291.0,1,4,39450.0,0.0,7.1644,7.1644,0.0,27.8153
55215.63,3.407,-0.6537,1729750301.0,1,4,39460.0,0.0,7.1662,7.1662,0.0,27.8215
55225.63,3.4042,-0.6536,1729750311.0,1,4,39470.0,0.0,7.1681,7.1681,0.0,27.8277
55235.63,3.4013,-0.6537,1729750321.0,1,4,39480.0,0.0,7.1699,7.1699,0.0,27.8339
55245.63,3.3984,-0.6536,1729750331.0,1,4,39490.0,0.0,7.1717,7.1717,0.0,27.84
55255.63,3.3955,-0.6536,1729750341.0,1,4,39500.0,0.0,7.1735,7.1735,0.0,27.8462
55265.63,3.3925,-0.6536,1729750351.0,1,4,39510.0,0.0,7.1753,7.1753,0.0,27.8524
55275.63,3.3895,-0.6537,1729750361.0,1,4,39520.0,0.0,7.1771,7.1771,0.0,27.8585
55285.63,3.3864,-0.6537,1729750371.0,1,4,39530.0,0.0,7.179,7.179,0.0,27.8647
55295.63,3.3833,-0.6537,1729750381.0,1,4,39540.0,0.0,7.1808,7.1808,0.0,27.8708
55305.63,3.3802,-0.6537,1729750391.0,1,4,39550.0,0.0,7.1826,7.1826,0.0,27.877
55315.63,3.377,-0.6537,1729750401.0,1,4,39560.0,0.0,7.1844,7.1844,0.0,27.8831
55325.63,3.3737,-0.6536,1729750411.0,1,4,39570.0,0.0,7.1862,7.1862,0.0,27.8892
55335.63,3.3705,-0.6537,1729750421.0,1,4,39580.0,0.0,7.188,7.188,0.0,27.8953
55345.63,3.3671,-0.6537,1729750431.0,1,4,39590.0,0.0,7.1899,7.1899,0.0,27.9015
55355.63,3.3638,-0.6536,1729750441.0,1,4,39600.0,0.0,7.1917,7.1917,0.0,27.9076
55365.63,3.3603,-0.6537,1729750451.0,1,4,39610.0,0.0,7.1935,7.1935,0.0,27.9137
55375.63,3.3568,-0.6537,1729750461.0,1,4,39620.0,0.0,7.1953,7.1953,0.0,27.9198
55385.63,3.3533,-0.6537,1729750471.0,1,4,39630.0,0.0,7.1971,7.1971,0.0,27.9259
55395.63,3.3497,-0.6537,1729750481.0,1,4,39640.0,0.0,7.1989,7.1989,0.0,27.9319
55405.63,3.346,-0.6536,1729750491.0,1,4,39650.0,0.0,7.2007,7.2007,0.0,27.938
55415.63,3.3423,-0.6538,1729750501.0,1,4,39660.0,0.0,7.2026,7.2026,0.0,27.9441
55425.63,3.3385,-0.6536,1729750511.0,1,4,39670.0,0.0,7.2044,7.2044,0.0,27.9502
55435.63,3.3346,-0.6537,1729750521.0,1,4,39680.0,0.0,7.2062,7.2062,0.0,27.9562
55445.63,3.3308,-0.6537,1729750531.0,1,4,39690.0,0.0,7.208,7.208,0.0,27.9623
55455.63,3.3267,-0.6536,1729750541.0,1,4,39700.0,0.0,7.2098,7.2098,0.0,27.9683
55465.63,3.3227,-0.6536,1729750551.0,1,4,39710.0,0.0,7.2116,7.2116,0.0,27.9744
55475.63,3.3185,-0.6536,1729750561.0,1,4,39720.0,0.0,7.2135,7.2135,0.0,27.9804
55485.63,3.3143,-0.6537,1729750571.0,1,4,39730.0,0.0,7.2153,7.2153,0.0,27.9864
55495.63,3.31,-0.6537,1729750581.0,1,4,39740.0,0.0,7.2171,7.2171,0.0,27.9924
55505.63,3.3056,-0.6536,1729750591.0,1,4,39750.0,0.0,7.2189,7.2189,0.0,27.9984
55515.63,3.3011,-0.6537,1729750601.0,1,4,39760.0,0.0,7.2207,7.2207,0.0,28.0044
55525.63,3.2966,-0.6537,1729750611.0,1,4,39770.0,0.0,7.2225,7.2225,0.0,28.0104
55535.63,3.2919,-0.6537,1729750621.0,1,4,39780.0,0.0,7.2244,7.2244,0.0,28.0164
55545.63,3.2871,-0.6536,1729750631.0,1,4,39790.0,0.0,7.2262,7.2262,0.0,28.0224
55555.63,3.2822,-0.6536,1729750641.0,1,4,39800.0,0.0,7.228,7.228,0.0,28.0283
55565.63,3.2772,-0.6537,1729750651.0,1,4,39810.0,0.0,7.2298,7.2298,0.0,28.0343
55575.63,3.2721,-0.6537,1729750661.0,1,4,39820.0,0.0,7.2316,7.2316,0.0,28.0402
55585.63,3.2669,-0.6536,1729750671.0,1,4,39830.0,0.0,7.2334,7.2334,0.0,28.0462
55595.63,3.2615,-0.6537,1729750681.0,1,4,39840.0,0.0,7.2352,7.2352,0.0,28.0521
55605.63,3.256,-0.6537,1729750691.0,1,4,39850.0,0.0,7.2371,7.2371,0.0,28.058
55615.63,3.2504,-0.6537,1729750701.0,1,4,39860.0,0.0,7.2389,7.2389,0.0,28.0639
55625.63,3.2445,-0.6536,1729750711.0,1,4,39870.0,0.0,7.2407,7.2407,0.0,28.0698
55635.63,3.2386,-0.6536,1729750721.0,1,4,39880.0,0.0,7.2425,7.2425,0.0,28.0757
55645.63,3.2324,-0.6536,1729750731.0,1,4,39890.0,0.0,7.2443,7.2443,0.0,28.0816
55655.63,3.2261,-0.6536,1729750741.0,1,4,39900.0,0.0,7.2461,7.2461,0.0,28.0874
55665.63,3.2195,-0.6536,1729750751.0,1,4,39910.0,0.0,7.248,7.248,0.0,28.0933
55675.63,3.2126,-0.6535,1729750761.0,1,4,39920.0,0.0,7.2498,7.2498,0.0,28.0991
55685.63,3.2055,-0.6536,1729750771.0,1,4,39930.0,0.0,7.2516,7.2516,0.0,28.105
55695.63,3.198,-0.6538,1729750781.0,1,4,39940.0,0.0,7.2534,7.2534,0.0,28.1108
55705.63,3.1902,-0.6538,1729750791.0,1,4,39950.0,0.0,7.2552,7.2552,0.0,28.1166
55715.63,3.1819,-0.6538,1729750801.0,1,4,39960.0,0.0,7.257,7.257,0.0,28.1224
55725.63,3.1732,-0.6537,1729750811.0,1,4,39970.0,0.0,7.2588,7.2588,0.0,28.1281
55735.63,3.1638,-0.6537,1729750821.0,1,4,39980.0,0.0,7.2607,7.2607,0.0,28.1339
55745.63,3.1538,-0.6538,1729750831.0,1,4,39990.0,0.0,7.2625,7.2625,0.0,28.1396
55755.63,3.1431,-0.6537,1729750841.0,1,4,40000.0,0.0,7.2643,7.2643,0.0,28.1453
55765.63,3.1315,-0.6537,1729750851.0,1,4,40010.0,0.0,7.2661,7.2661,0.0,28.151
55775.63,3.1191,-0.6537,1729750861.0,1,4,40020.0,0.0,7.2679,7.2679,0.0,28.1567
55785.63,3.1058,-0.6538,1729750871.0,1,4,40030.0,0.0,7.2697,7.2697,0.0,28.1624
55795.63,3.0914,-0.6537,1729750881.0,1,4,40040.0,0.0,7.2716,7.2716,0.0,28.168
55805.63,3.0758,-0.6538,1729750891.0,1,4,40050.0,0.0,7.2734,7.2734,0.0,28.1736
55815.63,3.0584,-0.6537,1729750901.0,1,4,40060.0,0.0,7.2752,7.2752,0.0,28.1792
55825.59,3.0384,-0.6538,1729750911.0,1,4,40069.96,0.0,7.277,7.277,0.0,28.1847
55825.63,3.0384,-0.6537,1729750911.0,1,4,40070.0,0.0,7.277,7.277,0.0,28.1847
55833.99,3.0184,-0.6538,1729750920.0,1,4,40078.36,0.0,7.2785,7.2785,0.0,28.1893
55835.63,3.0141,-0.6537,1729750921.0,1,4,40080.0,0.0,7.2788,7.2788,0.0,28.1902
55840.52,3.0,-0.6537,1729750926.0,1,4,40084.89,0.0,7.2797,7.2797,0.0,28.1929
0.0,2.9999,0.0,1729750926.0,1,5,0.0,0.0,0.0,0.0,0.0,0.0
55840.53,2.9999,0.0,1729750926.0,1,5,0.01,0.0,0.0,0.0,0.0,0.0
55844.39,3.0199,0.0,1729750930.0,1,5,3.87,0.0,0.0,0.0,0.0,0.0
55850.52,3.0295,0.0,1729750936.0,1,5,10.0,0.0,0.0,0.0,0.0,0.0
55860.52,3.0396,0.0,1729750946.0,1,5,20.0,0.0,0.0,0.0,0.0,0.0
55870.52,3.0472,0.0,1729750956.0,1,5,30.0,0.0,0.0,0.0,0.0,0.0
55880.52,3.0534,0.0,1729750966.0,1,5,40.0,0.0,0.0,0.0,0.0,0.0
55890.52,3.0589,0.0,1729750976.0,1,5,50.0,0.0,0.0,0.0,0.0,0.0
55900.52,3.0637,0.0,1729750986.0,1,5,60.0,0.0,0.0,0.0,0.0,0.0
55910.52,3.0682,0.0,1729750996.0,1,5,70.0,0.0,0.0,0.0,0.0,0.0
55920.52,3.0722,0.0,1729751006.0,1,5,80.0,0.0,0.0,0.0,0.0,0.0
55930.52,3.0761,0.0,1729751016.0,1,5,90.0,0.0,0.0,0.0,0.0,0.0
55940.52,3.0796,0.0,1729751026.0,1,5,100.0,0.0,0.0,0.0,0.0,0.0
55950.52,3.083,0.0,1729751036.0,1,5,110.0,0.0,0.0,0.0,0.0,0.0
55960.52,3.0862,0.0,1729751046.0,1,5,120.0,0.0,0.0,0.0,0.0,0.0
55970.52,3.0892,0.0,1729751056.0,1,5,130.0,0.0,0.0,0.0,0.0,0.0
55980.52,3.0921,0.0,1729751066.0,1,5,140.0,0.0,0.0,0.0,0.0,0.0
55990.52,3.0949,0.0,1729751076.0,1,5,150.0,0.0,0.0,0.0,0.0,0.0
56000.52,3.0975,0.0,1729751086.0,1,5,160.0,0.0,0.0,0.0,0.0,0.0
56010.52,3.1,0.0,1729751096.0,1,5,170.0,0.0,0.0,0.0,0.0,0.0
56020.52,3.1025,0.0,1729751106.0,1,5,180.0,0.0,0.0,0.0,0.0,0.0
56030.52,3.1049,0.0,1729751116.0,1,5,190.0,0.0,0.0,0.0,0.0,0.0
56040.52,3.1072,0.0,1729751126.0,1,5,200.0,0.0,0.0,0.0,0.0,0.0
56050.52,3.1094,0.0,1729751136.0,1,5,210.0,0.0,0.0,0.0,0.0,0.0
56060.52,3.1116,0.0,1729751146.0,1,5,220.0,0.0,0.0,0.0,0.0,0.0
56070.52,3.1137,0.0,1729751156.0,1,5,230.0,0.0,0.0,0.0,0.0,0.0
56080.52,3.1157,0.0,1729751166.0,1,5,240.0,0.0,0.0,0.0,0.0,0.0
56090.52,3.1177,0.0,1729751176.0,1,5,250.0,0.0,0.0,0.0,0.0,0.0
56100.52,3.1196,0.0,1729751186.0,1,5,260.0,0.0,0.0,0.0,0.0,0.0
56110.52,3.1214,0.0,1729751196.0,1,5,270.0,0.0,0.0,0.0,0.0,0.0
56120.52,3.1232,0.0,1729751206.0,1,5,280.0,0.0,0.0,0.0,0.0,0.0
56130.52,3.125,0.0,1729751216.0,1,5,290.0,0.0,0.0,0.0,0.0,0.0
56140.52,3.1267,0.0,1729751226.0,1,5,300.0,0.0,0.0,0.0,0.0,0.0
56150.52,3.1284,0.0,1729751236.0,1,5,310.0,0.0,0.0,0.0,0.0,0.0
56160.52,3.1301,0.0,1729751246.0,1,5,320.0,0.0,0.0,0.0,0.0,0.0
56170.52,3.1317,0.0,1729751256.0,1,5,330.0,0.0,0.0,0.0,0.0,0.0
56180.52,3.1333,0.0,1729751266.0,1,5,340.0,0.0,0.0,0.0,0.0,0.0
56190.52,3.1348,0.0,1729751276.0,1,5,350.0,0.0,0.0,0.0,0.0,0.0
56200.52,3.1363,0.0,1729751286.0,1,5,360.0,0.0,0.0,0.0,0.0,0.0
56210.52,3.1377,0.0,1729751296.0,1,5,370.0,0.0,0.0,0.0,0.0,0.0
56220.52,3.1391,0.0,1729751306.0,1,5,380.0,0.0,0.0,0.0,0.0,0.0
56230.52,3.1405,0.0,1729751316.0,1,5,390.0,0.0,0.0,0.0,0.0,0.0
56240.52,3.1419,0.0,1729751326.0,1,5,400.0,0.0,0.0,0.0,0.0,0.0
56250.52,3.1433,0.0,1729751336.0,1,5,410.0,0.0,0.0,0.0,0.0,0.0
56260.52,3.1446,0.0,1729751346.0,1,5,420.0,0.0,0.0,0.0,0.0,0.0
56270.52,3.1459,0.0,1729751356.0,1,5,430.0,0.0,0.0,0.0,0.0,0.0
56280.52,3.1471,0.0,1729751366.0,1,5,440.0,0.0,0.0,0.0,0.0,0.0
56290.52,3.1484,0.0,1729751376.0,1,5,450.0,0.0,0.0,0.0,0.0,0.0
56300.52,3.1495,0.0,1729751386.0,1,5,460.0,0.0,0.0,0.0,0.0,0.0
56310.52,3.1508,0.0,1729751396.0,1,5,470.0,0.0,0.0,0.0,0.0,0.0
56320.52,3.1519,0.0,1729751406.0,1,5,480.0,0.0,0.0,0.0,0.0,0.0
56330.52,3.153,0.0,1729751416.0,1,5,490.0,0.0,0.0,0.0,0.0,0.0
56340.52,3.1542,0.0,1729751426.0,1,5,500.0,0.0,0.0,0.0,0.0,0.0
56350.52,3.1553,0.0,1729751436.0,1,5,510.0,0.0,0.0,0.0,0.0,0.0
56360.52,3.1563,0.0,1729751446.0,1,5,520.0,0.0,0.0,0.0,0.0,0.0
56370.52,3.1574,0.0,1729751456.0,1,5,530.0,0.0,0.0,0.0,0.0,0.0
56380.52,3.1585,0.0,1729751466.0,1,5,540.0,0.0,0.0,0.0,0.0,0.0
56390.52,3.1595,0.0,1729751476.0,1,5,550.0,0.0,0.0,0.0,0.0,0.0
56400.52,3.1605,0.0,1729751486.0,1,5,560.0,0.0,0.0,0.0,0.0,0.0
56410.52,3.1615,0.0,1729751496.0,1,5,570.0,0.0,0.0,0.0,0.0,0.0
56420.52,3.1624,0.0,1729751506.0,1,5,580.0,0.0,0.0,0.0,0.0,0.0
56430.52,3.1634,0.0,1729751516.0,1,5,590.0,0.0,0.0,0.0,0.0,0.0
56440.52,3.1643,0.0,1729751526.0,1,5,600.0,0.0,0.0,0.0,0.0,0.0
56450.52,3.1652,0.0,1729751536.0,1,5,610.0,0.0,0.0,0.0,0.0,0.0
56460.52,3.1661,0.0,1729751546.0,1,5,620.0,0.0,0.0,0.0,0.0,0.0
56470.52,3.167,0.0,1729751556.0,1,5,630.0,0.0,0.0,0.0,0.0,0.0
56480.52,3.1679,0.0,1729751566.0,1,5,640.0,0.0,0.0,0.0,0.0,0.0
56490.52,3.1688,0.0,1729751576.0,1,5,650.0,0.0,0.0,0.0,0.0,0.0
56500.52,3.1696,0.0,1729751586.0,1,5,660.0,0.0,0.0,0.0,0.0,0.0
56510.52,3.1705,0.0,1729751596.0,1,5,670.0,0.0,0.0,0.0,0.0,0.0
56520.52,3.1713,0.0,1729751606.0,1,5,680.0,0.0,0.0,0.0,0.0,0.0
56530.52,3.1721,0.0,1729751616.0,1,5,690.0,0.0,0.0,0.0,0.0,0.0
56540.52,3.1729,0.0,1729751626.0,1,5,700.0,0.0,0.0,0.0,0.0,0.0
56550.52,3.1737,0.0,1729751636.0,1,5,710.0,0.0,0.0,0.0,0.0,0.0
56560.52,3.1745,0.0,1729751646.0,1,5,720.0,0.0,0.0,0.0,0.0,0.0
56570.52,3.1752,0.0,1729751656.0,1,5,730.0,0.0,0.0,0.0,0.0,0.0
56580.52,3.176,0.0,1729751666.0,1,5,740.0,0.0,0.0,0.0,0.0,0.0
56590.52,3.1767,0.0,1729751676.0,1,5,750.0,0.0,0.0,0.0,0.0,0.0
56600.52,3.1775,0.0,1729751686.0,1,5,760.0,0.0,0.0,0.0,0.0,0.0
56610.52,3.1782,0.0,1729751696.0,1,5,770.0,0.0,0.0,0.0,0.0,0.0
56620.52,3.1789,0.0,1729751706.0,1,5,780.0,0.0,0.0,0.0,0.0,0.0
56630.52,3.1796,0.0,1729751716.0,1,5,790.0,0.0,0.0,0.0,0.0,0.0
56640.52,3.1803,0.0,1729751726.0,1,5,800.0,0.0,0.0,0.0,0.0,0.0
56650.52,3.181,0.0,1729751736.0,1,5,810.0,0.0,0.0,0.0,0.0,0.0
56660.52,3.1817,0.0,1729751746.0,1,5,820.0,0.0,0.0,0.0,0.0,0.0
56670.52,3.1823,0.0,1729751756.0,1,5,830.0,0.0,0.0,0.0,0.0,0.0
56680.52,3.183,0.0,1729751766.0,1,5,840.0,0.0,0.0,0.0,0.0,0.0
56690.52,3.1836,0.0,1729751776.0,1,5,850.0,0.0,0.0,0.0,0.0,0.0
56700.52,3.1843,0.0,1729751786.0,1,5,860.0,0.0,0.0,0.0,0.0,0.0
56710.52,3.1849,0.0,1729751796.0,1,5,870.0,0.0,0.0,0.0,0.0,0.0
56720.52,3.1855,0.0,1729751806.0,1,5,880.0,0.0,0.0,0.0,0.0,0.0
56730.52,3.1861,0.0,1729751816.0,1,5,890.0,0.0,0.0,0.0,0.0,0.0
56740.52,3.1867,0.0,1729751826.0,1,5,900.0,0.0,0.0,0.0,0.0,0.0
56750.52,3.1873,0.0,1729751836.0,1,5,910.0,0.0,0.0,0.0,0.0,0.0
56760.52,3.1879,0.0,1729751846.0,1,5,920.0,0.0,0.0,0.0,0.0,0.0
56770.52,3.1885,0.0,1729751856.0,1,5,930.0,0.0,0.0,0.0,0.0,0.0
56780.52,3.1891,0.0,1729751866.0,1,5,940.0,0.0,0.0,0.0,0.0,0.0
56790.52,3.1897,0.0,1729751876.0,1,5,950.0,0.0,0.0,0.0,0.0,0.0
56800.52,3.1902,0.0,1729751886.0,1,5,960.0,0.0,0.0,0.0,0.0,0.0
56810.52,3.1908,0.0,1729751896.0,1,5,970.0,0.0,0.0,0.0,0.0,0.0
56820.52,3.1913,0.0,1729751906.0,1,5,980.0,0.0,0.0,0.0,0.0,0.0
56830.52,3.1919,0.0,1729751916.0,1,5,990.0,0.0,0.0,0.0,0.0,0.0
56840.52,3.1925,0.0,1729751926.0,1,5,1000.0,0.0,0.0,0.0,0.0,0.0
56850.52,3.193,0.0,1729751936.0,1,5,1010.0,0.0,0.0,0.0,0.0,0.0
56860.52,3.1935,0.0,1729751946.0,1,5,1020.0,0.0,0.0,0.0,0.0,0.0
56870.52,3.194,0.0,1729751956.0,1,5,1030.0,0.0,0.0,0.0,0.0,0.0
56880.52,3.1946,0.0,1729751966.0,1,5,1040.0,0.0,0.0,0.0,0.0,0.0
56890.52,3.195,0.0,1729751976.0,1,5,1050.0,0.0,0.0,0.0,0.0,0.0
56900.52,3.1956,0.0,1729751986.0,1,5,1060.0,0.0,0.0,0.0,0.0,0.0
56910.52,3.1961,0.0,1729751996.0,1,5,1070.0,0.0,0.0,0.0,0.0,0.0
56920.52,3.1966,0.0,1729752006.0,1,5,1080.0,0.0,0.0,0.0,0.0,0.0
56930.52,3.197,0.0,1729752016.0,1,5,1090.0,0.0,0.0,0.0,0.0,0.0
56940.52,3.1975,0.0,1729752026.0,1,5,1100.0,0.0,0.0,0.0,0.0,0.0
56950.52,3.198,0.0,1729752036.0,1,5,1110.0,0.0,0.0,0.0,0.0,0.0
56960.52,3.1985,0.0,1729752046.0,1,5,1120.0,0.0,0.0,0.0,0.0,0.0
56970.52,3.199,0.0,1729752056.0,1,5,1130.0,0.0,0.0,0.0,0.0,0.0
56980.52,3.1994,0.0,1729752066.0,1,5,1140.0,0.0,0.0,0.0,0.0,0.0
56990.52,3.1999,0.0,1729752076.0,1,5,1150.0,0.0,0.0,0.0,0.0,0.0
57000.52,3.2003,0.0,1729752086.0,1,5,1160.0,0.0,0.0,0.0,0.0,0.0
57010.52,3.2008,0.0,1729752096.0,1,5,1170.0,0.0,0.0,0.0,0.0,0.0
57020.52,3.2012,0.0,1729752106.0,1,5,1180.0,0.0,0.0,0.0,0.0,0.0
57030.52,3.2017,0.0,1729752116.0,1,5,1190.0,0.0,0.0,0.0,0.0,0.0
57040.52,3.2021,0.0,1729752126.0,1,5,1200.0,0.0,0.0,0.0,0.0,0.0
57050.52,3.2026,0.0,1729752136.0,1,5,1210.0,0.0,0.0,0.0,0.0,0.0
57060.52,3.203,0.0,1729752146.0,1,5,1220.0,0.0,0.0,0.0,0.0,0.0
57070.52,3.2034,0.0,1729752156.0,1,5,1230.0,0.0,0.0,0.0,0.0,0.0
57080.52,3.2038,0.0,1729752166.0,1,5,1240.0,0.0,0.0,0.0,0.0,0.0
57090.52,3.2042,0.0,1729752176.0,1,5,1250.0,0.0,0.0,0.0,0.0,0.0
57100.52,3.2046,0.0,1729752186.0,1,5,1260.0,0.0,0.0,0.0,0.0,0.0
57110.52,3.2051,0.0,1729752196.0,1,5,1270.0,0.0,0.0,0.0,0.0,0.0
57120.52,3.2055,0.0,1729752206.0,1,5,1280.0,0.0,0.0,0.0,0.0,0.0
57130.52,3.2059,0.0,1729752216.0,1,5,1290.0,0.0,0.0,0.0,0.0,0.0
57140.52,3.2063,0.0,1729752226.0,1,5,1300.0,0.0,0.0,0.0,0.0,0.0
57150.52,3.2066,0.0,1729752236.0,1,5,1310.0,0.0,0.0,0.0,0.0,0.0
57160.52,3.2071,0.0,1729752246.0,1,5,1320.0,0.0,0.0,0.0,0.0,0.0
57170.52,3.2074,0.0,1729752256.0,1,5,1330.0,0.0,0.0,0.0,0.0,0.0
57180.52,3.2078,0.0,1729752266.0,1,5,1340.0,0.0,0.0,0.0,0.0,0.0
57190.52,3.2082,0.0,1729752276.0,1,5,1350.0,0.0,0.0,0.0,0.0,0.0
57200.52,3.2086,0.0,1729752286.0,1,5,1360.0,0.0,0.0,0.0,0.0,0.0
57210.52,3.209,0.0,1729752296.0,1,5,1370.0,0.0,0.0,0.0,0.0,0.0
57220.52,3.2093,0.0,1729752306.0,1,5,1380.0,0.0,0.0,0.0,0.0,0.0
57230.52,3.2097,0.0,1729752316.0,1,5,1390.0,0.0,0.0,0.0,0.0,0.0
57240.52,3.2101,0.0,1729752326.0,1,5,1400.0,0.0,0.0,0.0,0.0,0.0
57250.52,3.2104,0.0,1729752336.0,1,5,1410.0,0.0,0.0,0.0,0.0,0.0
57260.52,3.2108,0.0,1729752346.0,1,5,1420.0,0.0,0.0,0.0,0.0,0.0
57270.52,3.2112,0.0,1729752356.0,1,5,1430.0,0.0,0.0,0.0,0.0,0.0
57280.52,3.2115,0.0,1729752366.0,1,5,1440.0,0.0,0.0,0.0,0.0,0.0
57290.52,3.2119,0.0,1729752376.0,1,5,1450.0,0.0,0.0,0.0,0.0,0.0
57300.52,3.2122,0.0,1729752386.0,1,5,1460.0,0.0,0.0,0.0,0.0,0.0
57310.52,3.2126,0.0,1729752396.0,1,5,1470.0,0.0,0.0,0.0,0.0,0.0
57320.52,3.2129,0.0,1729752406.0,1,5,1480.0,0.0,0.0,0.0,0.0,0.0
57330.52,3.2133,0.0,1729752416.0,1,5,1490.0,0.0,0.0,0.0,0.0,0.0
57340.52,3.2136,0.0,1729752426.0,1,5,1500.0,0.0,0.0,0.0,0.0,0.0
57350.52,3.2139,0.0,1729752436.0,1,5,1510.0,0.0,0.0,0.0,0.0,0.0
57360.52,3.2142,0.0,1729752446.0,1,5,1520.0,0.0,0.0,0.0,0.0,0.0
57370.52,3.2146,0.0,1729752456.0,1,5,1530.0,0.0,0.0,0.0,0.0,0.0
57380.52,3.2149,0.0,1729752466.0,1,5,1540.0,0.0,0.0,0.0,0.0,0.0
57390.52,3.2153,0.0,1729752476.0,1,5,1550.0,0.0,0.0,0.0,0.0,0.0
57400.52,3.2156,0.0,1729752486.0,1,5,1560.0,0.0,0.0,0.0,0.0,0.0
57410.52,3.2159,0.0,1729752496.0,1,5,1570.0,0.0,0.0,0.0,0.0,0.0
57420.52,3.2162,0.0,1729752506.0,1,5,1580.0,0.0,0.0,0.0,0.0,0.0
57430.52,3.2165,0.0,1729752516.0,1,5,1590.0,0.0,0.0,0.0,0.0,0.0
57440.52,3.2168,0.0,1729752526.0,1,5,1600.0,0.0,0.0,0.0,0.0,0.0
57450.52,3.2171,0.0,1729752536.0,1,5,1610.0,0.0,0.0,0.0,0.0,0.0
57460.52,3.2174,0.0,1729752546.0,1,5,1620.0,0.0,0.0,0.0,0.0,0.0
57470.52,3.2178,0.0,1729752556.0,1,5,1630.0,0.0,0.0,0.0,0.0,0.0
57480.52,3.2181,0.0,1729752566.0,1,5,1640.0,0.0,0.0,0.0,0.0,0.0
57490.52,3.2184,0.0,1729752576.0,1,5,1650.0,0.0,0.0,0.0,0.0,0.0
57500.52,3.2186,0.0,1729752586.0,1,5,1660.0,0.0,0.0,0.0,0.0,0.0
57510.52,3.219,0.0,1729752596.0,1,5,1670.0,0.0,0.0,0.0,0.0,0.0
57520.52,3.2192,0.0,1729752606.0,1,5,1680.0,0.0,0.0,0.0,0.0,0.0
57530.52,3.2196,0.0,1729752616.0,1,5,1690.0,0.0,0.0,0.0,0.0,0.0
57540.52,3.2198,0.0,1729752626.0,1,5,1700.0,0.0,0.0,0.0,0.0,0.0
57550.52,3.2201,0.0,1729752636.0,1,5,1710.0,0.0,0.0,0.0,0.0,0.0
57560.52,3.2204,0.0,1729752646.0,1,5,1720.0,0.0,0.0,0.0,0.0,0.0
57570.52,3.2207,0.0,1729752656.0,1,5,1730.0,0.0,0.0,0.0,0.0,0.0
57580.52,3.221,0.0,1729752666.0,1,5,1740.0,0.0,0.0,0.0,0.0,0.0
57590.52,3.2213,0.0,1729752676.0,1,5,1750.0,0.0,0.0,0.0,0.0,0.0
57600.52,3.2215,0.0,1729752686.0,1,5,1760.0,0.0,0.0,0.0,0.0,0.0
57610.52,3.2218,0.0,1729752696.0,1,5,1770.0,0.0,0.0,0.0,0.0,0.0
57620.52,3.2221,0.0,1729752706.0,1,5,1780.0,0.0,0.0,0.0,0.0,0.0
57630.52,3.2224,0.0,1729752716.0,1,5,1790.0,0.0,0.0,0.0,0.0,0.0
57640.52,3.2226,0.0,1729752726.0,1,5,1800.0,0.0,0.0,0.0,0.0,0.0
0.0,3.2234,2.1811,1729752726.0,1,6,0.0,0.0,0.0,0.0,0.0,0.0
57640.53,3.2234,2.1811,1729752726.0,1,6,0.01,0.0,0.0,0.0,0.0,0.0
57642.04,3.2434,2.1813,1729752728.0,1,6,1.52,0.0009,0.0,0.0009,0.003,0.0
57648.33,3.2634,2.1813,1729752734.0,1,6,7.81,0.0047,0.0,0.0047,0.0154,0.0
57650.52,3.2693,2.1813,1729752736.0,1,6,10.0,0.0061,0.0,0.0061,0.0197,0.0
57658.76,3.2893,2.1814,1729752745.0,1,6,18.24,0.0111,0.0,0.0111,0.0361,0.0
57660.52,3.2932,2.1813,1729752746.0,1,6,20.0,0.0121,0.0,0.0121,0.0396,0.0
57670.29,3.3132,2.1813,1729752756.0,1,6,29.77,0.018,0.0,0.018,0.0592,0.0
57670.52,3.3136,2.1813,1729752756.0,1,6,30.0,0.0182,0.0,0.0182,0.0596,0.0
57680.52,3.3319,2.1814,1729752766.0,1,6,40.0,0.0242,0.0,0.0242,0.0798,0.0
57690.52,3.3484,2.1813,1729752776.0,1,6,50.0,0.0303,0.0,0.0303,0.1,0.0
57700.52,3.3636,2.1813,1729752786.0,1,6,60.0,0.0364,0.0,0.0364,0.1203,0.0
57710.52,3.3778,2.1814,1729752796.0,1,6,70.0,0.0424,0.0,0.0424,0.1408,0.0
57720.52,3.3911,2.1813,1729752806.0,1,6,80.0,0.0485,0.0,0.0485,0.1613,0.0
57730.52,3.4034,2.1813,1729752816.0,1,6,90.0,0.0545,0.0,0.0545,0.1818,0.0
57740.52,3.4151,2.1813,1729752826.0,1,6,100.0,0.0606,0.0,0.0606,0.2025,0.0
57750.52,3.4262,2.1813,1729752836.0,1,6,110.0,0.0667,0.0,0.0667,0.2232,0.0
57760.52,3.4366,2.1814,1729752846.0,1,6,120.0,0.0727,0.0,0.0727,0.244,0.0
57770.52,3.4467,2.1813,1729752856.0,1,6,130.0,0.0788,0.0,0.0788,0.2649,0.0
57780.52,3.4562,2.1813,1729752866.0,1,6,140.0,0.0848,0.0,0.0848,0.2858,0.0
57790.52,3.4654,2.1814,1729752876.0,1,6,150.0,0.0909,0.0,0.0909,0.3068,0.0
57800.52,3.4741,2.1814,1729752886.0,1,6,160.0,0.0969,0.0,0.0969,0.3278,0.0
57810.52,3.4826,2.1814,1729752896.0,1,6,170.0,0.103,0.0,0.103,0.3489,0.0
57820.52,3.4907,2.1813,1729752906.0,1,6,180.0,0.1091,0.0,0.1091,0.37,0.0
57830.52,3.4986,2.1813,1729752916.0,1,6,190.0,0.1151,0.0,0.1151,0.3912,0.0
57840.52,3.5061,2.1814,1729752926.0,1,6,200.0,0.1212,0.0,0.1212,0.4124,0.0
57850.52,3.5134,2.1813,1729752936.0,1,6,210.0,0.1272,0.0,0.1272,0.4337,0.0
57860.52,3.5205,2.1814,1729752946.0,1,6,220.0,0.1333,0.0,0.1333,0.455,0.0
57870.52,3.5274,2.1813,1729752956.0,1,6,230.0,0.1394,0.0,0.1394,0.4763,0.0
57880.52,3.534,2.1814,1729752966.0,1,6,240.0,0.1454,0.0,0.1454,0.4977,0.0
57890.52,3.5405,2.1813,1729752976.0,1,6,250.0,0.1515,0.0,0.1515,0.5191,0.0
57900.52,3.5467,2.1813,1729752986.0,1,6,260.0,0.1575,0.0,0.1575,0.5406,0.0
57910.52,3.5528,2.1814,1729752996.0,1,6,270.0,0.1636,0.0,0.1636,0.5621,0.0
57920.52,3.5587,2.1814,1729753006.0,1,6,280.0,0.1697,0.0,0.1697,0.5837,0.0
57930.52,3.5645,2.1813,1729753016.0,1,6,290.0,0.1757,0.0,0.1757,0.6052,0.0
57940.52,3.5701,2.1813,1729753026.0,1,6,300.0,0.1818,0.0,0.1818,0.6269,0.0
57950.52,3.5755,2.1814,1729753036.0,1,6,310.0,0.1878,0.0,0.1878,0.6485,0.0
57960.52,3.5808,2.1814,1729753046.0,1,6,320.0,0.1939,0.0,0.1939,0.6702,0.0
57970.52,3.586,2.1814,1729753056.0,1,6,330.0,0.2,0.0,0.2,0.6919,0.0
57980.52,3.5911,2.1813,1729753066.0,1,6,340.0,0.206,0.0,0.206,0.7137,0.0
57990.52,3.596,2.1814,1729753076.0,1,6,350.0,0.2121,0.0,0.2121,0.7354,0.0
58000.52,3.6008,2.1813,1729753086.0,1,6,360.0,0.2181,0.0,0.2181,0.7572,0.0
58010.52,3.6056,2.1814,1729753096.0,1,6,370.0,0.2242,0.0,0.2242,0.7791,0.0
58020.52,3.6102,2.1814,1729753106.0,1,6,380.0,0.2303,0.0,0.2303,0.8009,0.0
58030.52,3.6147,2.1814,1729753116.0,1,6,390.0,0.2363,0.0,0.2363,0.8228,0.0
58040.52,3.6191,2.1813,1729753126.0,1,6,400.0,0.2424,0.0,0.2424,0.8447,0.0
58050.52,3.6234,2.1814,1729753136.0,1,6,410.0,0.2484,0.0,0.2484,0.8667,0.0
58060.52,3.6276,2.1814,1729753146.0,1,6,420.0,0.2545,0.0,0.2545,0.8886,0.0
58070.52,3.6318,2.1813,1729753156.0,1,6,430.0,0.2605,0.0,0.2605,0.9106,0.0
58080.52,3.6358,2.1815,1729753166.0,1,6,440.0,0.2666,0.0,0.2666,0.9327,0.0
58090.52,3.6398,2.1814,1729753176.0,1,6,450.0,0.2727,0.0,0.2727,0.9547,0.0
58100.52,3.6437,2.1814,1729753186.0,1,6,460.0,0.2787,0.0,0.2787,0.9768,0.0
58110.52,3.6475,2.1814,1729753196.0,1,6,470.0,0.2848,0.0,0.2848,0.9989,0.0
58120.52,3.6512,2.1813,1729753206.0,1,6,480.0,0.2908,0.0,0.2908,1.021,0.0
58130.52,3.6549,2.1814,1729753216.0,1,6,490.0,0.2969,0.0,0.2969,1.0431,0.0
58140.52,3.6585,2.1813,1729753226.0,1,6,500.0,0.303,0.0,0.303,1.0653,0.0
58150.52,3.662,2.1813,1729753236.0,1,6,510.0,0.309,0.0,0.309,1.0874,0.0
58160.52,3.6654,2.1814,1729753246.0,1,6,520.0,0.3151,0.0,0.3151,1.1096,0.0
58170.52,3.6688,2.1814,1729753256.0,1,6,530.0,0.3211,0.0,0.3211,1.1319,0.0
58180.52,3.6721,2.1814,1729753266.0,1,6,540.0,0.3272,0.0,0.3272,1.1541,0.0
58190.52,3.6753,2.1814,1729753276.0,1,6,550.0,0.3333,0.0,0.3333,1.1764,0.0
58200.52,3.6785,2.1814,1729753286.0,1,6,560.0,0.3393,0.0,0.3393,1.1986,0.0
58210.52,3.6816,2.1814,1729753296.0,1,6,570.0,0.3454,0.0,0.3454,1.2209,0.0
58220.52,3.6846,2.1813,1729753306.0,1,6,580.0,0.3514,0.0,0.3514,1.2433,0.0
58230.52,3.6875,2.1814,1729753316.0,1,6,590.0,0.3575,0.0,0.3575,1.2656,0.0
58240.52,3.6904,2.1814,1729753326.0,1,6,600.0,0.3636,0.0,0.3636,1.2879,0.0
58250.52,3.6932,2.1814,1729753336.0,1,6,610.0,0.3696,0.0,0.3696,1.3103,0.0
58260.52,3.6959,2.1814,1729753346.0,1,6,620.0,0.3757,0.0,0.3757,1.3327,0.0
58270.52,3.6985,2.1814,1729753356.0,1,6,630.0,0.3817,0.0,0.3817,1.3551,0.0
58280.52,3.701,2.1814,1729753366.0,1,6,640.0,0.3878,0.0,0.3878,1.3775,0.0
58290.52,3.7033,2.1814,1729753376.0,1,6,650.0,0.3939,0.0,0.3939,1.4,0.0
58300.52,3.7055,2.1813,1729753386.0,1,6,660.0,0.3999,0.0,0.3999,1.4224,0.0
58310.52,3.7075,2.1814,1729753396.0,1,6,670.0,0.406,0.0,0.406,1.4449,0.0
58320.52,3.7091,2.1814,1729753406.0,1,6,680.0,0.412,0.0,0.412,1.4673,0.0
58330.52,3.7105,2.1814,1729753416.0,1,6,690.0,0.4181,0.0,0.4181,1.4898,0.0
58340.52,3.7117,2.1814,1729753426.0,1,6,700.0,0.4242,0.0,0.4242,1.5123,0.0
58350.52,3.7127,2.1814,1729753436.0,1,6,710.0,0.4302,0.0,0.4302,1.5348,0.0
58360.52,3.7135,2.1814,1729753446.0,1,6,720.0,0.4363,0.0,0.4363,1.5573,0.0
58370.52,3.7141,2.1813,1729753456.0,1,6,730.0,0.4423,0.0,0.4423,1.5798,0.0
58380.52,3.7147,2.1814,1729753466.0,1,6,740.0,0.4484,0.0,0.4484,1.6023,0.0
58390.52,3.7151,2.1814,1729753476.0,1,6,750.0,0.4545,0.0,0.4545,1.6248,0.0
58400.52,3.7156,2.1815,1729753486.0,1,6,760.0,0.4605,0.0,0.4605,1.6473,0.0
58410.52,3.7159,2.1814,1729753496.0,1,6,770.0,0.4666,0.0,0.4666,1.6698,0.0
58420.52,3.7163,2.1814,1729753506.0,1,6,780.0,0.4726,0.0,0.4726,1.6924,0.0
58430.52,3.7166,2.1814,1729753516.0,1,6,790.0,0.4787,0.0,0.4787,1.7149,0.0
58440.52,3.7169,2.1814,1729753526.0,1,6,800.0,0.4847,0.0,0.4847,1.7374,0.0
58450.52,3.7172,2.1814,1729753536.0,1,6,810.0,0.4908,0.0,0.4908,1.7599,0.0
58460.52,3.7175,2.1814,1729753546.0,1,6,820.0,0.4969,0.0,0.4969,1.7824,0.0
58470.52,3.7178,2.1814,1729753556.0,1,6,830.0,0.5029,0.0,0.5029,1.805,0.0
58480.52,3.718,2.1813,1729753566.0,1,6,840.0,0.509,0.0,0.509,1.8275,0.0
58490.52,3.7182,2.1814,1729753576.0,1,6,850.0,0.515,0.0,0.515,1.85,0.0
58500.52,3.7184,2.1813,1729753586.0,1,6,860.0,0.5211,0.0,0.5211,1.8726,0.0
58510.52,3.7187,2.1814,1729753596.0,1,6,870.0,0.5272,0.0,0.5272,1.8951,0.0
58520.52,3.7189,2.1814,1729753606.0,1,6,880.0,0.5332,0.0,0.5332,1.9176,0.0
58530.52,3.7192,2.1814,1729753616.0,1,6,890.0,0.5393,0.0,0.5393,1.9402,0.0
58540.52,3.7194,2.1814,1729753626.0,1,6,900.0,0.5453,0.0,0.5453,1.9627,0.0
58550.52,3.7196,2.1814,1729753636.0,1,6,910.0,0.5514,0.0,0.5514,1.9852,0.0
58560.52,3.7199,2.1814,1729753646.0,1,6,920.0,0.5575,0.0,0.5575,2.0078,0.0
58570.52,3.7201,2.1813,1729753656.0,1,6,930.0,0.5635,0.0,0.5635,2.0303,0.0
58580.52,3.7204,2.1814,1729753666.0,1,6,940.0,0.5696,0.0,0.5696,2.0529,0.0
58590.52,3.7206,2.1815,1729753676.0,1,6,950.0,0.5756,0.0,0.5756,2.0754,0.0
58600.52,3.7209,2.1814,1729753686.0,1,6,960.0,0.5817,0.0,0.5817,2.098,0.0
58610.52,3.7211,2.1814,1729753696.0,1,6,970.0,0.5878,0.0,0.5878,2.1205,0.0
58620.52,3.7214,2.1815,1729753706.0,1,6,980.0,0.5938,0.0,0.5938,2.143,0.0
58630.52,3.7216,2.1814,1729753716.0,1,6,990.0,0.5999,0.0,0.5999,2.1656,0.0
58640.52,3.7219,2.1814,1729753726.0,1,6,1000.0,0.6059,0.0,0.6059,2.1881,0.0
58650.52,3.7222,2.1814,1729753736.0,1,6,1010.0,0.612,0.0,0.612,2.2107,0.0
58660.52,3.7225,2.1814,1729753746.0,1,6,1020.0,0.6181,0.0,0.6181,2.2333,0.0
58670.52,3.7227,2.1815,1729753756.0,1,6,1030.0,0.6241,0.0,0.6241,2.2558,0.0
58680.52,3.723,2.1814,1729753766.0,1,6,1040.0,0.6302,0.0,0.6302,2.2784,0.0
58690.52,3.7233,2.1815,1729753776.0,1,6,1050.0,0.6362,0.0,0.6362,2.3009,0.0
58700.52,3.7236,2.1814,1729753786.0,1,6,1060.0,0.6423,0.0,0.6423,2.3235,0.0
58710.52,3.7239,2.1814,1729753796.0,1,6,1070.0,0.6484,0.0,0.6484,2.3461,0.0
58720.52,3.7242,2.1814,1729753806.0,1,6,1080.0,0.6544,0.0,0.6544,2.3686,0.0
58730.52,3.7245,2.1814,1729753816.0,1,6,1090.0,0.6605,0.0,0.6605,2.3912,0.0
58740.52,3.7248,2.1814,1729753826.0,1,6,1100.0,0.6665,0.0,0.6665,2.4138,0.0
58750.52,3.7252,2.1814,1729753836.0,1,6,1110.0,0.6726,0.0,0.6726,2.4363,0.0
58760.52,3.7255,2.1814,1729753846.0,1,6,1120.0,0.6786,0.0,0.6786,2.4589,0.0
58770.52,3.7258,2.1814,1729753856.0,1,6,1130.0,0.6847,0.0,0.6847,2.4815,0.0
58780.52,3.7261,2.1814,1729753866.0,1,6,1140.0,0.6908,0.0,0.6908,2.5041,0.0
58790.52,3.7265,2.1814,1729753876.0,1,6,1150.0,0.6968,0.0,0.6968,2.5266,0.0
58800.52,3.7269,2.1814,1729753886.0,1,6,1160.0,0.7029,0.0,0.7029,2.5492,0.0
58810.52,3.7273,2.1814,1729753896.0,1,6,1170.0,0.7089,0.0,0.7089,2.5718,0.0
58820.52,3.7276,2.1814,1729753906.0,1,6,1180.0,0.715,0.0,0.715,2.5944,0.0
58830.52,3.728,2.1814,1729753916.0,1,6,1190.0,0.7211,0.0,0.7211,2.617,0.0
58840.52,3.7284,2.1813,1729753926.0,1,6,1200.0,0.7271,0.0,0.7271,2.6396,0.0
58850.52,3.7288,2.1814,1729753936.0,1,6,1210.0,0.7332,0.0,0.7332,2.6622,0.0
58860.52,3.7292,2.1814,1729753946.0,1,6,1220.0,0.7392,0.0,0.7392,2.6848,0.0
58870.52,3.7296,2.1814,1729753956.0,1,6,1230.0,0.7453,0.0,0.7453,2.7074,0.0
58880.52,3.73,2.1814,1729753966.0,1,6,1240.0,0.7514,0.0,0.7514,2.73,0.0
58890.52,3.7305,2.1814,1729753976.0,1,6,1250.0,0.7574,0.0,0.7574,2.7526,0.0
58900.52,3.7309,2.1814,1729753986.0,1,6,1260.0,0.7635,0.0,0.7635,2.7752,0.0
58910.52,3.7314,2.1814,1729753996.0,1,6,1270.0,0.7695,0.0,0.7695,2.7978,0.0
58920.52,3.7318,2.1814,1729754006.0,1,6,1280.0,0.7756,0.0,0.7756,2.8204,0.0
58930.52,3.7323,2.1814,1729754016.0,1,6,1290.0,0.7817,0.0,0.7817,2.843,0.0
58940.52,3.7328,2.1814,1729754026.0,1,6,1300.0,0.7877,0.0,0.7877,2.8656,0.0
58950.52,3.7333,2.1814,1729754036.0,1,6,1310.0,0.7938,0.0,0.7938,2.8882,0.0
58960.52,3.7338,2.1814,1729754046.0,1,6,1320.0,0.7998,0.0,0.7998,2.9109,0.0
58970.52,3.7342,2.1813,1729754056.0,1,6,1330.0,0.8059,0.0,0.8059,2.9335,0.0
58980.52,3.7348,2.1814,1729754066.0,1,6,1340.0,0.812,0.0,0.812,2.9561,0.0
58990.52,3.7352,2.1814,1729754076.0,1,6,1350.0,0.818,0.0,0.818,2.9787,0.0
59000.52,3.7358,2.1814,1729754086.0,1,6,1360.0,0.8241,0.0,0.8241,3.0014,0.0
59010.52,3.7363,2.1815,1729754096.0,1,6,1370.0,0.8301,0.0,0.8301,3.024,0.0
59020.52,3.7369,2.1814,1729754106.0,1,6,1380.0,0.8362,0.0,0.8362,3.0467,0.0
59030.52,3.7374,2.1815,1729754116.0,1,6,1390.0,0.8423,0.0,0.8423,3.0693,0.0
59040.52,3.738,2.1814,1729754126.0,1,6,1400.0,0.8483,0.0,0.8483,3.092,0.0
59050.52,3.7385,2.1815,1729754136.0,1,6,1410.0,0.8544,0.0,0.8544,3.1146,0.0
59060.52,3.7391,2.1814,1729754146.0,1,6,1420.0,0.8604,0.0,0.8604,3.1373,0.0
59070.52,3.7397,2.1814,1729754156.0,1,6,1430.0,0.8665,0.0,0.8665,3.1599,0.0
59080.52,3.7403,2.1815,1729754166.0,1,6,1440.0,0.8726,0.0,0.8726,3.1826,0.0
59090.52,3.7408,2.1814,1729754176.0,1,6,1450.0,0.8786,0.0,0.8786,3.2052,0.0
59100.52,3.7414,2.1814,1729754186.0,1,6,1460.0,0.8847,0.0,0.8847,3.2279,0.0
59110.52,3.7421,2.1814,1729754196.0,1,6,1470.0,0.8907,0.0,0.8907,3.2506,0.0
59120.52,3.7426,2.1814,1729754206.0,1,6,1480.0,0.8968,0.0,0.8968,3.2733,0.0
59130.52,3.7432,2.1815,1729754216.0,1,6,1490.0,0.9028,0.0,0.9028,3.2959,0.0
59140.52,3.7438,2.1814,1729754226.0,1,6,1500.0,0.9089,0.0,0.9089,3.3186,0.0
59150.52,3.7444,2.1814,1729754236.0,1,6,1510.0,0.915,0.0,0.915,3.3413,0.0
59160.52,3.745,2.1814,1729754246.0,1,6,1520.0,0.921,0.0,0.921,3.364,0.0
59170.52,3.7457,2.1815,1729754256.0,1,6,1530.0,0.9271,0.0,0.9271,3.3867,0.0
59180.52,3.7463,2.1815,1729754266.0,1,6,1540.0,0.9331,0.0,0.9331,3.4094,0.0
59190.52,3.7469,2.1814,1729754276.0,1,6,1550.0,0.9392,0.0,0.9392,3.4321,0.0
59200.52,3.7475,2.1814,1729754286.0,1,6,1560.0,0.9453,0.0,0.9453,3.4548,0.0
59210.52,3.7481,2.1814,1729754296.0,1,6,1570.0,0.9513,0.0,0.9513,3.4775,0.0
59220.52,3.7487,2.1814,1729754306.0,1,6,1580.0,0.9574,0.0,0.9574,3.5002,0.0
59230.52,3.7494,2.1815,1729754316.0,1,6,1590.0,0.9634,0.0,0.9634,3.523,0.0
59240.52,3.75,2.1814,1729754326.0,1,6,1600.0,0.9695,0.0,0.9695,3.5457,0.0
59250.52,3.7506,2.1815,1729754336.0,1,6,1610.0,0.9756,0.0,0.9756,3.5684,0.0
59260.52,3.7512,2.1815,1729754346.0,1,6,1620.0,0.9816,0.0,0.9816,3.5911,0.0
59270.52,3.7518,2.1814,1729754356.0,1,6,1630.0,0.9877,0.0,0.9877,3.6139,0.0
59280.52,3.7524,2.1815,1729754366.0,1,6,1640.0,0.9937,0.0,0.9937,3.6366,0.0
59290.52,3.7531,2.1814,1729754376.0,1,6,1650.0,0.9998,0.0,0.9998,3.6593,0.0
59300.52,3.7537,2.1814,1729754386.0,1,6,1660.0,1.0059,0.0,1.0059,3.6821,0.0
59310.52,3.7543,2.1815,1729754396.0,1,6,1670.0,1.0119,0.0,1.0119,3.7048,0.0
59320.52,3.7549,2.1814,1729754406.0,1,6,1680.0,1.018,0.0,1.018,3.7276,0.0
59330.52,3.7556,2.1814,1729754416.0,1,6,1690.0,1.024,0.0,1.024,3.7503,0.0
59340.52,3.7561,2.1814,1729754426.0,1,6,1700.0,1.0301,0.0,1.0301,3.7731,0.0
59350.52,3.7568,2.1814,1729754436.0,1,6,1710.0,1.0362,0.0,1.0362,3.7959,0.0
59360.52,3.7574,2.1814,1729754446.0,1,6,1720.0,1.0422,0.0,1.0422,3.8186,0.0
59370.52,3.758,2.1814,1729754456.0,1,6,1730.0,1.0483,0.0,1.0483,3.8414,0.0
59380.52,3.7586,2.1814,1729754466.0,1,6,1740.0,1.0543,0.0,1.0543,3.8642,0.0
59390.52,3.7592,2.1814,1729754476.0,1,6,1750.0,1.0604,0.0,1.0604,3.8869,0.0
59400.52,3.7598,2.1814,1729754486.0,1,6,1760.0,1.0665,0.0,1.0665,3.9097,0.0
59410.52,3.7604,2.1814,1729754496.0,1,6,1770.0,1.0725,0.0,1.0725,3.9325,0.0
59420.52,3.761,2.1814,1729754506.0,1,6,1780.0,1.0786,0.0,1.0786,3.9553,0.0
59430.52,3.7616,2.1814,1729754516.0,1,6,1790.0,1.0846,0.0,1.0846,3.9781,0.0
59440.52,3.7622,2.1814,1729754526.0,1,6,1800.0,1.0907,0.0,1.0907,4.0009,0.0
59450.52,3.7628,2.1814,1729754536.0,1,6,1810.0,1.0968,0.0,1.0968,4.0237,0.0
59460.52,3.7634,2.1814,1729754546.0,1,6,1820.0,1.1028,0.0,1.1028,4.0465,0.0
59470.52,3.764,2.1814,1729754556.0,1,6,1830.0,1.1089,0.0,1.1089,4.0693,0.0
59480.52,3.7645,2.1814,1729754566.0,1,6,1840.0,1.1149,0.0,1.1149,4.0921,0.0
59490.52,3.7651,2.1815,1729754576.0,1,6,1850.0,1.121,0.0,1.121,4.1149,0.0
59500.52,3.7657,2.1814,1729754586.0,1,6,1860.0,1.127,0.0,1.127,4.1377,0.0
59510.52,3.7662,2.1814,1729754596.0,1,6,1870.0,1.1331,0.0,1.1331,4.1605,0.0
59520.52,3.7668,2.1814,1729754606.0,1,6,1880.0,1.1392,0.0,1.1392,4.1834,0.0
59530.52,3.7673,2.1814,1729754616.0,1,6,1890.0,1.1452,0.0,1.1452,4.2062,0.0
59540.52,3.7678,2.1814,1729754626.0,1,6,1900.0,1.1513,0.0,1.1513,4.229,0.0
59550.52,3.7684,2.1814,1729754636.0,1,6,1910.0,1.1573,0.0,1.1573,4.2519,0.0
59560.52,3.7689,2.1815,1729754646.0,1,6,1920.0,1.1634,0.0,1.1634,4.2747,0.0
59570.52,3.7695,2.1814,1729754656.0,1,6,1930.0,1.1695,0.0,1.1695,4.2975,0.0
59580.52,3.77,2.1814,1729754666.0,1,6,1940.0,1.1755,0.0,1.1755,4.3204,0.0
59590.52,3.7705,2.1814,1729754676.0,1,6,1950.0,1.1816,0.0,1.1816,4.3432,0.0
59600.52,3.771,2.1814,1729754686.0,1,6,1960.0,1.1876,0.0,1.1876,4.3661,0.0
59610.52,3.7715,2.1814,1729754696.0,1,6,1970.0,1.1937,0.0,1.1937,4.3889,0.0
59620.52,3.772,2.1814,1729754706.0,1,6,1980.0,1.1998,0.0,1.1998,4.4118,0.0
59630.52,3.7725,2.1814,1729754716.0,1,6,1990.0,1.2058,0.0,1.2058,4.4346,0.0
59640.52,3.773,2.1814,1729754726.0,1,6,2000.0,1.2119,0.0,1.2119,4.4575,0.0
59650.52,3.7735,2.1815,1729754736.0,1,6,2010.0,1.2179,0.0,1.2179,4.4804,0.0
59660.52,3.7739,2.1814,1729754746.0,1,6,2020.0,1.224,0.0,1.224,4.5032,0.0
59670.52,3.7744,2.1814,1729754756.0,1,6,2030.0,1.2301,0.0,1.2301,4.5261,0.0
59680.52,3.7748,2.1814,1729754766.0,1,6,2040.0,1.2361,0.0,1.2361,4.549,0.0
59690.52,3.7753,2.1814,1729754776.0,1,6,2050.0,1.2422,0.0,1.2422,4.5718,0.0
59700.52,3.7757,2.1814,1729754786.0,1,6,2060.0,1.2482,0.0,1.2482,4.5947,0.0
59710.52,3.7762,2.1814,1729754796.0,1,6,2070.0,1.2543,0.0,1.2543,4.6176,0.0
59720.52,3.7766,2.1814,1729754806.0,1,6,2080.0,1.2604,0.0,1.2604,4.6405,0.0
59730.52,3.777,2.1814,1729754816.0,1,6,2090.0,1.2664,0.0,1.2664,4.6634,0.0
59740.52,3.7774,2.1814,1729754826.0,1,6,2100.0,1.2725,0.0,1.2725,4.6863,0.0
59750.52,3.7778,2.1814,1729754836.0,1,6,2110.0,1.2785,0.0,1.2785,4.7091,0.0
59760.52,3.7782,2.1814,1729754846.0,1,6,2120.0,1.2846,0.0,1.2846,4.732,0.0
59770.52,3.7787,2.1814,1729754856.0,1,6,2130.0,1.2907,0.0,1.2907,4.7549,0.0
59780.52,3.7791,2.1814,1729754866.0,1,6,2140.0,1.2967,0.0,1.2967,4.7778,0.0
59790.52,3.7794,2.1815,1729754876.0,1,6,2150.0,1.3028,0.0,1.3028,4.8007,0.0
59800.52,3.7799,2.1814,1729754886.0,1,6,2160.0,1.3088,0.0,1.3088,4.8236,0.0
59810.52,3.7802,2.1814,1729754896.0,1,6,2170.0,1.3149,0.0,1.3149,4.8465,0.0
59820.52,3.7807,2.1814,1729754906.0,1,6,2180.0,1.321,0.0,1.321,4.8694,0.0
59830.52,3.7811,2.1814,1729754916.0,1,6,2190.0,1.327,0.0,1.327,4.8924,0.0
59840.52,3.7815,2.1814,1729754926.0,1,6,2200.0,1.3331,0.0,1.3331,4.9153,0.0
59850.52,3.7819,2.1814,1729754936.0,1,6,2210.0,1.3391,0.0,1.3391,4.9382,0.0
59860.52,3.7823,2.1815,1729754946.0,1,6,2220.0,1.3452,0.0,1.3452,4.9611,0.0
59870.52,3.7828,2.1814,1729754956.0,1,6,2230.0,1.3512,0.0,1.3512,4.984,0.0
59880.52,3.7832,2.1814,1729754966.0,1,6,2240.0,1.3573,0.0,1.3573,5.0069,0.0
59890.52,3.7836,2.1814,1729754976.0,1,6,2250.0,1.3634,0.0,1.3634,5.0299,0.0
59900.52,3.7841,2.1815,1729754986.0,1,6,2260.0,1.3694,0.0,1.3694,5.0528,0.0
59910.52,3.7844,2.1814,1729754996.0,1,6,2270.0,1.3755,0.0,1.3755,5.0757,0.0
59920.52,3.7849,2.1814,1729755006.0,1,6,2280.0,1.3815,0.0,1.3815,5.0987,0.0
59930.52,3.7853,2.1813,1729755016.0,1,6,2290.0,1.3876,0.0,1.3876,5.1216,0.0
59940.52,3.7857,2.1813,1729755026.0,1,6,2300.0,1.3937,0.0,1.3937,5.1445,0.0
59950.52,3.7862,2.1814,1729755036.0,1,6,2310.0,1.3997,0.0,1.3997,5.1675,0.0
59960.52,3.7867,2.1815,1729755046.0,1,6,2320.0,1.4058,0.0,1.4058,5.1904,0.0
59970.52,3.7871,2.1814,1729755056.0,1,6,2330.0,1.4118,0.0,1.4118,5.2134,0.0
59980.52,3.7875,2.1814,1729755066.0,1,6,2340.0,1.4179,0.0,1.4179,5.2363,0.0
59990.52,3.788,2.1814,1729755076.0,1,6,2350.0,1.424,0.0,1.424,5.2593,0.0
60000.52,3.7885,2.1814,1729755086.0,1,6,2360.0,1.43,0.0,1.43,5.2822,0.0
60010.52,3.7889,2.1814,1729755096.0,1,6,2370.0,1.4361,0.0,1.4361,5.3052,0.0
60020.52,3.7894,2.1814,1729755106.0,1,6,2380.0,1.4421,0.0,1.4421,5.3281,0.0
60030.52,3.7898,2.1814,1729755116.0,1,6,2390.0,1.4482,0.0,1.4482,5.3511,0.0
60040.52,3.7903,2.1814,1729755126.0,1,6,2400.0,1.4543,0.0,1.4543,5.3741,0.0
60050.52,3.7908,2.1814,1729755136.0,1,6,2410.0,1.4603,0.0,1.4603,5.397,0.0
60060.52,3.7912,2.1814,1729755146.0,1,6,2420.0,1.4664,0.0,1.4664,5.42,0.0
60070.52,3.7917,2.1814,1729755156.0,1,6,2430.0,1.4724,0.0,1.4724,5.443,0.0
60080.52,3.7922,2.1815,1729755166.0,1,6,2440.0,1.4785,0.0,1.4785,5.466,0.0
60090.52,3.7926,2.1815,1729755176.0,1,6,2450.0,1.4846,0.0,1.4846,5.4889,0.0
60100.52,3.793,2.1814,1729755186.0,1,6,2460.0,1.4906,0.0,1.4906,5.5119,0.0
60110.52,3.7935,2.1815,1729755196.0,1,6,2470.0,1.4967,0.0,1.4967,5.5349,0.0
60120.52,3.7939,2.1815,1729755206.0,1,6,2480.0,1.5027,0.0,1.5027,5.5579,0.0
60130.52,3.7944,2.1814,1729755216.0,1,6,2490.0,1.5088,0.0,1.5088,5.5809,0.0
60140.52,3.7948,2.1814,1729755226.0,1,6,2500.0,1.5149,0.0,1.5149,5.6039,0.0
60150.52,3.7952,2.1814,1729755236.0,1,6,2510.0,1.5209,0.0,1.5209,5.6269,0.0
60160.52,3.7957,2.1814,1729755246.0,1,6,2520.0,1.527,0.0,1.527,5.6499,0.0
60170.52,3.7961,2.1814,1729755256.0,1,6,2530.0,1.533,0.0,1.533,5.6729,0.0
60180.52,3.7965,2.1814,1729755266.0,1,6,2540.0,1.5391,0.0,1.5391,5.6959,0.0
60190.52,3.7969,2.1814,1729755276.0,1,6,2550.0,1.5452,0.0,1.5452,5.7189,0.0
60200.52,3.7973,2.1815,1729755286.0,1,6,2560.0,1.5512,0.0,1.5512,5.7419,0.0
60210.52,3.7977,2.1814,1729755296.0,1,6,2570.0,1.5573,0.0,1.5573,5.7649,0.0
60220.52,3.7981,2.1814,1729755306.0,1,6,2580.0,1.5633,0.0,1.5633,5.7879,0.0
60230.52,3.7984,2.1814,1729755316.0,1,6,2590.0,1.5694,0.0,1.5694,5.8109,0.0
60240.52,3.7988,2.1815,1729755326.0,1,6,2600.0,1.5755,0.0,1.5755,5.8339,0.0
60250.52,3.7992,2.1815,1729755336.0,1,6,2610.0,1.5815,0.0,1.5815,5.857,0.0
60260.52,3.7995,2.1815,1729755346.0,1,6,2620.0,1.5876,0.0,1.5876,5.88,0.0
60270.52,3.7998,2.1814,1729755356.0,1,6,2630.0,1.5936,0.0,1.5936,5.903,0.0
60280.52,3.8002,2.1814,1729755366.0,1,6,2640.0,1.5997,0.0,1.5997,5.926,0.0
60290.52,3.8005,2.1814,1729755376.0,1,6,2650.0,1.6057,0.0,1.6057,5.9491,0.0
60300.52,3.8008,2.1814,1729755386.0,1,6,2660.0,1.6118,0.0,1.6118,5.9721,0.0
60310.52,3.8011,2.1815,1729755396.0,1,6,2670.0,1.6179,0.0,1.6179,5.9951,0.0
60320.52,3.8014,2.1814,1729755406.0,1,6,2680.0,1.6239,0.0,1.6239,6.0182,0.0
60330.52,3.8017,2.1814,1729755416.0,1,6,2690.0,1.63,0.0,1.63,6.0412,0.0
60340.52,3.802,2.1814,1729755426.0,1,6,2700.0,1.636,0.0,1.636,6.0642,0.0
60350.52,3.8022,2.1814,1729755436.0,1,6,2710.0,1.6421,0.0,1.6421,6.0873,0.0
60360.52,3.8025,2.1814,1729755446.0,1,6,2720.0,1.6482,0.0,1.6482,6.1103,0.0
60370.52,3.8028,2.1814,1729755456.0,1,6,2730.0,1.6542,0.0,1.6542,6.1334,0.0
60380.52,3.803,2.1814,1729755466.0,1,6,2740.0,1.6603,0.0,1.6603,6.1564,0.0
60390.52,3.8033,2.1815,1729755476.0,1,6,2750.0,1.6663,0.0,1.6663,6.1794,0.0
60400.52,3.8035,2.1814,1729755486.0,1,6,2760.0,1.6724,0.0,1.6724,6.2025,0.0
60410.52,3.8038,2.1814,1729755496.0,1,6,2770.0,1.6785,0.0,1.6785,6.2255,0.0
60420.52,3.804,2.1813,1729755506.0,1,6,2780.0,1.6845,0.0,1.6845,6.2486,0.0
60430.52,3.8042,2.1814,1729755516.0,1,6,2790.0,1.6906,0.0,1.6906,6.2716,0.0
60440.52,3.8045,2.1814,1729755526.0,1,6,2800.0,1.6966,0.0,1.6966,6.2947,0.0
60450.52,3.8047,2.1815,1729755536.0,1,6,2810.0,1.7027,0.0,1.7027,6.3177,0.0
60460.52,3.805,2.1814,1729755546.0,1,6,2820.0,1.7088,0.0,1.7088,6.3408,0.0
60470.52,3.8052,2.1814,1729755556.0,1,6,2830.0,1.7148,0.0,1.7148,6.3639,0.0
60480.52,3.8054,2.1814,1729755566.0,1,6,2840.0,1.7209,0.0,1.7209,6.3869,0.0
60490.52,3.8057,2.1814,1729755576.0,1,6,2850.0,1.7269,0.0,1.7269,6.41,0.0
60500.52,3.8059,2.1814,1729755586.0,1,6,2860.0,1.733,0.0,1.733,6.433,0.0
60510.52,3.8061,2.1814,1729755596.0,1,6,2870.0,1.7391,0.0,1.7391,6.4561,0.0
60520.52,3.8063,2.1814,1729755606.0,1,6,2880.0,1.7451,0.0,1.7451,6.4792,0.0
60530.52,3.8066,2.1814,1729755616.0,1,6,2890.0,1.7512,0.0,1.7512,6.5022,0.0
60540.52,3.8068,2.1814,1729755626.0,1,6,2900.0,1.7572,0.0,1.7572,6.5253,0.0
60550.52,3.807,2.1814,1729755636.0,1,6,2910.0,1.7633,0.0,1.7633,6.5484,0.0
60560.52,3.8073,2.1814,1729755646.0,1,6,2920.0,1.7694,0.0,1.7694,6.5714,0.0
60570.52,3.8075,2.1814,1729755656.0,1,6,2930.0,1.7754,0.0,1.7754,6.5945,0.0
60580.52,3.8077,2.1814,1729755666.0,1,6,2940.0,1.7815,0.0,1.7815,6.6176,0.0
60590.52,3.8079,2.1814,1729755676.0,1,6,2950.0,1.7875,0.0,1.7875,6.6407,0.0
60600.52,3.8081,2.1814,1729755686.0,1,6,2960.0,1.7936,0.0,1.7936,6.6637,0.0
60610.52,3.8083,2.1814,1729755696.0,1,6,2970.0,1.7997,0.0,1.7997,6.6868,0.0
60620.52,3.8085,2.1814,1729755706.0,1,6,2980.0,1.8057,0.0,1.8057,6.7099,0.0
60630.52,3.8087,2.1814,1729755716.0,1,6,2990.0,1.8118,0.0,1.8118,6.733,0.0
60640.52,3.8089,2.1814,1729755726.0,1,6,3000.0,1.8178,0.0,1.8178,6.756,0.0
60650.52,3.8091,2.1814,1729755736.0,1,6,3010.0,1.8239,0.0,1.8239,6.7791,0.0
60660.52,3.8093,2.1814,1729755746.0,1,6,3020.0,1.8299,0.0,1.8299,6.8022,0.0
60670.52,3.8095,2.1815,1729755756.0,1,6,3030.0,1.836,0.0,1.836,6.8253,0.0
60680.52,3.8097,2.1814,1729755766.0,1,6,3040.0,1.8421,0.0,1.8421,6.8484,0.0
60690.52,3.8099,2.1815,1729755776.0,1,6,3050.0,1.8481,0.0,1.8481,6.8715,0.0
60700.52,3.81,2.1814,1729755786.0,1,6,3060.0,1.8542,0.0,1.8542,6.8945,0.0
60710.52,3.8102,2.1814,1729755796.0,1,6,3070.0,1.8602,0.0,1.8602,6.9176,0.0
60720.52,3.8103,2.1814,1729755806.0,1,6,3080.0,1.8663,0.0,1.8663,6.9407,0.0
60730.52,3.8105,2.1814,1729755816.0,1,6,3090.0,1.8724,0.0,1.8724,6.9638,0.0
60740.52,3.8106,2.1815,1729755826.0,1,6,3100.0,1.8784,0.0,1.8784,6.9869,0.0
60750.52,3.8107,2.1815,1729755836.0,1,6,3110.0,1.8845,0.0,1.8845,7.01,0.0
60760.52,3.8109,2.1815,1729755846.0,1,6,3120.0,1.8905,0.0,1.8905,7.0331,0.0
60770.52,3.811,2.1813,1729755856.0,1,6,3130.0,1.8966,0.0,1.8966,7.0562,0.0
60780.52,3.8111,2.1815,1729755866.0,1,6,3140.0,1.9027,0.0,1.9027,7.0793,0.0
60790.52,3.8112,2.1814,1729755876.0,1,6,3150.0,1.9087,0.0,1.9087,7.1024,0.0
60800.52,3.8113,2.1814,1729755886.0,1,6,3160.0,1.9148,0.0,1.9148,7.1254,0.0
60810.52,3.8114,2.1814,1729755896.0,1,6,3170.0,1.9208,0.0,1.9208,7.1485,0.0
60820.52,3.8116,2.1814,1729755906.0,1,6,3180.0,1.9269,0.0,1.9269,7.1716,0.0
60830.52,3.8117,2.1814,1729755916.0,1,6,3190.0,1.933,0.0,1.933,7.1947,0.0
60840.52,3.8118,2.1814,1729755926.0,1,6,3200.0,1.939,0.0,1.939,7.2178,0.0
60850.52,3.8119,2.1814,1729755936.0,1,6,3210.0,1.9451,0.0,1.9451,7.2409,0.0
60860.52,3.8119,2.1815,1729755946.0,1,6,3220.0,1.9511,0.0,1.9511,7.264,0.0
60870.52,3.812,2.1814,1729755956.0,1,6,3230.0,1.9572,0.0,1.9572,7.2871,0.0
60880.52,3.8121,2.1815,1729755966.0,1,6,3240.0,1.9633,0.0,1.9633,7.3102,0.0
60890.52,3.8122,2.1814,1729755976.0,1,6,3250.0,1.9693,0.0,1.9693,7.3333,0.0
60900.52,3.8122,2.1814,1729755986.0,1,6,3260.0,1.9754,0.0,1.9754,7.3564,0.0
60910.52,3.8123,2.1814,1729755996.0,1,6,3270.0,1.9814,0.0,1.9814,7.3795,0.0
60920.52,3.8124,2.1815,1729756006.0,1,6,3280.0,1.9875,0.0,1.9875,7.4026,0.0
60930.52,3.8125,2.1815,1729756016.0,1,6,3290.0,1.9936,0.0,1.9936,7.4257,0.0
60940.52,3.8125,2.1815,1729756026.0,1,6,3300.0,1.9996,0.0,1.9996,7.4488,0.0
60950.52,3.8126,2.1815,1729756036.0,1,6,3310.0,2.0057,0.0,2.0057,7.4719,0.0
60960.52,3.8126,2.1814,1729756046.0,1,6,3320.0,2.0117,0.0,2.0117,7.495,0.0
60970.52,3.8127,2.1814,1729756056.0,1,6,3330.0,2.0178,0.0,2.0178,7.5181,0.0
60980.52,3.8127,2.1815,1729756066.0,1,6,3340.0,2.0239,0.0,2.0239,7.5412,0.0
60990.52,3.8128,2.1814,1729756076.0,1,6,3350.0,2.0299,0.0,2.0299,7.5643,0.0
61000.52,3.8129,2.1814,1729756086.0,1,6,3360.0,2.036,0.0,2.036,7.5875,0.0
61010.52,3.813,2.1814,1729756096.0,1,6,3370.0,2.042,0.0,2.042,7.6106,0.0
61020.52,3.813,2.1814,1729756106.0,1,6,3380.0,2.0481,0.0,2.0481,7.6337,0.0
61030.52,3.813,2.1814,1729756116.0,1,6,3390.0,2.0542,0.0,2.0542,7.6568,0.0
61040.52,3.8131,2.1814,1729756126.0,1,6,3400.0,2.0602,0.0,2.0602,7.6799,0.0
61050.52,3.8132,2.1814,1729756136.0,1,6,3410.0,2.0663,0.0,2.0663,7.703,0.0
61060.52,3.8132,2.1814,1729756146.0,1,6,3420.0,2.0723,0.0,2.0723,7.7261,0.0
61070.52,3.8133,2.1814,1729756156.0,1,6,3430.0,2.0784,0.0,2.0784,7.7492,0.0
61080.52,3.8134,2.1814,1729756166.0,1,6,3440.0,2.0844,0.0,2.0844,7.7723,0.0
61090.52,3.8134,2.1814,1729756176.0,1,6,3450.0,2.0905,0.0,2.0905,7.7954,0.0
61100.52,3.8135,2.1814,1729756186.0,1,6,3460.0,2.0966,0.0,2.0966,7.8185,0.0
61110.52,3.8135,2.1814,1729756196.0,1,6,3470.0,2.1026,0.0,2.1026,7.8416,0.0
61120.52,3.8136,2.1813,1729756206.0,1,6,3480.0,2.1087,0.0,2.1087,7.8647,0.0
61130.52,3.8136,2.1814,1729756216.0,1,6,3490.0,2.1147,0.0,2.1147,7.8878,0.0
61140.52,3.8137,2.1815,1729756226.0,1,6,3500.0,2.1208,0.0,2.1208,7.9109,0.0
61150.52,3.8137,2.1815,1729756236.0,1,6,3510.0,2.1269,0.0,2.1269,7.9341,0.0
61160.52,3.8138,2.1815,1729756246.0,1,6,3520.0,2.1329,0.0,2.1329,7.9572,0.0
61170.52,3.8139,2.1814,1729756256.0,1,6,3530.0,2.139,0.0,2.139,7.9803,0.0
61180.52,3.8139,2.1814,1729756266.0,1,6,3540.0,2.145,0.0,2.145,8.0034,0.0
61190.52,3.814,2.1815,1729756276.0,1,6,3550.0,2.1511,0.0,2.1511,8.0265,0.0
61200.52,3.8141,2.1814,1729756286.0,1,6,3560.0,2.1572,0.0,2.1572,8.0496,0.0
61210.52,3.8141,2.1814,1729756296.0,1,6,3570.0,2.1632,0.0,2.1632,8.0727,0.0
61220.52,3.8142,2.1815,1729756306.0,1,6,3580.0,2.1693,0.0,2.1693,8.0958,0.0
61230.52,3.8143,2.1814,1729756316.0,1,6,3590.0,2.1753,0.0,2.1753,8.1189,0.0
61240.52,3.8143,2.1815,1729756326.0,1,6,3600.0,2.1814,0.0,2.1814,8.1421,0.0
61250.52,3.8144,2.1815,1729756336.0,1,6,3610.0,2.1875,0.0,2.1875,8.1652,0.0
61260.52,3.8145,2.1814,1729756346.0,1,6,3620.0,2.1935,0.0,2.1935,8.1883,0.0
61270.52,3.8145,2.1814,1729756356.0,1,6,3630.0,2.1996,0.0,2.1996,8.2114,0.0
61280.52,3.8146,2.1814,1729756366.0,1,6,3640.0,2.2056,0.0,2.2056,8.2345,0.0
61290.52,3.8146,2.1814,1729756376.0,1,6,3650.0,2.2117,0.0,2.2117,8.2576,0.0
61300.52,3.8147,2.1814,1729756386.0,1,6,3660.0,2.2178,0.0,2.2178,8.2807,0.0
61310.52,3.8148,2.1814,1729756396.0,1,6,3670.0,2.2238,0.0,2.2238,8.3039,0.0
61320.52,3.8149,2.1814,1729756406.0,1,6,3680.0,2.2299,0.0,2.2299,8.327,0.0
61330.52,3.8149,2.1814,1729756416.0,1,6,3690.0,2.2359,0.0,2.2359,8.3501,0.0
61340.52,3.815,2.1814,1729756426.0,1,6,3700.0,2.242,0.0,2.242,8.3732,0.0
61350.52,3.8151,2.1814,1729756436.0,1,6,3710.0,2.2481,0.0,2.2481,8.3963,0.0
61360.52,3.8151,2.1814,1729756446.0,1,6,3720.0,2.2541,0.0,2.2541,8.4194,0.0
61370.52,3.8152,2.1814,1729756456.0,1,6,3730.0,2.2602,0.0,2.2602,8.4426,0.0
61380.52,3.8153,2.1814,1729756466.0,1,6,3740.0,2.2662,0.0,2.2662,8.4657,0.0
61390.52,3.8153,2.1814,1729756476.0,1,6,3750.0,2.2723,0.0,2.2723,8.4888,0.0
61400.52,3.8154,2.1814,1729756486.0,1,6,3760.0,2.2784,0.0,2.2784,8.5119,0.0
61410.52,3.8155,2.1814,1729756496.0,1,6,3770.0,2.2844,0.0,2.2844,8.535,0.0
61420.52,3.8156,2.1815,1729756506.0,1,6,3780.0,2.2905,0.0,2.2905,8.5582,0.0
61430.52,3.8157,2.1816,1729756516.0,1,6,3790.0,2.2965,0.0,2.2965,8.5813,0.0
61440.52,3.8157,2.1814,1729756526.0,1,6,3800.0,2.3026,0.0,2.3026,8.6044,0.0
61450.52,3.8159,2.1815,1729756536.0,1,6,3810.0,2.3086,0.0,2.3086,8.6275,0.0
61460.52,3.8159,2.1814,1729756546.0,1,6,3820.0,2.3147,0.0,2.3147,8.6506,0.0
61470.52,3.816,2.1814,1729756556.0,1,6,3830.0,2.3208,0.0,2.3208,8.6738,0.0
61480.52,3.8161,2.1814,1729756566.0,1,6,3840.0,2.3268,0.0,2.3268,8.6969,0.0
61490.52,3.8162,2.1814,1729756576.0,1,6,3850.0,2.3329,0.0,2.3329,8.72,0.0
61500.52,3.8162,2.1814,1729756586.0,1,6,3860.0,2.3389,0.0,2.3389,8.7431,0.0
61510.52,3.8163,2.1814,1729756596.0,1,6,3870.0,2.345,0.0,2.345,8.7663,0.0
61520.52,3.8164,2.1815,1729756606.0,1,6,3880.0,2.3511,0.0,2.3511,8.7894,0.0
61530.52,3.8165,2.1814,1729756616.0,1,6,3890.0,2.3571,0.0,2.3571,8.8125,0.0
61540.52,3.8166,2.1814,1729756626.0,1,6,3900.0,2.3632,0.0,2.3632,8.8356,0.0
61550.52,3.8167,2.1814,1729756636.0,1,6,3910.0,2.3692,0.0,2.3692,8.8588,0.0
61560.52,3.8168,2.1815,1729756646.0,1,6,3920.0,2.3753,0.0,2.3753,8.8819,0.0
61570.52,3.8169,2.1814,1729756656.0,1,6,3930.0,2.3814,0.0,2.3814,8.905,0.0
61580.52,3.817,2.1814,1729756666.0,1,6,3940.0,2.3874,0.0,2.3874,8.9281,0.0
61590.52,3.8171,2.1814,1729756676.0,1,6,3950.0,2.3935,0.0,2.3935,8.9513,0.0
61600.52,3.8172,2.1815,1729756686.0,1,6,3960.0,2.3995,0.0,2.3995,8.9744,0.0
61610.52,3.8173,2.1814,1729756696.0,1,6,3970.0,2.4056,0.0,2.4056,8.9975,0.0
61620.52,3.8174,2.1814,1729756706.0,1,6,3980.0,2.4117,0.0,2.4117,9.0207,0.0
61630.52,3.8174,2.1814,1729756716.0,1,6,3990.0,2.4177,0.0,2.4177,9.0438,0.0
61640.52,3.8176,2.1814,1729756726.0,1,6,4000.0,2.4238,0.0,2.4238,9.0669,0.0
61650.52,3.8176,2.1814,1729756736.0,1,6,4010.0,2.4298,0.0,2.4298,9.0901,0.0
61660.52,3.8177,2.1814,1729756746.0,1,6,4020.0,2.4359,0.0,2.4359,9.1132,0.0
61670.52,3.8178,2.1814,1729756756.0,1,6,4030.0,2.442,0.0,2.442,9.1363,0.0
61680.52,3.8179,2.1814,1729756766.0,1,6,4040.0,2.448,0.0,2.448,9.1595,0.0
61690.52,3.818,2.1814,1729756776.0,1,6,4050.0,2.4541,0.0,2.4541,9.1826,0.0
61700.52,3.8182,2.1814,1729756786.0,1,6,4060.0,2.4601,0.0,2.4601,9.2057,0.0
61710.52,3.8182,2.1814,1729756796.0,1,6,4070.0,2.4662,0.0,2.4662,9.2289,0.0
61720.52,3.8184,2.1814,1729756806.0,1,6,4080.0,2.4723,0.0,2.4723,9.252,0.0
61730.52,3.8185,2.1814,1729756816.0,1,6,4090.0,2.4783,0.0,2.4783,9.2751,0.0
61740.52,3.8186,2.1814,1729756826.0,1,6,4100.0,2.4844,0.0,2.4844,9.2983,0.0
61750.52,3.8187,2.1814,1729756836.0,1,6,4110.0,2.4904,0.0,2.4904,9.3214,0.0
61760.52,3.8188,2.1814,1729756846.0,1,6,4120.0,2.4965,0.0,2.4965,9.3446,0.0
61770.52,3.8189,2.1814,1729756856.0,1,6,4130.0,2.5026,0.0,2.5026,9.3677,0.0
61780.52,3.819,2.1813,1729756866.0,1,6,4140.0,2.5086,0.0,2.5086,9.3908,0.0
61790.52,3.8192,2.1814,1729756876.0,1,6,4150.0,2.5147,0.0,2.5147,9.414,0.0
61800.52,3.8193,2.1814,1729756886.0,1,6,4160.0,2.5207,0.0,2.5207,9.4371,0.0
61810.52,3.8194,2.1814,1729756896.0,1,6,4170.0,2.5268,0.0,2.5268,9.4603,0.0
61820.52,3.8195,2.1814,1729756906.0,1,6,4180.0,2.5329,0.0,2.5329,9.4834,0.0
61830.52,3.8196,2.1814,1729756916.0,1,6,4190.0,2.5389,0.0,2.5389,9.5066,0.0
61840.52,3.8198,2.1814,1729756926.0,1,6,4200.0,2.545,0.0,2.545,9.5297,0.0
61850.52,3.8199,2.1814,1729756936.0,1,6,4210.0,2.551,0.0,2.551,9.5529,0.0
61860.52,3.82,2.1815,1729756946.0,1,6,4220.0,2.5571,0.0,2.5571,9.576,0.0
61870.52,3.8201,2.1814,1729756956.0,1,6,4230.0,2.5631,0.0,2.5631,9.5991,0.0
61880.52,3.8203,2.1815,1729756966.0,1,6,4240.0,2.5692,0.0,2.5692,9.6223,0.0
61890.52,3.8204,2.1814,1729756976.0,1,6,4250.0,2.5753,0.0,2.5753,9.6454,0.0
61900.52,3.8205,2.1814,1729756986.0,1,6,4260.0,2.5813,0.0,2.5813,9.6686,0.0
61910.52,3.8207,2.1815,1729756996.0,1,6,4270.0,2.5874,0.0,2.5874,9.6917,0.0
61920.52,3.8208,2.1814,1729757006.0,1,6,4280.0,2.5934,0.0,2.5934,9.7149,0.0
61930.52,3.8209,2.1813,1729757016.0,1,6,4290.0,2.5995,0.0,2.5995,9.7381,0.0
61940.52,3.8211,2.1814,1729757026.0,1,6,4300.0,2.6056,0.0,2.6056,9.7612,0.0
61950.52,3.8212,2.1814,1729757036.0,1,6,4310.0,2.6116,0.0,2.6116,9.7844,0.0
61960.52,3.8213,2.1814,1729757046.0,1,6,4320.0,2.6177,0.0,2.6177,9.8075,0.0
61970.52,3.8215,2.1814,1729757056.0,1,6,4330.0,2.6237,0.0,2.6237,9.8307,0.0
61980.52,3.8216,2.1814,1729757066.0,1,6,4340.0,2.6298,0.0,2.6298,9.8538,0.0
61990.52,3.8218,2.1814,1729757076.0,1,6,4350.0,2.6359,0.0,2.6359,9.877,0.0
62000.52,3.8219,2.1814,1729757086.0,1,6,4360.0,2.6419,0.0,2.6419,9.9001,0.0
62010.52,3.822,2.1815,1729757096.0,1,6,4370.0,2.648,0.0,2.648,9.9233,0.0
62020.52,3.8222,2.1815,1729757106.0,1,6,4380.0,2.654,0.0,2.654,9.9465,0.0
62030.52,3.8223,2.1814,1729757116.0,1,6,4390.0,2.6601,0.0,2.6601,9.9696,0.0
62040.52,3.8225,2.1813,1729757126.0,1,6,4400.0,2.6662,0.0,2.6662,9.9928,0.0
62050.52,3.8226,2.1814,1729757136.0,1,6,4410.0,2.6722,0.0,2.6722,10.0159,0.0
62060.52,3.8228,2.1814,1729757146.0,1,6,4420.0,2.6783,0.0,2.6783,10.0391,0.0
62070.52,3.823,2.1814,1729757156.0,1,6,4430.0,2.6843,0.0,2.6843,10.0623,0.0
62080.52,3.8231,2.1814,1729757166.0,1,6,4440.0,2.6904,0.0,2.6904,10.0854,0.0
62090.52,3.8233,2.1814,1729757176.0,1,6,4450.0,2.6965,0.0,2.6965,10.1086,0.0
62100.52,3.8234,2.1815,1729757186.0,1,6,4460.0,2.7025,0.0,2.7025,10.1318,0.0
62110.52,3.8236,2.1814,1729757196.0,1,6,4470.0,2.7086,0.0,2.7086,10.1549,0.0
62120.52,3.8237,2.1814,1729757206.0,1,6,4480.0,2.7146,0.0,2.7146,10.1781,0.0
62130.52,3.8239,2.1814,1729757216.0,1,6,4490.0,2.7207,0.0,2.7207,10.2013,0.0
62140.52,3.8241,2.1814,1729757226.0,1,6,4500.0,2.7268,0.0,2.7268,10.2245,0.0
62150.52,3.8242,2.1814,1729757236.0,1,6,4510.0,2.7328,0.0,2.7328,10.2476,0.0
62160.52,3.8244,2.1814,1729757246.0,1,6,4520.0,2.7389,0.0,2.7389,10.2708,0.0
62170.52,3.8246,2.1815,1729757256.0,1,6,4530.0,2.7449,0.0,2.7449,10.294,0.0
62180.52,3.8248,2.1814,1729757266.0,1,6,4540.0,2.751,0.0,2.751,10.3172,0.0
62190.52,3.8249,2.1814,1729757276.0,1,6,4550.0,2.7571,0.0,2.7571,10.3403,0.0
62200.52,3.8251,2.1814,1729757286.0,1,6,4560.0,2.7631,0.0,2.7631,10.3635,0.0
62210.52,3.8253,2.1814,1729757296.0,1,6,4570.0,2.7692,0.0,2.7692,10.3867,0.0
62220.52,3.8255,2.1815,1729757306.0,1,6,4580.0,2.7752,0.0,2.7752,10.4099,0.0
62230.52,3.8256,2.1815,1729757316.0,1,6,4590.0,2.7813,0.0,2.7813,10.433,0.0
62240.52,3.8258,2.1814,1729757326.0,1,6,4600.0,2.7874,0.0,2.7874,10.4562,0.0
62250.52,3.826,2.1814,1729757336.0,1,6,4610.0,2.7934,0.0,2.7934,10.4794,0.0
62260.52,3.8262,2.1814,1729757346.0,1,6,4620.0,2.7995,0.0,2.7995,10.5026,0.0
62270.52,3.8264,2.1814,1729757356.0,1,6,4630.0,2.8055,0.0,2.8055,10.5258,0.0
62280.52,3.8266,2.1814,1729757366.0,1,6,4640.0,2.8116,0.0,2.8116,10.549,0.0
62290.52,3.8267,2.1814,1729757376.0,1,6,4650.0,2.8176,0.0,2.8176,10.5722,0.0
62300.52,3.8269,2.1814,1729757386.0,1,6,4660.0,2.8237,0.0,2.8237,10.5953,0.0
62310.52,3.8271,2.1814,1729757396.0,1,6,4670.0,2.8298,0.0,2.8298,10.6185,0.0
62320.52,3.8273,2.1814,1729757406.0,1,6,4680.0,2.8358,0.0,2.8358,10.6417,0.0
62330.52,3.8275,2.1814,1729757416.0,1,6,4690.0,2.8419,0.0,2.8419,10.6649,0.0
62340.52,3.8277,2.1814,1729757426.0,1,6,4700.0,2.8479,0.0,2.8479,10.6881,0.0
62350.52,3.8279,2.1814,1729757436.0,1,6,4710.0,2.854,0.0,2.854,10.7113,0.0
62360.52,3.8281,2.1814,1729757446.0,1,6,4720.0,2.8601,0.0,2.8601,10.7345,0.0
62370.52,3.8283,2.1814,1729757456.0,1,6,4730.0,2.8661,0.0,2.8661,10.7577,0.0
62380.52,3.8285,2.1814,1729757466.0,1,6,4740.0,2.8722,0.0,2.8722,10.7809,0.0
62390.52,3.8287,2.1814,1729757476.0,1,6,4750.0,2.8782,0.0,2.8782,10.8041,0.0
62400.52,3.829,2.1814,1729757486.0,1,6,4760.0,2.8843,0.0,2.8843,10.8273,0.0
62410.52,3.8291,2.1814,1729757496.0,1,6,4770.0,2.8904,0.0,2.8904,10.8505,0.0
62420.52,3.8294,2.1813,1729757506.0,1,6,4780.0,2.8964,0.0,2.8964,10.8737,0.0
62430.52,3.8295,2.1814,1729757516.0,1,6,4790.0,2.9025,0.0,2.9025,10.8969,0.0
62440.52,3.8298,2.1814,1729757526.0,1,6,4800.0,2.9085,0.0,2.9085,10.9201,0.0
62450.52,3.83,2.1814,1729757536.0,1,6,4810.0,2.9146,0.0,2.9146,10.9433,0.0
62460.52,3.8302,2.1814,1729757546.0,1,6,4820.0,2.9207,0.0,2.9207,10.9665,0.0
62470.52,3.8304,2.1814,1729757556.0,1,6,4830.0,2.9267,0.0,2.9267,10.9897,0.0
62480.52,3.8307,2.1814,1729757566.0,1,6,4840.0,2.9328,0.0,2.9328,11.0129,0.0
62490.52,3.8309,2.1815,1729757576.0,1,6,4850.0,2.9388,0.0,2.9388,11.0362,0.0
62500.52,3.8311,2.1814,1729757586.0,1,6,4860.0,2.9449,0.0,2.9449,11.0594,0.0
62510.52,3.8313,2.1815,1729757596.0,1,6,4870.0,2.951,0.0,2.951,11.0826,0.0
62520.52,3.8315,2.1814,1729757606.0,1,6,4880.0,2.957,0.0,2.957,11.1058,0.0
62530.52,3.8318,2.1814,1729757616.0,1,6,4890.0,2.9631,0.0,2.9631,11.129,0.0
62540.52,3.832,2.1814,1729757626.0,1,6,4900.0,2.9691,0.0,2.9691,11.1522,0.0
62550.52,3.8323,2.1815,1729757636.0,1,6,4910.0,2.9752,0.0,2.9752,11.1755,0.0
62560.52,3.8325,2.1814,1729757646.0,1,6,4920.0,2.9813,0.0,2.9813,11.1987,0.0
62570.52,3.8327,2.1815,1729757656.0,1,6,4930.0,2.9873,0.0,2.9873,11.2219,0.0
62580.52,3.833,2.1814,1729757666.0,1,6,4940.0,2.9934,0.0,2.9934,11.2451,0.0
62590.52,3.8332,2.1814,1729757676.0,1,6,4950.0,2.9994,0.0,2.9994,11.2684,0.0
62600.52,3.8334,2.1815,1729757686.0,1,6,4960.0,3.0055,0.0,3.0055,11.2916,0.0
62610.52,3.8337,2.1814,1729757696.0,1,6,4970.0,3.0115,0.0,3.0115,11.3148,0.0
62620.52,3.8339,2.1814,1729757706.0,1,6,4980.0,3.0176,0.0,3.0176,11.338,0.0
62630.52,3.8342,2.1814,1729757716.0,1,6,4990.0,3.0237,0.0,3.0237,11.3613,0.0
62640.52,3.8344,2.1814,1729757726.0,1,6,5000.0,3.0297,0.0,3.0297,11.3845,0.0
62650.52,3.8346,2.1814,1729757736.0,1,6,5010.0,3.0358,0.0,3.0358,11.4077,0.0
62660.52,3.8349,2.1814,1729757746.0,1,6,5020.0,3.0418,0.0,3.0418,11.431,0.0
62670.52,3.8352,2.1815,1729757756.0,1,6,5030.0,3.0479,0.0,3.0479,11.4542,0.0
62680.52,3.8354,2.1813,1729757766.0,1,6,5040.0,3.054,0.0,3.054,11.4775,0.0
62690.52,3.8357,2.1814,1729757776.0,1,6,5050.0,3.06,0.0,3.06,11.5007,0.0
62700.52,3.8359,2.1814,1729757786.0,1,6,5060.0,3.0661,0.0,3.0661,11.5239,0.0
62710.52,3.8362,2.1814,1729757796.0,1,6,5070.0,3.0721,0.0,3.0721,11.5472,0.0
62720.52,3.8364,2.1814,1729757806.0,1,6,5080.0,3.0782,0.0,3.0782,11.5704,0.0
62730.52,3.8367,2.1816,1729757816.0,1,6,5090.0,3.0843,0.0,3.0843,11.5937,0.0
62740.52,3.837,2.1814,1729757826.0,1,6,5100.0,3.0903,0.0,3.0903,11.6169,0.0
62750.52,3.8372,2.1814,1729757836.0,1,6,5110.0,3.0964,0.0,3.0964,11.6402,0.0
62760.52,3.8375,2.1814,1729757846.0,1,6,5120.0,3.1024,0.0,3.1024,11.6634,0.0
62770.52,3.8377,2.1814,1729757856.0,1,6,5130.0,3.1085,0.0,3.1085,11.6867,0.0
62780.52,3.838,2.1814,1729757866.0,1,6,5140.0,3.1146,0.0,3.1146,11.7099,0.0
62790.52,3.8383,2.1814,1729757876.0,1,6,5150.0,3.1206,0.0,3.1206,11.7332,0.0
62800.52,3.8386,2.1814,1729757886.0,1,6,5160.0,3.1267,0.0,3.1267,11.7565,0.0
62810.52,3.8388,2.1814,1729757896.0,1,6,5170.0,3.1327,0.0,3.1327,11.7797,0.0
62820.52,3.8391,2.1814,1729757906.0,1,6,5180.0,3.1388,0.0,3.1388,11.803,0.0
62830.52,3.8394,2.1814,1729757916.0,1,6,5190.0,3.1449,0.0,3.1449,11.8262,0.0
62840.52,3.8397,2.1813,1729757926.0,1,6,5200.0,3.1509,0.0,3.1509,11.8495,0.0
62850.52,3.84,2.1814,1729757936.0,1,6,5210.0,3.157,0.0,3.157,11.8728,0.0
62860.52,3.8402,2.1814,1729757946.0,1,6,5220.0,3.163,0.0,3.163,11.896,0.0
62870.52,3.8405,2.1814,1729757956.0,1,6,5230.0,3.1691,0.0,3.1691,11.9193,0.0
62880.52,3.8408,2.1814,1729757966.0,1,6,5240.0,3.1752,0.0,3.1752,11.9426,0.0
62890.52,3.8412,2.1814,1729757976.0,1,6,5250.0,3.1812,0.0,3.1812,11.9659,0.0
62900.52,3.8414,2.1814,1729757986.0,1,6,5260.0,3.1873,0.0,3.1873,11.9891,0.0
62910.52,3.8417,2.1814,1729757996.0,1,6,5270.0,3.1933,0.0,3.1933,12.0124,0.0
62920.52,3.842,2.1814,1729758006.0,1,6,5280.0,3.1994,0.0,3.1994,12.0357,0.0
62930.52,3.8424,2.1815,1729758016.0,1,6,5290.0,3.2055,0.0,3.2055,12.059,0.0
62940.52,3.8426,2.1814,1729758026.0,1,6,5300.0,3.2115,0.0,3.2115,12.0823,0.0
62950.52,3.8429,2.1814,1729758036.0,1,6,5310.0,3.2176,0.0,3.2176,12.1056,0.0
62960.52,3.8432,2.1814,1729758046.0,1,6,5320.0,3.2236,0.0,3.2236,12.1288,0.0
62970.52,3.8435,2.1814,1729758056.0,1,6,5330.0,3.2297,0.0,3.2297,12.1521,0.0
62980.52,3.8439,2.1814,1729758066.0,1,6,5340.0,3.2358,0.0,3.2358,12.1754,0.0
62990.52,3.8442,2.1814,1729758076.0,1,6,5350.0,3.2418,0.0,3.2418,12.1987,0.0
63000.52,3.8445,2.1814,1729758086.0,1,6,5360.0,3.2479,0.0,3.2479,12.222,0.0
63010.52,3.8448,2.1815,1729758096.0,1,6,5370.0,3.2539,0.0,3.2539,12.2453,0.0
63020.52,3.8451,2.1814,1729758106.0,1,6,5380.0,3.26,0.0,3.26,12.2686,0.0
63030.52,3.8455,2.1814,1729758116.0,1,6,5390.0,3.266,0.0,3.266,12.2919,0.0
63040.52,3.8458,2.1815,1729758126.0,1,6,5400.0,3.2721,0.0,3.2721,12.3152,0.0
63050.52,3.8461,2.1815,1729758136.0,1,6,5410.0,3.2782,0.0,3.2782,12.3385,0.0
63060.52,3.8464,2.1814,1729758146.0,1,6,5420.0,3.2842,0.0,3.2842,12.3618,0.0
63070.52,3.8467,2.1814,1729758156.0,1,6,5430.0,3.2903,0.0,3.2903,12.3851,0.0
63080.52,3.8471,2.1814,1729758166.0,1,6,5440.0,3.2963,0.0,3.2963,12.4084,0.0
63090.52,3.8474,2.1814,1729758176.0,1,6,5450.0,3.3024,0.0,3.3024,12.4317,0.0
63100.52,3.8477,2.1815,1729758186.0,1,6,5460.0,3.3085,0.0,3.3085,12.4551,0.0
63110.52,3.8481,2.1814,1729758196.0,1,6,5470.0,3.3145,0.0,3.3145,12.4784,0.0
63120.52,3.8484,2.1813,1729758206.0,1,6,5480.0,3.3206,0.0,3.3206,12.5017,0.0
63130.52,3.8487,2.1814,1729758216.0,1,6,5490.0,3.3266,0.0,3.3266,12.525,0.0
63140.52,3.8491,2.1814,1729758226.0,1,6,5500.0,3.3327,0.0,3.3327,12.5483,0.0
63150.52,3.8494,2.1814,1729758236.0,1,6,5510.0,3.3388,0.0,3.3388,12.5717,0.0
63160.52,3.8498,2.1815,1729758246.0,1,6,5520.0,3.3448,0.0,3.3448,12.595,0.0
63170.52,3.8501,2.1814,1729758256.0,1,6,5530.0,3.3509,0.0,3.3509,12.6183,0.0
63180.52,3.8505,2.1814,1729758266.0,1,6,5540.0,3.3569,0.0,3.3569,12.6416,0.0
63190.52,3.8508,2.1814,1729758276.0,1,6,5550.0,3.363,0.0,3.363,12.665,0.0
63200.52,3.8512,2.1814,1729758286.0,1,6,5560.0,3.3691,0.0,3.3691,12.6883,0.0
63210.52,3.8516,2.1814,1729758296.0,1,6,5570.0,3.3751,0.0,3.3751,12.7117,0.0
63220.52,3.8519,2.1814,1729758306.0,1,6,5580.0,3.3812,0.0,3.3812,12.735,0.0
63230.52,3.8522,2.1814,1729758316.0,1,6,5590.0,3.3872,0.0,3.3872,12.7583,0.0
63240.52,3.8526,2.1814,1729758326.0,1,6,5600.0,3.3933,0.0,3.3933,12.7817,0.0
63250.52,3.853,2.1814,1729758336.0,1,6,5610.0,3.3994,0.0,3.3994,12.805,0.0
63260.52,3.8534,2.1815,1729758346.0,1,6,5620.0,3.4054,0.0,3.4054,12.8284,0.0
63270.52,3.8537,2.1814,1729758356.0,1,6,5630.0,3.4115,0.0,3.4115,12.8517,0.0
63280.52,3.8541,2.1815,1729758366.0,1,6,5640.0,3.4175,0.0,3.4175,12.8751,0.0
63290.52,3.8545,2.1814,1729758376.0,1,6,5650.0,3.4236,0.0,3.4236,12.8984,0.0
63300.52,3.8549,2.1814,1729758386.0,1,6,5660.0,3.4297,0.0,3.4297,12.9218,0.0
63310.52,3.8552,2.1815,1729758396.0,1,6,5670.0,3.4357,0.0,3.4357,12.9451,0.0
63320.52,3.8556,2.1814,1729758406.0,1,6,5680.0,3.4418,0.0,3.4418,12.9685,0.0
63330.52,3.856,2.1813,1729758416.0,1,6,5690.0,3.4478,0.0,3.4478,12.9919,0.0
63340.52,3.8563,2.1814,1729758426.0,1,6,5700.0,3.4539,0.0,3.4539,13.0152,0.0
63350.52,3.8567,2.1814,1729758436.0,1,6,5710.0,3.46,0.0,3.46,13.0386,0.0
63360.52,3.8572,2.1814,1729758446.0,1,6,5720.0,3.466,0.0,3.466,13.062,0.0
63370.52,3.8575,2.1815,1729758456.0,1,6,5730.0,3.4721,0.0,3.4721,13.0854,0.0
63380.52,3.8579,2.1814,1729758466.0,1,6,5740.0,3.4781,0.0,3.4781,13.1087,0.0
63390.52,3.8583,2.1814,1729758476.0,1,6,5750.0,3.4842,0.0,3.4842,13.1321,0.0
63400.52,3.8587,2.1814,1729758486.0,1,6,5760.0,3.4902,0.0,3.4902,13.1555,0.0
63410.52,3.8591,2.1814,1729758496.0,1,6,5770.0,3.4963,0.0,3.4963,13.1789,0.0
63420.52,3.8595,2.1814,1729758506.0,1,6,5780.0,3.5024,0.0,3.5024,13.2023,0.0
63430.52,3.8599,2.1814,1729758516.0,1,6,5790.0,3.5084,0.0,3.5084,13.2256,0.0
63440.52,3.8604,2.1814,1729758526.0,1,6,5800.0,3.5145,0.0,3.5145,13.249,0.0
63450.52,3.8607,2.1814,1729758536.0,1,6,5810.0,3.5205,0.0,3.5205,13.2724,0.0
63460.52,3.8612,2.1813,1729758546.0,1,6,5820.0,3.5266,0.0,3.5266,13.2958,0.0
63470.52,3.8616,2.1814,1729758556.0,1,6,5830.0,3.5327,0.0,3.5327,13.3192,0.0
63480.52,3.862,2.1813,1729758566.0,1,6,5840.0,3.5387,0.0,3.5387,13.3426,0.0
63490.52,3.8624,2.1814,1729758576.0,1,6,5850.0,3.5448,0.0,3.5448,13.366,0.0
63500.52,3.8629,2.1814,1729758586.0,1,6,5860.0,3.5508,0.0,3.5508,13.3894,0.0
63510.52,3.8633,2.1814,1729758596.0,1,6,5870.0,3.5569,0.0,3.5569,13.4128,0.0
63520.52,3.8637,2.1814,1729758606.0,1,6,5880.0,3.563,0.0,3.563,13.4362,0.0
63530.52,3.8642,2.1814,1729758616.0,1,6,5890.0,3.569,0.0,3.569,13.4597,0.0
63540.52,3.8646,2.1814,1729758626.0,1,6,5900.0,3.5751,0.0,3.5751,13.4831,0.0
63550.52,3.865,2.1814,1729758636.0,1,6,5910.0,3.5811,0.0,3.5811,13.5065,0.0
63560.52,3.8655,2.1814,1729758646.0,1,6,5920.0,3.5872,0.0,3.5872,13.5299,0.0
63570.52,3.8659,2.1814,1729758656.0,1,6,5930.0,3.5933,0.0,3.5933,13.5533,0.0
63580.52,3.8664,2.1814,1729758666.0,1,6,5940.0,3.5993,0.0,3.5993,13.5768,0.0
63590.52,3.8668,2.1814,1729758676.0,1,6,5950.0,3.6054,0.0,3.6054,13.6002,0.0
63600.52,3.8673,2.1813,1729758686.0,1,6,5960.0,3.6114,0.0,3.6114,13.6236,0.0
63610.52,3.8677,2.1814,1729758696.0,1,6,5970.0,3.6175,0.0,3.6175,13.6471,0.0
63620.52,3.8682,2.1814,1729758706.0,1,6,5980.0,3.6236,0.0,3.6236,13.6705,0.0
63630.52,3.8687,2.1814,1729758716.0,1,6,5990.0,3.6296,0.0,3.6296,13.6939,0.0
63640.52,3.8692,2.1814,1729758726.0,1,6,6000.0,3.6357,0.0,3.6357,13.7174,0.0
63650.52,3.8696,2.1815,1729758736.0,1,6,6010.0,3.6417,0.0,3.6417,13.7408,0.0
63660.52,3.8701,2.1814,1729758746.0,1,6,6020.0,3.6478,0.0,3.6478,13.7643,0.0
63670.52,3.8706,2.1815,1729758756.0,1,6,6030.0,3.6539,0.0,3.6539,13.7877,0.0
63680.52,3.871,2.1815,1729758766.0,1,6,6040.0,3.6599,0.0,3.6599,13.8112,0.0
63690.52,3.8715,2.1815,1729758776.0,1,6,6050.0,3.666,0.0,3.666,13.8346,0.0
63700.52,3.872,2.1814,1729758786.0,1,6,6060.0,3.672,0.0,3.672,13.8581,0.0
63710.52,3.8725,2.1814,1729758796.0,1,6,6070.0,3.6781,0.0,3.6781,13.8816,0.0
63720.52,3.873,2.1815,1729758806.0,1,6,6080.0,3.6842,0.0,3.6842,13.905,0.0
63730.52,3.8735,2.1814,1729758816.0,1,6,6090.0,3.6902,0.0,3.6902,13.9285,0.0
63740.52,3.8739,2.1814,1729758826.0,1,6,6100.0,3.6963,0.0,3.6963,13.952,0.0
63750.52,3.8745,2.1813,1729758836.0,1,6,6110.0,3.7023,0.0,3.7023,13.9755,0.0
63760.52,3.875,2.1814,1729758846.0,1,6,6120.0,3.7084,0.0,3.7084,13.9989,0.0
63770.52,3.8755,2.1814,1729758856.0,1,6,6130.0,3.7144,0.0,3.7144,14.0224,0.0
63780.52,3.876,2.1814,1729758866.0,1,6,6140.0,3.7205,0.0,3.7205,14.0459,0.0
63790.52,3.8765,2.1814,1729758876.0,1,6,6150.0,3.7266,0.0,3.7266,14.0694,0.0
63800.52,3.877,2.1814,1729758886.0,1,6,6160.0,3.7326,0.0,3.7326,14.0929,0.0
63810.52,3.8776,2.1814,1729758896.0,1,6,6170.0,3.7387,0.0,3.7387,14.1164,0.0
63820.52,3.8781,2.1815,1729758906.0,1,6,6180.0,3.7447,0.0,3.7447,14.1399,0.0
63830.52,3.8786,2.1814,1729758916.0,1,6,6190.0,3.7508,0.0,3.7508,14.1634,0.0
63840.52,3.8792,2.1815,1729758926.0,1,6,6200.0,3.7569,0.0,3.7569,14.1869,0.0
63850.52,3.8797,2.1814,1729758936.0,1,6,6210.0,3.7629,0.0,3.7629,14.2104,0.0
63860.52,3.8803,2.1814,1729758946.0,1,6,6220.0,3.769,0.0,3.769,14.2339,0.0
63870.52,3.8808,2.1814,1729758956.0,1,6,6230.0,3.775,0.0,3.775,14.2574,0.0
63880.52,3.8813,2.1813,1729758966.0,1,6,6240.0,3.7811,0.0,3.7811,14.2809,0.0
63890.52,3.8819,2.1814,1729758976.0,1,6,6250.0,3.7872,0.0,3.7872,14.3044,0.0
63900.52,3.8824,2.1814,1729758986.0,1,6,6260.0,3.7932,0.0,3.7932,14.328,0.0
63910.52,3.883,2.1814,1729758996.0,1,6,6270.0,3.7993,0.0,3.7993,14.3515,0.0
63920.52,3.8835,2.1815,1729759006.0,1,6,6280.0,3.8053,0.0,3.8053,14.375,0.0
63930.52,3.8841,2.1814,1729759016.0,1,6,6290.0,3.8114,0.0,3.8114,14.3986,0.0
63940.52,3.8847,2.1813,1729759026.0,1,6,6300.0,3.8175,0.0,3.8175,14.4221,0.0
63950.52,3.8853,2.1814,1729759036.0,1,6,6310.0,3.8235,0.0,3.8235,14.4456,0.0
63960.52,3.8859,2.1814,1729759046.0,1,6,6320.0,3.8296,0.0,3.8296,14.4692,0.0
63970.52,3.8864,2.1814,1729759056.0,1,6,6330.0,3.8356,0.0,3.8356,14.4927,0.0
63980.52,3.887,2.1814,1729759066.0,1,6,6340.0,3.8417,0.0,3.8417,14.5163,0.0
63990.52,3.8876,2.1814,1729759076.0,1,6,6350.0,3.8478,0.0,3.8478,14.5398,0.0
64000.52,3.8882,2.1814,1729759086.0,1,6,6360.0,3.8538,0.0,3.8538,14.5634,0.0
64010.52,3.8888,2.1814,1729759096.0,1,6,6370.0,3.8599,0.0,3.8599,14.587,0.0
64020.52,3.8895,2.1814,1729759106.0,1,6,6380.0,3.8659,0.0,3.8659,14.6105,0.0
64030.52,3.8901,2.1814,1729759116.0,1,6,6390.0,3.872,0.0,3.872,14.6341,0.0
64040.52,3.8907,2.1814,1729759126.0,1,6,6400.0,3.8781,0.0,3.8781,14.6577,0.0
64050.52,3.8913,2.1814,1729759136.0,1,6,6410.0,3.8841,0.0,3.8841,14.6813,0.0
64060.52,3.892,2.1814,1729759146.0,1,6,6420.0,3.8902,0.0,3.8902,14.7048,0.0
64070.52,3.8926,2.1814,1729759156.0,1,6,6430.0,3.8962,0.0,3.8962,14.7284,0.0
64080.52,3.8932,2.1814,1729759166.0,1,6,6440.0,3.9023,0.0,3.9023,14.752,0.0
64090.52,3.8939,2.1814,1729759176.0,1,6,6450.0,3.9084,0.0,3.9084,14.7756,0.0
64100.52,3.8945,2.1814,1729759186.0,1,6,6460.0,3.9144,0.0,3.9144,14.7992,0.0
64110.52,3.8952,2.1814,1729759196.0,1,6,6470.0,3.9205,0.0,3.9205,14.8228,0.0
64120.52,3.8958,2.1815,1729759206.0,1,6,6480.0,3.9265,0.0,3.9265,14.8464,0.0
64130.52,3.8964,2.1814,1729759216.0,1,6,6490.0,3.9326,0.0,3.9326,14.87,0.0
64140.52,3.8971,2.1814,1729759226.0,1,6,6500.0,3.9386,0.0,3.9386,14.8936,0.0
64150.52,3.8978,2.1814,1729759236.0,1,6,6510.0,3.9447,0.0,3.9447,14.9172,0.0
64160.52,3.8984,2.1814,1729759246.0,1,6,6520.0,3.9508,0.0,3.9508,14.9409,0.0
64170.52,3.8991,2.1814,1729759256.0,1,6,6530.0,3.9568,0.0,3.9568,14.9645,0.0
64180.52,3.8997,2.1814,1729759266.0,1,6,6540.0,3.9629,0.0,3.9629,14.9881,0.0
64190.52,3.9004,2.1814,1729759276.0,1,6,6550.0,3.9689,0.0,3.9689,15.0117,0.0
64200.52,3.9011,2.1814,1729759286.0,1,6,6560.0,3.975,0.0,3.975,15.0354,0.0
64210.52,3.9017,2.1814,1729759296.0,1,6,6570.0,3.9811,0.0,3.9811,15.059,0.0
64220.52,3.9023,2.1814,1729759306.0,1,6,6580.0,3.9871,0.0,3.9871,15.0827,0.0
64230.52,3.903,2.1814,1729759316.0,1,6,6590.0,3.9932,0.0,3.9932,15.1063,0.0
64240.52,3.9037,2.1815,1729759326.0,1,6,6600.0,3.9992,0.0,3.9992,15.13,0.0
64250.52,3.9043,2.1813,1729759336.0,1,6,6610.0,4.0053,0.0,4.0053,15.1536,0.0
64260.52,3.905,2.1814,1729759346.0,1,6,6620.0,4.0114,0.0,4.0114,15.1773,0.0
64270.52,3.9057,2.1814,1729759356.0,1,6,6630.0,4.0174,0.0,4.0174,15.2009,0.0
64280.52,3.9063,2.1814,1729759366.0,1,6,6640.0,4.0235,0.0,4.0235,15.2246,0.0
64290.52,3.9069,2.1814,1729759376.0,1,6,6650.0,4.0295,0.0,4.0295,15.2483,0.0
64300.52,3.9076,2.1813,1729759386.0,1,6,6660.0,4.0356,0.0,4.0356,15.272,0.0
64310.52,3.9082,2.1814,1729759396.0,1,6,6670.0,4.0417,0.0,4.0417,15.2956,0.0
64320.52,3.9089,2.1814,1729759406.0,1,6,6680.0,4.0477,0.0,4.0477,15.3193,0.0
64330.52,3.9095,2.1813,1729759416.0,1,6,6690.0,4.0538,0.0,4.0538,15.343,0.0
64340.52,3.9102,2.1814,1729759426.0,1,6,6700.0,4.0598,0.0,4.0598,15.3667,0.0
64350.52,3.9107,2.1815,1729759436.0,1,6,6710.0,4.0659,0.0,4.0659,15.3904,0.0
64360.52,3.9114,2.1814,1729759446.0,1,6,6720.0,4.072,0.0,4.072,15.4141,0.0
64370.52,3.912,2.1814,1729759456.0,1,6,6730.0,4.078,0.0,4.078,15.4378,0.0
64380.52,3.9126,2.1814,1729759466.0,1,6,6740.0,4.0841,0.0,4.0841,15.4615,0.0
64390.52,3.9132,2.1815,1729759476.0,1,6,6750.0,4.0901,0.0,4.0901,15.4852,0.0
64400.52,3.9137,2.1814,1729759486.0,1,6,6760.0,4.0962,0.0,4.0962,15.5089,0.0
64410.52,3.9143,2.1814,1729759496.0,1,6,6770.0,4.1023,0.0,4.1023,15.5326,0.0
64420.52,3.9149,2.1814,1729759506.0,1,6,6780.0,4.1083,0.0,4.1083,15.5564,0.0
64430.52,3.9155,2.1814,1729759516.0,1,6,6790.0,4.1144,0.0,4.1144,15.5801,0.0
64440.52,3.916,2.1814,1729759526.0,1,6,6800.0,4.1204,0.0,4.1204,15.6038,0.0
64450.52,3.9166,2.1814,1729759536.0,1,6,6810.0,4.1265,0.0,4.1265,15.6275,0.0
64460.52,3.9171,2.1815,1729759546.0,1,6,6820.0,4.1326,0.0,4.1326,15.6513,0.0
64470.52,3.9177,2.1815,1729759556.0,1,6,6830.0,4.1386,0.0,4.1386,15.675,0.0
64480.52,3.9182,2.1814,1729759566.0,1,6,6840.0,4.1447,0.0,4.1447,15.6988,0.0
64490.52,3.9188,2.1814,1729759576.0,1,6,6850.0,4.1507,0.0,4.1507,15.7225,0.0
64500.52,3.9192,2.1814,1729759586.0,1,6,6860.0,4.1568,0.0,4.1568,15.7463,0.0
64510.52,3.9197,2.1814,1729759596.0,1,6,6870.0,4.1629,0.0,4.1629,15.77,0.0
64520.52,3.9203,2.1814,1729759606.0,1,6,6880.0,4.1689,0.0,4.1689,15.7938,0.0
64530.52,3.9208,2.1815,1729759616.0,1,6,6890.0,4.175,0.0,4.175,15.8175,0.0
64540.52,3.9213,2.1813,1729759626.0,1,6,6900.0,4.181,0.0,4.181,15.8413,0.0
64550.52,3.9218,2.1814,1729759636.0,1,6,6910.0,4.1871,0.0,4.1871,15.865,0.0
64560.52,3.9223,2.1814,1729759646.0,1,6,6920.0,4.1931,0.0,4.1931,15.8888,0.0
64570.52,3.9227,2.1814,1729759656.0,1,6,6930.0,4.1992,0.0,4.1992,15.9126,0.0
64580.52,3.9233,2.1814,1729759666.0,1,6,6940.0,4.2053,0.0,4.2053,15.9363,0.0
64590.52,3.9238,2.1814,1729759676.0,1,6,6950.0,4.2113,0.0,4.2113,15.9601,0.0
64600.52,3.9242,2.1814,1729759686.0,1,6,6960.0,4.2174,0.0,4.2174,15.9839,0.0
64610.52,3.9247,2.1814,1729759696.0,1,6,6970.0,4.2234,0.0,4.2234,16.0077,0.0
64620.52,3.9252,2.1813,1729759706.0,1,6,6980.0,4.2295,0.0,4.2295,16.0315,0.0
64630.52,3.9256,2.1815,1729759716.0,1,6,6990.0,4.2356,0.0,4.2356,16.0552,0.0
64640.52,3.9261,2.1814,1729759726.0,1,6,7000.0,4.2416,0.0,4.2416,16.079,0.0
64650.52,3.9266,2.1814,1729759736.0,1,6,7010.0,4.2477,0.0,4.2477,16.1028,0.0
64660.52,3.9271,2.1814,1729759746.0,1,6,7020.0,4.2537,0.0,4.2537,16.1266,0.0
64670.52,3.9275,2.1814,1729759756.0,1,6,7030.0,4.2598,0.0,4.2598,16.1504,0.0
64680.52,3.928,2.1814,1729759766.0,1,6,7040.0,4.2659,0.0,4.2659,16.1742,0.0
64690.52,3.9285,2.1814,1729759776.0,1,6,7050.0,4.2719,0.0,4.2719,16.198,0.0
64700.52,3.9289,2.1814,1729759786.0,1,6,7060.0,4.278,0.0,4.278,16.2218,0.0
64710.52,3.9294,2.1814,1729759796.0,1,6,7070.0,4.284,0.0,4.284,16.2456,0.0
64720.52,3.9298,2.1814,1729759806.0,1,6,7080.0,4.2901,0.0,4.2901,16.2694,0.0
64730.52,3.9303,2.1814,1729759816.0,1,6,7090.0,4.2962,0.0,4.2962,16.2932,0.0
64740.52,3.9307,2.1814,1729759826.0,1,6,7100.0,4.3022,0.0,4.3022,16.3171,0.0
64750.52,3.9312,2.1814,1729759836.0,1,6,7110.0,4.3083,0.0,4.3083,16.3409,0.0
64760.52,3.9317,2.1813,1729759846.0,1,6,7120.0,4.3143,0.0,4.3143,16.3647,0.0
64770.52,3.9321,2.1814,1729759856.0,1,6,7130.0,4.3204,0.0,4.3204,16.3885,0.0
64780.52,3.9326,2.1813,1729759866.0,1,6,7140.0,4.3265,0.0,4.3265,16.4124,0.0
64790.52,3.933,2.1814,1729759876.0,1,6,7150.0,4.3325,0.0,4.3325,16.4362,0.0
64800.52,3.9335,2.1814,1729759886.0,1,6,7160.0,4.3386,0.0,4.3386,16.46,0.0
64810.52,3.934,2.1814,1729759896.0,1,6,7170.0,4.3446,0.0,4.3446,16.4839,0.0
64820.52,3.9344,2.1814,1729759906.0,1,6,7180.0,4.3507,0.0,4.3507,16.5077,0.0
64830.52,3.9349,2.1814,1729759916.0,1,6,7190.0,4.3568,0.0,4.3568,16.5315,0.0
64840.52,3.9354,2.1813,1729759926.0,1,6,7200.0,4.3628,0.0,4.3628,16.5554,0.0
64850.52,3.9358,2.1814,1729759936.0,1,6,7210.0,4.3689,0.0,4.3689,16.5792,0.0
64860.52,3.9363,2.1814,1729759946.0,1,6,7220.0,4.3749,0.0,4.3749,16.6031,0.0
64870.52,3.9368,2.1814,1729759956.0,1,6,7230.0,4.381,0.0,4.381,16.6269,0.0
64880.52,3.9372,2.1814,1729759966.0,1,6,7240.0,4.387,0.0,4.387,16.6508,0.0
64890.52,3.9377,2.1813,1729759976.0,1,6,7250.0,4.3931,0.0,4.3931,16.6746,0.0
64900.52,3.9382,2.1814,1729759986.0,1,6,7260.0,4.3992,0.0,4.3992,16.6985,0.0
64910.52,3.9386,2.1814,1729759996.0,1,6,7270.0,4.4052,0.0,4.4052,16.7224,0.0
64920.52,3.9391,2.1815,1729760006.0,1,6,7280.0,4.4113,0.0,4.4113,16.7462,0.0
64930.52,3.9396,2.1813,1729760016.0,1,6,7290.0,4.4173,0.0,4.4173,16.7701,0.0
64940.52,3.94,2.1814,1729760026.0,1,6,7300.0,4.4234,0.0,4.4234,16.794,0.0
64950.52,3.9405,2.1814,1729760036.0,1,6,7310.0,4.4295,0.0,4.4295,16.8179,0.0
64960.52,3.941,2.1814,1729760046.0,1,6,7320.0,4.4355,0.0,4.4355,16.8417,0.0
64970.52,3.9414,2.1813,1729760056.0,1,6,7330.0,4.4416,0.0,4.4416,16.8656,0.0
64980.52,3.942,2.1814,1729760066.0,1,6,7340.0,4.4476,0.0,4.4476,16.8895,0.0
64990.52,3.9424,2.1814,1729760076.0,1,6,7350.0,4.4537,0.0,4.4537,16.9134,0.0
65000.52,3.9429,2.1814,1729760086.0,1,6,7360.0,4.4598,0.0,4.4598,16.9373,0.0
65010.52,3.9434,2.1813,1729760096.0,1,6,7370.0,4.4658,0.0,4.4658,16.9612,0.0
65020.52,3.9438,2.1814,1729760106.0,1,6,7380.0,4.4719,0.0,4.4719,16.9851,0.0
65030.52,3.9443,2.1814,1729760116.0,1,6,7390.0,4.4779,0.0,4.4779,17.009,0.0
65040.52,3.9448,2.1814,1729760126.0,1,6,7400.0,4.484,0.0,4.484,17.0329,0.0
65050.52,3.9453,2.1814,1729760136.0,1,6,7410.0,4.4901,0.0,4.4901,17.0568,0.0
65060.52,3.9458,2.1814,1729760146.0,1,6,7420.0,4.4961,0.0,4.4961,17.0807,0.0
65070.52,3.9463,2.1814,1729760156.0,1,6,7430.0,4.5022,0.0,4.5022,17.1046,0.0
65080.52,3.9468,2.1815,1729760166.0,1,6,7440.0,4.5082,0.0,4.5082,17.1285,0.0
65090.52,3.9473,2.1814,1729760176.0,1,6,7450.0,4.5143,0.0,4.5143,17.1524,0.0
65100.52,3.9477,2.1814,1729760186.0,1,6,7460.0,4.5204,0.0,4.5204,17.1763,0.0
65110.52,3.9482,2.1814,1729760196.0,1,6,7470.0,4.5264,0.0,4.5264,17.2003,0.0
65120.52,3.9487,2.1814,1729760206.0,1,6,7480.0,4.5325,0.0,4.5325,17.2242,0.0
65130.52,3.9492,2.1814,1729760216.0,1,6,7490.0,4.5385,0.0,4.5385,17.2481,0.0
65140.52,3.9497,2.1814,1729760226.0,1,6,7500.0,4.5446,0.0,4.5446,17.2721,0.0
65150.52,3.9502,2.1814,1729760236.0,1,6,7510.0,4.5507,0.0,4.5507,17.296,0.0
65160.52,3.9507,2.1814,1729760246.0,1,6,7520.0,4.5567,0.0,4.5567,17.3199,0.0
65170.52,3.9512,2.1814,1729760256.0,1,6,7530.0,4.5628,0.0,4.5628,17.3439,0.0
65180.52,3.9517,2.1814,1729760266.0,1,6,7540.0,4.5688,0.0,4.5688,17.3678,0.0
65190.52,3.9522,2.1814,1729760276.0,1,6,7550.0,4.5749,0.0,4.5749,17.3918,0.0
65200.52,3.9527,2.1814,1729760286.0,1,6,7560.0,4.5809,0.0,4.5809,17.4157,0.0
65210.52,3.9532,2.1815,1729760296.0,1,6,7570.0,4.587,0.0,4.587,17.4397,0.0
65220.52,3.9537,2.1814,1729760306.0,1,6,7580.0,4.5931,0.0,4.5931,17.4636,0.0
65230.52,3.9542,2.1814,1729760316.0,1,6,7590.0,4.5991,0.0,4.5991,17.4876,0.0
65240.52,3.9547,2.1814,1729760326.0,1,6,7600.0,4.6052,0.0,4.6052,17.5115,0.0
65250.52,3.9552,2.1814,1729760336.0,1,6,7610.0,4.6112,0.0,4.6112,17.5355,0.0
65260.52,3.9557,2.1814,1729760346.0,1,6,7620.0,4.6173,0.0,4.6173,17.5595,0.0
65270.52,3.9563,2.1814,1729760356.0,1,6,7630.0,4.6234,0.0,4.6234,17.5834,0.0
65280.52,3.9568,2.1814,1729760366.0,1,6,7640.0,4.6294,0.0,4.6294,17.6074,0.0
65290.52,3.9572,2.1813,1729760376.0,1,6,7650.0,4.6355,0.0,4.6355,17.6314,0.0
65300.52,3.9577,2.1814,1729760386.0,1,6,7660.0,4.6415,0.0,4.6415,17.6554,0.0
65310.52,3.9583,2.1814,1729760396.0,1,6,7670.0,4.6476,0.0,4.6476,17.6794,0.0
65320.52,3.9588,2.1814,1729760405.0,1,6,7680.0,4.6537,0.0,4.6537,17.7033,0.0
65330.52,3.9593,2.1814,1729760415.0,1,6,7690.0,4.6597,0.0,4.6597,17.7273,0.0
65340.52,3.9599,2.1814,1729760425.0,1,6,7700.0,4.6658,0.0,4.6658,17.7513,0.0
65350.52,3.9604,2.1814,1729760435.0,1,6,7710.0,4.6718,0.0,4.6718,17.7753,0.0
65360.52,3.9609,2.1814,1729760445.0,1,6,7720.0,4.6779,0.0,4.6779,17.7993,0.0
65370.52,3.9614,2.1813,1729760455.0,1,6,7730.0,4.684,0.0,4.684,17.8233,0.0
65380.52,3.9619,2.1815,1729760465.0,1,6,7740.0,4.69,0.0,4.69,17.8473,0.0
65390.52,3.9624,2.1814,1729760475.0,1,6,7750.0,4.6961,0.0,4.6961,17.8713,0.0
65400.52,3.9629,2.1814,1729760485.0,1,6,7760.0,4.7021,0.0,4.7021,17.8953,0.0
65410.52,3.9634,2.1814,1729760495.0,1,6,7770.0,4.7082,0.0,4.7082,17.9194,0.0
65420.52,3.964,2.1814,1729760505.0,1,6,7780.0,4.7143,0.0,4.7143,17.9434,0.0
65430.52,3.9645,2.1814,1729760515.0,1,6,7790.0,4.7203,0.0,4.7203,17.9674,0.0
65440.52,3.965,2.1814,1729760525.0,1,6,7800.0,4.7264,0.0,4.7264,17.9914,0.0
65450.52,3.9656,2.1814,1729760535.0,1,6,7810.0,4.7324,0.0,4.7324,18.0154,0.0
65460.52,3.9661,2.1814,1729760545.0,1,6,7820.0,4.7385,0.0,4.7385,18.0395,0.0
65470.52,3.9666,2.1814,1729760555.0,1,6,7830.0,4.7446,0.0,4.7446,18.0635,0.0
65480.52,3.9671,2.1814,1729760565.0,1,6,7840.0,4.7506,0.0,4.7506,18.0875,0.0
65490.52,3.9677,2.1814,1729760575.0,1,6,7850.0,4.7567,0.0,4.7567,18.1116,0.0
65500.52,3.9682,2.1813,1729760585.0,1,6,7860.0,4.7627,0.0,4.7627,18.1356,0.0
65510.52,3.9687,2.1814,1729760595.0,1,6,7870.0,4.7688,0.0,4.7688,18.1597,0.0
65520.52,3.9692,2.1813,1729760605.0,1,6,7880.0,4.7748,0.0,4.7748,18.1837,0.0
65530.52,3.9697,2.1814,1729760615.0,1,6,7890.0,4.7809,0.0,4.7809,18.2078,0.0
65540.52,3.9703,2.1814,1729760625.0,1,6,7900.0,4.787,0.0,4.787,18.2318,0.0
65550.52,3.9708,2.1814,1729760635.0,1,6,7910.0,4.793,0.0,4.793,18.2559,0.0
65560.52,3.9713,2.1814,1729760645.0,1,6,7920.0,4.7991,0.0,4.7991,18.28,0.0
65570.52,3.9719,2.1813,1729760655.0,1,6,7930.0,4.8051,0.0,4.8051,18.304,0.0
65580.52,3.9724,2.1814,1729760665.0,1,6,7940.0,4.8112,0.0,4.8112,18.3281,0.0
65590.52,3.9729,2.1814,1729760675.0,1,6,7950.0,4.8173,0.0,4.8173,18.3522,0.0
65600.52,3.9734,2.1814,1729760685.0,1,6,7960.0,4.8233,0.0,4.8233,18.3762,0.0
65610.52,3.9739,2.1813,1729760695.0,1,6,7970.0,4.8294,0.0,4.8294,18.4003,0.0
65620.52,3.9744,2.1813,1729760705.0,1,6,7980.0,4.8354,0.0,4.8354,18.4244,0.0
65630.52,3.9749,2.1814,1729760715.0,1,6,7990.0,4.8415,0.0,4.8415,18.4485,0.0
65640.52,3.9755,2.1814,1729760725.0,1,6,8000.0,4.8476,0.0,4.8476,18.4726,0.0
65650.52,3.976,2.1814,1729760735.0,1,6,8010.0,4.8536,0.0,4.8536,18.4967,0.0
65660.52,3.9765,2.1814,1729760745.0,1,6,8020.0,4.8597,0.0,4.8597,18.5207,0.0
65670.52,3.977,2.1814,1729760755.0,1,6,8030.0,4.8657,0.0,4.8657,18.5448,0.0
65680.52,3.9775,2.1814,1729760765.0,1,6,8040.0,4.8718,0.0,4.8718,18.5689,0.0
65690.52,3.978,2.1813,1729760775.0,1,6,8050.0,4.8779,0.0,4.8779,18.593,0.0
65700.52,3.9785,2.1814,1729760785.0,1,6,8060.0,4.8839,0.0,4.8839,18.6171,0.0
65710.52,3.979,2.1813,1729760795.0,1,6,8070.0,4.89,0.0,4.89,18.6413,0.0
65720.52,3.9795,2.1814,1729760805.0,1,6,8080.0,4.896,0.0,4.896,18.6654,0.0
65730.52,3.98,2.1814,1729760815.0,1,6,8090.0,4.9021,0.0,4.9021,18.6895,0.0
65740.52,3.9804,2.1813,1729760825.0,1,6,8100.0,4.9082,0.0,4.9082,18.7136,0.0
65750.52,3.9809,2.1814,1729760835.0,1,6,8110.0,4.9142,0.0,4.9142,18.7377,0.0
65760.52,3.9814,2.1814,1729760845.0,1,6,8120.0,4.9203,0.0,4.9203,18.7618,0.0
65770.52,3.9819,2.1814,1729760855.0,1,6,8130.0,4.9263,0.0,4.9263,18.786,0.0
65780.52,3.9824,2.1813,1729760865.0,1,6,8140.0,4.9324,0.0,4.9324,18.8101,0.0
65790.52,3.9828,2.1813,1729760875.0,1,6,8150.0,4.9385,0.0,4.9385,18.8342,0.0
65800.52,3.9833,2.1813,1729760885.0,1,6,8160.0,4.9445,0.0,4.9445,18.8584,0.0
65810.52,3.9838,2.1813,1729760895.0,1,6,8170.0,4.9506,0.0,4.9506,18.8825,0.0
65820.52,3.9842,2.1814,1729760905.0,1,6,8180.0,4.9566,0.0,4.9566,18.9066,0.0
65830.52,3.9847,2.1813,1729760915.0,1,6,8190.0,4.9627,0.0,4.9627,18.9308,0.0
65840.52,3.9851,2.1813,1729760925.0,1,6,8200.0,4.9687,0.0,4.9687,18.9549,0.0
65850.52,3.9855,2.1814,1729760935.0,1,6,8210.0,4.9748,0.0,4.9748,18.9791,0.0
65860.52,3.986,2.1813,1729760945.0,1,6,8220.0,4.9809,0.0,4.9809,19.0032,0.0
65870.52,3.9864,2.1814,1729760955.0,1,6,8230.0,4.9869,0.0,4.9869,19.0274,0.0
65880.52,3.9868,2.1813,1729760965.0,1,6,8240.0,4.993,0.0,4.993,19.0515,0.0
65890.52,3.9872,2.1814,1729760975.0,1,6,8250.0,4.999,0.0,4.999,19.0757,0.0
65900.52,3.9877,2.1813,1729760985.0,1,6,8260.0,5.0051,0.0,5.0051,19.0999,0.0
65910.52,3.9881,2.1813,1729760995.0,1,6,8270.0,5.0112,0.0,5.0112,19.124,0.0
65920.52,3.9885,2.1813,1729761005.0,1,6,8280.0,5.0172,0.0,5.0172,19.1482,0.0
65930.52,3.9889,2.1814,1729761015.0,1,6,8290.0,5.0233,0.0,5.0233,19.1724,0.0
65940.52,3.9892,2.1813,1729761025.0,1,6,8300.0,5.0293,0.0,5.0293,19.1965,0.0
65950.52,3.9897,2.1813,1729761035.0,1,6,8310.0,5.0354,0.0,5.0354,19.2207,0.0
65960.52,3.9901,2.1813,1729761045.0,1,6,8320.0,5.0415,0.0,5.0415,19.2449,0.0
65970.52,3.9904,2.1813,1729761055.0,1,6,8330.0,5.0475,0.0,5.0475,19.2691,0.0
65980.52,3.9908,2.1813,1729761065.0,1,6,8340.0,5.0536,0.0,5.0536,19.2932,0.0
65990.52,3.9912,2.1813,1729761075.0,1,6,8350.0,5.0596,0.0,5.0596,19.3174,0.0
66000.52,3.9916,2.1814,1729761085.0,1,6,8360.0,5.0657,0.0,5.0657,19.3416,0.0
66010.52,3.9919,2.1813,1729761095.0,1,6,8370.0,5.0718,0.0,5.0718,19.3658,0.0
66020.52,3.9923,2.1813,1729761105.0,1,6,8380.0,5.0778,0.0,5.0778,19.39,0.0
66030.52,3.9927,2.1813,1729761115.0,1,6,8390.0,5.0839,0.0,5.0839,19.4142,0.0
66040.52,3.993,2.1813,1729761125.0,1,6,8400.0,5.0899,0.0,5.0899,19.4384,0.0
66050.52,3.9934,2.1813,1729761135.0,1,6,8410.0,5.096,0.0,5.096,19.4626,0.0
66060.52,3.9938,2.1814,1729761145.0,1,6,8420.0,5.1021,0.0,5.1021,19.4868,0.0
66070.52,3.9942,2.1814,1729761155.0,1,6,8430.0,5.1081,0.0,5.1081,19.511,0.0
66080.52,3.9945,2.1813,1729761165.0,1,6,8440.0,5.1142,0.0,5.1142,19.5352,0.0
66090.52,3.9949,2.1814,1729761175.0,1,6,8450.0,5.1202,0.0,5.1202,19.5594,0.0
66100.52,3.9953,2.1814,1729761185.0,1,6,8460.0,5.1263,0.0,5.1263,19.5836,0.0
66110.52,3.9956,2.1814,1729761195.0,1,6,8470.0,5.1323,0.0,5.1323,19.6078,0.0
66120.52,3.996,2.1813,1729761205.0,1,6,8480.0,5.1384,0.0,5.1384,19.632,0.0
66130.52,3.9964,2.1814,1729761215.0,1,6,8490.0,5.1445,0.0,5.1445,19.6562,0.0
66140.52,3.9968,2.1814,1729761225.0,1,6,8500.0,5.1505,0.0,5.1505,19.6804,0.0
66150.52,3.9972,2.1813,1729761235.0,1,6,8510.0,5.1566,0.0,5.1566,19.7046,0.0
66160.52,3.9976,2.1814,1729761245.0,1,6,8520.0,5.1626,0.0,5.1626,19.7289,0.0
66170.52,3.9979,2.1814,1729761255.0,1,6,8530.0,5.1687,0.0,5.1687,19.7531,0.0
66180.52,3.9984,2.1814,1729761265.0,1,6,8540.0,5.1748,0.0,5.1748,19.7773,0.0
66190.52,3.9987,2.1815,1729761275.0,1,6,8550.0,5.1808,0.0,5.1808,19.8015,0.0
66200.52,3.9992,2.1814,1729761285.0,1,6,8560.0,5.1869,0.0,5.1869,19.8258,0.0
66210.52,3.9996,2.1814,1729761295.0,1,6,8570.0,5.1929,0.0,5.1929,19.85,0.0
66220.52,3.9999,2.1814,1729761305.0,1,6,8580.0,5.199,0.0,5.199,19.8742,0.0
66230.52,4.0004,2.1814,1729761315.0,1,6,8590.0,5.2051,0.0,5.2051,19.8985,0.0
66240.52,4.0008,2.1813,1729761325.0,1,6,8600.0,5.2111,0.0,5.2111,19.9227,0.0
66250.52,4.0013,2.1814,1729761335.0,1,6,8610.0,5.2172,0.0,5.2172,19.947,0.0
66260.52,4.0017,2.1813,1729761345.0,1,6,8620.0,5.2232,0.0,5.2232,19.9712,0.0
66270.52,4.0022,2.1814,1729761355.0,1,6,8630.0,5.2293,0.0,5.2293,19.9955,0.0
66280.52,4.0026,2.1813,1729761365.0,1,6,8640.0,5.2354,0.0,5.2354,20.0197,0.0
66290.52,4.0031,2.1813,1729761375.0,1,6,8650.0,5.2414,0.0,5.2414,20.044,0.0
66300.52,4.0035,2.1813,1729761385.0,1,6,8660.0,5.2475,0.0,5.2475,20.0682,0.0
66310.52,4.004,2.1813,1729761395.0,1,6,8670.0,5.2535,0.0,5.2535,20.0925,0.0
66320.52,4.0045,2.1813,1729761405.0,1,6,8680.0,5.2596,0.0,5.2596,20.1168,0.0
66330.52,4.005,2.1814,1729761415.0,1,6,8690.0,5.2657,0.0,5.2657,20.141,0.0
66340.52,4.0055,2.1813,1729761425.0,1,6,8700.0,5.2717,0.0,5.2717,20.1653,0.0
66350.52,4.006,2.1813,1729761435.0,1,6,8710.0,5.2778,0.0,5.2778,20.1896,0.0
66360.52,4.0065,2.1813,1729761445.0,1,6,8720.0,5.2838,0.0,5.2838,20.2138,0.0
66370.52,4.007,2.1814,1729761455.0,1,6,8730.0,5.2899,0.0,5.2899,20.2381,0.0
66380.52,4.0075,2.1813,1729761465.0,1,6,8740.0,5.2959,0.0,5.2959,20.2624,0.0
66390.52,4.0081,2.1813,1729761475.0,1,6,8750.0,5.302,0.0,5.302,20.2867,0.0
66400.52,4.0087,2.1814,1729761485.0,1,6,8760.0,5.3081,0.0,5.3081,20.311,0.0
66410.52,4.0092,2.1814,1729761495.0,1,6,8770.0,5.3141,0.0,5.3141,20.3353,0.0
66420.52,4.0098,2.1813,1729761505.0,1,6,8780.0,5.3202,0.0,5.3202,20.3596,0.0
66430.52,4.0104,2.1814,1729761515.0,1,6,8790.0,5.3262,0.0,5.3262,20.3838,0.0
66440.52,4.011,2.1814,1729761525.0,1,6,8800.0,5.3323,0.0,5.3323,20.4081,0.0
66450.52,4.0116,2.1813,1729761535.0,1,6,8810.0,5.3384,0.0,5.3384,20.4325,0.0
66460.52,4.0122,2.1814,1729761545.0,1,6,8820.0,5.3444,0.0,5.3444,20.4568,0.0
66470.52,4.0129,2.1813,1729761555.0,1,6,8830.0,5.3505,0.0,5.3505,20.4811,0.0
66480.52,4.0135,2.1814,1729761565.0,1,6,8840.0,5.3565,0.0,5.3565,20.5054,0.0
66490.52,4.0142,2.1813,1729761575.0,1,6,8850.0,5.3626,0.0,5.3626,20.5297,0.0
66500.52,4.0149,2.1813,1729761585.0,1,6,8860.0,5.3687,0.0,5.3687,20.554,0.0
66510.52,4.0155,2.1813,1729761595.0,1,6,8870.0,5.3747,0.0,5.3747,20.5784,0.0
66520.52,4.0162,2.1813,1729761605.0,1,6,8880.0,5.3808,0.0,5.3808,20.6027,0.0
66530.52,4.0169,2.1813,1729761615.0,1,6,8890.0,5.3868,0.0,5.3868,20.627,0.0
66540.52,4.0176,2.1813,1729761625.0,1,6,8900.0,5.3929,0.0,5.3929,20.6514,0.0
66550.52,4.0183,2.1813,1729761635.0,1,6,8910.0,5.399,0.0,5.399,20.6757,0.0
66560.52,4.0191,2.1812,1729761645.0,1,6,8920.0,5.405,0.0,5.405,20.7001,0.0
66570.52,4.0198,2.1813,1729761655.0,1,6,8930.0,5.4111,0.0,5.4111,20.7244,0.0
66580.52,4.0207,2.1814,1729761665.0,1,6,8940.0,5.4171,0.0,5.4171,20.7488,0.0
66590.52,4.0214,2.1813,1729761675.0,1,6,8950.0,5.4232,0.0,5.4232,20.7732,0.0
66600.52,4.0222,2.1814,1729761685.0,1,6,8960.0,5.4293,0.0,5.4293,20.7975,0.0
66610.52,4.0231,2.1813,1729761695.0,1,6,8970.0,5.4353,0.0,5.4353,20.8219,0.0
66620.52,4.0239,2.1813,1729761705.0,1,6,8980.0,5.4414,0.0,5.4414,20.8463,0.0
66630.52,4.0247,2.1812,1729761715.0,1,6,8990.0,5.4474,0.0,5.4474,20.8707,0.0
66640.52,4.0256,2.1813,1729761725.0,1,6,9000.0,5.4535,0.0,5.4535,20.895,0.0
66650.52,4.0265,2.1813,1729761735.0,1,6,9010.0,5.4595,0.0,5.4595,20.9194,0.0
66660.52,4.0275,2.1813,1729761745.0,1,6,9020.0,5.4656,0.0,5.4656,20.9438,0.0
66670.52,4.0284,2.1813,1729761755.0,1,6,9030.0,5.4717,0.0,5.4717,20.9683,0.0
66680.52,4.0293,2.1813,1729761765.0,1,6,9040.0,5.4777,0.0,5.4777,20.9927,0.0
66690.52,4.0303,2.1813,1729761775.0,1,6,9050.0,5.4838,0.0,5.4838,21.0171,0.0
66700.52,4.0313,2.1813,1729761785.0,1,6,9060.0,5.4898,0.0,5.4898,21.0415,0.0
66710.52,4.0323,2.1814,1729761795.0,1,6,9070.0,5.4959,0.0,5.4959,21.0659,0.0
66720.52,4.0333,2.1813,1729761805.0,1,6,9080.0,5.502,0.0,5.502,21.0904,0.0
66730.52,4.0344,2.1813,1729761815.0,1,6,9090.0,5.508,0.0,5.508,21.1148,0.0
66740.52,4.0354,2.1812,1729761825.0,1,6,9100.0,5.5141,0.0,5.5141,21.1393,0.0
66750.52,4.0365,2.1813,1729761835.0,1,6,9110.0,5.5201,0.0,5.5201,21.1637,0.0
66760.52,4.0377,2.1813,1729761845.0,1,6,9120.0,5.5262,0.0,5.5262,21.1882,0.0
66770.52,4.0388,2.1813,1729761855.0,1,6,9130.0,5.5323,0.0,5.5323,21.2126,0.0
66780.52,4.04,2.1813,1729761865.0,1,6,9140.0,5.5383,0.0,5.5383,21.2371,0.0
66790.52,4.0412,2.1813,1729761875.0,1,6,9150.0,5.5444,0.0,5.5444,21.2616,0.0
66800.52,4.0424,2.1813,1729761885.0,1,6,9160.0,5.5504,0.0,5.5504,21.2861,0.0
66810.52,4.0437,2.1813,1729761895.0,1,6,9170.0,5.5565,0.0,5.5565,21.3106,0.0
66820.52,4.0449,2.1813,1729761905.0,1,6,9180.0,5.5626,0.0,5.5626,21.3351,0.0
66830.52,4.0463,2.1814,1729761915.0,1,6,9190.0,5.5686,0.0,5.5686,21.3596,0.0
66840.52,4.0476,2.1813,1729761925.0,1,6,9200.0,5.5747,0.0,5.5747,21.3841,0.0
66850.52,4.0489,2.1813,1729761935.0,1,6,9210.0,5.5807,0.0,5.5807,21.4087,0.0
66860.52,4.0504,2.1813,1729761945.0,1,6,9220.0,5.5868,0.0,5.5868,21.4332,0.0
66870.52,4.0518,2.1813,1729761955.0,1,6,9230.0,5.5929,0.0,5.5929,21.4577,0.0
66880.52,4.0532,2.1813,1729761965.0,1,6,9240.0,5.5989,0.0,5.5989,21.4823,0.0
66890.52,4.0547,2.1813,1729761975.0,1,6,9250.0,5.605,0.0,5.605,21.5069,0.0
66900.52,4.0562,2.1813,1729761985.0,1,6,9260.0,5.611,0.0,5.611,21.5314,0.0
66910.52,4.0577,2.1813,1729761995.0,1,6,9270.0,5.6171,0.0,5.6171,21.556,0.0
66920.52,4.0593,2.1812,1729762005.0,1,6,9280.0,5.6231,0.0,5.6231,21.5806,0.0
66930.52,4.0608,2.1812,1729762015.0,1,6,9290.0,5.6292,0.0,5.6292,21.6052,0.0
66940.52,4.0624,2.1812,1729762025.0,1,6,9300.0,5.6353,0.0,5.6353,21.6298,0.0
66950.52,4.064,2.1813,1729762035.0,1,6,9310.0,5.6413,0.0,5.6413,21.6544,0.0
66960.52,4.0656,2.1813,1729762045.0,1,6,9320.0,5.6474,0.0,5.6474,21.6791,0.0
66970.52,4.0672,2.1812,1729762055.0,1,6,9330.0,5.6534,0.0,5.6534,21.7037,0.0
66980.52,4.0688,2.1813,1729762065.0,1,6,9340.0,5.6595,0.0,5.6595,21.7283,0.0
66990.52,4.0704,2.1812,1729762075.0,1,6,9350.0,5.6656,0.0,5.6656,21.753,0.0
67000.52,4.072,2.1812,1729762085.0,1,6,9360.0,5.6716,0.0,5.6716,21.7777,0.0
67010.52,4.0737,2.1812,1729762095.0,1,6,9370.0,5.6777,0.0,5.6777,21.8023,0.0
67020.52,4.0753,2.1811,1729762105.0,1,6,9380.0,5.6837,0.0,5.6837,21.827,0.0
67030.52,4.0768,2.1812,1729762115.0,1,6,9390.0,5.6898,0.0,5.6898,21.8517,0.0
67040.52,4.0784,2.1812,1729762125.0,1,6,9400.0,5.6959,0.0,5.6959,21.8764,0.0
67050.52,4.08,2.1812,1729762135.0,1,6,9410.0,5.7019,0.0,5.7019,21.9011,0.0
67060.52,4.0815,2.1812,1729762145.0,1,6,9420.0,5.708,0.0,5.708,21.9259,0.0
67070.52,4.083,2.1811,1729762155.0,1,6,9430.0,5.714,0.0,5.714,21.9506,0.0
67080.52,4.0845,2.1811,1729762165.0,1,6,9440.0,5.7201,0.0,5.7201,21.9753,0.0
67090.52,4.086,2.1811,1729762175.0,1,6,9450.0,5.7261,0.0,5.7261,22.0001,0.0
67100.52,4.0875,2.1812,1729762185.0,1,6,9460.0,5.7322,0.0,5.7322,22.0249,0.0
67110.52,4.0889,2.1813,1729762195.0,1,6,9470.0,5.7383,0.0,5.7383,22.0496,0.0
67120.52,4.0903,2.1811,1729762205.0,1,6,9480.0,5.7443,0.0,5.7443,22.0744,0.0
67130.52,4.0916,2.1811,1729762215.0,1,6,9490.0,5.7504,0.0,5.7504,22.0992,0.0
67140.52,4.093,2.1812,1729762225.0,1,6,9500.0,5.7564,0.0,5.7564,22.124,0.0
67150.52,4.0943,2.1811,1729762235.0,1,6,9510.0,5.7625,0.0,5.7625,22.1488,0.0
67160.52,4.0955,2.1811,1729762245.0,1,6,9520.0,5.7686,0.0,5.7686,22.1736,0.0
67170.52,4.0967,2.1811,1729762255.0,1,6,9530.0,5.7746,0.0,5.7746,22.1984,0.0
67180.52,4.0979,2.1811,1729762265.0,1,6,9540.0,5.7807,0.0,5.7807,22.2232,0.0
67190.52,4.099,2.1811,1729762275.0,1,6,9550.0,5.7867,0.0,5.7867,22.2481,0.0
67200.52,4.1001,2.1812,1729762285.0,1,6,9560.0,5.7928,0.0,5.7928,22.2729,0.0
67210.52,4.1011,2.1811,1729762295.0,1,6,9570.0,5.7989,0.0,5.7989,22.2978,0.0
67220.52,4.1021,2.1812,1729762305.0,1,6,9580.0,5.8049,0.0,5.8049,22.3226,0.0
67230.52,4.1031,2.1811,1729762315.0,1,6,9590.0,5.811,0.0,5.811,22.3475,0.0
67240.52,4.104,2.1811,1729762325.0,1,6,9600.0,5.817,0.0,5.817,22.3723,0.0
67250.52,4.1048,2.1812,1729762335.0,1,6,9610.0,5.8231,0.0,5.8231,22.3972,0.0
67260.52,4.1056,2.1812,1729762345.0,1,6,9620.0,5.8291,0.0,5.8291,22.4221,0.0
67270.52,4.1064,2.1811,1729762355.0,1,6,9630.0,5.8352,0.0,5.8352,22.4469,0.0
67280.52,4.107,2.1811,1729762365.0,1,6,9640.0,5.8413,0.0,5.8413,22.4718,0.0
67290.52,4.1077,2.1811,1729762375.0,1,6,9650.0,5.8473,0.0,5.8473,22.4967,0.0
67300.52,4.1082,2.1811,1729762385.0,1,6,9660.0,5.8534,0.0,5.8534,22.5216,0.0
67310.52,4.1088,2.1811,1729762395.0,1,6,9670.0,5.8594,0.0,5.8594,22.5465,0.0
67320.52,4.1093,2.1811,1729762405.0,1,6,9680.0,5.8655,0.0,5.8655,22.5714,0.0
67330.52,4.1099,2.1811,1729762415.0,1,6,9690.0,5.8716,0.0,5.8716,22.5963,0.0
67340.52,4.1103,2.1811,1729762425.0,1,6,9700.0,5.8776,0.0,5.8776,22.6212,0.0
67350.52,4.1108,2.1811,1729762435.0,1,6,9710.0,5.8837,0.0,5.8837,22.6461,0.0
67360.52,4.1113,2.1811,1729762445.0,1,6,9720.0,5.8897,0.0,5.8897,22.671,0.0
67370.52,4.1117,2.1811,1729762455.0,1,6,9730.0,5.8958,0.0,5.8958,22.6959,0.0
67380.52,4.1121,2.1811,1729762465.0,1,6,9740.0,5.9018,0.0,5.9018,22.7208,0.0
67390.52,4.1126,2.1811,1729762475.0,1,6,9750.0,5.9079,0.0,5.9079,22.7457,0.0
67400.52,4.113,2.1811,1729762485.0,1,6,9760.0,5.914,0.0,5.914,22.7707,0.0
67410.52,4.1134,2.181,1729762495.0,1,6,9770.0,5.92,0.0,5.92,22.7956,0.0
67420.52,4.1138,2.1811,1729762505.0,1,6,9780.0,5.9261,0.0,5.9261,22.8205,0.0
67430.52,4.1143,2.1811,1729762515.0,1,6,9790.0,5.9321,0.0,5.9321,22.8454,0.0
67440.52,4.1147,2.1811,1729762525.0,1,6,9800.0,5.9382,0.0,5.9382,22.8704,0.0
67450.52,4.1151,2.1811,1729762535.0,1,6,9810.0,5.9443,0.0,5.9443,22.8953,0.0
67460.52,4.1156,2.1811,1729762545.0,1,6,9820.0,5.9503,0.0,5.9503,22.9202,0.0
67470.52,4.116,2.1811,1729762555.0,1,6,9830.0,5.9564,0.0,5.9564,22.9452,0.0
67480.52,4.1165,2.1811,1729762565.0,1,6,9840.0,5.9624,0.0,5.9624,22.9701,0.0
67490.52,4.1169,2.1811,1729762575.0,1,6,9850.0,5.9685,0.0,5.9685,22.995,0.0
67500.52,4.1175,2.1811,1729762585.0,1,6,9860.0,5.9746,0.0,5.9746,23.02,0.0
67510.52,4.1179,2.1811,1729762595.0,1,6,9870.0,5.9806,0.0,5.9806,23.0449,0.0
67520.52,4.1184,2.1811,1729762605.0,1,6,9880.0,5.9867,0.0,5.9867,23.0699,0.0
67530.52,4.1189,2.1811,1729762615.0,1,6,9890.0,5.9927,0.0,5.9927,23.0948,0.0
67540.52,4.1195,2.1811,1729762625.0,1,6,9900.0,5.9988,0.0,5.9988,23.1198,0.0
67550.52,4.12,2.1811,1729762635.0,1,6,9910.0,6.0048,0.0,6.0048,23.1447,0.0
67560.52,4.1205,2.181,1729762645.0,1,6,9920.0,6.0109,0.0,6.0109,23.1697,0.0
67570.52,4.1211,2.181,1729762655.0,1,6,9930.0,6.017,0.0,6.017,23.1947,0.0
67580.52,4.1217,2.1811,1729762665.0,1,6,9940.0,6.023,0.0,6.023,23.2196,0.0
67590.52,4.1224,2.1811,1729762675.0,1,6,9950.0,6.0291,0.0,6.0291,23.2446,0.0
67600.52,4.123,2.1812,1729762685.0,1,6,9960.0,6.0351,0.0,6.0351,23.2696,0.0
67610.52,4.1236,2.1811,1729762695.0,1,6,9970.0,6.0412,0.0,6.0412,23.2946,0.0
67620.52,4.1243,2.1811,1729762705.0,1,6,9980.0,6.0473,0.0,6.0473,23.3196,0.0
67630.52,4.1249,2.1811,1729762715.0,1,6,9990.0,6.0533,0.0,6.0533,23.3446,0.0
67640.52,4.1256,2.1811,1729762725.0,1,6,10000.0,6.0594,0.0,6.0594,23.3695,0.0
67650.52,4.1263,2.181,1729762735.0,1,6,10010.0,6.0654,0.0,6.0654,23.3945,0.0
67660.52,4.1271,2.1811,1729762745.0,1,6,10020.0,6.0715,0.0,6.0715,23.4195,0.0
67670.52,4.1278,2.1811,1729762755.0,1,6,10030.0,6.0775,0.0,6.0775,23.4445,0.0
67680.52,4.1285,2.1811,1729762765.0,1,6,10040.0,6.0836,0.0,6.0836,23.4696,0.0
67690.52,4.1293,2.1811,1729762775.0,1,6,10050.0,6.0897,0.0,6.0897,23.4946,0.0
67700.52,4.1301,2.1811,1729762785.0,1,6,10060.0,6.0957,0.0,6.0957,23.5196,0.0
67710.52,4.1308,2.1811,1729762795.0,1,6,10070.0,6.1018,0.0,6.1018,23.5446,0.0
67720.52,4.1316,2.181,1729762805.0,1,6,10080.0,6.1078,0.0,6.1078,23.5696,0.0
67730.52,4.1324,2.1811,1729762815.0,1,6,10090.0,6.1139,0.0,6.1139,23.5947,0.0
67740.52,4.1332,2.181,1729762825.0,1,6,10100.0,6.12,0.0,6.12,23.6197,0.0
67750.52,4.134,2.181,1729762835.0,1,6,10110.0,6.126,0.0,6.126,23.6448,0.0
67760.52,4.1348,2.181,1729762845.0,1,6,10120.0,6.1321,0.0,6.1321,23.6698,0.0
67770.52,4.1357,2.181,1729762855.0,1,6,10130.0,6.1381,0.0,6.1381,23.6949,0.0
67780.52,4.1365,2.181,1729762865.0,1,6,10140.0,6.1442,0.0,6.1442,23.7199,0.0
67790.52,4.1373,2.181,1729762875.0,1,6,10150.0,6.1502,0.0,6.1502,23.745,0.0
67800.52,4.1382,2.181,1729762885.0,1,6,10160.0,6.1563,0.0,6.1563,23.7701,0.0
67810.52,4.139,2.181,1729762895.0,1,6,10170.0,6.1624,0.0,6.1624,23.7951,0.0
67820.52,4.1398,2.181,1729762905.0,1,6,10180.0,6.1684,0.0,6.1684,23.8202,0.0
67830.52,4.1407,2.181,1729762915.0,1,6,10190.0,6.1745,0.0,6.1745,23.8453,0.0
67840.52,4.1416,2.181,1729762925.0,1,6,10200.0,6.1805,0.0,6.1805,23.8704,0.0
67850.52,4.1424,2.181,1729762935.0,1,6,10210.0,6.1866,0.0,6.1866,23.8955,0.0
67860.52,4.1432,2.181,1729762945.0,1,6,10220.0,6.1927,0.0,6.1927,23.9206,0.0
67870.52,4.1441,2.181,1729762955.0,1,6,10230.0,6.1987,0.0,6.1987,23.9457,0.0
67880.52,4.145,2.181,1729762965.0,1,6,10240.0,6.2048,0.0,6.2048,23.9708,0.0
67890.52,4.1458,2.181,1729762975.0,1,6,10250.0,6.2108,0.0,6.2108,23.9959,0.0
67900.52,4.1467,2.181,1729762985.0,1,6,10260.0,6.2169,0.0,6.2169,24.021,0.0
67910.52,4.1476,2.1811,1729762995.0,1,6,10270.0,6.2229,0.0,6.2229,24.0461,0.0
67920.52,4.1485,2.181,1729763005.0,1,6,10280.0,6.229,0.0,6.229,24.0713,0.0
67930.52,4.1493,2.181,1729763015.0,1,6,10290.0,6.2351,0.0,6.2351,24.0964,0.0
67940.52,4.1502,2.181,1729763025.0,1,6,10300.0,6.2411,0.0,6.2411,24.1215,0.0
67950.52,4.1511,2.1809,1729763035.0,1,6,10310.0,6.2472,0.0,6.2472,24.1467,0.0
67960.52,4.152,2.1809,1729763045.0,1,6,10320.0,6.2532,0.0,6.2532,24.1718,0.0
67970.52,4.1529,2.1811,1729763055.0,1,6,10330.0,6.2593,0.0,6.2593,24.197,0.0
67980.52,4.1538,2.181,1729763065.0,1,6,10340.0,6.2654,0.0,6.2654,24.2222,0.0
67990.52,4.1547,2.1809,1729763075.0,1,6,10350.0,6.2714,0.0,6.2714,24.2473,0.0
68000.52,4.1555,2.181,1729763085.0,1,6,10360.0,6.2775,0.0,6.2775,24.2725,0.0
68010.52,4.1564,2.1809,1729763095.0,1,6,10370.0,6.2835,0.0,6.2835,24.2977,0.0
68020.52,4.1573,2.1809,1729763105.0,1,6,10380.0,6.2896,0.0,6.2896,24.3229,0.0
68030.52,4.1582,2.1809,1729763115.0,1,6,10390.0,6.2956,0.0,6.2956,24.3481,0.0
68040.52,4.1591,2.181,1729763125.0,1,6,10400.0,6.3017,0.0,6.3017,24.3732,0.0
68050.52,4.16,2.1809,1729763135.0,1,6,10410.0,6.3078,0.0,6.3078,24.3984,0.0
68060.52,4.1609,2.1809,1729763145.0,1,6,10420.0,6.3138,0.0,6.3138,24.4236,0.0
68070.52,4.1618,2.1809,1729763155.0,1,6,10430.0,6.3199,0.0,6.3199,24.4489,0.0
68080.52,4.1627,2.1809,1729763165.0,1,6,10440.0,6.3259,0.0,6.3259,24.4741,0.0
68090.52,4.1637,2.1809,1729763175.0,1,6,10450.0,6.332,0.0,6.332,24.4993,0.0
68100.52,4.1646,2.1809,1729763185.0,1,6,10460.0,6.3381,0.0,6.3381,24.5245,0.0
68110.52,4.1655,2.1809,1729763195.0,1,6,10470.0,6.3441,0.0,6.3441,24.5498,0.0
68120.52,4.1664,2.1809,1729763205.0,1,6,10480.0,6.3502,0.0,6.3502,24.575,0.0
68130.52,4.1673,2.1809,1729763215.0,1,6,10490.0,6.3562,0.0,6.3562,24.6002,0.0
68140.52,4.1682,2.1809,1729763225.0,1,6,10500.0,6.3623,0.0,6.3623,24.6255,0.0
68150.52,4.1691,2.1809,1729763235.0,1,6,10510.0,6.3683,0.0,6.3683,24.6507,0.0
68160.52,4.1701,2.181,1729763245.0,1,6,10520.0,6.3744,0.0,6.3744,24.676,0.0
68170.52,4.171,2.1809,1729763255.0,1,6,10530.0,6.3805,0.0,6.3805,24.7013,0.0
68180.52,4.1719,2.1808,1729763265.0,1,6,10540.0,6.3865,0.0,6.3865,24.7265,0.0
68190.52,4.1728,2.1809,1729763275.0,1,6,10550.0,6.3926,0.0,6.3926,24.7518,0.0
68200.52,4.1738,2.1809,1729763285.0,1,6,10560.0,6.3986,0.0,6.3986,24.7771,0.0
68210.52,4.1747,2.1809,1729763295.0,1,6,10570.0,6.4047,0.0,6.4047,24.8024,0.0
68220.52,4.1756,2.1809,1729763305.0,1,6,10580.0,6.4108,0.0,6.4108,24.8277,0.0
68230.52,4.1766,2.1809,1729763315.0,1,6,10590.0,6.4168,0.0,6.4168,24.853,0.0
68240.52,4.1775,2.1809,1729763325.0,1,6,10600.0,6.4229,0.0,6.4229,24.8783,0.0
68250.52,4.1784,2.1809,1729763335.0,1,6,10610.0,6.4289,0.0,6.4289,24.9036,0.0
68260.52,4.1794,2.1809,1729763345.0,1,6,10620.0,6.435,0.0,6.435,24.9289,0.0
68270.52,4.1803,2.1808,1729763355.0,1,6,10630.0,6.441,0.0,6.441,24.9542,0.0
68280.52,4.1813,2.1809,1729763365.0,1,6,10640.0,6.4471,0.0,6.4471,24.9795,0.0
68290.52,4.1822,2.1808,1729763375.0,1,6,10650.0,6.4532,0.0,6.4532,25.0049,0.0
68300.52,4.1832,2.1808,1729763385.0,1,6,10660.0,6.4592,0.0,6.4592,25.0302,0.0
68310.52,4.1841,2.1808,1729763395.0,1,6,10670.0,6.4653,0.0,6.4653,25.0556,0.0
68320.52,4.1851,2.1808,1729763405.0,1,6,10680.0,6.4713,0.0,6.4713,25.0809,0.0
68330.52,4.186,2.1808,1729763415.0,1,6,10690.0,6.4774,0.0,6.4774,25.1063,0.0
68340.52,4.1869,2.1808,1729763425.0,1,6,10700.0,6.4834,0.0,6.4834,25.1316,0.0
68350.52,4.1879,2.1808,1729763435.0,1,6,10710.0,6.4895,0.0,6.4895,25.157,0.0
68360.52,4.1889,2.1808,1729763445.0,1,6,10720.0,6.4956,0.0,6.4956,25.1824,0.0
68370.52,4.1899,2.1808,1729763455.0,1,6,10730.0,6.5016,0.0,6.5016,25.2077,0.0
68380.52,4.1908,2.1808,1729763465.0,1,6,10740.0,6.5077,0.0,6.5077,25.2331,0.0
68390.52,4.1918,2.1808,1729763475.0,1,6,10750.0,6.5137,0.0,6.5137,25.2585,0.0
68400.52,4.1928,2.1808,1729763485.0,1,6,10760.0,6.5198,0.0,6.5198,25.2839,0.0
68410.52,4.1938,2.1808,1729763495.0,1,6,10770.0,6.5259,0.0,6.5259,25.3093,0.0
68420.52,4.1947,2.1807,1729763505.0,1,6,10780.0,6.5319,0.0,6.5319,25.3347,0.0
68430.52,4.1957,2.1808,1729763515.0,1,6,10790.0,6.538,0.0,6.538,25.3601,0.0
68440.52,4.1967,2.1806,1729763525.0,1,6,10800.0,6.544,0.0,6.544,25.3856,0.0
68450.52,4.1977,2.1807,1729763535.0,1,6,10810.0,6.5501,0.0,6.5501,25.411,0.0
68460.52,4.1987,2.1807,1729763545.0,1,6,10820.0,6.5561,0.0,6.5561,25.4364,0.0
68470.52,4.1996,2.1807,1729763555.0,1,6,10830.0,6.5622,0.0,6.5622,25.4618,0.0
68480.52,4.2006,2.1807,1729763565.0,1,6,10840.0,6.5683,0.0,6.5683,25.4873,0.0
68490.52,4.2016,2.1808,1729763575.0,1,6,10850.0,6.5743,0.0,6.5743,25.5127,0.0
68500.52,4.2026,2.1807,1729763585.0,1,6,10860.0,6.5804,0.0,6.5804,25.5382,0.0
68510.52,4.2036,2.1807,1729763595.0,1,6,10870.0,6.5864,0.0,6.5864,25.5637,0.0
68520.52,4.2046,2.1807,1729763605.0,1,6,10880.0,6.5925,0.0,6.5925,25.5891,0.0
68530.52,4.2057,2.1807,1729763615.0,1,6,10890.0,6.5985,0.0,6.5985,25.6146,0.0
68540.52,4.2067,2.1806,1729763625.0,1,6,10900.0,6.6046,0.0,6.6046,25.6401,0.0
68550.52,4.2077,2.1807,1729763635.0,1,6,10910.0,6.6107,0.0,6.6107,25.6656,0.0
68560.52,4.2087,2.1806,1729763645.0,1,6,10920.0,6.6167,0.0,6.6167,25.691,0.0
68570.52,4.2097,2.1806,1729763655.0,1,6,10930.0,6.6228,0.0,6.6228,25.7165,0.0
68580.52,4.2108,2.1807,1729763665.0,1,6,10940.0,6.6288,0.0,6.6288,25.742,0.0
68590.52,4.2118,2.1807,1729763675.0,1,6,10950.0,6.6349,0.0,6.6349,25.7676,0.0
68600.52,4.2128,2.1806,1729763685.0,1,6,10960.0,6.6409,0.0,6.6409,25.7931,0.0
68610.52,4.2139,2.1806,1729763695.0,1,6,10970.0,6.647,0.0,6.647,25.8186,0.0
68620.52,4.2149,2.1807,1729763705.0,1,6,10980.0,6.6531,0.0,6.6531,25.8441,0.0
68630.52,4.2159,2.1806,1729763715.0,1,6,10990.0,6.6591,0.0,6.6591,25.8697,0.0
68640.52,4.217,2.1806,1729763725.0,1,6,11000.0,6.6652,0.0,6.6652,25.8952,0.0
68650.52,4.2181,2.1806,1729763735.0,1,6,11010.0,6.6712,0.0,6.6712,25.9207,0.0
68660.52,4.2192,2.1806,1729763745.0,1,6,11020.0,6.6773,0.0,6.6773,25.9463,0.0
68670.52,4.2202,2.1806,1729763755.0,1,6,11030.0,6.6833,0.0,6.6833,25.9719,0.0
68680.52,4.2213,2.1806,1729763765.0,1,6,11040.0,6.6894,0.0,6.6894,25.9974,0.0
68690.52,4.2224,2.1806,1729763775.0,1,6,11050.0,6.6955,0.0,6.6955,26.023,0.0
68700.52,4.2235,2.1806,1729763785.0,1,6,11060.0,6.7015,0.0,6.7015,26.0486,0.0
68710.52,4.2246,2.1806,1729763795.0,1,6,11070.0,6.7076,0.0,6.7076,26.0742,0.0
68720.52,4.2256,2.1806,1729763805.0,1,6,11080.0,6.7136,0.0,6.7136,26.0998,0.0
68730.52,4.2267,2.1806,1729763815.0,1,6,11090.0,6.7197,0.0,6.7197,26.1253,0.0
68740.52,4.2278,2.1806,1729763825.0,1,6,11100.0,6.7257,0.0,6.7257,26.151,0.0
68750.52,4.229,2.1806,1729763835.0,1,6,11110.0,6.7318,0.0,6.7318,26.1766,0.0
68760.52,4.2301,2.1805,1729763845.0,1,6,11120.0,6.7379,0.0,6.7379,26.2022,0.0
68770.52,4.2312,2.1806,1729763855.0,1,6,11130.0,6.7439,0.0,6.7439,26.2278,0.0
68780.52,4.2323,2.1806,1729763865.0,1,6,11140.0,6.75,0.0,6.75,26.2534,0.0
68790.52,4.2335,2.1804,1729763875.0,1,6,11150.0,6.756,0.0,6.756,26.2791,0.0
68800.52,4.2346,2.1805,1729763885.0,1,6,11160.0,6.7621,0.0,6.7621,26.3047,0.0
68810.52,4.2358,2.1804,1729763895.0,1,6,11170.0,6.7681,0.0,6.7681,26.3304,0.0
68820.52,4.2369,2.1805,1729763905.0,1,6,11180.0,6.7742,0.0,6.7742,26.356,0.0
68830.52,4.2381,2.1804,1729763915.0,1,6,11190.0,6.7803,0.0,6.7803,26.3817,0.0
68840.52,4.2393,2.1805,1729763925.0,1,6,11200.0,6.7863,0.0,6.7863,26.4074,0.0
68850.52,4.2404,2.1804,1729763935.0,1,6,11210.0,6.7924,0.0,6.7924,26.4331,0.0
68860.52,4.2416,2.1804,1729763945.0,1,6,11220.0,6.7984,0.0,6.7984,26.4587,0.0
68870.52,4.2428,2.1805,1729763955.0,1,6,11230.0,6.8045,0.0,6.8045,26.4844,0.0
68880.52,4.244,2.1804,1729763965.0,1,6,11240.0,6.8105,0.0,6.8105,26.5101,0.0
68890.52,4.2452,2.1804,1729763975.0,1,6,11250.0,6.8166,0.0,6.8166,26.5358,0.0
68900.52,4.2465,2.1804,1729763985.0,1,6,11260.0,6.8227,0.0,6.8227,26.5616,0.0
68910.52,4.2477,2.1804,1729763995.0,1,6,11270.0,6.8287,0.0,6.8287,26.5873,0.0
68920.52,4.2489,2.1803,1729764005.0,1,6,11280.0,6.8348,0.0,6.8348,26.613,0.0
68930.52,4.2501,2.1805,1729764015.0,1,6,11290.0,6.8408,0.0,6.8408,26.6388,0.0
68940.52,4.2514,2.1803,1729764025.0,1,6,11300.0,6.8469,0.0,6.8469,26.6645,0.0
68950.52,4.2526,2.1803,1729764035.0,1,6,11310.0,6.8529,0.0,6.8529,26.6902,0.0
68960.52,4.254,2.1803,1729764045.0,1,6,11320.0,6.859,0.0,6.859,26.716,0.0
68970.52,4.2552,2.1804,1729764055.0,1,6,11330.0,6.8651,0.0,6.8651,26.7418,0.0
68980.52,4.2565,2.1803,1729764065.0,1,6,11340.0,6.8711,0.0,6.8711,26.7676,0.0
68990.52,4.2578,2.1802,1729764075.0,1,6,11350.0,6.8772,0.0,6.8772,26.7933,0.0
69000.52,4.2591,2.1803,1729764085.0,1,6,11360.0,6.8832,0.0,6.8832,26.8191,0.0
69010.52,4.2604,2.1803,1729764095.0,1,6,11370.0,6.8893,0.0,6.8893,26.8449,0.0
69020.52,4.2618,2.1802,1729764105.0,1,6,11380.0,6.8953,0.0,6.8953,26.8707,0.0
69030.52,4.2631,2.1802,1729764115.0,1,6,11390.0,6.9014,0.0,6.9014,26.8965,0.0
69040.52,4.2644,2.1801,1729764125.0,1,6,11400.0,6.9074,0.0,6.9074,26.9224,0.0
69050.52,4.2658,2.1802,1729764135.0,1,6,11410.0,6.9135,0.0,6.9135,26.9482,0.0
69060.52,4.2672,2.1802,1729764145.0,1,6,11420.0,6.9196,0.0,6.9196,26.974,0.0
69070.52,4.2685,2.1802,1729764155.0,1,6,11430.0,6.9256,0.0,6.9256,26.9999,0.0
69080.52,4.2699,2.1801,1729764165.0,1,6,11440.0,6.9317,0.0,6.9317,27.0257,0.0
69090.52,4.2714,2.1801,1729764175.0,1,6,11450.0,6.9377,0.0,6.9377,27.0516,0.0
69100.52,4.2728,2.1801,1729764185.0,1,6,11460.0,6.9438,0.0,6.9438,27.0775,0.0
69110.52,4.2742,2.1801,1729764195.0,1,6,11470.0,6.9498,0.0,6.9498,27.1034,0.0
69120.52,4.2756,2.1801,1729764205.0,1,6,11480.0,6.9559,0.0,6.9559,27.1292,0.0
69130.52,4.2771,2.1801,1729764215.0,1,6,11490.0,6.9619,0.0,6.9619,27.1551,0.0
69140.52,4.2786,2.18,1729764225.0,1,6,11500.0,6.968,0.0,6.968,27.181,0.0
69150.52,4.2801,2.1801,1729764235.0,1,6,11510.0,6.9741,0.0,6.9741,27.207,0.0
69160.52,4.2815,2.1799,1729764245.0,1,6,11520.0,6.9801,0.0,6.9801,27.2329,0.0
69170.52,4.283,2.1801,1729764255.0,1,6,11530.0,6.9862,0.0,6.9862,27.2588,0.0
69180.52,4.2845,2.18,1729764265.0,1,6,11540.0,6.9922,0.0,6.9922,27.2848,0.0
69190.52,4.2861,2.18,1729764275.0,1,6,11550.0,6.9983,0.0,6.9983,27.3107,0.0
69200.52,4.2876,2.1799,1729764285.0,1,6,11560.0,7.0043,0.0,7.0043,27.3367,0.0
69210.52,4.2891,2.1799,1729764295.0,1,6,11570.0,7.0104,0.0,7.0104,27.3626,0.0
69220.52,4.2907,2.1799,1729764305.0,1,6,11580.0,7.0164,0.0,7.0164,27.3886,0.0
69230.52,4.2923,2.1799,1729764315.0,1,6,11590.0,7.0225,0.0,7.0225,27.4146,0.0
69240.52,4.2939,2.1799,1729764325.0,1,6,11600.0,7.0286,0.0,7.0286,27.4406,0.0
69250.52,4.2955,2.1799,1729764335.0,1,6,11610.0,7.0346,0.0,7.0346,27.4666,0.0
69260.52,4.2971,2.1798,1729764345.0,1,6,11620.0,7.0407,0.0,7.0407,27.4926,0.0
69270.52,4.2987,2.1799,1729764355.0,1,6,11630.0,7.0467,0.0,7.0467,27.5186,0.0
69280.52,4.3003,2.1798,1729764365.0,1,6,11640.0,7.0528,0.0,7.0528,27.5447,0.0
69290.52,4.3019,2.1798,1729764375.0,1,6,11650.0,7.0588,0.0,7.0588,27.5707,0.0
69300.52,4.3036,2.1797,1729764385.0,1,6,11660.0,7.0649,0.0,7.0649,27.5968,0.0
69310.52,4.3053,2.1798,1729764395.0,1,6,11670.0,7.0709,0.0,7.0709,27.6228,0.0
69320.52,4.3069,2.1798,1729764405.0,1,6,11680.0,7.077,0.0,7.077,27.6489,0.0
69330.52,4.3086,2.1797,1729764415.0,1,6,11690.0,7.0831,0.0,7.0831,27.675,0.0
69340.52,4.3102,2.1797,1729764425.0,1,6,11700.0,7.0891,0.0,7.0891,27.7011,0.0
69350.52,4.3119,2.1796,1729764435.0,1,6,11710.0,7.0952,0.0,7.0952,27.7272,0.0
69360.52,4.3136,2.1796,1729764445.0,1,6,11720.0,7.1012,0.0,7.1012,27.7533,0.0
69370.52,4.3153,2.1796,1729764455.0,1,6,11730.0,7.1073,0.0,7.1073,27.7794,0.0
69380.52,4.3169,2.1796,1729764465.0,1,6,11740.0,7.1133,0.0,7.1133,27.8055,0.0
69390.52,4.3186,2.1796,1729764475.0,1,6,11750.0,7.1194,0.0,7.1194,27.8317,0.0
69400.52,4.3203,2.1795,1729764485.0,1,6,11760.0,7.1254,0.0,7.1254,27.8578,0.0
69410.52,4.3219,2.1795,1729764495.0,1,6,11770.0,7.1315,0.0,7.1315,27.884,0.0
69420.52,4.3236,2.1795,1729764505.0,1,6,11780.0,7.1375,0.0,7.1375,27.9102,0.0
69430.52,4.3252,2.1794,1729764515.0,1,6,11790.0,7.1436,0.0,7.1436,27.9363,0.0
69440.52,4.3269,2.1794,1729764525.0,1,6,11800.0,7.1497,0.0,7.1497,27.9625,0.0
69450.52,4.3285,2.1794,1729764535.0,1,6,11810.0,7.1557,0.0,7.1557,27.9887,0.0
69460.52,4.3301,2.1794,1729764545.0,1,6,11820.0,7.1618,0.0,7.1618,28.0149,0.0
69470.52,4.3317,2.1793,1729764555.0,1,6,11830.0,7.1678,0.0,7.1678,28.0412,0.0
69480.52,4.3333,2.1794,1729764565.0,1,6,11840.0,7.1739,0.0,7.1739,28.0674,0.0
69490.52,4.3348,2.1793,1729764575.0,1,6,11850.0,7.1799,0.0,7.1799,28.0936,0.0
69500.52,4.3364,2.1792,1729764585.0,1,6,11860.0,7.186,0.0,7.186,28.1199,0.0
69510.52,4.3379,2.1792,1729764595.0,1,6,11870.0,7.192,0.0,7.192,28.1461,0.0
69520.52,4.3395,2.1792,1729764605.0,1,6,11880.0,7.1981,0.0,7.1981,28.1724,0.0
69530.52,4.341,2.1791,1729764615.0,1,6,11890.0,7.2041,0.0,7.2041,28.1987,0.0
69540.52,4.3425,2.1791,1729764625.0,1,6,11900.0,7.2102,0.0,7.2102,28.2249,0.0
69550.52,4.344,2.1791,1729764635.0,1,6,11910.0,7.2162,0.0,7.2162,28.2512,0.0
69560.52,4.3454,2.1791,1729764645.0,1,6,11920.0,7.2223,0.0,7.2223,28.2775,0.0
69570.52,4.3469,2.1791,1729764655.0,1,6,11930.0,7.2283,0.0,7.2283,28.3038,0.0
69580.52,4.3483,2.179,1729764665.0,1,6,11940.0,7.2344,0.0,7.2344,28.3301,0.0
69590.52,4.3496,2.179,1729764675.0,1,6,11950.0,7.2405,0.0,7.2405,28.3565,0.0
69593.27,4.35,2.1589,1729764678.0,1,6,11952.75,7.2421,0.0,7.2421,28.3637,0.0
69593.7,4.35,2.1386,1729764678.0,1,6,11953.18,7.2424,0.0,7.2424,28.3648,0.0
69594.24,4.35,2.1184,1729764679.0,1,6,11953.72,7.2427,0.0,7.2427,28.3662,0.0
69594.83,4.35,2.0983,1729764679.0,1,6,11954.31,7.243,0.0,7.243,28.3677,0.0
69595.38,4.35,2.0782,1729764680.0,1,6,11954.86,7.2434,0.0,7.2434,28.3691,0.0
69596.11,4.35,2.0582,1729764680.0,1,6,11955.59,7.2438,0.0,7.2438,28.3709,0.0
69596.82,4.35,2.038,1729764681.0,1,6,11956.3,7.2442,0.0,7.2442,28.3727,0.0
69597.47,4.35,2.018,1729764682.0,1,6,11956.95,7.2445,0.0,7.2445,28.3743,0.0
69598.25,4.35,1.9978,1729764683.0,1,6,11957.73,7.245,0.0,7.245,28.3762,0.0
69599.03,4.35,1.9778,1729764683.0,1,6,11958.51,7.2454,0.0,7.2454,28.378,0.0
69599.81,4.35,1.9576,1729764684.0,1,6,11959.29,7.2458,0.0,7.2458,28.3799,0.0
69600.52,4.35,1.9418,1729764685.0,1,6,11960.0,7.2462,0.0,7.2462,28.3816,0.0
69601.5,4.35,1.9217,1729764686.0,1,6,11960.98,7.2467,0.0,7.2467,28.3839,0.0
69602.43,4.35,1.9015,1729764687.0,1,6,11961.91,7.2472,0.0,7.2472,28.386,0.0
69603.34,4.35,1.8813,1729764688.0,1,6,11962.82,7.2477,0.0,7.2477,28.3881,0.0
69604.4,4.3499,1.8611,1729764689.0,1,6,11963.88,7.2483,0.0,7.2483,28.3905,0.0
69605.51,4.3499,1.8408,1729764690.0,1,6,11964.99,7.2488,0.0,7.2488,28.393,0.0
69606.41,4.3499,1.8207,1729764691.0,1,6,11965.89,7.2493,0.0,7.2493,28.3949,0.0
69607.78,4.35,1.8001,1729764692.0,1,6,11967.26,7.25,0.0,7.25,28.3979,0.0
69608.89,4.3499,1.78,1729764693.0,1,6,11968.37,7.2505,0.0,7.2505,28.4003,0.0
69610.11,4.3499,1.7599,1729764694.0,1,6,11969.59,7.2511,0.0,7.2511,28.403,0.0
69610.52,4.35,1.7549,1729764695.0,1,6,11970.0,7.2513,0.0,7.2513,28.4038,0.0
69611.54,4.35,1.7346,1729764696.0,1,6,11971.02,7.2518,0.0,7.2518,28.406,0.0
69612.94,4.35,1.7146,1729764697.0,1,6,11972.42,7.2525,0.0,7.2525,28.4089,0.0
69614.37,4.35,1.6942,1729764699.0,1,6,11973.85,7.2532,0.0,7.2532,28.4118,0.0
69615.59,4.35,1.674,1729764700.0,1,6,11975.07,7.2538,0.0,7.2538,28.4143,0.0
69617.0,4.35,1.6538,1729764701.0,1,6,11976.48,7.2544,0.0,7.2544,28.4172,0.0
69618.21,4.35,1.6337,1729764703.0,1,6,11977.69,7.255,0.0,7.255,28.4196,0.0
69619.8,4.35,1.6137,1729764704.0,1,6,11979.28,7.2557,0.0,7.2557,28.4227,0.0
69620.52,4.35,1.6049,1729764705.0,1,6,11980.0,7.256,0.0,7.256,28.4241,0.0
69622.25,4.35,1.5846,1729764707.0,1,6,11981.73,7.2568,0.0,7.2568,28.4274,0.0
69623.66,4.35,1.5645,1729764708.0,1,6,11983.14,7.2574,0.0,7.2574,28.4301,0.0
69625.18,4.35,1.5444,1729764709.0,1,6,11984.66,7.258,0.0,7.258,28.433,0.0
69626.92,4.35,1.5243,1729764711.0,1,6,11986.4,7.2588,0.0,7.2588,28.4362,0.0
69628.41,4.35,1.504,1729764713.0,1,6,11987.89,7.2594,0.0,7.2594,28.4389,0.0
69630.15,4.3499,1.484,1729764714.0,1,6,11989.63,7.2601,0.0,7.2601,28.442,0.0
69630.52,4.35,1.48,1729764715.0,1,6,11990.0,7.2603,0.0,7.2603,28.4427,0.0
69632.13,4.3499,1.4598,1729764716.0,1,6,11991.61,7.2609,0.0,7.2609,28.4456,0.0
69633.88,4.35,1.4395,1729764718.0,1,6,11993.36,7.2616,0.0,7.2616,28.4486,0.0
69635.66,4.35,1.4194,1729764720.0,1,6,11995.14,7.2623,0.0,7.2623,28.4517,0.0
69637.94,4.35,1.399,1729764722.0,1,6,11997.42,7.2632,0.0,7.2632,28.4556,0.0
69639.64,4.35,1.3788,1729764724.0,1,6,11999.12,7.2639,0.0,7.2639,28.4584,0.0
69640.52,4.3499,1.3711,1729764725.0,1,6,12000.0,7.2642,0.0,7.2642,28.4599,0.0
69642.33,4.3499,1.3507,1729764727.0,1,6,12001.81,7.2649,0.0,7.2649,28.4629,0.0
69644.61,4.3499,1.3303,1729764729.0,1,6,12004.09,7.2658,0.0,7.2658,28.4666,0.0
69646.39,4.35,1.3103,1729764731.0,1,6,12005.87,7.2664,0.0,7.2664,28.4694,0.0
69648.49,4.3499,1.2898,1729764733.0,1,6,12007.97,7.2672,0.0,7.2672,28.4727,0.0
69650.52,4.35,1.2733,1729764735.0,1,6,12010.0,7.2679,0.0,7.2679,28.4759,0.0
69652.86,4.35,1.2531,1729764737.0,1,6,12012.34,7.2687,0.0,7.2687,28.4794,0.0
69654.86,4.3499,1.2329,1729764739.0,1,6,12014.34,7.2694,0.0,7.2694,28.4824,0.0
69657.35,4.35,1.2128,1729764742.0,1,6,12016.83,7.2703,0.0,7.2703,28.4861,0.0
69659.57,4.35,1.1928,1729764744.0,1,6,12019.05,7.271,0.0,7.271,28.4894,0.0
69660.52,4.3499,1.1821,1729764745.0,1,6,12020.0,7.2713,0.0,7.2713,28.4907,0.0
69663.03,4.3499,1.162,1729764747.0,1,6,12022.51,7.2721,0.0,7.2721,28.4943,0.0
69665.67,4.3499,1.1418,1729764750.0,1,6,12025.15,7.273,0.0,7.273,28.4979,0.0
69668.19,4.3499,1.1218,1729764752.0,1,6,12027.67,7.2738,0.0,7.2738,28.5014,0.0
69670.52,4.3499,1.1059,1729764755.0,1,6,12030.0,7.2745,0.0,7.2745,28.5045,0.0
69672.76,4.3499,1.0858,1729764757.0,1,6,12032.24,7.2752,0.0,7.2752,28.5075,0.0
69676.17,4.3499,1.0656,1729764760.0,1,6,12035.65,7.2762,0.0,7.2762,28.5119,0.0
69678.7,4.3499,1.0454,1729764763.0,1,6,12038.18,7.2769,0.0,7.2769,28.5152,0.0
69680.52,4.3499,1.0326,1729764765.0,1,6,12040.0,7.2775,0.0,7.2775,28.5174,0.0
69683.97,4.3499,1.0124,1729764768.0,1,6,12043.45,7.2784,0.0,7.2784,28.5217,0.0
69686.92,4.35,0.9923,1729764771.0,1,6,12046.4,7.2793,0.0,7.2793,28.5253,0.0
69690.02,4.3499,0.9722,1729764774.0,1,6,12049.5,7.2801,0.0,7.2801,28.529,0.0
69690.52,4.3499,0.9665,1729764775.0,1,6,12050.0,7.2802,0.0,7.2802,28.5295,0.0
69694.74,4.3499,0.9464,1729764779.0,1,6,12054.22,7.2814,0.0,7.2814,28.5344,0.0
69697.54,4.3499,0.9261,1729764782.0,1,6,12057.02,7.2821,0.0,7.2821,28.5376,0.0
69700.52,4.35,0.9123,1729764785.0,1,6,12060.0,7.2828,0.0,7.2828,28.5409,0.0
69703.47,4.3499,0.8922,1729764788.0,1,6,12062.95,7.2836,0.0,7.2836,28.5441,0.0
69707.58,4.35,0.8722,1729764792.0,1,6,12067.06,7.2846,0.0,7.2846,28.5485,0.0
69710.52,4.35,0.8579,1729764795.0,1,6,12070.0,7.2853,0.0,7.2853,28.5516,0.0
69714.07,4.35,0.8379,1729764798.0,1,6,12073.55,7.2861,0.0,7.2861,28.5552,0.0
69717.78,4.3499,0.8179,1729764802.0,1,6,12077.26,7.287,0.0,7.287,28.5589,0.0
69720.52,4.3499,0.8033,1729764805.0,1,6,12080.0,7.2876,0.0,7.2876,28.5616,0.0
69724.91,4.3499,0.7832,1729764809.0,1,6,12084.39,7.2886,0.0,7.2886,28.5658,0.0
69730.43,4.35,0.7629,1729764815.0,1,6,12089.91,7.2898,0.0,7.2898,28.571,0.0
69730.52,4.35,0.7623,1729764815.0,1,6,12090.0,7.2898,0.0,7.2898,28.571,0.0
69734.51,4.35,0.7421,1729764819.0,1,6,12093.99,7.2906,0.0,7.2906,28.5747,0.0
69739.73,4.3499,0.722,1729764824.0,1,6,12099.21,7.2917,0.0,7.2917,28.5793,0.0
69740.52,4.3499,0.7206,1729764825.0,1,6,12100.0,7.2918,0.0,7.2918,28.58,0.0
69744.55,4.3499,0.7002,1729764829.0,1,6,12104.03,7.2926,0.0,7.2926,28.5834,0.0
69750.31,4.3499,0.6798,1729764835.0,1,6,12109.79,7.2937,0.0,7.2937,28.5883,0.0
69750.52,4.3499,0.6811,1729764835.0,1,6,12110.0,7.2938,0.0,7.2938,28.5884,0.0
69755.49,4.3499,0.6611,1729764840.0,1,6,12114.97,7.2947,0.0,7.2947,28.5925,0.0
69756.99,4.3499,0.655,1729764841.0,1,6,12116.47,7.295,0.0,7.295,28.5937,0.0
0.0,4.3489,0.0,1729764841.0,1,7,0.0,0.0,0.0,0.0,0.0,0.0
69757.0,4.3489,0.0,1729764841.0,1,7,0.01,0.0,0.0,0.0,0.0,0.0
69766.99,4.3454,0.0,1729764851.0,1,7,10.0,0.0,0.0,0.0,0.0,0.0
69776.99,4.3445,0.0,1729764861.0,1,7,20.0,0.0,0.0,0.0,0.0,0.0
69786.99,4.344,0.0,1729764871.0,1,7,30.0,0.0,0.0,0.0,0.0,0.0
69796.99,4.3435,0.0,1729764881.0,1,7,40.0,0.0,0.0,0.0,0.0,0.0
69806.99,4.3433,0.0,1729764891.0,1,7,50.0,0.0,0.0,0.0,0.0,0.0
69816.99,4.3429,0.0,1729764901.0,1,7,60.0,0.0,0.0,0.0,0.0,0.0
69826.99,4.3426,0.0,1729764911.0,1,7,70.0,0.0,0.0,0.0,0.0,0.0
69836.99,4.3424,0.0,1729764921.0,1,7,80.0,0.0,0.0,0.0,0.0,0.0
69846.99,4.3421,0.0,1729764931.0,1,7,90.0,0.0,0.0,0.0,0.0,0.0
69856.99,4.3419,0.0,1729764941.0,1,7,100.0,0.0,0.0,0.0,0.0,0.0
69866.99,4.3416,0.0,1729764951.0,1,7,110.0,0.0,0.0,0.0,0.0,0.0
69876.99,4.3414,0.0,1729764961.0,1,7,120.0,0.0,0.0,0.0,0.0,0.0
69886.99,4.3412,0.0,1729764971.0,1,7,130.0,0.0,0.0,0.0,0.0,0.0
69896.99,4.3411,0.0,1729764981.0,1,7,140.0,0.0,0.0,0.0,0.0,0.0
69906.99,4.3409,0.0,1729764991.0,1,7,150.0,0.0,0.0,0.0,0.0,0.0
69916.99,4.3407,0.0,1729765001.0,1,7,160.0,0.0,0.0,0.0,0.0,0.0
69926.99,4.3405,0.0,1729765011.0,1,7,170.0,0.0,0.0,0.0,0.0,0.0
69936.99,4.3403,0.0,1729765021.0,1,7,180.0,0.0,0.0,0.0,0.0,0.0
69946.99,4.3401,0.0,1729765031.0,1,7,190.0,0.0,0.0,0.0,0.0,0.0
69956.99,4.34,0.0,1729765041.0,1,7,200.0,0.0,0.0,0.0,0.0,0.0
69966.99,4.3398,0.0,1729765051.0,1,7,210.0,0.0,0.0,0.0,0.0,0.0
69976.99,4.3397,0.0,1729765061.0,1,7,220.0,0.0,0.0,0.0,0.0,0.0
69986.99,4.3395,0.0,1729765071.0,1,7,230.0,0.0,0.0,0.0,0.0,0.0
69996.99,4.3394,0.0,1729765081.0,1,7,240.0,0.0,0.0,0.0,0.0,0.0
70006.99,4.3392,0.0,1729765091.0,1,7,250.0,0.0,0.0,0.0,0.0,0.0
70016.99,4.3391,0.0,1729765101.0,1,7,260.0,0.0,0.0,0.0,0.0,0.0
70026.99,4.3389,0.0,1729765111.0,1,7,270.0,0.0,0.0,0.0,0.0,0.0
70036.99,4.3388,0.0,1729765121.0,1,7,280.0,0.0,0.0,0.0,0.0,0.0
70046.99,4.3386,0.0,1729765131.0,1,7,290.0,0.0,0.0,0.0,0.0,0.0
70056.99,4.3385,0.0,1729765141.0,1,7,300.0,0.0,0.0,0.0,0.0,0.0
70066.99,4.3384,0.0,1729765151.0,1,7,310.0,0.0,0.0,0.0,0.0,0.0
70076.99,4.3383,0.0,1729765161.0,1,7,320.0,0.0,0.0,0.0,0.0,0.0
70086.99,4.3381,0.0,1729765171.0,1,7,330.0,0.0,0.0,0.0,0.0,0.0
70096.99,4.338,0.0,1729765181.0,1,7,340.0,0.0,0.0,0.0,0.0,0.0
70106.99,4.3379,0.0,1729765191.0,1,7,350.0,0.0,0.0,0.0,0.0,0.0
70116.99,4.3378,0.0,1729765201.0,1,7,360.0,0.0,0.0,0.0,0.0,0.0
70126.99,4.3377,0.0,1729765211.0,1,7,370.0,0.0,0.0,0.0,0.0,0.0
70136.99,4.3375,0.0,1729765221.0,1,7,380.0,0.0,0.0,0.0,0.0,0.0
70146.99,4.3375,0.0,1729765231.0,1,7,390.0,0.0,0.0,0.0,0.0,0.0
70156.99,4.3373,0.0,1729765241.0,1,7,400.0,0.0,0.0,0.0,0.0,0.0
70166.99,4.3372,0.0,1729765251.0,1,7,410.0,0.0,0.0,0.0,0.0,0.0
70176.99,4.3371,0.0,1729765261.0,1,7,420.0,0.0,0.0,0.0,0.0,0.0
70186.99,4.337,0.0,1729765271.0,1,7,430.0,0.0,0.0,0.0,0.0,0.0
70196.99,4.3369,0.0,1729765281.0,1,7,440.0,0.0,0.0,0.0,0.0,0.0
70206.99,4.3368,0.0,1729765291.0,1,7,450.0,0.0,0.0,0.0,0.0,0.0
70216.99,4.3367,0.0,1729765301.0,1,7,460.0,0.0,0.0,0.0,0.0,0.0
70226.99,4.3366,0.0,1729765311.0,1,7,470.0,0.0,0.0,0.0,0.0,0.0
70236.99,4.3365,0.0,1729765321.0,1,7,480.0,0.0,0.0,0.0,0.0,0.0
70246.99,4.3364,0.0,1729765331.0,1,7,490.0,0.0,0.0,0.0,0.0,0.0
70256.99,4.3363,0.0,1729765341.0,1,7,500.0,0.0,0.0,0.0,0.0,0.0
70266.99,4.3362,0.0,1729765351.0,1,7,510.0,0.0,0.0,0.0,0.0,0.0
70276.99,4.3361,0.0,1729765361.0,1,7,520.0,0.0,0.0,0.0,0.0,0.0
70286.99,4.336,0.0,1729765371.0,1,7,530.0,0.0,0.0,0.0,0.0,0.0
70296.99,4.336,0.0,1729765381.0,1,7,540.0,0.0,0.0,0.0,0.0,0.0
70306.99,4.3358,0.0,1729765391.0,1,7,550.0,0.0,0.0,0.0,0.0,0.0
70316.99,4.3358,0.0,1729765401.0,1,7,560.0,0.0,0.0,0.0,0.0,0.0
70326.99,4.3357,0.0,1729765411.0,1,7,570.0,0.0,0.0,0.0,0.0,0.0
70336.99,4.3356,0.0,1729765421.0,1,7,580.0,0.0,0.0,0.0,0.0,0.0
70346.99,4.3356,0.0,1729765431.0,1,7,590.0,0.0,0.0,0.0,0.0,0.0
70356.99,4.3355,0.0,1729765441.0,1,7,600.0,0.0,0.0,0.0,0.0,0.0
70366.99,4.3354,0.0,1729765451.0,1,7,610.0,0.0,0.0,0.0,0.0,0.0
70376.99,4.3354,0.0,1729765461.0,1,7,620.0,0.0,0.0,0.0,0.0,0.0
70386.99,4.3352,0.0,1729765471.0,1,7,630.0,0.0,0.0,0.0,0.0,0.0
70396.99,4.3352,0.0,1729765481.0,1,7,640.0,0.0,0.0,0.0,0.0,0.0
70406.99,4.3351,0.0,1729765491.0,1,7,650.0,0.0,0.0,0.0,0.0,0.0
70416.99,4.335,0.0,1729765501.0,1,7,660.0,0.0,0.0,0.0,0.0,0.0
70426.99,4.335,0.0,1729765511.0,1,7,670.0,0.0,0.0,0.0,0.0,0.0
70436.99,4.3349,0.0,1729765521.0,1,7,680.0,0.0,0.0,0.0,0.0,0.0
70446.99,4.3349,0.0,1729765531.0,1,7,690.0,0.0,0.0,0.0,0.0,0.0
70456.99,4.3348,0.0,1729765541.0,1,7,700.0,0.0,0.0,0.0,0.0,0.0
70466.99,4.3347,0.0,1729765551.0,1,7,710.0,0.0,0.0,0.0,0.0,0.0
70476.99,4.3346,0.0,1729765561.0,1,7,720.0,0.0,0.0,0.0,0.0,0.0
70486.99,4.3345,0.0,1729765571.0,1,7,730.0,0.0,0.0,0.0,0.0,0.0
70496.99,4.3345,0.0,1729765581.0,1,7,740.0,0.0,0.0,0.0,0.0,0.0
70506.99,4.3344,0.0,1729765591.0,1,7,750.0,0.0,0.0,0.0,0.0,0.0
70516.99,4.3344,0.0,1729765601.0,1,7,760.0,0.0,0.0,0.0,0.0,0.0
70526.99,4.3343,0.0,1729765611.0,1,7,770.0,0.0,0.0,0.0,0.0,0.0
70536.99,4.3343,0.0,1729765621.0,1,7,780.0,0.0,0.0,0.0,0.0,0.0
70546.99,4.3342,0.0,1729765631.0,1,7,790.0,0.0,0.0,0.0,0.0,0.0
70556.99,4.3341,0.0,1729765641.0,1,7,800.0,0.0,0.0,0.0,0.0,0.0
70566.99,4.3341,0.0,1729765651.0,1,7,810.0,0.0,0.0,0.0,0.0,0.0
70576.99,4.334,0.0,1729765661.0,1,7,820.0,0.0,0.0,0.0,0.0,0.0
70586.99,4.334,0.0,1729765671.0,1,7,830.0,0.0,0.0,0.0,0.0,0.0
70596.99,4.3339,0.0,1729765681.0,1,7,840.0,0.0,0.0,0.0,0.0,0.0
70606.99,4.3338,0.0,1729765691.0,1,7,850.0,0.0,0.0,0.0,0.0,0.0
70616.99,4.3338,0.0,1729765701.0,1,7,860.0,0.0,0.0,0.0,0.0,0.0
70626.99,4.3337,0.0,1729765711.0,1,7,870.0,0.0,0.0,0.0,0.0,0.0
70636.99,4.3337,0.0,1729765721.0,1,7,880.0,0.0,0.0,0.0,0.0,0.0
70646.99,4.3336,0.0,1729765731.0,1,7,890.0,0.0,0.0,0.0,0.0,0.0
70656.99,4.3336,0.0,1729765741.0,1,7,900.0,0.0,0.0,0.0,0.0,0.0
70666.99,4.3335,0.0,1729765751.0,1,7,910.0,0.0,0.0,0.0,0.0,0.0
70676.99,4.3335,0.0,1729765761.0,1,7,920.0,0.0,0.0,0.0,0.0,0.0
70686.99,4.3335,0.0,1729765771.0,1,7,930.0,0.0,0.0,0.0,0.0,0.0
70696.99,4.3334,0.0,1729765781.0,1,7,940.0,0.0,0.0,0.0,0.0,0.0
70706.99,4.3333,0.0,1729765791.0,1,7,950.0,0.0,0.0,0.0,0.0,0.0
70716.99,4.3333,0.0,1729765801.0,1,7,960.0,0.0,0.0,0.0,0.0,0.0
70726.99,4.3332,0.0,1729765811.0,1,7,970.0,0.0,0.0,0.0,0.0,0.0
70736.99,4.3332,0.0,1729765821.0,1,7,980.0,0.0,0.0,0.0,0.0,0.0
70746.99,4.3332,0.0,1729765831.0,1,7,990.0,0.0,0.0,0.0,0.0,0.0
70756.99,4.3331,0.0,1729765841.0,1,7,1000.0,0.0,0.0,0.0,0.0,0.0
70766.99,4.333,0.0,1729765851.0,1,7,1010.0,0.0,0.0,0.0,0.0,0.0
70776.99,4.333,0.0,1729765861.0,1,7,1020.0,0.0,0.0,0.0,0.0,0.0
70786.99,4.3329,0.0,1729765871.0,1,7,1030.0,0.0,0.0,0.0,0.0,0.0
70796.99,4.3329,0.0,1729765881.0,1,7,1040.0,0.0,0.0,0.0,0.0,0.0
70806.99,4.3329,0.0,1729765891.0,1,7,1050.0,0.0,0.0,0.0,0.0,0.0
70816.99,4.3328,0.0,1729765901.0,1,7,1060.0,0.0,0.0,0.0,0.0,0.0
70826.99,4.3328,0.0,1729765911.0,1,7,1070.0,0.0,0.0,0.0,0.0,0.0
70836.99,4.3327,0.0,1729765921.0,1,7,1080.0,0.0,0.0,0.0,0.0,0.0
70846.99,4.3327,0.0,1729765931.0,1,7,1090.0,0.0,0.0,0.0,0.0,0.0
70856.99,4.3326,0.0,1729765941.0,1,7,1100.0,0.0,0.0,0.0,0.0,0.0
70866.99,4.3326,0.0,1729765951.0,1,7,1110.0,0.0,0.0,0.0,0.0,0.0
70876.99,4.3326,0.0,1729765961.0,1,7,1120.0,0.0,0.0,0.0,0.0,0.0
70886.99,4.3325,0.0,1729765971.0,1,7,1130.0,0.0,0.0,0.0,0.0,0.0
70896.99,4.3325,0.0,1729765981.0,1,7,1140.0,0.0,0.0,0.0,0.0,0.0
70906.99,4.3324,0.0,1729765991.0,1,7,1150.0,0.0,0.0,0.0,0.0,0.0
70916.99,4.3324,0.0,1729766001.0,1,7,1160.0,0.0,0.0,0.0,0.0,0.0
70926.99,4.3324,0.0,1729766011.0,1,7,1170.0,0.0,0.0,0.0,0.0,0.0
70936.99,4.3323,0.0,1729766021.0,1,7,1180.0,0.0,0.0,0.0,0.0,0.0
70946.99,4.3323,0.0,1729766031.0,1,7,1190.0,0.0,0.0,0.0,0.0,0.0
70956.99,4.3322,0.0,1729766041.0,1,7,1200.0,0.0,0.0,0.0,0.0,0.0
70966.99,4.3322,0.0,1729766051.0,1,7,1210.0,0.0,0.0,0.0,0.0,0.0
70976.99,4.3322,0.0,1729766061.0,1,7,1220.0,0.0,0.0,0.0,0.0,0.0
70986.99,4.3321,0.0,1729766071.0,1,7,1230.0,0.0,0.0,0.0,0.0,0.0
70996.99,4.3321,0.0,1729766081.0,1,7,1240.0,0.0,0.0,0.0,0.0,0.0
71006.99,4.3321,0.0,1729766091.0,1,7,1250.0,0.0,0.0,0.0,0.0,0.0
71016.99,4.332,0.0,1729766101.0,1,7,1260.0,0.0,0.0,0.0,0.0,0.0
71026.99,4.332,0.0,1729766111.0,1,7,1270.0,0.0,0.0,0.0,0.0,0.0
71036.99,4.3319,0.0,1729766121.0,1,7,1280.0,0.0,0.0,0.0,0.0,0.0
71046.99,4.3319,0.0,1729766131.0,1,7,1290.0,0.0,0.0,0.0,0.0,0.0
71056.99,4.3319,0.0,1729766141.0,1,7,1300.0,0.0,0.0,0.0,0.0,0.0
71066.99,4.3318,0.0,1729766151.0,1,7,1310.0,0.0,0.0,0.0,0.0,0.0
71076.99,4.3318,0.0,1729766161.0,1,7,1320.0,0.0,0.0,0.0,0.0,0.0
71086.99,4.3318,0.0,1729766171.0,1,7,1330.0,0.0,0.0,0.0,0.0,0.0
71096.99,4.3317,0.0,1729766181.0,1,7,1340.0,0.0,0.0,0.0,0.0,0.0
71106.99,4.3317,0.0,1729766191.0,1,7,1350.0,0.0,0.0,0.0,0.0,0.0
71116.99,4.3317,0.0,1729766201.0,1,7,1360.0,0.0,0.0,0.0,0.0,0.0
71126.99,4.3316,0.0,1729766211.0,1,7,1370.0,0.0,0.0,0.0,0.0,0.0
71136.99,4.3316,0.0,1729766221.0,1,7,1380.0,0.0,0.0,0.0,0.0,0.0
71146.99,4.3316,0.0,1729766231.0,1,7,1390.0,0.0,0.0,0.0,0.0,0.0
71156.99,4.3316,0.0,1729766241.0,1,7,1400.0,0.0,0.0,0.0,0.0,0.0
71166.99,4.3315,0.0,1729766251.0,1,7,1410.0,0.0,0.0,0.0,0.0,0.0
71176.99,4.3315,0.0,1729766261.0,1,7,1420.0,0.0,0.0,0.0,0.0,0.0
71186.99,4.3315,0.0,1729766271.0,1,7,1430.0,0.0,0.0,0.0,0.0,0.0
71196.99,4.3314,0.0,1729766281.0,1,7,1440.0,0.0,0.0,0.0,0.0,0.0
71206.99,4.3314,0.0,1729766291.0,1,7,1450.0,0.0,0.0,0.0,0.0,0.0
71216.99,4.3314,0.0,1729766301.0,1,7,1460.0,0.0,0.0,0.0,0.0,0.0
71226.99,4.3313,0.0,1729766311.0,1,7,1470.0,0.0,0.0,0.0,0.0,0.0
71236.99,4.3313,0.0,1729766321.0,1,7,1480.0,0.0,0.0,0.0,0.0,0.0
71246.99,4.3313,0.0,1729766331.0,1,7,1490.0,0.0,0.0,0.0,0.0,0.0
71256.99,4.3313,0.0,1729766341.0,1,7,1500.0,0.0,0.0,0.0,0.0,0.0
71266.99,4.3312,0.0,1729766351.0,1,7,1510.0,0.0,0.0,0.0,0.0,0.0
71276.99,4.3312,0.0,1729766361.0,1,7,1520.0,0.0,0.0,0.0,0.0,0.0
71286.99,4.3312,0.0,1729766371.0,1,7,1530.0,0.0,0.0,0.0,0.0,0.0
71296.99,4.3311,0.0,1729766381.0,1,7,1540.0,0.0,0.0,0.0,0.0,0.0
71306.99,4.3311,0.0,1729766391.0,1,7,1550.0,0.0,0.0,0.0,0.0,0.0
71316.99,4.3311,0.0,1729766401.0,1,7,1560.0,0.0,0.0,0.0,0.0,0.0
71326.99,4.3311,0.0,1729766411.0,1,7,1570.0,0.0,0.0,0.0,0.0,0.0
71336.99,4.331,0.0,1729766421.0,1,7,1580.0,0.0,0.0,0.0,0.0,0.0
71346.99,4.331,0.0,1729766431.0,1,7,1590.0,0.0,0.0,0.0,0.0,0.0
71356.99,4.331,0.0,1729766441.0,1,7,1600.0,0.0,0.0,0.0,0.0,0.0
71366.99,4.3309,0.0,1729766451.0,1,7,1610.0,0.0,0.0,0.0,0.0,0.0
71376.99,4.3309,0.0,1729766461.0,1,7,1620.0,0.0,0.0,0.0,0.0,0.0
71386.99,4.3309,0.0,1729766471.0,1,7,1630.0,0.0,0.0,0.0,0.0,0.0
71396.99,4.3309,0.0,1729766481.0,1,7,1640.0,0.0,0.0,0.0,0.0,0.0
71406.99,4.3308,0.0,1729766491.0,1,7,1650.0,0.0,0.0,0.0,0.0,0.0
71416.99,4.3308,0.0,1729766501.0,1,7,1660.0,0.0,0.0,0.0,0.0,0.0
71426.99,4.3308,0.0,1729766511.0,1,7,1670.0,0.0,0.0,0.0,0.0,0.0
71436.99,4.3308,0.0,1729766521.0,1,7,1680.0,0.0,0.0,0.0,0.0,0.0
71446.99,4.3307,0.0,1729766531.0,1,7,1690.0,0.0,0.0,0.0,0.0,0.0
71456.99,4.3307,0.0,1729766541.0,1,7,1700.0,0.0,0.0,0.0,0.0,0.0
71466.99,4.3307,0.0,1729766551.0,1,7,1710.0,0.0,0.0,0.0,0.0,0.0
71476.99,4.3307,0.0,1729766561.0,1,7,1720.0,0.0,0.0,0.0,0.0,0.0
71486.99,4.3306,0.0,1729766571.0,1,7,1730.0,0.0,0.0,0.0,0.0,0.0
71496.99,4.3306,0.0,1729766581.0,1,7,1740.0,0.0,0.0,0.0,0.0,0.0
71506.99,4.3306,0.0,1729766591.0,1,7,1750.0,0.0,0.0,0.0,0.0,0.0
71516.99,4.3306,0.0,1729766601.0,1,7,1760.0,0.0,0.0,0.0,0.0,0.0
71526.99,4.3305,0.0,1729766611.0,1,7,1770.0,0.0,0.0,0.0,0.0,0.0
71536.99,4.3305,0.0,1729766621.0,1,7,1780.0,0.0,0.0,0.0,0.0,0.0
71546.99,4.3305,0.0,1729766631.0,1,7,1790.0,0.0,0.0,0.0,0.0,0.0
71556.99,4.3305,0.0,1729766641.0,1,7,1800.0,0.0,0.0,0.0,0.0,0.0
0.0,4.3305,-6.5498,1729766641.0,1,8,0.0,0.0,0.0,0.0,0.0,0.0
71557.0,4.3305,-6.5498,1729766641.0,1,8,0.01,0.0,0.0,0.0,0.0,0.0001
71557.05,4.3105,-6.5494,1729766641.0,1,8,0.06,0.0,0.0001,0.0001,0.0,0.0005
71565.74,4.2905,-6.5496,1729766650.0,1,8,8.75,0.0,0.0159,0.0159,0.0,0.0684
71566.99,4.2886,-6.5496,1729766651.0,1,8,10.0,0.0,0.0182,0.0182,0.0,0.0782
71576.99,4.276,-6.5496,1729766661.0,1,8,20.0,0.0,0.0364,0.0364,0.0,0.1561
71586.99,4.2659,-6.5497,1729766671.0,1,8,30.0,0.0,0.0546,0.0546,0.0,0.2338
71596.99,4.2572,-6.5496,1729766681.0,1,8,40.0,0.0,0.0728,0.0728,0.0,0.3113
71606.99,4.2493,-6.5496,1729766691.0,1,8,50.0,0.0,0.091,0.091,0.0,0.3887
71616.99,4.2421,-6.5496,1729766701.0,1,8,60.0,0.0,0.1092,0.1092,0.0,0.4659
71626.99,4.2354,-6.5497,1729766711.0,1,8,70.0,0.0,0.1274,0.1274,0.0,0.5431
71636.99,4.2293,-6.5497,1729766721.0,1,8,80.0,0.0,0.1455,0.1455,0.0,0.6201
71646.99,4.2236,-6.5496,1729766731.0,1,8,90.0,0.0,0.1637,0.1637,0.0,0.697
71656.99,4.2182,-6.5496,1729766741.0,1,8,100.0,0.0,0.1819,0.1819,0.0,0.7737
71666.99,4.2132,-6.5495,1729766751.0,1,8,110.0,0.0,0.2001,0.2001,0.0,0.8504
71676.99,4.2086,-6.5497,1729766761.0,1,8,120.0,0.0,0.2183,0.2183,0.0,0.9271
71686.99,4.2041,-6.5496,1729766771.0,1,8,130.0,0.0,0.2365,0.2365,0.0,1.0036
71696.99,4.2,-6.5497,1729766781.0,1,8,140.0,0.0,0.2547,0.2547,0.0,1.08
71706.99,4.1959,-6.5496,1729766791.0,1,8,150.0,0.0,0.2729,0.2729,0.0,1.1564
71716.99,4.1921,-6.5495,1729766801.0,1,8,160.0,0.0,0.2911,0.2911,0.0,1.2327
71726.99,4.1884,-6.5495,1729766811.0,1,8,170.0,0.0,0.3093,0.3093,0.0,1.3089
71736.99,4.1849,-6.5497,1729766821.0,1,8,180.0,0.0,0.3275,0.3275,0.0,1.3851
71746.99,4.1814,-6.5496,1729766831.0,1,8,190.0,0.0,0.3457,0.3457,0.0,1.4612
71756.99,4.178,-6.5496,1729766841.0,1,8,200.0,0.0,0.3639,0.3639,0.0,1.5373
71766.99,4.1747,-6.5496,1729766851.0,1,8,210.0,0.0,0.3821,0.3821,0.0,1.6132
71776.99,4.1715,-6.5495,1729766861.0,1,8,220.0,0.0,0.4003,0.4003,0.0,1.6892
71786.99,4.1684,-6.5496,1729766871.0,1,8,230.0,0.0,0.4184,0.4184,0.0,1.765
71796.99,4.1653,-6.5496,1729766881.0,1,8,240.0,0.0,0.4366,0.4366,0.0,1.8408
71806.99,4.1623,-6.5495,1729766891.0,1,8,250.0,0.0,0.4548,0.4548,0.0,1.9166
71816.99,4.1593,-6.5496,1729766901.0,1,8,260.0,0.0,0.473,0.473,0.0,1.9923
71826.99,4.1563,-6.5496,1729766911.0,1,8,270.0,0.0,0.4912,0.4912,0.0,2.0679
71836.99,4.1534,-6.5497,1729766921.0,1,8,280.0,0.0,0.5094,0.5094,0.0,2.1435
71846.99,4.1505,-6.5496,1729766931.0,1,8,290.0,0.0,0.5276,0.5276,0.0,2.2191
71856.99,4.1476,-6.5496,1729766941.0,1,8,300.0,0.0,0.5458,0.5458,0.0,2.2945
71866.99,4.1448,-6.5496,1729766951.0,1,8,310.0,0.0,0.564,0.564,0.0,2.37
71876.99,4.142,-6.5496,1729766961.0,1,8,320.0,0.0,0.5822,0.5822,0.0,2.4454
71886.99,4.1392,-6.5496,1729766971.0,1,8,330.0,0.0,0.6004,0.6004,0.0,2.5207
71896.99,4.1364,-6.5497,1729766981.0,1,8,340.0,0.0,0.6186,0.6186,0.0,2.596
71906.99,4.1337,-6.5496,1729766991.0,1,8,350.0,0.0,0.6368,0.6368,0.0,2.6712
71916.99,4.1309,-6.5497,1729767001.0,1,8,360.0,0.0,0.655,0.655,0.0,2.7464
71926.99,4.1282,-6.5495,1729767011.0,1,8,370.0,0.0,0.6732,0.6732,0.0,2.8215
71936.99,4.1255,-6.5496,1729767021.0,1,8,380.0,0.0,0.6913,0.6913,0.0,2.8966
71946.99,4.1228,-6.5496,1729767031.0,1,8,390.0,0.0,0.7095,0.7095,0.0,2.9716
71956.99,4.1201,-6.5496,1729767041.0,1,8,400.0,0.0,0.7277,0.7277,0.0,3.0466
71966.99,4.1174,-6.5497,1729767051.0,1,8,410.0,0.0,0.7459,0.7459,0.0,3.1215
71976.99,4.1147,-6.5496,1729767061.0,1,8,420.0,0.0,0.7641,0.7641,0.0,3.1964
71986.99,4.112,-6.5496,1729767071.0,1,8,430.0,0.0,0.7823,0.7823,0.0,3.2713
71996.99,4.1093,-6.5496,1729767081.0,1,8,440.0,0.0,0.8005,0.8005,0.0,3.3461
72006.99,4.1067,-6.5495,1729767091.0,1,8,450.0,0.0,0.8187,0.8187,0.0,3.4208
72016.99,4.104,-6.5496,1729767101.0,1,8,460.0,0.0,0.8369,0.8369,0.0,3.4955
72026.99,4.1013,-6.5495,1729767111.0,1,8,470.0,0.0,0.8551,0.8551,0.0,3.5701
72036.99,4.0986,-6.5497,1729767121.0,1,8,480.0,0.0,0.8733,0.8733,0.0,3.6447
72046.99,4.096,-6.5496,1729767131.0,1,8,490.0,0.0,0.8915,0.8915,0.0,3.7193
72056.99,4.0933,-6.5497,1729767141.0,1,8,500.0,0.0,0.9097,0.9097,0.0,3.7938
72066.99,4.0906,-6.5496,1729767151.0,1,8,510.0,0.0,0.9279,0.9279,0.0,3.8682
72076.99,4.0879,-6.5495,1729767161.0,1,8,520.0,0.0,0.9461,0.9461,0.0,3.9426
72086.99,4.0853,-6.5496,1729767171.0,1,8,530.0,0.0,0.9642,0.9642,0.0,4.0169
72096.99,4.0826,-6.5496,1729767181.0,1,8,540.0,0.0,0.9824,0.9824,0.0,4.0912
72106.99,4.08,-6.5496,1729767191.0,1,8,550.0,0.0,1.0006,1.0006,0.0,4.1655
72116.99,4.0773,-6.5496,1729767201.0,1,8,560.0,0.0,1.0188,1.0188,0.0,4.2397
72126.99,4.0747,-6.5496,1729767211.0,1,8,570.0,0.0,1.037,1.037,0.0,4.3139
72136.99,4.0721,-6.5496,1729767221.0,1,8,580.0,0.0,1.0552,1.0552,0.0,4.388
72146.99,4.0695,-6.5497,1729767231.0,1,8,590.0,0.0,1.0734,1.0734,0.0,4.462
72156.99,4.0669,-6.5496,1729767241.0,1,8,600.0,0.0,1.0916,1.0916,0.0,4.536
72166.99,4.0642,-6.5496,1729767251.0,1,8,610.0,0.0,1.1098,1.1098,0.0,4.61
72176.99,4.0616,-6.5495,1729767261.0,1,8,620.0,0.0,1.128,1.128,0.0,4.6839
72186.99,4.0591,-6.5496,1729767271.0,1,8,630.0,0.0,1.1462,1.1462,0.0,4.7578
72196.99,4.0566,-6.5496,1729767281.0,1,8,640.0,0.0,1.1644,1.1644,0.0,4.8316
72206.99,4.0541,-6.5496,1729767291.0,1,8,650.0,0.0,1.1826,1.1826,0.0,4.9054
72216.99,4.0517,-6.5496,1729767301.0,1,8,660.0,0.0,1.2008,1.2008,0.0,4.9791
72226.99,4.0493,-6.5495,1729767311.0,1,8,670.0,0.0,1.219,1.219,0.0,5.0528
72236.99,4.0471,-6.5496,1729767321.0,1,8,680.0,0.0,1.2371,1.2371,0.0,5.1265
72246.99,4.045,-6.5496,1729767331.0,1,8,690.0,0.0,1.2553,1.2553,0.0,5.2001
72256.99,4.043,-6.5496,1729767341.0,1,8,700.0,0.0,1.2735,1.2735,0.0,5.2737
72266.99,4.0412,-6.5497,1729767351.0,1,8,710.0,0.0,1.2917,1.2917,0.0,5.3472
72276.99,4.0393,-6.5496,1729767361.0,1,8,720.0,0.0,1.3099,1.3099,0.0,5.4207
72286.99,4.0376,-6.5497,1729767371.0,1,8,730.0,0.0,1.3281,1.3281,0.0,5.4942
72296.99,4.0359,-6.5496,1729767381.0,1,8,740.0,0.0,1.3463,1.3463,0.0,5.5676
72306.99,4.0342,-6.5495,1729767391.0,1,8,750.0,0.0,1.3645,1.3645,0.0,5.641
72316.99,4.0324,-6.5496,1729767401.0,1,8,760.0,0.0,1.3827,1.3827,0.0,5.7144
72326.99,4.0306,-6.5497,1729767411.0,1,8,770.0,0.0,1.4009,1.4009,0.0,5.7878
72336.99,4.0287,-6.5496,1729767421.0,1,8,780.0,0.0,1.4191,1.4191,0.0,5.8611
72346.99,4.0268,-6.5496,1729767431.0,1,8,790.0,0.0,1.4373,1.4373,0.0,5.9344
72356.99,4.0247,-6.5496,1729767441.0,1,8,800.0,0.0,1.4555,1.4555,0.0,6.0076
72366.99,4.0224,-6.5497,1729767451.0,1,8,810.0,0.0,1.4737,1.4737,0.0,6.0808
72376.99,4.02,-6.5496,1729767461.0,1,8,820.0,0.0,1.4919,1.4919,0.0,6.154
72386.99,4.0174,-6.5496,1729767471.0,1,8,830.0,0.0,1.51,1.51,0.0,6.2271
72396.99,4.0144,-6.5497,1729767481.0,1,8,840.0,0.0,1.5282,1.5282,0.0,6.3001
72406.99,4.0112,-6.5496,1729767491.0,1,8,850.0,0.0,1.5464,1.5464,0.0,6.3731
72416.99,4.0075,-6.5496,1729767501.0,1,8,860.0,0.0,1.5646,1.5646,0.0,6.4461
72426.99,4.0036,-6.5496,1729767511.0,1,8,870.0,0.0,1.5828,1.5828,0.0,6.519
72436.99,3.9993,-6.5496,1729767521.0,1,8,880.0,0.0,1.601,1.601,0.0,6.5918
72446.99,3.9949,-6.5497,1729767531.0,1,8,890.0,0.0,1.6192,1.6192,0.0,6.6645
72456.99,3.9905,-6.5496,1729767541.0,1,8,900.0,0.0,1.6374,1.6374,0.0,6.7371
72466.99,3.986,-6.5496,1729767551.0,1,8,910.0,0.0,1.6556,1.6556,0.0,6.8097
72476.99,3.9816,-6.5497,1729767561.0,1,8,920.0,0.0,1.6738,1.6738,0.0,6.8822
72486.99,3.9773,-6.5496,1729767571.0,1,8,930.0,0.0,1.692,1.692,0.0,6.9546
72496.99,3.9731,-6.5496,1729767581.0,1,8,940.0,0.0,1.7102,1.7102,0.0,7.0269
72506.99,3.9691,-6.5497,1729767591.0,1,8,950.0,0.0,1.7284,1.7284,0.0,7.0991
72516.99,3.9653,-6.5496,1729767601.0,1,8,960.0,0.0,1.7466,1.7466,0.0,7.1713
72526.99,3.9617,-6.5496,1729767611.0,1,8,970.0,0.0,1.7648,1.7648,0.0,7.2434
72536.99,3.9582,-6.5496,1729767621.0,1,8,980.0,0.0,1.7829,1.7829,0.0,7.3155
72546.99,3.9549,-6.5496,1729767631.0,1,8,990.0,0.0,1.8011,1.8011,0.0,7.3874
72556.99,3.9518,-6.5496,1729767641.0,1,8,1000.0,0.0,1.8193,1.8193,0.0,7.4594
72566.99,3.9488,-6.5496,1729767651.0,1,8,1010.0,0.0,1.8375,1.8375,0.0,7.5312
72576.99,3.946,-6.5495,1729767661.0,1,8,1020.0,0.0,1.8557,1.8557,0.0,7.6031
72586.99,3.9433,-6.5497,1729767671.0,1,8,1030.0,0.0,1.8739,1.8739,0.0,7.6748
72596.99,3.9408,-6.5496,1729767681.0,1,8,1040.0,0.0,1.8921,1.8921,0.0,7.7465
72606.99,3.9383,-6.5496,1729767691.0,1,8,1050.0,0.0,1.9103,1.9103,0.0,7.8182
72616.99,3.9359,-6.5497,1729767701.0,1,8,1060.0,0.0,1.9285,1.9285,0.0,7.8898
72626.99,3.9337,-6.5496,1729767711.0,1,8,1070.0,0.0,1.9467,1.9467,0.0,7.9614
72636.99,3.9315,-6.5496,1729767721.0,1,8,1080.0,0.0,1.9649,1.9649,0.0,8.033
72646.99,3.9294,-6.5496,1729767731.0,1,8,1090.0,0.0,1.9831,1.9831,0.0,8.1045
72656.99,3.9274,-6.5496,1729767741.0,1,8,1100.0,0.0,2.0013,2.0013,0.0,8.176
72666.99,3.9254,-6.5496,1729767751.0,1,8,1110.0,0.0,2.0195,2.0195,0.0,8.2474
72676.99,3.9235,-6.5496,1729767761.0,1,8,1120.0,0.0,2.0377,2.0377,0.0,8.3188
72686.99,3.9217,-6.5496,1729767771.0,1,8,1130.0,0.0,2.0558,2.0558,0.0,8.3902
72696.99,3.9199,-6.5496,1729767781.0,1,8,1140.0,0.0,2.074,2.074,0.0,8.4615
72706.99,3.9182,-6.5496,1729767791.0,1,8,1150.0,0.0,2.0922,2.0922,0.0,8.5328
72716.99,3.9164,-6.5495,1729767801.0,1,8,1160.0,0.0,2.1104,2.1104,0.0,8.6041
72726.99,3.9148,-6.5496,1729767811.0,1,8,1170.0,0.0,2.1286,2.1286,0.0,8.6753
72736.99,3.9131,-6.5496,1729767821.0,1,8,1180.0,0.0,2.1468,2.1468,0.0,8.7465
72746.99,3.9114,-6.5496,1729767831.0,1,8,1190.0,0.0,2.165,2.165,0.0,8.8177
72756.99,3.9098,-6.5496,1729767841.0,1,8,1200.0,0.0,2.1832,2.1832,0.0,8.8888
72766.99,3.9081,-6.5496,1729767851.0,1,8,1210.0,0.0,2.2014,2.2014,0.0,8.9599
72776.99,3.9065,-6.5496,1729767861.0,1,8,1220.0,0.0,2.2196,2.2196,0.0,9.031
72786.99,3.9049,-6.5496,1729767871.0,1,8,1230.0,0.0,2.2378,2.2378,0.0,9.1021
72796.99,3.9032,-6.5496,1729767881.0,1,8,1240.0,0.0,2.256,2.256,0.0,9.1731
72806.99,3.9016,-6.5496,1729767891.0,1,8,1250.0,0.0,2.2742,2.2742,0.0,9.2441
72816.99,3.8999,-6.5495,1729767901.0,1,8,1260.0,0.0,2.2924,2.2924,0.0,9.3151
72826.99,3.8982,-6.5495,1729767911.0,1,8,1270.0,0.0,2.3106,2.3106,0.0,9.386
72836.99,3.8966,-6.5496,1729767921.0,1,8,1280.0,0.0,2.3287,2.3287,0.0,9.4569
72846.99,3.8949,-6.5495,1729767931.0,1,8,1290.0,0.0,2.3469,2.3469,0.0,9.5278
72856.99,3.8932,-6.5495,1729767941.0,1,8,1300.0,0.0,2.3651,2.3651,0.0,9.5986
72866.99,3.8915,-6.5495,1729767951.0,1,8,1310.0,0.0,2.3833,2.3833,0.0,9.6694
72876.99,3.8897,-6.5496,1729767961.0,1,8,1320.0,0.0,2.4015,2.4015,0.0,9.7402
72886.99,3.888,-6.5495,1729767971.0,1,8,1330.0,0.0,2.4197,2.4197,0.0,9.811
72896.99,3.8862,-6.5496,1729767981.0,1,8,1340.0,0.0,2.4379,2.4379,0.0,9.8817
72906.99,3.8845,-6.5495,1729767991.0,1,8,1350.0,0.0,2.4561,2.4561,0.0,9.9524
72916.99,3.8827,-6.5496,1729768001.0,1,8,1360.0,0.0,2.4743,2.4743,0.0,10.023
72926.99,3.8809,-6.5495,1729768011.0,1,8,1370.0,0.0,2.4925,2.4925,0.0,10.0937
72936.99,3.8792,-6.5495,1729768021.0,1,8,1380.0,0.0,2.5107,2.5107,0.0,10.1643
72946.99,3.8774,-6.5495,1729768031.0,1,8,1390.0,0.0,2.5289,2.5289,0.0,10.2348
72956.99,3.8756,-6.5495,1729768041.0,1,8,1400.0,0.0,2.5471,2.5471,0.0,10.3053
72966.99,3.8738,-6.5495,1729768051.0,1,8,1410.0,0.0,2.5653,2.5653,0.0,10.3758
72976.99,3.8721,-6.5495,1729768061.0,1,8,1420.0,0.0,2.5835,2.5835,0.0,10.4463
72986.99,3.8703,-6.5495,1729768071.0,1,8,1430.0,0.0,2.6016,2.6016,0.0,10.5167
72996.99,3.8685,-6.5495,1729768081.0,1,8,1440.0,0.0,2.6198,2.6198,0.0,10.5871
73006.99,3.8667,-6.5496,1729768091.0,1,8,1450.0,0.0,2.638,2.638,0.0,10.6575
73016.99,3.865,-6.5496,1729768101.0,1,8,1460.0,0.0,2.6562,2.6562,0.0,10.7278
73026.99,3.8632,-6.5495,1729768111.0,1,8,1470.0,0.0,2.6744,2.6744,0.0,10.7981
73036.99,3.8615,-6.5495,1729768121.0,1,8,1480.0,0.0,2.6926,2.6926,0.0,10.8684
73046.99,3.8597,-6.5495,1729768131.0,1,8,1490.0,0.0,2.7108,2.7108,0.0,10.9386
73056.99,3.858,-6.5495,1729768141.0,1,8,1500.0,0.0,2.729,2.729,0.0,11.0088
73066.99,3.8563,-6.5495,1729768151.0,1,8,1510.0,0.0,2.7472,2.7472,0.0,11.079
73076.99,3.8546,-6.5496,1729768161.0,1,8,1520.0,0.0,2.7654,2.7654,0.0,11.1491
73086.99,3.8529,-6.5496,1729768171.0,1,8,1530.0,0.0,2.7836,2.7836,0.0,11.2193
73096.99,3.8512,-6.5496,1729768181.0,1,8,1540.0,0.0,2.8018,2.8018,0.0,11.2893
73106.99,3.8496,-6.5495,1729768191.0,1,8,1550.0,0.0,2.82,2.82,0.0,11.3594
73116.99,3.8479,-6.5495,1729768201.0,1,8,1560.0,0.0,2.8382,2.8382,0.0,11.4294
73126.99,3.8463,-6.5495,1729768211.0,1,8,1570.0,0.0,2.8564,2.8564,0.0,11.4994
73136.99,3.8447,-6.5496,1729768221.0,1,8,1580.0,0.0,2.8745,2.8745,0.0,11.5694
73146.99,3.843,-6.5495,1729768231.0,1,8,1590.0,0.0,2.8927,2.8927,0.0,11.6393
73156.99,3.8414,-6.5495,1729768241.0,1,8,1600.0,0.0,2.9109,2.9109,0.0,11.7092
73166.99,3.8398,-6.5495,1729768251.0,1,8,1610.0,0.0,2.9291,2.9291,0.0,11.7791
73176.99,3.8382,-6.5496,1729768261.0,1,8,1620.0,0.0,2.9473,2.9473,0.0,11.8489
73186.99,3.8367,-6.5495,1729768271.0,1,8,1630.0,0.0,2.9655,2.9655,0.0,11.9187
73196.99,3.8351,-6.5496,1729768281.0,1,8,1640.0,0.0,2.9837,2.9837,0.0,11.9885
73206.99,3.8336,-6.5495,1729768291.0,1,8,1650.0,0.0,3.0019,3.0019,0.0,12.0583
73216.99,3.832,-6.5495,1729768301.0,1,8,1660.0,0.0,3.0201,3.0201,0.0,12.128
73226.99,3.8305,-6.5496,1729768311.0,1,8,1670.0,0.0,3.0383,3.0383,0.0,12.1977
73236.99,3.829,-6.5495,1729768321.0,1,8,1680.0,0.0,3.0565,3.0565,0.0,12.2674
73246.99,3.8275,-6.5495,1729768331.0,1,8,1690.0,0.0,3.0747,3.0747,0.0,12.337
73256.99,3.826,-6.5495,1729768341.0,1,8,1700.0,0.0,3.0929,3.0929,0.0,12.4066
73266.99,3.8245,-6.5495,1729768351.0,1,8,1710.0,0.0,3.1111,3.1111,0.0,12.4762
73276.99,3.8231,-6.5495,1729768361.0,1,8,1720.0,0.0,3.1292,3.1292,0.0,12.5458
73286.99,3.8216,-6.5496,1729768371.0,1,8,1730.0,0.0,3.1474,3.1474,0.0,12.6153
73296.99,3.8202,-6.5495,1729768381.0,1,8,1740.0,0.0,3.1656,3.1656,0.0,12.6849
73306.99,3.8187,-6.5495,1729768391.0,1,8,1750.0,0.0,3.1838,3.1838,0.0,12.7544
73316.99,3.8173,-6.5496,1729768401.0,1,8,1760.0,0.0,3.202,3.202,0.0,12.8238
73326.99,3.8159,-6.5495,1729768411.0,1,8,1770.0,0.0,3.2202,3.2202,0.0,12.8932
73336.99,3.8145,-6.5496,1729768421.0,1,8,1780.0,0.0,3.2384,3.2384,0.0,12.9627
73346.99,3.8131,-6.5496,1729768431.0,1,8,1790.0,0.0,3.2566,3.2566,0.0,13.032
73356.99,3.8117,-6.5495,1729768441.0,1,8,1800.0,0.0,3.2748,3.2748,0.0,13.1014
73366.99,3.8103,-6.5495,1729768451.0,1,8,1810.0,0.0,3.293,3.293,0.0,13.1707
73376.99,3.809,-6.5495,1729768461.0,1,8,1820.0,0.0,3.3112,3.3112,0.0,13.24
73386.99,3.8077,-6.5496,1729768471.0,1,8,1830.0,0.0,3.3294,3.3294,0.0,13.3093
73396.99,3.8063,-6.5496,1729768481.0,1,8,1840.0,0.0,3.3476,3.3476,0.0,13.3786
73406.99,3.805,-6.5495,1729768491.0,1,8,1850.0,0.0,3.3658,3.3658,0.0,13.4478
73416.99,3.8037,-6.5496,1729768501.0,1,8,1860.0,0.0,3.384,3.384,0.0,13.517
73426.99,3.8024,-6.5495,1729768511.0,1,8,1870.0,0.0,3.4021,3.4021,0.0,13.5862
73436.99,3.801,-6.5495,1729768521.0,1,8,1880.0,0.0,3.4203,3.4203,0.0,13.6554
73446.99,3.7998,-6.5496,1729768531.0,1,8,1890.0,0.0,3.4385,3.4385,0.0,13.7245
73456.99,3.7985,-6.5496,1729768541.0,1,8,1900.0,0.0,3.4567,3.4567,0.0,13.7937
73466.99,3.7972,-6.5495,1729768551.0,1,8,1910.0,0.0,3.4749,3.4749,0.0,13.8627
73476.99,3.7959,-6.5495,1729768561.0,1,8,1920.0,0.0,3.4931,3.4931,0.0,13.9318
73486.99,3.7947,-6.5495,1729768571.0,1,8,1930.0,0.0,3.5113,3.5113,0.0,14.0009
73496.99,3.7935,-6.5495,1729768581.0,1,8,1940.0,0.0,3.5295,3.5295,0.0,14.0699
73506.99,3.7922,-6.5495,1729768591.0,1,8,1950.0,0.0,3.5477,3.5477,0.0,14.1389
73516.99,3.791,-6.5495,1729768601.0,1,8,1960.0,0.0,3.5659,3.5659,0.0,14.2079
73526.99,3.7898,-6.5496,1729768611.0,1,8,1970.0,0.0,3.5841,3.5841,0.0,14.2768
73536.99,3.7886,-6.5496,1729768621.0,1,8,1980.0,0.0,3.6023,3.6023,0.0,14.3458
73546.99,3.7874,-6.5496,1729768631.0,1,8,1990.0,0.0,3.6205,3.6205,0.0,14.4147
73556.99,3.7862,-6.5495,1729768641.0,1,8,2000.0,0.0,3.6387,3.6387,0.0,14.4836
73566.99,3.785,-6.5495,1729768651.0,1,8,2010.0,0.0,3.6568,3.6568,0.0,14.5525
73576.99,3.7838,-6.5495,1729768661.0,1,8,2020.0,0.0,3.675,3.675,0.0,14.6213
73586.99,3.7827,-6.5494,1729768671.0,1,8,2030.0,0.0,3.6932,3.6932,0.0,14.6901
73596.99,3.7815,-6.5496,1729768681.0,1,8,2040.0,0.0,3.7114,3.7114,0.0,14.7589
73606.99,3.7804,-6.5496,1729768691.0,1,8,2050.0,0.0,3.7296,3.7296,0.0,14.8277
73616.99,3.7793,-6.5495,1729768701.0,1,8,2060.0,0.0,3.7478,3.7478,0.0,14.8965
73626.99,3.7781,-6.5496,1729768711.0,1,8,2070.0,0.0,3.766,3.766,0.0,14.9652
73636.99,3.777,-6.5495,1729768721.0,1,8,2080.0,0.0,3.7842,3.7842,0.0,15.034
73646.99,3.7759,-6.5495,1729768731.0,1,8,2090.0,0.0,3.8024,3.8024,0.0,15.1027
73656.99,3.7748,-6.5495,1729768741.0,1,8,2100.0,0.0,3.8206,3.8206,0.0,15.1714
73666.99,3.7737,-6.5495,1729768751.0,1,8,2110.0,0.0,3.8388,3.8388,0.0,15.24
73676.99,3.7726,-6.5495,1729768761.0,1,8,2120.0,0.0,3.857,3.857,0.0,15.3087
73686.99,3.7716,-6.5495,1729768771.0,1,8,2130.0,0.0,3.8752,3.8752,0.0,15.3773
73696.99,3.7705,-6.5495,1729768781.0,1,8,2140.0,0.0,3.8934,3.8934,0.0,15.4459
73706.99,3.7694,-6.5495,1729768791.0,1,8,2150.0,0.0,3.9116,3.9116,0.0,15.5145
73716.99,3.7684,-6.5496,1729768801.0,1,8,2160.0,0.0,3.9297,3.9297,0.0,15.5831
73726.99,3.7673,-6.5496,1729768811.0,1,8,2170.0,0.0,3.9479,3.9479,0.0,15.6516
73736.99,3.7663,-6.5495,1729768821.0,1,8,2180.0,0.0,3.9661,3.9661,0.0,15.7201
73746.99,3.7653,-6.5496,1729768831.0,1,8,2190.0,0.0,3.9843,3.9843,0.0,15.7887
73756.99,3.7642,-6.5495,1729768841.0,1,8,2200.0,0.0,4.0025,4.0025,0.0,15.8571
73766.99,3.7632,-6.5495,1729768851.0,1,8,2210.0,0.0,4.0207,4.0207,0.0,15.9256
73776.99,3.7622,-6.5495,1729768861.0,1,8,2220.0,0.0,4.0389,4.0389,0.0,15.9941
73786.99,3.7613,-6.5496,1729768871.0,1,8,2230.0,0.0,4.0571,4.0571,0.0,16.0625
73796.99,3.7602,-6.5496,1729768881.0,1,8,2240.0,0.0,4.0753,4.0753,0.0,16.1309
73806.99,3.7593,-6.5495,1729768891.0,1,8,2250.0,0.0,4.0935,4.0935,0.0,16.1993
73816.99,3.7583,-6.5496,1729768901.0,1,8,2260.0,0.0,4.1117,4.1117,0.0,16.2677
73826.99,3.7573,-6.5496,1729768911.0,1,8,2270.0,0.0,4.1299,4.1299,0.0,16.3361
73836.99,3.7564,-6.5496,1729768921.0,1,8,2280.0,0.0,4.1481,4.1481,0.0,16.4044
73846.99,3.7554,-6.5495,1729768931.0,1,8,2290.0,0.0,4.1663,4.1663,0.0,16.4728
73856.99,3.7545,-6.5495,1729768941.0,1,8,2300.0,0.0,4.1845,4.1845,0.0,16.5411
73866.99,3.7535,-6.5495,1729768951.0,1,8,2310.0,0.0,4.2026,4.2026,0.0,16.6094
73876.99,3.7526,-6.5495,1729768961.0,1,8,2320.0,0.0,4.2208,4.2208,0.0,16.6777
73886.99,3.7517,-6.5495,1729768971.0,1,8,2330.0,0.0,4.239,4.239,0.0,16.7459
73896.99,3.7507,-6.5494,1729768981.0,1,8,2340.0,0.0,4.2572,4.2572,0.0,16.8142
73906.99,3.7499,-6.5496,1729768991.0,1,8,2350.0,0.0,4.2754,4.2754,0.0,16.8824
73916.99,3.7489,-6.5495,1729769001.0,1,8,2360.0,0.0,4.2936,4.2936,0.0,16.9506
73926.99,3.7481,-6.5495,1729769011.0,1,8,2370.0,0.0,4.3118,4.3118,0.0,17.0188
73936.99,3.7472,-6.5495,1729769021.0,1,8,2380.0,0.0,4.33,4.33,0.0,17.087
73946.99,3.7463,-6.5496,1729769031.0,1,8,2390.0,0.0,4.3482,4.3482,0.0,17.1552
73956.99,3.7454,-6.5495,1729769041.0,1,8,2400.0,0.0,4.3664,4.3664,0.0,17.2233
73966.99,3.7446,-6.5496,1729769051.0,1,8,2410.0,0.0,4.3846,4.3846,0.0,17.2914
73976.99,3.7437,-6.5495,1729769061.0,1,8,2420.0,0.0,4.4028,4.4028,0.0,17.3596
73986.99,3.7428,-6.5495,1729769071.0,1,8,2430.0,0.0,4.421,4.421,0.0,17.4277
73996.99,3.742,-6.5495,1729769081.0,1,8,2440.0,0.0,4.4392,4.4392,0.0,17.4957
74006.99,3.7412,-6.5496,1729769091.0,1,8,2450.0,0.0,4.4573,4.4573,0.0,17.5638
74016.99,3.7404,-6.5494,1729769101.0,1,8,2460.0,0.0,4.4755,4.4755,0.0,17.6319
74026.99,3.7396,-6.5496,1729769111.0,1,8,2470.0,0.0,4.4937,4.4937,0.0,17.6999
74036.99,3.7388,-6.5495,1729769121.0,1,8,2480.0,0.0,4.5119,4.5119,0.0,17.7679
74046.99,3.738,-6.5495,1729769131.0,1,8,2490.0,0.0,4.5301,4.5301,0.0,17.836
74056.99,3.7372,-6.5495,1729769141.0,1,8,2500.0,0.0,4.5483,4.5483,0.0,17.904
74066.99,3.7365,-6.5495,1729769151.0,1,8,2510.0,0.0,4.5665,4.5665,0.0,17.9719
74076.99,3.7357,-6.5495,1729769161.0,1,8,2520.0,0.0,4.5847,4.5847,0.0,18.0399
74086.99,3.735,-6.5496,1729769171.0,1,8,2530.0,0.0,4.6029,4.6029,0.0,18.1079
74096.99,3.7342,-6.5495,1729769181.0,1,8,2540.0,0.0,4.6211,4.6211,0.0,18.1758
74106.99,3.7335,-6.5495,1729769191.0,1,8,2550.0,0.0,4.6393,4.6393,0.0,18.2437
74116.99,3.7328,-6.5495,1729769201.0,1,8,2560.0,0.0,4.6575,4.6575,0.0,18.3117
74126.99,3.7322,-6.5496,1729769211.0,1,8,2570.0,0.0,4.6757,4.6757,0.0,18.3796
74136.99,3.7315,-6.5495,1729769221.0,1,8,2580.0,0.0,4.6939,4.6939,0.0,18.4475
74146.99,3.7309,-6.5495,1729769231.0,1,8,2590.0,0.0,4.7121,4.7121,0.0,18.5153
74156.99,3.7303,-6.5496,1729769241.0,1,8,2600.0,0.0,4.7302,4.7302,0.0,18.5832
74166.99,3.7296,-6.5495,1729769251.0,1,8,2610.0,0.0,4.7484,4.7484,0.0,18.6511
74176.99,3.729,-6.5496,1729769261.0,1,8,2620.0,0.0,4.7666,4.7666,0.0,18.7189
74186.99,3.7284,-6.5494,1729769271.0,1,8,2630.0,0.0,4.7848,4.7848,0.0,18.7868
74196.99,3.7278,-6.5495,1729769281.0,1,8,2640.0,0.0,4.803,4.803,0.0,18.8546
74206.99,3.7272,-6.5495,1729769291.0,1,8,2650.0,0.0,4.8212,4.8212,0.0,18.9224
74216.99,3.7267,-6.5495,1729769301.0,1,8,2660.0,0.0,4.8394,4.8394,0.0,18.9902
74226.99,3.7261,-6.5495,1729769311.0,1,8,2670.0,0.0,4.8576,4.8576,0.0,19.058
74236.99,3.7255,-6.5495,1729769321.0,1,8,2680.0,0.0,4.8758,4.8758,0.0,19.1258
74246.99,3.7249,-6.5495,1729769331.0,1,8,2690.0,0.0,4.894,4.894,0.0,19.1936
74256.99,3.7244,-6.5496,1729769341.0,1,8,2700.0,0.0,4.9122,4.9122,0.0,19.2613
74266.99,3.7238,-6.5495,1729769351.0,1,8,2710.0,0.0,4.9304,4.9304,0.0,19.3291
74276.99,3.7233,-6.5495,1729769361.0,1,8,2720.0,0.0,4.9486,4.9486,0.0,19.3968
74286.99,3.7227,-6.5496,1729769371.0,1,8,2730.0,0.0,4.9668,4.9668,0.0,19.4645
74296.99,3.7221,-6.5496,1729769381.0,1,8,2740.0,0.0,4.9849,4.9849,0.0,19.5323
74306.99,3.7215,-6.5495,1729769391.0,1,8,2750.0,0.0,5.0031,5.0031,0.0,19.6
74316.99,3.721,-6.5496,1729769401.0,1,8,2760.0,0.0,5.0213,5.0213,0.0,19.6677
74326.99,3.7204,-6.5496,1729769411.0,1,8,2770.0,0.0,5.0395,5.0395,0.0,19.7354
74336.99,3.7199,-6.5495,1729769421.0,1,8,2780.0,0.0,5.0577,5.0577,0.0,19.8031
74346.99,3.7193,-6.5494,1729769431.0,1,8,2790.0,0.0,5.0759,5.0759,0.0,19.8707
74356.99,3.7187,-6.5495,1729769441.0,1,8,2800.0,0.0,5.0941,5.0941,0.0,19.9384
74366.99,3.7181,-6.5496,1729769451.0,1,8,2810.0,0.0,5.1123,5.1123,0.0,20.006
74376.99,3.7176,-6.5496,1729769461.0,1,8,2820.0,0.0,5.1305,5.1305,0.0,20.0737
74386.99,3.717,-6.5496,1729769471.0,1,8,2830.0,0.0,5.1487,5.1487,0.0,20.1413
74396.99,3.7164,-6.5495,1729769481.0,1,8,2840.0,0.0,5.1669,5.1669,0.0,20.2089
74406.99,3.7158,-6.5495,1729769491.0,1,8,2850.0,0.0,5.1851,5.1851,0.0,20.2765
74416.99,3.7152,-6.5496,1729769501.0,1,8,2860.0,0.0,5.2033,5.2033,0.0,20.3441
74426.99,3.7146,-6.5495,1729769511.0,1,8,2870.0,0.0,5.2215,5.2215,0.0,20.4117
74436.99,3.714,-6.5495,1729769521.0,1,8,2880.0,0.0,5.2397,5.2397,0.0,20.4793
74446.99,3.7134,-6.5496,1729769531.0,1,8,2890.0,0.0,5.2578,5.2578,0.0,20.5468
74456.99,3.7128,-6.5495,1729769541.0,1,8,2900.0,0.0,5.276,5.276,0.0,20.6144
74466.99,3.7121,-6.5496,1729769551.0,1,8,2910.0,0.0,5.2942,5.2942,0.0,20.6819
74476.99,3.7115,-6.5496,1729769561.0,1,8,2920.0,0.0,5.3124,5.3124,0.0,20.7495
74486.99,3.7109,-6.5496,1729769571.0,1,8,2930.0,0.0,5.3306,5.3306,0.0,20.817
74496.99,3.7102,-6.5496,1729769581.0,1,8,2940.0,0.0,5.3488,5.3488,0.0,20.8845
74506.99,3.7096,-6.5496,1729769591.0,1,8,2950.0,0.0,5.367,5.367,0.0,20.952
74516.99,3.7089,-6.5496,1729769601.0,1,8,2960.0,0.0,5.3852,5.3852,0.0,21.0195
74526.99,3.7083,-6.5496,1729769611.0,1,8,2970.0,0.0,5.4034,5.4034,0.0,21.0869
74536.99,3.7076,-6.5495,1729769621.0,1,8,2980.0,0.0,5.4216,5.4216,0.0,21.1544
74546.99,3.7069,-6.5495,1729769631.0,1,8,2990.0,0.0,5.4398,5.4398,0.0,21.2218
74556.99,3.7062,-6.5496,1729769641.0,1,8,3000.0,0.0,5.458,5.458,0.0,21.2893
74566.99,3.7055,-6.5495,1729769651.0,1,8,3010.0,0.0,5.4762,5.4762,0.0,21.3567
74576.99,3.7048,-6.5495,1729769661.0,1,8,3020.0,0.0,5.4944,5.4944,0.0,21.4241
74586.99,3.7041,-6.5495,1729769671.0,1,8,3030.0,0.0,5.5126,5.5126,0.0,21.4915
74596.99,3.7034,-6.5495,1729769681.0,1,8,3040.0,0.0,5.5307,5.5307,0.0,21.5589
74606.99,3.7026,-6.5495,1729769691.0,1,8,3050.0,0.0,5.5489,5.5489,0.0,21.6263
74616.99,3.7019,-6.5495,1729769701.0,1,8,3060.0,0.0,5.5671,5.5671,0.0,21.6936
74626.99,3.7011,-6.5495,1729769711.0,1,8,3070.0,0.0,5.5853,5.5853,0.0,21.761
74636.99,3.7003,-6.5495,1729769721.0,1,8,3080.0,0.0,5.6035,5.6035,0.0,21.8283
74646.99,3.6995,-6.5496,1729769731.0,1,8,3090.0,0.0,5.6217,5.6217,0.0,21.8956
74656.99,3.6987,-6.5496,1729769741.0,1,8,3100.0,0.0,5.6399,5.6399,0.0,21.9629
74666.99,3.6979,-6.5495,1729769751.0,1,8,3110.0,0.0,5.6581,5.6581,0.0,22.0302
74676.99,3.6971,-6.5495,1729769761.0,1,8,3120.0,0.0,5.6763,5.6763,0.0,22.0974
74686.99,3.6962,-6.5495,1729769771.0,1,8,3130.0,0.0,5.6945,5.6945,0.0,22.1647
74696.99,3.6953,-6.5496,1729769781.0,1,8,3140.0,0.0,5.7127,5.7127,0.0,22.2319
74706.99,3.6944,-6.5495,1729769791.0,1,8,3150.0,0.0,5.7309,5.7309,0.0,22.2992
74716.99,3.6936,-6.5495,1729769801.0,1,8,3160.0,0.0,5.7491,5.7491,0.0,22.3664
74726.99,3.6926,-6.5495,1729769811.0,1,8,3170.0,0.0,5.7673,5.7673,0.0,22.4336
74736.99,3.6917,-6.5495,1729769821.0,1,8,3180.0,0.0,5.7854,5.7854,0.0,22.5007
74746.99,3.6908,-6.5496,1729769831.0,1,8,3190.0,0.0,5.8036,5.8036,0.0,22.5679
74756.99,3.6898,-6.5495,1729769841.0,1,8,3200.0,0.0,5.8218,5.8218,0.0,22.635
74766.99,3.6888,-6.5495,1729769851.0,1,8,3210.0,0.0,5.84,5.84,0.0,22.7021
74776.99,3.6878,-6.5495,1729769861.0,1,8,3220.0,0.0,5.8582,5.8582,0.0,22.7692
74786.99,3.6868,-6.5495,1729769871.0,1,8,3230.0,0.0,5.8764,5.8764,0.0,22.8363
74796.99,3.6858,-6.5495,1729769881.0,1,8,3240.0,0.0,5.8946,5.8946,0.0,22.9034
74806.99,3.6848,-6.5496,1729769891.0,1,8,3250.0,0.0,5.9128,5.9128,0.0,22.9704
74816.99,3.6838,-6.5495,1729769901.0,1,8,3260.0,0.0,5.931,5.931,0.0,23.0375
74826.99,3.6828,-6.5495,1729769911.0,1,8,3270.0,0.0,5.9492,5.9492,0.0,23.1045
74836.99,3.6817,-6.5495,1729769921.0,1,8,3280.0,0.0,5.9674,5.9674,0.0,23.1715
74846.99,3.6806,-6.5495,1729769931.0,1,8,3290.0,0.0,5.9856,5.9856,0.0,23.2384
74856.99,3.6795,-6.5496,1729769941.0,1,8,3300.0,0.0,6.0038,6.0038,0.0,23.3054
74866.99,3.6784,-6.5494,1729769951.0,1,8,3310.0,0.0,6.022,6.022,0.0,23.3723
74876.99,3.6773,-6.5495,1729769961.0,1,8,3320.0,0.0,6.0402,6.0402,0.0,23.4392
74886.99,3.6761,-6.5495,1729769971.0,1,8,3330.0,0.0,6.0583,6.0583,0.0,23.5061
74896.99,3.675,-6.5495,1729769981.0,1,8,3340.0,0.0,6.0765,6.0765,0.0,23.573
74906.99,3.6738,-6.5495,1729769991.0,1,8,3350.0,0.0,6.0947,6.0947,0.0,23.6398
74916.99,3.6725,-6.5495,1729770001.0,1,8,3360.0,0.0,6.1129,6.1129,0.0,23.7067
74926.99,3.6712,-6.5495,1729770011.0,1,8,3370.0,0.0,6.1311,6.1311,0.0,23.7735
74936.99,3.67,-6.5495,1729770021.0,1,8,3380.0,0.0,6.1493,6.1493,0.0,23.8402
74946.99,3.6686,-6.5495,1729770031.0,1,8,3390.0,0.0,6.1675,6.1675,0.0,23.907
74956.99,3.6672,-6.5495,1729770041.0,1,8,3400.0,0.0,6.1857,6.1857,0.0,23.9737
74966.99,3.6657,-6.5495,1729770051.0,1,8,3410.0,0.0,6.2039,6.2039,0.0,24.0404
74976.99,3.6643,-6.5495,1729770061.0,1,8,3420.0,0.0,6.2221,6.2221,0.0,24.1071
74986.99,3.6628,-6.5495,1729770071.0,1,8,3430.0,0.0,6.2403,6.2403,0.0,24.1738
74996.99,3.6613,-6.5495,1729770081.0,1,8,3440.0,0.0,6.2585,6.2585,0.0,24.2404
75006.99,3.6598,-6.5495,1729770091.0,1,8,3450.0,0.0,6.2767,6.2767,0.0,24.307
75016.99,3.6583,-6.5495,1729770101.0,1,8,3460.0,0.0,6.2949,6.2949,0.0,24.3736
75026.99,3.6569,-6.5496,1729770111.0,1,8,3470.0,0.0,6.313,6.313,0.0,24.4401
75036.99,3.6556,-6.5496,1729770121.0,1,8,3480.0,0.0,6.3312,6.3312,0.0,24.5066
75046.99,3.6543,-6.5495,1729770131.0,1,8,3490.0,0.0,6.3494,6.3494,0.0,24.5731
75056.99,3.6531,-6.5495,1729770141.0,1,8,3500.0,0.0,6.3676,6.3676,0.0,24.6396
75066.99,3.6521,-6.5496,1729770151.0,1,8,3510.0,0.0,6.3858,6.3858,0.0,24.706
75076.99,3.6511,-6.5495,1729770161.0,1,8,3520.0,0.0,6.404,6.404,0.0,24.7725
75086.99,3.6501,-6.5495,1729770171.0,1,8,3530.0,0.0,6.4222,6.4222,0.0,24.8389
75096.99,3.6492,-6.5495,1729770181.0,1,8,3540.0,0.0,6.4404,6.4404,0.0,24.9053
75106.99,3.6483,-6.5495,1729770191.0,1,8,3550.0,0.0,6.4586,6.4586,0.0,24.9717
75116.99,3.6474,-6.5495,1729770201.0,1,8,3560.0,0.0,6.4768,6.4768,0.0,25.038
75126.99,3.6465,-6.5495,1729770211.0,1,8,3570.0,0.0,6.495,6.495,0.0,25.1044
75136.99,3.6456,-6.5495,1729770221.0,1,8,3580.0,0.0,6.5132,6.5132,0.0,25.1707
75146.99,3.6447,-6.5495,1729770231.0,1,8,3590.0,0.0,6.5314,6.5314,0.0,25.237
75156.99,3.6437,-6.5495,1729770241.0,1,8,3600.0,0.0,6.5496,6.5496,0.0,25.3033
75166.99,3.6427,-6.5495,1729770251.0,1,8,3610.0,0.0,6.5677,6.5677,0.0,25.3696
75176.99,3.6416,-6.5495,1729770261.0,1,8,3620.0,0.0,6.5859,6.5859,0.0,25.4359
75186.99,3.6404,-6.5495,1729770271.0,1,8,3630.0,0.0,6.6041,6.6041,0.0,25.5021
75196.99,3.6392,-6.5496,1729770281.0,1,8,3640.0,0.0,6.6223,6.6223,0.0,25.5683
75206.99,3.6379,-6.5495,1729770291.0,1,8,3650.0,0.0,6.6405,6.6405,0.0,25.6345
75216.99,3.6364,-6.5495,1729770301.0,1,8,3660.0,0.0,6.6587,6.6587,0.0,25.7007
75226.99,3.6349,-6.5495,1729770311.0,1,8,3670.0,0.0,6.6769,6.6769,0.0,25.7668
75236.99,3.6332,-6.5495,1729770321.0,1,8,3680.0,0.0,6.6951,6.6951,0.0,25.833
75246.99,3.6312,-6.5495,1729770331.0,1,8,3690.0,0.0,6.7133,6.7133,0.0,25.899
75256.99,3.6291,-6.5494,1729770341.0,1,8,3700.0,0.0,6.7315,6.7315,0.0,25.9651
75266.99,3.6266,-6.5495,1729770351.0,1,8,3710.0,0.0,6.7497,6.7497,0.0,26.0311
75276.99,3.6237,-6.5495,1729770361.0,1,8,3720.0,0.0,6.7679,6.7679,0.0,26.097
75286.99,3.6203,-6.5495,1729770371.0,1,8,3730.0,0.0,6.7861,6.7861,0.0,26.1629
75296.99,3.6164,-6.5495,1729770381.0,1,8,3740.0,0.0,6.8043,6.8043,0.0,26.2288
75306.99,3.6118,-6.5495,1729770391.0,1,8,3750.0,0.0,6.8225,6.8225,0.0,26.2945
75316.99,3.6063,-6.5495,1729770401.0,1,8,3760.0,0.0,6.8406,6.8406,0.0,26.3602
75326.99,3.6001,-6.5495,1729770411.0,1,8,3770.0,0.0,6.8588,6.8588,0.0,26.4257
75336.99,3.593,-6.5494,1729770421.0,1,8,3780.0,0.0,6.877,6.877,0.0,26.4912
75346.99,3.585,-6.5495,1729770431.0,1,8,3790.0,0.0,6.8952,6.8952,0.0,26.5565
75356.99,3.5762,-6.5495,1729770441.0,1,8,3800.0,0.0,6.9134,6.9134,0.0,26.6216
75366.99,3.5665,-6.5495,1729770451.0,1,8,3810.0,0.0,6.9316,6.9316,0.0,26.6866
75376.99,3.556,-6.5495,1729770461.0,1,8,3820.0,0.0,6.9498,6.9498,0.0,26.7514
75386.99,3.5446,-6.5495,1729770471.0,1,8,3830.0,0.0,6.968,6.968,0.0,26.816
75396.99,3.5323,-6.5494,1729770481.0,1,8,3840.0,0.0,6.9862,6.9862,0.0,26.8803
75406.99,3.5189,-6.5495,1729770491.0,1,8,3850.0,0.0,7.0044,7.0044,0.0,26.9445
75416.99,3.5045,-6.5494,1729770501.0,1,8,3860.0,0.0,7.0226,7.0226,0.0,27.0084
75426.99,3.4889,-6.5494,1729770511.0,1,8,3870.0,0.0,7.0408,7.0408,0.0,27.072
75436.99,3.4719,-6.5495,1729770521.0,1,8,3880.0,0.0,7.059,7.059,0.0,27.1353
75446.99,3.4534,-6.5495,1729770531.0,1,8,3890.0,0.0,7.0772,7.0772,0.0,27.1983
75456.8,3.4334,-6.5495,1729770541.0,1,8,3899.81,0.0,7.095,7.095,0.0,27.2598
75456.99,3.433,-6.5495,1729770541.0,1,8,3900.0,0.0,7.0953,7.0953,0.0,27.2609
75465.96,3.413,-6.5495,1729770550.0,1,8,3908.97,0.0,7.1117,7.1117,0.0,27.3168
75466.99,3.4106,-6.5495,1729770551.0,1,8,3910.0,0.0,7.1135,7.1135,0.0,27.3232
75475.06,3.3906,-6.5496,1729770559.0,1,8,3918.07,0.0,7.1282,7.1282,0.0,27.3731
75476.99,3.3856,-6.5495,1729770561.0,1,8,3920.0,0.0,7.1317,7.1317,0.0,27.385
75484.21,3.3656,-6.5496,1729770569.0,1,8,3927.22,0.0,7.1449,7.1449,0.0,27.4294
75486.99,3.3574,-6.5495,1729770571.0,1,8,3930.0,0.0,7.1499,7.1499,0.0,27.4464
75493.39,3.3374,-6.5494,1729770578.0,1,8,3936.4,0.0,7.1616,7.1616,0.0,27.4853
75496.99,3.3252,-6.5495,1729770581.0,1,8,3940.0,0.0,7.1681,7.1681,0.0,27.5072
75502.52,3.3052,-6.5495,1729770587.0,1,8,3945.53,0.0,7.1782,7.1782,0.0,27.5405
75506.99,3.2876,-6.5495,1729770591.0,1,8,3950.0,0.0,7.1863,7.1863,0.0,27.5673
75511.65,3.2676,-6.5496,1729770596.0,1,8,3954.66,0.0,7.1948,7.1948,0.0,27.5951
75515.91,3.2476,-6.5495,1729770600.0,1,8,3958.92,0.0,7.2025,7.2025,0.0,27.6204
75516.99,3.2423,-6.5495,1729770601.0,1,8,3960.0,0.0,7.2045,7.2045,0.0,27.6267
75520.78,3.2223,-6.5496,1729770605.0,1,8,3963.79,0.0,7.2114,7.2114,0.0,27.649
75524.25,3.2023,-6.5495,1729770609.0,1,8,3967.26,0.0,7.2177,7.2177,0.0,27.6693
75526.99,3.1851,-6.5495,1729770611.0,1,8,3970.0,0.0,7.2227,7.2227,0.0,27.6852
75529.9,3.1651,-6.5495,1729770614.0,1,8,3972.91,0.0,7.228,7.228,0.0,27.702
75532.52,3.1451,-6.5495,1729770617.0,1,8,3975.53,0.0,7.2328,7.2328,0.0,27.7171
75534.85,3.1251,-6.5495,1729770619.0,1,8,3977.86,0.0,7.237,7.237,0.0,27.7304
75536.89,3.1051,-6.5495,1729770621.0,1,8,3979.9,0.0,7.2407,7.2407,0.0,27.7419
75536.99,3.1041,-6.5495,1729770621.0,1,8,3980.0,0.0,7.2409,7.2409,0.0,27.7425
75538.77,3.084,-6.5495,1729770623.0,1,8,3981.78,0.0,7.2441,7.2441,0.0,27.7525
75540.34,3.064,-6.5494,1729770625.0,1,8,3983.35,0.0,7.247,7.247,0.0,27.7613
75541.7,3.0439,-6.5495,1729770626.0,1,8,3984.71,0.0,7.2495,7.2495,0.0,27.7689
75542.92,3.0238,-6.5496,1729770627.0,1,8,3985.93,0.0,7.2517,7.2517,0.0,27.7756
75543.97,3.0037,-6.5495,1729770628.0,1,8,3986.98,0.0,7.2536,7.2536,0.0,27.7814
75544.15,3.0,-6.5495,1729770628.0,1,8,3987.16,0.0,7.2539,7.2539,0.0,27.7823
0.0,2.9997,0.0,1729770628.0,1,9,0.0,0.0,0.0,0.0,0.0,0.0
75544.16,2.9997,0.0,1729770628.0,1,9,0.01,0.0,0.0,0.0,0.0,0.0
75544.18,3.0252,0.0,1729770629.0,1,9,0.03,0.0,0.0,0.0,0.0,0.0
75544.55,3.0453,0.0,1729770629.0,1,9,0.4,0.0,0.0,0.0,0.0,0.0
75546.93,3.0653,0.0,1729770631.0,1,9,2.78,0.0,0.0,0.0,0.0,0.0
75552.55,3.0853,0.0,1729770637.0,1,9,8.4,0.0,0.0,0.0,0.0,0.0
75554.15,3.0892,0.0,1729770638.0,1,9,10.0,0.0,0.0,0.0,0.0,0.0
75564.15,3.1072,0.0,1729770648.0,1,9,20.0,0.0,0.0,0.0,0.0,0.0
75574.15,3.1196,0.0,1729770658.0,1,9,30.0,0.0,0.0,0.0,0.0,0.0
75584.15,3.1292,0.0,1729770668.0,1,9,40.0,0.0,0.0,0.0,0.0,0.0
75594.15,3.1372,0.0,1729770678.0,1,9,50.0,0.0,0.0,0.0,0.0,0.0
75604.15,3.1443,0.0,1729770688.0,1,9,60.0,0.0,0.0,0.0,0.0,0.0
75614.15,3.1505,0.0,1729770698.0,1,9,70.0,0.0,0.0,0.0,0.0,0.0
75624.15,3.1561,0.0,1729770708.0,1,9,80.0,0.0,0.0,0.0,0.0,0.0
75634.15,3.1612,0.0,1729770718.0,1,9,90.0,0.0,0.0,0.0,0.0,0.0
75644.15,3.1659,0.0,1729770728.0,1,9,100.0,0.0,0.0,0.0,0.0,0.0
75654.15,3.1702,0.0,1729770738.0,1,9,110.0,0.0,0.0,0.0,0.0,0.0
75664.15,3.1742,0.0,1729770748.0,1,9,120.0,0.0,0.0,0.0,0.0,0.0
75674.15,3.178,0.0,1729770758.0,1,9,130.0,0.0,0.0,0.0,0.0,0.0
75684.15,3.1815,0.0,1729770768.0,1,9,140.0,0.0,0.0,0.0,0.0,0.0
75694.15,3.1848,0.0,1729770778.0,1,9,150.0,0.0,0.0,0.0,0.0,0.0
75704.15,3.188,0.0,1729770788.0,1,9,160.0,0.0,0.0,0.0,0.0,0.0
75714.15,3.191,0.0,1729770798.0,1,9,170.0,0.0,0.0,0.0,0.0,0.0
75724.15,3.1938,0.0,1729770808.0,1,9,180.0,0.0,0.0,0.0,0.0,0.0
75734.15,3.1965,0.0,1729770818.0,1,9,190.0,0.0,0.0,0.0,0.0,0.0
75744.15,3.199,0.0,1729770828.0,1,9,200.0,0.0,0.0,0.0,0.0,0.0
75754.15,3.2015,0.0,1729770838.0,1,9,210.0,0.0,0.0,0.0,0.0,0.0
75764.15,3.2039,0.0,1729770848.0,1,9,220.0,0.0,0.0,0.0,0.0,0.0
75774.15,3.2061,0.0,1729770858.0,1,9,230.0,0.0,0.0,0.0,0.0,0.0
75784.15,3.2083,0.0,1729770868.0,1,9,240.0,0.0,0.0,0.0,0.0,0.0
75794.15,3.2104,0.0,1729770878.0,1,9,250.0,0.0,0.0,0.0,0.0,0.0
75804.15,3.2124,0.0,1729770888.0,1,9,260.0,0.0,0.0,0.0,0.0,0.0
75814.15,3.2143,0.0,1729770898.0,1,9,270.0,0.0,0.0,0.0,0.0,0.0
75824.15,3.2162,0.0,1729770908.0,1,9,280.0,0.0,0.0,0.0,0.0,0.0
75834.15,3.218,0.0,1729770918.0,1,9,290.0,0.0,0.0,0.0,0.0,0.0
75844.15,3.2198,0.0,1729770928.0,1,9,300.0,0.0,0.0,0.0,0.0,0.0
75854.15,3.2215,0.0,1729770938.0,1,9,310.0,0.0,0.0,0.0,0.0,0.0
75864.15,3.2231,0.0,1729770948.0,1,9,320.0,0.0,0.0,0.0,0.0,0.0
75874.15,3.2247,0.0,1729770958.0,1,9,330.0,0.0,0.0,0.0,0.0,0.0
75884.15,3.2263,0.0,1729770968.0,1,9,340.0,0.0,0.0,0.0,0.0,0.0
75894.15,3.2278,0.0,1729770978.0,1,9,350.0,0.0,0.0,0.0,0.0,0.0
75904.15,3.2292,0.0,1729770988.0,1,9,360.0,0.0,0.0,0.0,0.0,0.0
75914.15,3.2307,0.0,1729770998.0,1,9,370.0,0.0,0.0,0.0,0.0,0.0
75924.15,3.2321,0.0,1729771008.0,1,9,380.0,0.0,0.0,0.0,0.0,0.0
75934.15,3.2335,0.0,1729771018.0,1,9,390.0,0.0,0.0,0.0,0.0,0.0
75944.15,3.2348,0.0,1729771028.0,1,9,400.0,0.0,0.0,0.0,0.0,0.0
75954.15,3.2361,0.0,1729771038.0,1,9,410.0,0.0,0.0,0.0,0.0,0.0
75964.15,3.2373,0.0,1729771048.0,1,9,420.0,0.0,0.0,0.0,0.0,0.0
75974.15,3.2386,0.0,1729771058.0,1,9,430.0,0.0,0.0,0.0,0.0,0.0
75984.15,3.2398,0.0,1729771068.0,1,9,440.0,0.0,0.0,0.0,0.0,0.0
75994.15,3.241,0.0,1729771078.0,1,9,450.0,0.0,0.0,0.0,0.0,0.0
76004.15,3.2421,0.0,1729771088.0,1,9,460.0,0.0,0.0,0.0,0.0,0.0
76014.15,3.2432,0.0,1729771098.0,1,9,470.0,0.0,0.0,0.0,0.0,0.0
76024.15,3.2443,0.0,1729771108.0,1,9,480.0,0.0,0.0,0.0,0.0,0.0
76034.15,3.2454,0.0,1729771118.0,1,9,490.0,0.0,0.0,0.0,0.0,0.0
76044.15,3.2465,0.0,1729771128.0,1,9,500.0,0.0,0.0,0.0,0.0,0.0
76054.15,3.2475,0.0,1729771138.0,1,9,510.0,0.0,0.0,0.0,0.0,0.0
76064.15,3.2485,0.0,1729771148.0,1,9,520.0,0.0,0.0,0.0,0.0,0.0
76074.15,3.2495,0.0,1729771158.0,1,9,530.0,0.0,0.0,0.0,0.0,0.0
76084.15,3.2505,0.0,1729771168.0,1,9,540.0,0.0,0.0,0.0,0.0,0.0
76094.15,3.2514,0.0,1729771178.0,1,9,550.0,0.0,0.0,0.0,0.0,0.0
76104.15,3.2524,0.0,1729771188.0,1,9,560.0,0.0,0.0,0.0,0.0,0.0
76114.15,3.2533,0.0,1729771198.0,1,9,570.0,0.0,0.0,0.0,0.0,0.0
76124.15,3.2542,0.0,1729771208.0,1,9,580.0,0.0,0.0,0.0,0.0,0.0
76134.15,3.2551,0.0,1729771218.0,1,9,590.0,0.0,0.0,0.0,0.0,0.0
76144.15,3.256,0.0,1729771228.0,1,9,600.0,0.0,0.0,0.0,0.0,0.0
76154.15,3.2568,0.0,1729771238.0,1,9,610.0,0.0,0.0,0.0,0.0,0.0
76164.15,3.2576,0.0,1729771248.0,1,9,620.0,0.0,0.0,0.0,0.0,0.0
76174.15,3.2585,0.0,1729771258.0,1,9,630.0,0.0,0.0,0.0,0.0,0.0
76184.15,3.2593,0.0,1729771268.0,1,9,640.0,0.0,0.0,0.0,0.0,0.0
76194.15,3.2601,0.0,1729771278.0,1,9,650.0,0.0,0.0,0.0,0.0,0.0
76204.15,3.2609,0.0,1729771288.0,1,9,660.0,0.0,0.0,0.0,0.0,0.0
76214.15,3.2617,0.0,1729771298.0,1,9,670.0,0.0,0.0,0.0,0.0,0.0
76224.15,3.2625,0.0,1729771308.0,1,9,680.0,0.0,0.0,0.0,0.0,0.0
76234.15,3.2632,0.0,1729771318.0,1,9,690.0,0.0,0.0,0.0,0.0,0.0
76244.15,3.2639,0.0,1729771328.0,1,9,700.0,0.0,0.0,0.0,0.0,0.0
76254.15,3.2647,0.0,1729771338.0,1,9,710.0,0.0,0.0,0.0,0.0,0.0
76264.15,3.2654,0.0,1729771348.0,1,9,720.0,0.0,0.0,0.0,0.0,0.0
76274.15,3.2661,0.0,1729771358.0,1,9,730.0,0.0,0.0,0.0,0.0,0.0
76284.15,3.2668,0.0,1729771368.0,1,9,740.0,0.0,0.0,0.0,0.0,0.0
76294.15,3.2674,0.0,1729771378.0,1,9,750.0,0.0,0.0,0.0,0.0,0.0
76304.15,3.2681,0.0,1729771388.0,1,9,760.0,0.0,0.0,0.0,0.0,0.0
76314.15,3.2688,0.0,1729771398.0,1,9,770.0,0.0,0.0,0.0,0.0,0.0
76324.15,3.2694,0.0,1729771408.0,1,9,780.0,0.0,0.0,0.0,0.0,0.0
76334.15,3.2701,0.0,1729771418.0,1,9,790.0,0.0,0.0,0.0,0.0,0.0
76344.15,3.2707,0.0,1729771428.0,1,9,800.0,0.0,0.0,0.0,0.0,0.0
76354.15,3.2713,0.0,1729771438.0,1,9,810.0,0.0,0.0,0.0,0.0,0.0
76364.15,3.272,0.0,1729771448.0,1,9,820.0,0.0,0.0,0.0,0.0,0.0
76374.15,3.2726,0.0,1729771458.0,1,9,830.0,0.0,0.0,0.0,0.0,0.0
76384.15,3.2732,0.0,1729771468.0,1,9,840.0,0.0,0.0,0.0,0.0,0.0
76394.15,3.2738,0.0,1729771478.0,1,9,850.0,0.0,0.0,0.0,0.0,0.0
76404.15,3.2744,0.0,1729771488.0,1,9,860.0,0.0,0.0,0.0,0.0,0.0
76414.15,3.2749,0.0,1729771498.0,1,9,870.0,0.0,0.0,0.0,0.0,0.0
76424.15,3.2755,0.0,1729771508.0,1,9,880.0,0.0,0.0,0.0,0.0,0.0
76434.15,3.276,0.0,1729771518.0,1,9,890.0,0.0,0.0,0.0,0.0,0.0
76444.15,3.2766,0.0,1729771528.0,1,9,900.0,0.0,0.0,0.0,0.0,0.0
76454.15,3.2771,0.0,1729771538.0,1,9,910.0,0.0,0.0,0.0,0.0,0.0
76464.15,3.2777,0.0,1729771548.0,1,9,920.0,0.0,0.0,0.0,0.0,0.0
76474.15,3.2782,0.0,1729771558.0,1,9,930.0,0.0,0.0,0.0,0.0,0.0
76484.15,3.2787,0.0,1729771568.0,1,9,940.0,0.0,0.0,0.0,0.0,0.0
76494.15,3.2792,0.0,1729771578.0,1,9,950.0,0.0,0.0,0.0,0.0,0.0
76504.15,3.2798,0.0,1729771588.0,1,9,960.0,0.0,0.0,0.0,0.0,0.0
76514.15,3.2803,0.0,1729771598.0,1,9,970.0,0.0,0.0,0.0,0.0,0.0
76524.15,3.2808,0.0,1729771608.0,1,9,980.0,0.0,0.0,0.0,0.0,0.0
76534.15,3.2813,0.0,1729771618.0,1,9,990.0,0.0,0.0,0.0,0.0,0.0
76544.15,3.2817,0.0,1729771628.0,1,9,1000.0,0.0,0.0,0.0,0.0,0.0
76554.15,3.2822,0.0,1729771638.0,1,9,1010.0,0.0,0.0,0.0,0.0,0.0
76564.15,3.2827,0.0,1729771648.0,1,9,1020.0,0.0,0.0,0.0,0.0,0.0
76574.15,3.2831,0.0,1729771658.0,1,9,1030.0,0.0,0.0,0.0,0.0,0.0
76584.15,3.2836,0.0,1729771668.0,1,9,1040.0,0.0,0.0,0.0,0.0,0.0
76594.15,3.2841,0.0,1729771678.0,1,9,1050.0,0.0,0.0,0.0,0.0,0.0
76604.15,3.2846,0.0,1729771688.0,1,9,1060.0,0.0,0.0,0.0,0.0,0.0
76614.15,3.285,0.0,1729771698.0,1,9,1070.0,0.0,0.0,0.0,0.0,0.0
76624.15,3.2854,0.0,1729771708.0,1,9,1080.0,0.0,0.0,0.0,0.0,0.0
76634.15,3.2859,0.0,1729771718.0,1,9,1090.0,0.0,0.0,0.0,0.0,0.0
76644.15,3.2864,0.0,1729771728.0,1,9,1100.0,0.0,0.0,0.0,0.0,0.0
76654.15,3.2868,0.0,1729771738.0,1,9,1110.0,0.0,0.0,0.0,0.0,0.0
76664.15,3.2872,0.0,1729771748.0,1,9,1120.0,0.0,0.0,0.0,0.0,0.0
76674.15,3.2876,0.0,1729771758.0,1,9,1130.0,0.0,0.0,0.0,0.0,0.0
76684.15,3.288,0.0,1729771768.0,1,9,1140.0,0.0,0.0,0.0,0.0,0.0
76694.15,3.2884,0.0,1729771778.0,1,9,1150.0,0.0,0.0,0.0,0.0,0.0
76704.15,3.2889,0.0,1729771788.0,1,9,1160.0,0.0,0.0,0.0,0.0,0.0
76714.15,3.2892,0.0,1729771798.0,1,9,1170.0,0.0,0.0,0.0,0.0,0.0
76724.15,3.2896,0.0,1729771808.0,1,9,1180.0,0.0,0.0,0.0,0.0,0.0
76734.15,3.2901,0.0,1729771818.0,1,9,1190.0,0.0,0.0,0.0,0.0,0.0
76744.15,3.2904,0.0,1729771828.0,1,9,1200.0,0.0,0.0,0.0,0.0,0.0
76754.15,3.2908,0.0,1729771838.0,1,9,1210.0,0.0,0.0,0.0,0.0,0.0
76764.15,3.2912,0.0,1729771848.0,1,9,1220.0,0.0,0.0,0.0,0.0,0.0
76774.15,3.2916,0.0,1729771858.0,1,9,1230.0,0.0,0.0,0.0,0.0,0.0
76784.15,3.2919,0.0,1729771868.0,1,9,1240.0,0.0,0.0,0.0,0.0,0.0
76794.15,3.2923,0.0,1729771878.0,1,9,1250.0,0.0,0.0,0.0,0.0,0.0
76804.15,3.2927,0.0,1729771888.0,1,9,1260.0,0.0,0.0,0.0,0.0,0.0
76814.15,3.2931,0.0,1729771898.0,1,9,1270.0,0.0,0.0,0.0,0.0,0.0
76824.15,3.2934,0.0,1729771908.0,1,9,1280.0,0.0,0.0,0.0,0.0,0.0
76834.15,3.2938,0.0,1729771918.0,1,9,1290.0,0.0,0.0,0.0,0.0,0.0
76844.15,3.2941,0.0,1729771928.0,1,9,1300.0,0.0,0.0,0.0,0.0,0.0
76854.15,3.2945,0.0,1729771938.0,1,9,1310.0,0.0,0.0,0.0,0.0,0.0
76864.15,3.2948,0.0,1729771948.0,1,9,1320.0,0.0,0.0,0.0,0.0,0.0
76874.15,3.2951,0.0,1729771958.0,1,9,1330.0,0.0,0.0,0.0,0.0,0.0
76884.15,3.2955,0.0,1729771968.0,1,9,1340.0,0.0,0.0,0.0,0.0,0.0
76894.15,3.2958,0.0,1729771978.0,1,9,1350.0,0.0,0.0,0.0,0.0,0.0
76904.15,3.2961,0.0,1729771988.0,1,9,1360.0,0.0,0.0,0.0,0.0,0.0
76914.15,3.2965,0.0,1729771998.0,1,9,1370.0,0.0,0.0,0.0,0.0,0.0
76924.15,3.2968,0.0,1729772008.0,1,9,1380.0,0.0,0.0,0.0,0.0,0.0
76934.15,3.2971,0.0,1729772018.0,1,9,1390.0,0.0,0.0,0.0,0.0,0.0
76944.15,3.2974,0.0,1729772028.0,1,9,1400.0,0.0,0.0,0.0,0.0,0.0
76954.15,3.2977,0.0,1729772038.0,1,9,1410.0,0.0,0.0,0.0,0.0,0.0
76964.15,3.298,0.0,1729772048.0,1,9,1420.0,0.0,0.0,0.0,0.0,0.0
76974.15,3.2984,0.0,1729772058.0,1,9,1430.0,0.0,0.0,0.0,0.0,0.0
76984.15,3.2987,0.0,1729772068.0,1,9,1440.0,0.0,0.0,0.0,0.0,0.0
76994.15,3.299,0.0,1729772078.0,1,9,1450.0,0.0,0.0,0.0,0.0,0.0
77004.15,3.2993,0.0,1729772088.0,1,9,1460.0,0.0,0.0,0.0,0.0,0.0
77014.15,3.2996,0.0,1729772098.0,1,9,1470.0,0.0,0.0,0.0,0.0,0.0
77024.15,3.2999,0.0,1729772108.0,1,9,1480.0,0.0,0.0,0.0,0.0,0.0
77034.15,3.3002,0.0,1729772118.0,1,9,1490.0,0.0,0.0,0.0,0.0,0.0
77044.15,3.3005,0.0,1729772128.0,1,9,1500.0,0.0,0.0,0.0,0.0,0.0
77054.15,3.3008,0.0,1729772138.0,1,9,1510.0,0.0,0.0,0.0,0.0,0.0
77064.15,3.3011,0.0,1729772148.0,1,9,1520.0,0.0,0.0,0.0,0.0,0.0
77074.15,3.3013,0.0,1729772158.0,1,9,1530.0,0.0,0.0,0.0,0.0,0.0
77084.15,3.3016,0.0,1729772168.0,1,9,1540.0,0.0,0.0,0.0,0.0,0.0
77094.15,3.3019,0.0,1729772178.0,1,9,1550.0,0.0,0.0,0.0,0.0,0.0
77104.15,3.3022,0.0,1729772188.0,1,9,1560.0,0.0,0.0,0.0,0.0,0.0
77114.15,3.3024,0.0,1729772198.0,1,9,1570.0,0.0,0.0,0.0,0.0,0.0
77124.15,3.3027,0.0,1729772208.0,1,9,1580.0,0.0,0.0,0.0,0.0,0.0
77134.15,3.303,0.0,1729772218.0,1,9,1590.0,0.0,0.0,0.0,0.0,0.0
77144.15,3.3032,0.0,1729772228.0,1,9,1600.0,0.0,0.0,0.0,0.0,0.0
77154.15,3.3035,0.0,1729772238.0,1,9,1610.0,0.0,0.0,0.0,0.0,0.0
77164.15,3.3038,0.0,1729772248.0,1,9,1620.0,0.0,0.0,0.0,0.0,0.0
77174.15,3.3041,0.0,1729772258.0,1,9,1630.0,0.0,0.0,0.0,0.0,0.0
77184.15,3.3043,0.0,1729772268.0,1,9,1640.0,0.0,0.0,0.0,0.0,0.0
77194.15,3.3045,0.0,1729772278.0,1,9,1650.0,0.0,0.0,0.0,0.0,0.0
77204.15,3.3048,0.0,1729772288.0,1,9,1660.0,0.0,0.0,0.0,0.0,0.0
77214.15,3.305,0.0,1729772298.0,1,9,1670.0,0.0,0.0,0.0,0.0,0.0
77224.15,3.3053,0.0,1729772308.0,1,9,1680.0,0.0,0.0,0.0,0.0,0.0
77234.15,3.3055,0.0,1729772318.0,1,9,1690.0,0.0,0.0,0.0,0.0,0.0
77244.15,3.3058,0.0,1729772328.0,1,9,1700.0,0.0,0.0,0.0,0.0,0.0
77254.15,3.306,0.0,1729772338.0,1,9,1710.0,0.0,0.0,0.0,0.0,0.0
77264.15,3.3063,0.0,1729772348.0,1,9,1720.0,0.0,0.0,0.0,0.0,0.0
77274.15,3.3065,0.0,1729772358.0,1,9,1730.0,0.0,0.0,0.0,0.0,0.0
77284.15,3.3067,0.0,1729772368.0,1,9,1740.0,0.0,0.0,0.0,0.0,0.0
77294.15,3.307,0.0,1729772378.0,1,9,1750.0,0.0,0.0,0.0,0.0,0.0
77304.15,3.3072,0.0,1729772388.0,1,9,1760.0,0.0,0.0,0.0,0.0,0.0
77314.15,3.3075,0.0,1729772398.0,1,9,1770.0,0.0,0.0,0.0,0.0,0.0
77324.15,3.3077,0.0,1729772408.0,1,9,1780.0,0.0,0.0,0.0,0.0,0.0
77334.15,3.3079,0.0,1729772418.0,1,9,1790.0,0.0,0.0,0.0,0.0,0.0
77344.15,3.3082,0.0,1729772428.0,1,9,1800.0,0.0,0.0,0.0,0.0,0.0
0.0,3.3089,2.181,1729772428.0,1,10,0.0,0.0,0.0,0.0,0.0,0.0
77344.16,3.3089,2.181,1729772428.0,1,10,0.01,0.0,0.0,0.0,0.0,0.0
77347.43,3.3289,2.1813,1729772432.0,1,10,3.28,0.002,0.0,0.002,0.0066,0.0
77354.15,3.3428,2.1814,1729772438.0,1,10,10.0,0.0061,0.0,0.0061,0.0202,0.0
77364.15,3.3602,2.1813,1729772448.0,1,10,20.0,0.0121,0.0,0.0121,0.0405,0.0
77374.15,3.3753,2.1813,1729772458.0,1,10,30.0,0.0182,0.0,0.0182,0.0609,0.0
77384.15,3.3892,2.1814,1729772468.0,1,10,40.0,0.0242,0.0,0.0242,0.0814,0.0
77394.15,3.402,2.1813,1729772478.0,1,10,50.0,0.0303,0.0,0.0303,0.102,0.0
77404.15,3.414,2.1814,1729772488.0,1,10,60.0,0.0364,0.0,0.0364,0.1226,0.0
77414.15,3.4253,2.1814,1729772498.0,1,10,70.0,0.0424,0.0,0.0424,0.1433,0.0
77424.15,3.4359,2.1814,1729772508.0,1,10,80.0,0.0485,0.0,0.0485,0.1641,0.0
77434.15,3.4461,2.1814,1729772518.0,1,10,90.0,0.0545,0.0,0.0545,0.185,0.0
77444.15,3.4557,2.1814,1729772528.0,1,10,100.0,0.0606,0.0,0.0606,0.2059,0.0
77454.15,3.465,2.1814,1729772538.0,1,10,110.0,0.0667,0.0,0.0667,0.2269,0.0
77464.15,3.4739,2.1813,1729772548.0,1,10,120.0,0.0727,0.0,0.0727,0.2479,0.0
77474.15,3.4824,2.1813,1729772558.0,1,10,130.0,0.0788,0.0,0.0788,0.269,0.0
77484.15,3.4906,2.1814,1729772568.0,1,10,140.0,0.0848,0.0,0.0848,0.2901,0.0
77494.15,3.4984,2.1814,1729772578.0,1,10,150.0,0.0909,0.0,0.0909,0.3113,0.0
77504.15,3.5061,2.1813,1729772588.0,1,10,160.0,0.0969,0.0,0.0969,0.3325,0.0
77514.15,3.5134,2.1814,1729772598.0,1,10,170.0,0.103,0.0,0.103,0.3538,0.0
77524.15,3.5205,2.1814,1729772608.0,1,10,180.0,0.1091,0.0,0.1091,0.3751,0.0
77534.15,3.5274,2.1814,1729772618.0,1,10,190.0,0.1151,0.0,0.1151,0.3964,0.0
77544.15,3.5341,2.1814,1729772628.0,1,10,200.0,0.1212,0.0,0.1212,0.4178,0.0
77554.15,3.5405,2.1814,1729772638.0,1,10,210.0,0.1272,0.0,0.1272,0.4392,0.0
77564.15,3.5468,2.1814,1729772648.0,1,10,220.0,0.1333,0.0,0.1333,0.4607,0.0
77574.15,3.5529,2.1813,1729772658.0,1,10,230.0,0.1394,0.0,0.1394,0.4822,0.0
77584.15,3.5589,2.1815,1729772668.0,1,10,240.0,0.1454,0.0,0.1454,0.5038,0.0
77594.15,3.5646,2.1814,1729772678.0,1,10,250.0,0.1515,0.0,0.1515,0.5254,0.0
77604.15,3.5703,2.1814,1729772688.0,1,10,260.0,0.1575,0.0,0.1575,0.547,0.0
77614.15,3.5757,2.1814,1729772698.0,1,10,270.0,0.1636,0.0,0.1636,0.5686,0.0
77624.15,3.5811,2.1814,1729772708.0,1,10,280.0,0.1697,0.0,0.1697,0.5903,0.0
77634.15,3.5862,2.1814,1729772718.0,1,10,290.0,0.1757,0.0,0.1757,0.612,0.0
77644.15,3.5913,2.1814,1729772728.0,1,10,300.0,0.1818,0.0,0.1818,0.6338,0.0
77654.15,3.5963,2.1814,1729772738.0,1,10,310.0,0.1878,0.0,0.1878,0.6555,0.0
77664.15,3.6011,2.1814,1729772748.0,1,10,320.0,0.1939,0.0,0.1939,0.6773,0.0
77674.15,3.6058,2.1814,1729772758.0,1,10,330.0,0.2,0.0,0.2,0.6992,0.0
77684.15,3.6104,2.1814,1729772768.0,1,10,340.0,0.206,0.0,0.206,0.721,0.0
77694.15,3.6149,2.1814,1729772778.0,1,10,350.0,0.2121,0.0,0.2121,0.7429,0.0
77704.15,3.6193,2.1814,1729772788.0,1,10,360.0,0.2181,0.0,0.2181,0.7649,0.0
77714.15,3.6236,2.1813,1729772798.0,1,10,370.0,0.2242,0.0,0.2242,0.7868,0.0
77724.15,3.6279,2.1815,1729772808.0,1,10,380.0,0.2303,0.0,0.2303,0.8088,0.0
77734.15,3.632,2.1814,1729772818.0,1,10,390.0,0.2363,0.0,0.2363,0.8308,0.0
77744.15,3.6361,2.1814,1729772828.0,1,10,400.0,0.2424,0.0,0.2424,0.8528,0.0
77754.15,3.64,2.1814,1729772838.0,1,10,410.0,0.2484,0.0,0.2484,0.8748,0.0
77764.15,3.6439,2.1814,1729772848.0,1,10,420.0,0.2545,0.0,0.2545,0.8969,0.0
77774.15,3.6477,2.1814,1729772858.0,1,10,430.0,0.2606,0.0,0.2606,0.919,0.0
77784.15,3.6514,2.1814,1729772868.0,1,10,440.0,0.2666,0.0,0.2666,0.9411,0.0
77794.15,3.6551,2.1814,1729772878.0,1,10,450.0,0.2727,0.0,0.2727,0.9632,0.0
77804.15,3.6587,2.1814,1729772888.0,1,10,460.0,0.2787,0.0,0.2787,0.9854,0.0
77814.15,3.6621,2.1814,1729772898.0,1,10,470.0,0.2848,0.0,0.2848,1.0076,0.0
77824.15,3.6656,2.1814,1729772908.0,1,10,480.0,0.2909,0.0,0.2909,1.0298,0.0
77834.15,3.6689,2.1813,1729772918.0,1,10,490.0,0.2969,0.0,0.2969,1.052,0.0
77844.15,3.6722,2.1814,1729772928.0,1,10,500.0,0.303,0.0,0.303,1.0742,0.0
77854.15,3.6755,2.1814,1729772938.0,1,10,510.0,0.309,0.0,0.309,1.0965,0.0
77864.15,3.6786,2.1814,1729772948.0,1,10,520.0,0.3151,0.0,0.3151,1.1188,0.0
77874.15,3.6817,2.1814,1729772958.0,1,10,530.0,0.3211,0.0,0.3211,1.1411,0.0
77884.15,3.6847,2.1814,1729772968.0,1,10,540.0,0.3272,0.0,0.3272,1.1634,0.0
77894.15,3.6876,2.1814,1729772978.0,1,10,550.0,0.3333,0.0,0.3333,1.1857,0.0
77904.15,3.6905,2.1814,1729772988.0,1,10,560.0,0.3393,0.0,0.3393,1.2081,0.0
77914.15,3.6933,2.1814,1729772998.0,1,10,570.0,0.3454,0.0,0.3454,1.2305,0.0
77924.15,3.6959,2.1814,1729773008.0,1,10,580.0,0.3514,0.0,0.3514,1.2529,0.0
77934.15,3.6985,2.1814,1729773018.0,1,10,590.0,0.3575,0.0,0.3575,1.2753,0.0
77944.15,3.701,2.1814,1729773028.0,1,10,600.0,0.3636,0.0,0.3636,1.2977,0.0
77954.15,3.7033,2.1814,1729773038.0,1,10,610.0,0.3696,0.0,0.3696,1.3201,0.0
77964.15,3.7054,2.1815,1729773048.0,1,10,620.0,0.3757,0.0,0.3757,1.3426,0.0
77974.15,3.7072,2.1814,1729773058.0,1,10,630.0,0.3817,0.0,0.3817,1.365,0.0
77984.15,3.7088,2.1814,1729773068.0,1,10,640.0,0.3878,0.0,0.3878,1.3875,0.0
77994.15,3.7102,2.1814,1729773078.0,1,10,650.0,0.3939,0.0,0.3939,1.41,0.0
78004.15,3.7112,2.1814,1729773088.0,1,10,660.0,0.3999,0.0,0.3999,1.4324,0.0
78014.15,3.7121,2.1815,1729773098.0,1,10,670.0,0.406,0.0,0.406,1.4549,0.0
78024.15,3.7129,2.1815,1729773108.0,1,10,680.0,0.412,0.0,0.412,1.4774,0.0
78034.15,3.7135,2.1814,1729773118.0,1,10,690.0,0.4181,0.0,0.4181,1.4999,0.0
78044.15,3.714,2.1814,1729773128.0,1,10,700.0,0.4242,0.0,0.4242,1.5224,0.0
78054.15,3.7144,2.1815,1729773138.0,1,10,710.0,0.4302,0.0,0.4302,1.5449,0.0
78064.15,3.7148,2.1814,1729773148.0,1,10,720.0,0.4363,0.0,0.4363,1.5675,0.0
78074.15,3.7151,2.1814,1729773158.0,1,10,730.0,0.4423,0.0,0.4423,1.59,0.0
78084.15,3.7155,2.1814,1729773168.0,1,10,740.0,0.4484,0.0,0.4484,1.6125,0.0
78094.15,3.7158,2.1814,1729773178.0,1,10,750.0,0.4545,0.0,0.4545,1.635,0.0
78104.15,3.7161,2.1814,1729773188.0,1,10,760.0,0.4605,0.0,0.4605,1.6575,0.0
78114.15,3.7163,2.1813,1729773198.0,1,10,770.0,0.4666,0.0,0.4666,1.68,0.0
78124.15,3.7166,2.1815,1729773208.0,1,10,780.0,0.4726,0.0,0.4726,1.7025,0.0
78134.15,3.7168,2.1814,1729773218.0,1,10,790.0,0.4787,0.0,0.4787,1.7251,0.0
78144.15,3.7171,2.1815,1729773228.0,1,10,800.0,0.4848,0.0,0.4848,1.7476,0.0
78154.15,3.7173,2.1814,1729773238.0,1,10,810.0,0.4908,0.0,0.4908,1.7701,0.0
78164.15,3.7175,2.1814,1729773248.0,1,10,820.0,0.4969,0.0,0.4969,1.7926,0.0
78174.15,3.7178,2.1814,1729773258.0,1,10,830.0,0.5029,0.0,0.5029,1.8152,0.0
78184.15,3.718,2.1814,1729773268.0,1,10,840.0,0.509,0.0,0.509,1.8377,0.0
78194.15,3.7182,2.1814,1729773278.0,1,10,850.0,0.5151,0.0,0.5151,1.8602,0.0
78204.15,3.7185,2.1815,1729773288.0,1,10,860.0,0.5211,0.0,0.5211,1.8828,0.0
78214.15,3.7187,2.1814,1729773298.0,1,10,870.0,0.5272,0.0,0.5272,1.9053,0.0
78224.15,3.7189,2.1814,1729773308.0,1,10,880.0,0.5332,0.0,0.5332,1.9278,0.0
78234.15,3.7192,2.1814,1729773318.0,1,10,890.0,0.5393,0.0,0.5393,1.9504,0.0
78244.15,3.7194,2.1815,1729773328.0,1,10,900.0,0.5453,0.0,0.5453,1.9729,0.0
78254.15,3.7197,2.1815,1729773338.0,1,10,910.0,0.5514,0.0,0.5514,1.9954,0.0
78264.15,3.7199,2.1814,1729773348.0,1,10,920.0,0.5575,0.0,0.5575,2.018,0.0
78274.15,3.7201,2.1814,1729773358.0,1,10,930.0,0.5635,0.0,0.5635,2.0405,0.0
78284.15,3.7204,2.1815,1729773368.0,1,10,940.0,0.5696,0.0,0.5696,2.0631,0.0
78294.15,3.7207,2.1814,1729773378.0,1,10,950.0,0.5756,0.0,0.5756,2.0856,0.0
78304.15,3.7209,2.1814,1729773388.0,1,10,960.0,0.5817,0.0,0.5817,2.1081,0.0
78314.15,3.7212,2.1814,1729773398.0,1,10,970.0,0.5878,0.0,0.5878,2.1307,0.0
78324.15,3.7215,2.1814,1729773408.0,1,10,980.0,0.5938,0.0,0.5938,2.1532,0.0
78334.15,3.7217,2.1814,1729773418.0,1,10,990.0,0.5999,0.0,0.5999,2.1758,0.0
78344.15,3.722,2.1815,1729773428.0,1,10,1000.0,0.6059,0.0,0.6059,2.1984,0.0
78354.15,3.7223,2.1814,1729773438.0,1,10,1010.0,0.612,0.0,0.612,2.2209,0.0
78364.15,3.7226,2.1814,1729773448.0,1,10,1020.0,0.6181,0.0,0.6181,2.2435,0.0
78374.15,3.7229,2.1815,1729773458.0,1,10,1030.0,0.6241,0.0,0.6241,2.266,0.0
78384.15,3.7232,2.1814,1729773468.0,1,10,1040.0,0.6302,0.0,0.6302,2.2886,0.0
78394.15,3.7235,2.1814,1729773478.0,1,10,1050.0,0.6362,0.0,0.6362,2.3111,0.0
78404.15,3.7238,2.1814,1729773488.0,1,10,1060.0,0.6423,0.0,0.6423,2.3337,0.0
78414.15,3.7242,2.1814,1729773498.0,1,10,1070.0,0.6484,0.0,0.6484,2.3563,0.0
78424.15,3.7245,2.1814,1729773508.0,1,10,1080.0,0.6544,0.0,0.6544,2.3788,0.0
78434.15,3.7248,2.1814,1729773518.0,1,10,1090.0,0.6605,0.0,0.6605,2.4014,0.0
78444.15,3.7251,2.1815,1729773528.0,1,10,1100.0,0.6665,0.0,0.6665,2.424,0.0
78454.15,3.7255,2.1815,1729773538.0,1,10,1110.0,0.6726,0.0,0.6726,2.4466,0.0
78464.15,3.7259,2.1814,1729773548.0,1,10,1120.0,0.6787,0.0,0.6787,2.4691,0.0
78474.15,3.7263,2.1815,1729773558.0,1,10,1130.0,0.6847,0.0,0.6847,2.4917,0.0
78484.15,3.7266,2.1815,1729773568.0,1,10,1140.0,0.6908,0.0,0.6908,2.5143,0.0
78494.15,3.727,2.1814,1729773578.0,1,10,1150.0,0.6968,0.0,0.6968,2.5369,0.0
78504.15,3.7274,2.1814,1729773588.0,1,10,1160.0,0.7029,0.0,0.7029,2.5595,0.0
78514.15,3.7278,2.1814,1729773598.0,1,10,1170.0,0.709,0.0,0.709,2.582,0.0
78524.15,3.7282,2.1814,1729773608.0,1,10,1180.0,0.715,0.0,0.715,2.6046,0.0
78534.15,3.7286,2.1814,1729773618.0,1,10,1190.0,0.7211,0.0,0.7211,2.6272,0.0
78544.15,3.7291,2.1815,1729773628.0,1,10,1200.0,0.7271,0.0,0.7271,2.6498,0.0
78554.15,3.7295,2.1814,1729773638.0,1,10,1210.0,0.7332,0.0,0.7332,2.6724,0.0
78564.15,3.7299,2.1814,1729773648.0,1,10,1220.0,0.7393,0.0,0.7393,2.695,0.0
78574.15,3.7304,2.1815,1729773658.0,1,10,1230.0,0.7453,0.0,0.7453,2.7176,0.0
78584.15,3.7308,2.1814,1729773668.0,1,10,1240.0,0.7514,0.0,0.7514,2.7402,0.0
78594.15,3.7313,2.1815,1729773678.0,1,10,1250.0,0.7574,0.0,0.7574,2.7628,0.0
78604.15,3.7318,2.1815,1729773688.0,1,10,1260.0,0.7635,0.0,0.7635,2.7854,0.0
78614.15,3.7323,2.1814,1729773698.0,1,10,1270.0,0.7696,0.0,0.7696,2.8081,0.0
78624.15,3.7328,2.1814,1729773708.0,1,10,1280.0,0.7756,0.0,0.7756,2.8307,0.0
78634.15,3.7333,2.1815,1729773718.0,1,10,1290.0,0.7817,0.0,0.7817,2.8533,0.0
78644.15,3.7338,2.1814,1729773728.0,1,10,1300.0,0.7877,0.0,0.7877,2.8759,0.0
78654.15,3.7343,2.1814,1729773738.0,1,10,1310.0,0.7938,0.0,0.7938,2.8985,0.0
78664.15,3.7348,2.1814,1729773748.0,1,10,1320.0,0.7998,0.0,0.7998,2.9212,0.0
78674.15,3.7354,2.1815,1729773758.0,1,10,1330.0,0.8059,0.0,0.8059,2.9438,0.0
78684.15,3.7359,2.1814,1729773768.0,1,10,1340.0,0.812,0.0,0.812,2.9664,0.0
78694.15,3.7365,2.1814,1729773778.0,1,10,1350.0,0.818,0.0,0.818,2.9891,0.0
78704.15,3.737,2.1814,1729773788.0,1,10,1360.0,0.8241,0.0,0.8241,3.0117,0.0
78714.15,3.7376,2.1814,1729773798.0,1,10,1370.0,0.8301,0.0,0.8301,3.0344,0.0
78724.15,3.7382,2.1814,1729773808.0,1,10,1380.0,0.8362,0.0,0.8362,3.057,0.0
78734.15,3.7388,2.1815,1729773818.0,1,10,1390.0,0.8423,0.0,0.8423,3.0797,0.0
78744.15,3.7394,2.1814,1729773828.0,1,10,1400.0,0.8483,0.0,0.8483,3.1023,0.0
78754.15,3.74,2.1815,1729773838.0,1,10,1410.0,0.8544,0.0,0.8544,3.125,0.0
78764.15,3.7405,2.1815,1729773848.0,1,10,1420.0,0.8604,0.0,0.8604,3.1477,0.0
78774.15,3.7412,2.1814,1729773858.0,1,10,1430.0,0.8665,0.0,0.8665,3.1703,0.0
78784.15,3.7418,2.1814,1729773868.0,1,10,1440.0,0.8726,0.0,0.8726,3.193,0.0
78794.15,3.7424,2.1815,1729773878.0,1,10,1450.0,0.8786,0.0,0.8786,3.2157,0.0
78804.15,3.743,2.1815,1729773888.0,1,10,1460.0,0.8847,0.0,0.8847,3.2384,0.0
78814.15,3.7436,2.1814,1729773898.0,1,10,1470.0,0.8907,0.0,0.8907,3.261,0.0
78824.15,3.7443,2.1814,1729773908.0,1,10,1480.0,0.8968,0.0,0.8968,3.2837,0.0
78834.15,3.7449,2.1814,1729773918.0,1,10,1490.0,0.9029,0.0,0.9029,3.3064,0.0
78844.15,3.7455,2.1814,1729773928.0,1,10,1500.0,0.9089,0.0,0.9089,3.3291,0.0
78854.15,3.7461,2.1815,1729773938.0,1,10,1510.0,0.915,0.0,0.915,3.3518,0.0
78864.15,3.7467,2.1814,1729773948.0,1,10,1520.0,0.921,0.0,0.921,3.3745,0.0
78874.15,3.7474,2.1815,1729773958.0,1,10,1530.0,0.9271,0.0,0.9271,3.3972,0.0
78884.15,3.748,2.1813,1729773968.0,1,10,1540.0,0.9332,0.0,0.9332,3.4199,0.0
78894.15,3.7486,2.1814,1729773978.0,1,10,1550.0,0.9392,0.0,0.9392,3.4426,0.0
78904.15,3.7492,2.1814,1729773988.0,1,10,1560.0,0.9453,0.0,0.9453,3.4654,0.0
78914.15,3.7499,2.1814,1729773998.0,1,10,1570.0,0.9513,0.0,0.9513,3.4881,0.0
78924.15,3.7505,2.1814,1729774008.0,1,10,1580.0,0.9574,0.0,0.9574,3.5108,0.0
78934.15,3.7511,2.1814,1729774018.0,1,10,1590.0,0.9635,0.0,0.9635,3.5335,0.0
78944.15,3.7518,2.1814,1729774028.0,1,10,1600.0,0.9695,0.0,0.9695,3.5563,0.0
78954.15,3.7524,2.1814,1729774038.0,1,10,1610.0,0.9756,0.0,0.9756,3.579,0.0
78964.15,3.753,2.1815,1729774048.0,1,10,1620.0,0.9816,0.0,0.9816,3.6017,0.0
78974.15,3.7537,2.1814,1729774058.0,1,10,1630.0,0.9877,0.0,0.9877,3.6245,0.0
78984.15,3.7543,2.1814,1729774068.0,1,10,1640.0,0.9938,0.0,0.9938,3.6472,0.0
78994.15,3.7549,2.1815,1729774078.0,1,10,1650.0,0.9998,0.0,0.9998,3.67,0.0
79004.15,3.7555,2.1814,1729774088.0,1,10,1660.0,1.0059,0.0,1.0059,3.6927,0.0
79014.15,3.7561,2.1814,1729774098.0,1,10,1670.0,1.0119,0.0,1.0119,3.7155,0.0
79024.15,3.7567,2.1814,1729774108.0,1,10,1680.0,1.018,0.0,1.018,3.7382,0.0
79034.15,3.7574,2.1814,1729774118.0,1,10,1690.0,1.0241,0.0,1.0241,3.761,0.0
79044.15,3.758,2.1814,1729774128.0,1,10,1700.0,1.0301,0.0,1.0301,3.7838,0.0
79054.15,3.7586,2.1815,1729774138.0,1,10,1710.0,1.0362,0.0,1.0362,3.8066,0.0
79064.15,3.7592,2.1815,1729774148.0,1,10,1720.0,1.0422,0.0,1.0422,3.8293,0.0
79074.15,3.7598,2.1814,1729774158.0,1,10,1730.0,1.0483,0.0,1.0483,3.8521,0.0
79084.15,3.7604,2.1814,1729774168.0,1,10,1740.0,1.0543,0.0,1.0543,3.8749,0.0
79094.15,3.761,2.1815,1729774178.0,1,10,1750.0,1.0604,0.0,1.0604,3.8977,0.0
79104.15,3.7616,2.1814,1729774188.0,1,10,1760.0,1.0665,0.0,1.0665,3.9205,0.0
79114.15,3.7622,2.1814,1729774198.0,1,10,1770.0,1.0725,0.0,1.0725,3.9433,0.0
79124.15,3.7628,2.1815,1729774208.0,1,10,1780.0,1.0786,0.0,1.0786,3.9661,0.0
79134.15,3.7633,2.1815,1729774218.0,1,10,1790.0,1.0846,0.0,1.0846,3.9889,0.0
79144.15,3.7639,2.1815,1729774228.0,1,10,1800.0,1.0907,0.0,1.0907,4.0117,0.0
79154.15,3.7645,2.1814,1729774238.0,1,10,1810.0,1.0968,0.0,1.0968,4.0345,0.0
79164.15,3.7651,2.1814,1729774248.0,1,10,1820.0,1.1028,0.0,1.1028,4.0573,0.0
79174.15,3.7656,2.1814,1729774258.0,1,10,1830.0,1.1089,0.0,1.1089,4.0801,0.0
79184.15,3.7661,2.1815,1729774268.0,1,10,1840.0,1.1149,0.0,1.1149,4.1029,0.0
79194.15,3.7667,2.1814,1729774278.0,1,10,1850.0,1.121,0.0,1.121,4.1258,0.0
79204.15,3.7673,2.1814,1729774288.0,1,10,1860.0,1.1271,0.0,1.1271,4.1486,0.0
79214.15,3.7678,2.1814,1729774298.0,1,10,1870.0,1.1331,0.0,1.1331,4.1714,0.0
79224.15,3.7683,2.1814,1729774308.0,1,10,1880.0,1.1392,0.0,1.1392,4.1943,0.0
79234.15,3.7688,2.1815,1729774318.0,1,10,1890.0,1.1452,0.0,1.1452,4.2171,0.0
79244.15,3.7694,2.1814,1729774328.0,1,10,1900.0,1.1513,0.0,1.1513,4.2399,0.0
79254.15,3.7699,2.1815,1729774338.0,1,10,1910.0,1.1574,0.0,1.1574,4.2628,0.0
79264.15,3.7704,2.1814,1729774348.0,1,10,1920.0,1.1634,0.0,1.1634,4.2856,0.0
79274.15,3.7709,2.1814,1729774358.0,1,10,1930.0,1.1695,0.0,1.1695,4.3085,0.0
79284.15,3.7714,2.1814,1729774368.0,1,10,1940.0,1.1755,0.0,1.1755,4.3313,0.0
79294.15,3.7719,2.1815,1729774378.0,1,10,1950.0,1.1816,0.0,1.1816,4.3542,0.0
79304.15,3.7724,2.1814,1729774388.0,1,10,1960.0,1.1877,0.0,1.1877,4.377,0.0
79314.15,3.7729,2.1814,1729774398.0,1,10,1970.0,1.1937,0.0,1.1937,4.3999,0.0
79324.15,3.7734,2.1814,1729774408.0,1,10,1980.0,1.1998,0.0,1.1998,4.4227,0.0
79334.15,3.7738,2.1815,1729774418.0,1,10,1990.0,1.2058,0.0,1.2058,4.4456,0.0
79344.15,3.7743,2.1814,1729774428.0,1,10,2000.0,1.2119,0.0,1.2119,4.4685,0.0
79354.15,3.7747,2.1814,1729774438.0,1,10,2010.0,1.218,0.0,1.218,4.4914,0.0
79364.15,3.7752,2.1814,1729774448.0,1,10,2020.0,1.224,0.0,1.224,4.5142,0.0
79374.15,3.7756,2.1814,1729774458.0,1,10,2030.0,1.2301,0.0,1.2301,4.5371,0.0
79384.15,3.776,2.1814,1729774468.0,1,10,2040.0,1.2361,0.0,1.2361,4.56,0.0
79394.15,3.7764,2.1814,1729774478.0,1,10,2050.0,1.2422,0.0,1.2422,4.5829,0.0
79404.15,3.7768,2.1814,1729774488.0,1,10,2060.0,1.2483,0.0,1.2483,4.6058,0.0
79414.15,3.7772,2.1814,1729774498.0,1,10,2070.0,1.2543,0.0,1.2543,4.6286,0.0
79424.15,3.7777,2.1814,1729774508.0,1,10,2080.0,1.2604,0.0,1.2604,4.6515,0.0
79434.15,3.7781,2.1814,1729774518.0,1,10,2090.0,1.2664,0.0,1.2664,4.6744,0.0
79444.15,3.7785,2.1815,1729774528.0,1,10,2100.0,1.2725,0.0,1.2725,4.6973,0.0
79454.15,3.7789,2.1814,1729774538.0,1,10,2110.0,1.2786,0.0,1.2786,4.7202,0.0
79464.15,3.7793,2.1814,1729774548.0,1,10,2120.0,1.2846,0.0,1.2846,4.7431,0.0
79474.15,3.7797,2.1814,1729774558.0,1,10,2130.0,1.2907,0.0,1.2907,4.766,0.0
79484.15,3.7801,2.1815,1729774568.0,1,10,2140.0,1.2967,0.0,1.2967,4.7889,0.0
79494.15,3.7805,2.1815,1729774578.0,1,10,2150.0,1.3028,0.0,1.3028,4.8118,0.0
79504.15,3.7809,2.1814,1729774588.0,1,10,2160.0,1.3088,0.0,1.3088,4.8347,0.0
79514.15,3.7813,2.1815,1729774598.0,1,10,2170.0,1.3149,0.0,1.3149,4.8576,0.0
79524.15,3.7817,2.1814,1729774608.0,1,10,2180.0,1.321,0.0,1.321,4.8806,0.0
79534.15,3.7822,2.1814,1729774618.0,1,10,2190.0,1.327,0.0,1.327,4.9035,0.0
79544.15,3.7826,2.1814,1729774628.0,1,10,2200.0,1.3331,0.0,1.3331,4.9264,0.0
79554.15,3.783,2.1814,1729774638.0,1,10,2210.0,1.3391,0.0,1.3391,4.9493,0.0
79564.15,3.7834,2.1815,1729774648.0,1,10,2220.0,1.3452,0.0,1.3452,4.9722,0.0
79574.15,3.7839,2.1814,1729774658.0,1,10,2230.0,1.3513,0.0,1.3513,4.9952,0.0
79584.15,3.7843,2.1814,1729774668.0,1,10,2240.0,1.3573,0.0,1.3573,5.0181,0.0
79594.15,3.7847,2.1814,1729774678.0,1,10,2250.0,1.3634,0.0,1.3634,5.041,0.0
79604.15,3.7852,2.1814,1729774688.0,1,10,2260.0,1.3694,0.0,1.3694,5.064,0.0
79614.15,3.7857,2.1814,1729774698.0,1,10,2270.0,1.3755,0.0,1.3755,5.0869,0.0
79624.15,3.7861,2.1814,1729774708.0,1,10,2280.0,1.3816,0.0,1.3816,5.1098,0.0
79634.15,3.7866,2.1814,1729774718.0,1,10,2290.0,1.3876,0.0,1.3876,5.1328,0.0
79644.15,3.787,2.1814,1729774728.0,1,10,2300.0,1.3937,0.0,1.3937,5.1557,0.0
79654.15,3.7875,2.1815,1729774738.0,1,10,2310.0,1.3997,0.0,1.3997,5.1787,0.0
79664.15,3.7879,2.1815,1729774748.0,1,10,2320.0,1.4058,0.0,1.4058,5.2016,0.0
79674.15,3.7884,2.1814,1729774758.0,1,10,2330.0,1.4119,0.0,1.4119,5.2246,0.0
79684.15,3.7888,2.1814,1729774768.0,1,10,2340.0,1.4179,0.0,1.4179,5.2475,0.0
79694.15,3.7893,2.1814,1729774778.0,1,10,2350.0,1.424,0.0,1.424,5.2705,0.0
79704.15,3.7898,2.1814,1729774788.0,1,10,2360.0,1.43,0.0,1.43,5.2935,0.0
79714.15,3.7902,2.1815,1729774798.0,1,10,2370.0,1.4361,0.0,1.4361,5.3164,0.0
79724.15,3.7907,2.1815,1729774808.0,1,10,2380.0,1.4422,0.0,1.4422,5.3394,0.0
79734.15,3.7911,2.1814,1729774818.0,1,10,2390.0,1.4482,0.0,1.4482,5.3624,0.0
79744.15,3.7916,2.1814,1729774828.0,1,10,2400.0,1.4543,0.0,1.4543,5.3853,0.0
79754.15,3.792,2.1815,1729774838.0,1,10,2410.0,1.4603,0.0,1.4603,5.4083,0.0
79764.15,3.7925,2.1813,1729774848.0,1,10,2420.0,1.4664,0.0,1.4664,5.4313,0.0
79774.15,3.7929,2.1814,1729774858.0,1,10,2430.0,1.4725,0.0,1.4725,5.4543,0.0
79784.15,3.7933,2.1814,1729774868.0,1,10,2440.0,1.4785,0.0,1.4785,5.4773,0.0
79794.15,3.7938,2.1814,1729774878.0,1,10,2450.0,1.4846,0.0,1.4846,5.5003,0.0
79804.15,3.7942,2.1814,1729774888.0,1,10,2460.0,1.4906,0.0,1.4906,5.5232,0.0
79814.15,3.7947,2.1814,1729774898.0,1,10,2470.0,1.4967,0.0,1.4967,5.5462,0.0
79824.15,3.7951,2.1814,1729774908.0,1,10,2480.0,1.5028,0.0,1.5028,5.5692,0.0
79834.15,3.7955,2.1815,1729774918.0,1,10,2490.0,1.5088,0.0,1.5088,5.5922,0.0
79844.15,3.7959,2.1814,1729774928.0,1,10,2500.0,1.5149,0.0,1.5149,5.6152,0.0
79854.15,3.7963,2.1814,1729774938.0,1,10,2510.0,1.5209,0.0,1.5209,5.6382,0.0
79864.15,3.7967,2.1814,1729774948.0,1,10,2520.0,1.527,0.0,1.527,5.6612,0.0
79874.15,3.7971,2.1814,1729774958.0,1,10,2530.0,1.533,0.0,1.533,5.6842,0.0
79884.15,3.7975,2.1814,1729774968.0,1,10,2540.0,1.5391,0.0,1.5391,5.7073,0.0
79894.15,3.7979,2.1814,1729774978.0,1,10,2550.0,1.5452,0.0,1.5452,5.7303,0.0
79904.15,3.7982,2.1814,1729774988.0,1,10,2560.0,1.5512,0.0,1.5512,5.7533,0.0
79914.15,3.7986,2.1814,1729774998.0,1,10,2570.0,1.5573,0.0,1.5573,5.7763,0.0
79924.15,3.7989,2.1814,1729775008.0,1,10,2580.0,1.5633,0.0,1.5633,5.7993,0.0
79934.15,3.7993,2.1814,1729775018.0,1,10,2590.0,1.5694,0.0,1.5694,5.8223,0.0
79944.15,3.7996,2.1814,1729775028.0,1,10,2600.0,1.5755,0.0,1.5755,5.8454,0.0
79954.15,3.7999,2.1814,1729775038.0,1,10,2610.0,1.5815,0.0,1.5815,5.8684,0.0
79964.15,3.8002,2.1814,1729775048.0,1,10,2620.0,1.5876,0.0,1.5876,5.8914,0.0
79974.15,3.8005,2.1815,1729775058.0,1,10,2630.0,1.5936,0.0,1.5936,5.9144,0.0
79984.15,3.8008,2.1814,1729775068.0,1,10,2640.0,1.5997,0.0,1.5997,5.9375,0.0
79994.15,3.801,2.1814,1729775078.0,1,10,2650.0,1.6058,0.0,1.6058,5.9605,0.0
80004.15,3.8013,2.1814,1729775088.0,1,10,2660.0,1.6118,0.0,1.6118,5.9835,0.0
80014.15,3.8016,2.1814,1729775098.0,1,10,2670.0,1.6179,0.0,1.6179,6.0066,0.0
80024.15,3.8019,2.1814,1729775108.0,1,10,2680.0,1.6239,0.0,1.6239,6.0296,0.0
80034.15,3.8021,2.1814,1729775118.0,1,10,2690.0,1.63,0.0,1.63,6.0526,0.0
80044.15,3.8024,2.1814,1729775128.0,1,10,2700.0,1.6361,0.0,1.6361,6.0757,0.0
80054.15,3.8026,2.1814,1729775138.0,1,10,2710.0,1.6421,0.0,1.6421,6.0987,0.0
80064.15,3.8029,2.1814,1729775148.0,1,10,2720.0,1.6482,0.0,1.6482,6.1218,0.0
80074.15,3.8031,2.1814,1729775158.0,1,10,2730.0,1.6542,0.0,1.6542,6.1448,0.0
80084.15,3.8033,2.1814,1729775168.0,1,10,2740.0,1.6603,0.0,1.6603,6.1679,0.0
80094.15,3.8036,2.1814,1729775178.0,1,10,2750.0,1.6664,0.0,1.6664,6.1909,0.0
80104.15,3.8038,2.1813,1729775188.0,1,10,2760.0,1.6724,0.0,1.6724,6.214,0.0
80114.15,3.804,2.1814,1729775198.0,1,10,2770.0,1.6785,0.0,1.6785,6.237,0.0
80124.15,3.8043,2.1814,1729775208.0,1,10,2780.0,1.6845,0.0,1.6845,6.2601,0.0
80134.15,3.8045,2.1814,1729775218.0,1,10,2790.0,1.6906,0.0,1.6906,6.2831,0.0
80144.15,3.8047,2.1815,1729775228.0,1,10,2800.0,1.6967,0.0,1.6967,6.3062,0.0
80154.15,3.805,2.1814,1729775238.0,1,10,2810.0,1.7027,0.0,1.7027,6.3292,0.0
80164.15,3.8052,2.1815,1729775248.0,1,10,2820.0,1.7088,0.0,1.7088,6.3523,0.0
80174.15,3.8054,2.1814,1729775258.0,1,10,2830.0,1.7148,0.0,1.7148,6.3753,0.0
80184.15,3.8057,2.1814,1729775268.0,1,10,2840.0,1.7209,0.0,1.7209,6.3984,0.0
80194.15,3.8059,2.1814,1729775278.0,1,10,2850.0,1.727,0.0,1.727,6.4215,0.0
80204.15,3.8061,2.1815,1729775288.0,1,10,2860.0,1.733,0.0,1.733,6.4445,0.0
80214.15,3.8063,2.1814,1729775298.0,1,10,2870.0,1.7391,0.0,1.7391,6.4676,0.0
80224.15,3.8066,2.1813,1729775308.0,1,10,2880.0,1.7451,0.0,1.7451,6.4906,0.0
80234.15,3.8068,2.1814,1729775318.0,1,10,2890.0,1.7512,0.0,1.7512,6.5137,0.0
80244.15,3.807,2.1814,1729775328.0,1,10,2900.0,1.7573,0.0,1.7573,6.5368,0.0
80254.15,3.8072,2.1814,1729775338.0,1,10,2910.0,1.7633,0.0,1.7633,6.5598,0.0
80264.15,3.8075,2.1815,1729775348.0,1,10,2920.0,1.7694,0.0,1.7694,6.5829,0.0
80274.15,3.8076,2.1814,1729775358.0,1,10,2930.0,1.7754,0.0,1.7754,6.606,0.0
80284.15,3.8078,2.1814,1729775368.0,1,10,2940.0,1.7815,0.0,1.7815,6.6291,0.0
80294.15,3.808,2.1814,1729775378.0,1,10,2950.0,1.7875,0.0,1.7875,6.6521,0.0
80304.15,3.8082,2.1814,1729775388.0,1,10,2960.0,1.7936,0.0,1.7936,6.6752,0.0
80314.15,3.8084,2.1814,1729775398.0,1,10,2970.0,1.7997,0.0,1.7997,6.6983,0.0
80324.15,3.8086,2.1814,1729775408.0,1,10,2980.0,1.8057,0.0,1.8057,6.7214,0.0
80334.15,3.8088,2.1814,1729775418.0,1,10,2990.0,1.8118,0.0,1.8118,6.7444,0.0
80344.15,3.809,2.1814,1729775428.0,1,10,3000.0,1.8178,0.0,1.8178,6.7675,0.0
80354.15,3.8092,2.1814,1729775438.0,1,10,3010.0,1.8239,0.0,1.8239,6.7906,0.0
80364.15,3.8093,2.1814,1729775448.0,1,10,3020.0,1.83,0.0,1.83,6.8137,0.0
80374.15,3.8095,2.1814,1729775458.0,1,10,3030.0,1.836,0.0,1.836,6.8368,0.0
80384.15,3.8097,2.1814,1729775468.0,1,10,3040.0,1.8421,0.0,1.8421,6.8599,0.0
80394.15,3.8098,2.1814,1729775478.0,1,10,3050.0,1.8481,0.0,1.8481,6.8829,0.0
80404.15,3.81,2.1814,1729775488.0,1,10,3060.0,1.8542,0.0,1.8542,6.906,0.0
80414.15,3.8101,2.1814,1729775498.0,1,10,3070.0,1.8603,0.0,1.8603,6.9291,0.0
80424.15,3.8103,2.1814,1729775508.0,1,10,3080.0,1.8663,0.0,1.8663,6.9522,0.0
80434.15,3.8104,2.1814,1729775518.0,1,10,3090.0,1.8724,0.0,1.8724,6.9753,0.0
80444.15,3.8105,2.1815,1729775528.0,1,10,3100.0,1.8784,0.0,1.8784,6.9984,0.0
80454.15,3.8106,2.1814,1729775538.0,1,10,3110.0,1.8845,0.0,1.8845,7.0215,0.0
80464.15,3.8107,2.1814,1729775548.0,1,10,3120.0,1.8906,0.0,1.8906,7.0446,0.0
80474.15,3.8109,2.1815,1729775558.0,1,10,3130.0,1.8966,0.0,1.8966,7.0676,0.0
80484.15,3.811,2.1814,1729775568.0,1,10,3140.0,1.9027,0.0,1.9027,7.0907,0.0
80494.15,3.8111,2.1814,1729775578.0,1,10,3150.0,1.9087,0.0,1.9087,7.1138,0.0
80504.15,3.8111,2.1814,1729775588.0,1,10,3160.0,1.9148,0.0,1.9148,7.1369,0.0
80514.15,3.8113,2.1814,1729775598.0,1,10,3170.0,1.9209,0.0,1.9209,7.16,0.0
80524.15,3.8113,2.1814,1729775608.0,1,10,3180.0,1.9269,0.0,1.9269,7.1831,0.0
80534.15,3.8114,2.1815,1729775618.0,1,10,3190.0,1.933,0.0,1.933,7.2062,0.0
80544.15,3.8115,2.1814,1729775628.0,1,10,3200.0,1.939,0.0,1.939,7.2293,0.0
80554.15,3.8116,2.1815,1729775638.0,1,10,3210.0,1.9451,0.0,1.9451,7.2524,0.0
80564.15,3.8116,2.1815,1729775648.0,1,10,3220.0,1.9512,0.0,1.9512,7.2755,0.0
80574.15,3.8117,2.1813,1729775658.0,1,10,3230.0,1.9572,0.0,1.9572,7.2986,0.0
80584.15,3.8118,2.1814,1729775668.0,1,10,3240.0,1.9633,0.0,1.9633,7.3217,0.0
80594.15,3.8118,2.1815,1729775678.0,1,10,3250.0,1.9693,0.0,1.9693,7.3448,0.0
80604.15,3.8119,2.1815,1729775688.0,1,10,3260.0,1.9754,0.0,1.9754,7.3679,0.0
80614.15,3.812,2.1814,1729775698.0,1,10,3270.0,1.9815,0.0,1.9815,7.391,0.0
80624.15,3.812,2.1814,1729775708.0,1,10,3280.0,1.9875,0.0,1.9875,7.4141,0.0
80634.15,3.8121,2.1814,1729775718.0,1,10,3290.0,1.9936,0.0,1.9936,7.4372,0.0
80644.15,3.8121,2.1814,1729775728.0,1,10,3300.0,1.9996,0.0,1.9996,7.4603,0.0
80654.15,3.8122,2.1815,1729775738.0,1,10,3310.0,2.0057,0.0,2.0057,7.4834,0.0
80664.15,3.8123,2.1814,1729775748.0,1,10,3320.0,2.0117,0.0,2.0117,7.5065,0.0
80674.15,3.8123,2.1814,1729775758.0,1,10,3330.0,2.0178,0.0,2.0178,7.5296,0.0
80684.15,3.8124,2.1814,1729775768.0,1,10,3340.0,2.0239,0.0,2.0239,7.5527,0.0
80694.15,3.8124,2.1814,1729775778.0,1,10,3350.0,2.0299,0.0,2.0299,7.5758,0.0
80704.15,3.8125,2.1813,1729775788.0,1,10,3360.0,2.036,0.0,2.036,7.5989,0.0
80714.15,3.8125,2.1814,1729775798.0,1,10,3370.0,2.042,0.0,2.042,7.622,0.0
80724.15,3.8126,2.1814,1729775808.0,1,10,3380.0,2.0481,0.0,2.0481,7.6451,0.0
80734.15,3.8127,2.1814,1729775818.0,1,10,3390.0,2.0542,0.0,2.0542,7.6682,0.0
80744.15,3.8127,2.1814,1729775828.0,1,10,3400.0,2.0602,0.0,2.0602,7.6913,0.0
80754.15,3.8128,2.1815,1729775838.0,1,10,3410.0,2.0663,0.0,2.0663,7.7144,0.0
80764.15,3.8128,2.1815,1729775848.0,1,10,3420.0,2.0723,0.0,2.0723,7.7375,0.0
80774.15,3.8129,2.1814,1729775858.0,1,10,3430.0,2.0784,0.0,2.0784,7.7606,0.0
80784.15,3.8129,2.1814,1729775868.0,1,10,3440.0,2.0845,0.0,2.0845,7.7837,0.0
80794.15,3.813,2.1814,1729775878.0,1,10,3450.0,2.0905,0.0,2.0905,7.8068,0.0
80804.15,3.8131,2.1814,1729775888.0,1,10,3460.0,2.0966,0.0,2.0966,7.8299,0.0
80814.15,3.8131,2.1814,1729775898.0,1,10,3470.0,2.1026,0.0,2.1026,7.853,0.0
80824.15,3.8132,2.1815,1729775908.0,1,10,3480.0,2.1087,0.0,2.1087,7.8761,0.0
80834.15,3.8132,2.1815,1729775918.0,1,10,3490.0,2.1148,0.0,2.1148,7.8992,0.0
80844.15,3.8133,2.1815,1729775928.0,1,10,3500.0,2.1208,0.0,2.1208,7.9223,0.0
80854.15,3.8134,2.1815,1729775938.0,1,10,3510.0,2.1269,0.0,2.1269,7.9455,0.0
80864.15,3.8134,2.1814,1729775948.0,1,10,3520.0,2.1329,0.0,2.1329,7.9686,0.0
80874.15,3.8135,2.1814,1729775958.0,1,10,3530.0,2.139,0.0,2.139,7.9917,0.0
80884.15,3.8135,2.1814,1729775968.0,1,10,3540.0,2.1451,0.0,2.1451,8.0148,0.0
80894.15,3.8136,2.1814,1729775978.0,1,10,3550.0,2.1511,0.0,2.1511,8.0379,0.0
80904.15,3.8137,2.1814,1729775988.0,1,10,3560.0,2.1572,0.0,2.1572,8.061,0.0
80914.15,3.8137,2.1814,1729775998.0,1,10,3570.0,2.1632,0.0,2.1632,8.0841,0.0
80924.15,3.8138,2.1814,1729776008.0,1,10,3580.0,2.1693,0.0,2.1693,8.1072,0.0
80934.15,3.8139,2.1814,1729776018.0,1,10,3590.0,2.1754,0.0,2.1754,8.1303,0.0
80944.15,3.8139,2.1814,1729776028.0,1,10,3600.0,2.1814,0.0,2.1814,8.1534,0.0
80954.15,3.814,2.1814,1729776038.0,1,10,3610.0,2.1875,0.0,2.1875,8.1765,0.0
80964.15,3.8141,2.1815,1729776048.0,1,10,3620.0,2.1935,0.0,2.1935,8.1997,0.0
80974.15,3.8141,2.1814,1729776058.0,1,10,3630.0,2.1996,0.0,2.1996,8.2228,0.0
80984.15,3.8142,2.1814,1729776068.0,1,10,3640.0,2.2057,0.0,2.2057,8.2459,0.0
80994.15,3.8143,2.1815,1729776078.0,1,10,3650.0,2.2117,0.0,2.2117,8.269,0.0
81004.15,3.8144,2.1814,1729776088.0,1,10,3660.0,2.2178,0.0,2.2178,8.2921,0.0
81014.15,3.8144,2.1814,1729776098.0,1,10,3670.0,2.2238,0.0,2.2238,8.3152,0.0
81024.15,3.8145,2.1813,1729776108.0,1,10,3680.0,2.2299,0.0,2.2299,8.3383,0.0
81034.15,3.8146,2.1815,1729776118.0,1,10,3690.0,2.2359,0.0,2.2359,8.3614,0.0
81044.15,3.8146,2.1814,1729776128.0,1,10,3700.0,2.242,0.0,2.242,8.3846,0.0
81054.15,3.8147,2.1814,1729776138.0,1,10,3710.0,2.2481,0.0,2.2481,8.4077,0.0
81064.15,3.8148,2.1814,1729776148.0,1,10,3720.0,2.2541,0.0,2.2541,8.4308,0.0
81074.15,3.8149,2.1814,1729776158.0,1,10,3730.0,2.2602,0.0,2.2602,8.4539,0.0
81084.15,3.8149,2.1815,1729776168.0,1,10,3740.0,2.2662,0.0,2.2662,8.477,0.0
81094.15,3.815,2.1814,1729776178.0,1,10,3750.0,2.2723,0.0,2.2723,8.5001,0.0
81104.15,3.8151,2.1814,1729776188.0,1,10,3760.0,2.2784,0.0,2.2784,8.5233,0.0
81114.15,3.8152,2.1814,1729776198.0,1,10,3770.0,2.2844,0.0,2.2844,8.5464,0.0
81124.15,3.8153,2.1814,1729776208.0,1,10,3780.0,2.2905,0.0,2.2905,8.5695,0.0
81134.15,3.8153,2.1814,1729776218.0,1,10,3790.0,2.2965,0.0,2.2965,8.5926,0.0
81144.15,3.8154,2.1814,1729776228.0,1,10,3800.0,2.3026,0.0,2.3026,8.6157,0.0
81154.15,3.8155,2.1814,1729776238.0,1,10,3810.0,2.3087,0.0,2.3087,8.6388,0.0
81164.15,3.8156,2.1814,1729776248.0,1,10,3820.0,2.3147,0.0,2.3147,8.662,0.0
81174.15,3.8157,2.1814,1729776258.0,1,10,3830.0,2.3208,0.0,2.3208,8.6851,0.0
81184.15,3.8157,2.1814,1729776268.0,1,10,3840.0,2.3268,0.0,2.3268,8.7082,0.0
81194.15,3.8158,2.1814,1729776278.0,1,10,3850.0,2.3329,0.0,2.3329,8.7313,0.0
81204.15,3.8159,2.1814,1729776288.0,1,10,3860.0,2.339,0.0,2.339,8.7545,0.0
81214.15,3.816,2.1814,1729776298.0,1,10,3870.0,2.345,0.0,2.345,8.7776,0.0
81224.15,3.8161,2.1814,1729776308.0,1,10,3880.0,2.3511,0.0,2.3511,8.8007,0.0
81234.15,3.8162,2.1814,1729776318.0,1,10,3890.0,2.3571,0.0,2.3571,8.8238,0.0
81244.15,3.8163,2.1815,1729776328.0,1,10,3900.0,2.3632,0.0,2.3632,8.8469,0.0
81254.15,3.8164,2.1814,1729776338.0,1,10,3910.0,2.3693,0.0,2.3693,8.8701,0.0
81264.15,3.8164,2.1814,1729776348.0,1,10,3920.0,2.3753,0.0,2.3753,8.8932,0.0
81274.15,3.8165,2.1814,1729776358.0,1,10,3930.0,2.3814,0.0,2.3814,8.9163,0.0
81284.15,3.8167,2.1814,1729776368.0,1,10,3940.0,2.3874,0.0,2.3874,8.9395,0.0
81294.15,3.8168,2.1813,1729776378.0,1,10,3950.0,2.3935,0.0,2.3935,8.9626,0.0
81304.15,3.8168,2.1814,1729776388.0,1,10,3960.0,2.3996,0.0,2.3996,8.9857,0.0
81314.15,3.817,2.1814,1729776398.0,1,10,3970.0,2.4056,0.0,2.4056,9.0088,0.0
81324.15,3.817,2.1814,1729776408.0,1,10,3980.0,2.4117,0.0,2.4117,9.032,0.0
81334.15,3.8172,2.1814,1729776418.0,1,10,3990.0,2.4177,0.0,2.4177,9.0551,0.0
81344.15,3.8173,2.1814,1729776428.0,1,10,4000.0,2.4238,0.0,2.4238,9.0782,0.0
81354.15,3.8174,2.1814,1729776438.0,1,10,4010.0,2.4299,0.0,2.4299,9.1014,0.0
81364.15,3.8175,2.1814,1729776448.0,1,10,4020.0,2.4359,0.0,2.4359,9.1245,0.0
81374.15,3.8176,2.1814,1729776458.0,1,10,4030.0,2.442,0.0,2.442,9.1476,0.0
81384.15,3.8177,2.1814,1729776468.0,1,10,4040.0,2.448,0.0,2.448,9.1707,0.0
81394.15,3.8178,2.1814,1729776478.0,1,10,4050.0,2.4541,0.0,2.4541,9.1939,0.0
81404.15,3.8179,2.1814,1729776488.0,1,10,4060.0,2.4601,0.0,2.4601,9.217,0.0
81414.15,3.818,2.1814,1729776498.0,1,10,4070.0,2.4662,0.0,2.4662,9.2402,0.0
81424.15,3.8181,2.1813,1729776508.0,1,10,4080.0,2.4723,0.0,2.4723,9.2633,0.0
81434.15,3.8182,2.1814,1729776518.0,1,10,4090.0,2.4783,0.0,2.4783,9.2864,0.0
81444.15,3.8184,2.1815,1729776528.0,1,10,4100.0,2.4844,0.0,2.4844,9.3096,0.0
81454.15,3.8185,2.1815,1729776538.0,1,10,4110.0,2.4904,0.0,2.4904,9.3327,0.0
81464.15,3.8186,2.1814,1729776548.0,1,10,4120.0,2.4965,0.0,2.4965,9.3558,0.0
81474.15,3.8187,2.1813,1729776558.0,1,10,4130.0,2.5026,0.0,2.5026,9.379,0.0
81484.15,3.8188,2.1814,1729776568.0,1,10,4140.0,2.5086,0.0,2.5086,9.4021,0.0
81494.15,3.8189,2.1814,1729776578.0,1,10,4150.0,2.5147,0.0,2.5147,9.4253,0.0
81504.15,3.8191,2.1814,1729776588.0,1,10,4160.0,2.5207,0.0,2.5207,9.4484,0.0
81514.15,3.8192,2.1814,1729776598.0,1,10,4170.0,2.5268,0.0,2.5268,9.4715,0.0
81524.15,3.8193,2.1815,1729776608.0,1,10,4180.0,2.5329,0.0,2.5329,9.4947,0.0
81534.15,3.8194,2.1814,1729776618.0,1,10,4190.0,2.5389,0.0,2.5389,9.5178,0.0
81544.15,3.8196,2.1814,1729776628.0,1,10,4200.0,2.545,0.0,2.545,9.541,0.0
81554.15,3.8197,2.1815,1729776638.0,1,10,4210.0,2.551,0.0,2.551,9.5641,0.0
81564.15,3.8198,2.1814,1729776648.0,1,10,4220.0,2.5571,0.0,2.5571,9.5873,0.0
81574.15,3.8199,2.1814,1729776658.0,1,10,4230.0,2.5632,0.0,2.5632,9.6104,0.0
81584.15,3.8201,2.1814,1729776668.0,1,10,4240.0,2.5692,0.0,2.5692,9.6336,0.0
81594.15,3.8202,2.1814,1729776678.0,1,10,4250.0,2.5753,0.0,2.5753,9.6567,0.0
81604.15,3.8203,2.1814,1729776688.0,1,10,4260.0,2.5813,0.0,2.5813,9.6798,0.0
81614.15,3.8205,2.1814,1729776698.0,1,10,4270.0,2.5874,0.0,2.5874,9.703,0.0
81624.15,3.8206,2.1814,1729776708.0,1,10,4280.0,2.5935,0.0,2.5935,9.7261,0.0
81634.15,3.8208,2.1814,1729776718.0,1,10,4290.0,2.5995,0.0,2.5995,9.7493,0.0
81644.15,3.8209,2.1815,1729776728.0,1,10,4300.0,2.6056,0.0,2.6056,9.7725,0.0
81654.15,3.821,2.1814,1729776738.0,1,10,4310.0,2.6116,0.0,2.6116,9.7956,0.0
81664.15,3.8212,2.1814,1729776748.0,1,10,4320.0,2.6177,0.0,2.6177,9.8188,0.0
81674.15,3.8213,2.1815,1729776758.0,1,10,4330.0,2.6238,0.0,2.6238,9.8419,0.0
81684.15,3.8215,2.1815,1729776768.0,1,10,4340.0,2.6298,0.0,2.6298,9.8651,0.0
81694.15,3.8216,2.1814,1729776778.0,1,10,4350.0,2.6359,0.0,2.6359,9.8882,0.0
81704.15,3.8218,2.1814,1729776788.0,1,10,4360.0,2.6419,0.0,2.6419,9.9114,0.0
81714.15,3.8219,2.1815,1729776798.0,1,10,4370.0,2.648,0.0,2.648,9.9345,0.0
81724.15,3.822,2.1814,1729776808.0,1,10,4380.0,2.6541,0.0,2.6541,9.9577,0.0
81734.15,3.8222,2.1814,1729776818.0,1,10,4390.0,2.6601,0.0,2.6601,9.9809,0.0
81744.15,3.8224,2.1814,1729776828.0,1,10,4400.0,2.6662,0.0,2.6662,10.004,0.0
81754.15,3.8225,2.1814,1729776838.0,1,10,4410.0,2.6722,0.0,2.6722,10.0272,0.0
81764.15,3.8227,2.1814,1729776848.0,1,10,4420.0,2.6783,0.0,2.6783,10.0503,0.0
81774.15,3.8229,2.1813,1729776858.0,1,10,4430.0,2.6843,0.0,2.6843,10.0735,0.0
81784.15,3.823,2.1814,1729776868.0,1,10,4440.0,2.6904,0.0,2.6904,10.0967,0.0
81794.15,3.8232,2.1814,1729776878.0,1,10,4450.0,2.6965,0.0,2.6965,10.1198,0.0
81804.15,3.8233,2.1814,1729776888.0,1,10,4460.0,2.7025,0.0,2.7025,10.143,0.0
81814.15,3.8235,2.1814,1729776898.0,1,10,4470.0,2.7086,0.0,2.7086,10.1662,0.0
81824.15,3.8237,2.1814,1729776908.0,1,10,4480.0,2.7146,0.0,2.7146,10.1893,0.0
81834.15,3.8238,2.1814,1729776918.0,1,10,4490.0,2.7207,0.0,2.7207,10.2125,0.0
81844.15,3.824,2.1815,1729776928.0,1,10,4500.0,2.7268,0.0,2.7268,10.2357,0.0
81854.15,3.8242,2.1814,1729776938.0,1,10,4510.0,2.7328,0.0,2.7328,10.2589,0.0
81864.15,3.8244,2.1814,1729776948.0,1,10,4520.0,2.7389,0.0,2.7389,10.282,0.0
81874.15,3.8245,2.1814,1729776958.0,1,10,4530.0,2.7449,0.0,2.7449,10.3052,0.0
81884.15,3.8247,2.1815,1729776968.0,1,10,4540.0,2.751,0.0,2.751,10.3284,0.0
81894.15,3.8249,2.1814,1729776978.0,1,10,4550.0,2.7571,0.0,2.7571,10.3516,0.0
81904.15,3.8251,2.1814,1729776988.0,1,10,4560.0,2.7631,0.0,2.7631,10.3747,0.0
81914.15,3.8253,2.1814,1729776998.0,1,10,4570.0,2.7692,0.0,2.7692,10.3979,0.0
81924.15,3.8254,2.1814,1729777008.0,1,10,4580.0,2.7752,0.0,2.7752,10.4211,0.0
81934.15,3.8256,2.1814,1729777018.0,1,10,4590.0,2.7813,0.0,2.7813,10.4443,0.0
81944.15,3.8258,2.1814,1729777028.0,1,10,4600.0,2.7874,0.0,2.7874,10.4675,0.0
81954.15,3.826,2.1814,1729777038.0,1,10,4610.0,2.7934,0.0,2.7934,10.4906,0.0
81964.15,3.8262,2.1814,1729777048.0,1,10,4620.0,2.7995,0.0,2.7995,10.5138,0.0
81974.15,3.8264,2.1814,1729777058.0,1,10,4630.0,2.8055,0.0,2.8055,10.537,0.0
81984.15,3.8266,2.1814,1729777068.0,1,10,4640.0,2.8116,0.0,2.8116,10.5602,0.0
81994.15,3.8268,2.1814,1729777078.0,1,10,4650.0,2.8177,0.0,2.8177,10.5834,0.0
82004.15,3.827,2.1814,1729777088.0,1,10,4660.0,2.8237,0.0,2.8237,10.6066,0.0
82014.15,3.8272,2.1814,1729777098.0,1,10,4670.0,2.8298,0.0,2.8298,10.6298,0.0
82024.15,3.8274,2.1814,1729777108.0,1,10,4680.0,2.8358,0.0,2.8358,10.653,0.0
82034.15,3.8276,2.1814,1729777118.0,1,10,4690.0,2.8419,0.0,2.8419,10.6761,0.0
82044.15,3.8278,2.1814,1729777128.0,1,10,4700.0,2.848,0.0,2.848,10.6993,0.0
82054.15,3.828,2.1814,1729777138.0,1,10,4710.0,2.854,0.0,2.854,10.7225,0.0
82064.15,3.8282,2.1813,1729777148.0,1,10,4720.0,2.8601,0.0,2.8601,10.7457,0.0
82074.15,3.8284,2.1814,1729777158.0,1,10,4730.0,2.8661,0.0,2.8661,10.7689,0.0
82084.15,3.8286,2.1814,1729777168.0,1,10,4740.0,2.8722,0.0,2.8722,10.7921,0.0
82094.15,3.8288,2.1814,1729777178.0,1,10,4750.0,2.8783,0.0,2.8783,10.8153,0.0
82104.15,3.829,2.1814,1729777188.0,1,10,4760.0,2.8843,0.0,2.8843,10.8385,0.0
82114.15,3.8293,2.1814,1729777198.0,1,10,4770.0,2.8904,0.0,2.8904,10.8617,0.0
82124.15,3.8294,2.1814,1729777208.0,1,10,4780.0,2.8964,0.0,2.8964,10.8849,0.0
82134.15,3.8297,2.1814,1729777218.0,1,10,4790.0,2.9025,0.0,2.9025,10.9081,0.0
82144.15,3.8299,2.1815,1729777228.0,1,10,4800.0,2.9085,0.0,2.9085,10.9313,0.0
82154.15,3.8301,2.1814,1729777238.0,1,10,4810.0,2.9146,0.0,2.9146,10.9546,0.0
82164.15,3.8303,2.1814,1729777248.0,1,10,4820.0,2.9207,0.0,2.9207,10.9778,0.0
82174.15,3.8306,2.1814,1729777258.0,1,10,4830.0,2.9267,0.0,2.9267,11.001,0.0
82184.15,3.8308,2.1814,1729777268.0,1,10,4840.0,2.9328,0.0,2.9328,11.0242,0.0
82194.15,3.831,2.1813,1729777278.0,1,10,4850.0,2.9388,0.0,2.9388,11.0474,0.0
82204.15,3.8313,2.1814,1729777288.0,1,10,4860.0,2.9449,0.0,2.9449,11.0706,0.0
82214.15,3.8315,2.1814,1729777298.0,1,10,4870.0,2.951,0.0,2.951,11.0938,0.0
82224.15,3.8317,2.1815,1729777308.0,1,10,4880.0,2.957,0.0,2.957,11.117,0.0
82234.15,3.832,2.1813,1729777318.0,1,10,4890.0,2.9631,0.0,2.9631,11.1403,0.0
82244.15,3.8322,2.1815,1729777328.0,1,10,4900.0,2.9691,0.0,2.9691,11.1635,0.0
82254.15,3.8324,2.1813,1729777338.0,1,10,4910.0,2.9752,0.0,2.9752,11.1867,0.0
82264.15,3.8327,2.1813,1729777348.0,1,10,4920.0,2.9813,0.0,2.9813,11.2099,0.0
82274.15,3.8329,2.1814,1729777358.0,1,10,4930.0,2.9873,0.0,2.9873,11.2332,0.0
82284.15,3.8332,2.1814,1729777368.0,1,10,4940.0,2.9934,0.0,2.9934,11.2564,0.0
82294.15,3.8334,2.1814,1729777378.0,1,10,4950.0,2.9994,0.0,2.9994,11.2796,0.0
82304.15,3.8337,2.1814,1729777388.0,1,10,4960.0,3.0055,0.0,3.0055,11.3028,0.0
82314.15,3.8339,2.1814,1729777398.0,1,10,4970.0,3.0116,0.0,3.0116,11.3261,0.0
82324.15,3.8341,2.1815,1729777408.0,1,10,4980.0,3.0176,0.0,3.0176,11.3493,0.0
82334.15,3.8344,2.1814,1729777418.0,1,10,4990.0,3.0237,0.0,3.0237,11.3725,0.0
82344.15,3.8346,2.1814,1729777428.0,1,10,5000.0,3.0297,0.0,3.0297,11.3958,0.0
82354.15,3.8349,2.1814,1729777438.0,1,10,5010.0,3.0358,0.0,3.0358,11.419,0.0
82364.15,3.8352,2.1814,1729777448.0,1,10,5020.0,3.0419,0.0,3.0419,11.4422,0.0
82374.15,3.8354,2.1814,1729777458.0,1,10,5030.0,3.0479,0.0,3.0479,11.4655,0.0
82384.15,3.8357,2.1814,1729777468.0,1,10,5040.0,3.054,0.0,3.054,11.4887,0.0
82394.15,3.836,2.1814,1729777478.0,1,10,5050.0,3.06,0.0,3.06,11.512,0.0
82404.15,3.8362,2.1813,1729777488.0,1,10,5060.0,3.0661,0.0,3.0661,11.5352,0.0
82414.15,3.8365,2.1814,1729777498.0,1,10,5070.0,3.0722,0.0,3.0722,11.5585,0.0
82424.15,3.8368,2.1814,1729777508.0,1,10,5080.0,3.0782,0.0,3.0782,11.5817,0.0
82434.15,3.8371,2.1814,1729777518.0,1,10,5090.0,3.0843,0.0,3.0843,11.605,0.0
82444.15,3.8373,2.1814,1729777528.0,1,10,5100.0,3.0903,0.0,3.0903,11.6282,0.0
82454.15,3.8376,2.1814,1729777538.0,1,10,5110.0,3.0964,0.0,3.0964,11.6515,0.0
82464.15,3.8379,2.1814,1729777548.0,1,10,5120.0,3.1025,0.0,3.1025,11.6747,0.0
82474.15,3.8381,2.1813,1729777558.0,1,10,5130.0,3.1085,0.0,3.1085,11.698,0.0
82484.15,3.8384,2.1814,1729777568.0,1,10,5140.0,3.1146,0.0,3.1146,11.7212,0.0
82494.15,3.8387,2.1814,1729777578.0,1,10,5150.0,3.1206,0.0,3.1206,11.7445,0.0
82504.15,3.839,2.1814,1729777588.0,1,10,5160.0,3.1267,0.0,3.1267,11.7677,0.0
82514.15,3.8392,2.1814,1729777598.0,1,10,5170.0,3.1327,0.0,3.1327,11.791,0.0
82524.15,3.8395,2.1814,1729777608.0,1,10,5180.0,3.1388,0.0,3.1388,11.8143,0.0
82534.15,3.8398,2.1814,1729777618.0,1,10,5190.0,3.1449,0.0,3.1449,11.8375,0.0
82544.15,3.8401,2.1815,1729777628.0,1,10,5200.0,3.1509,0.0,3.1509,11.8608,0.0
82554.15,3.8404,2.1814,1729777638.0,1,10,5210.0,3.157,0.0,3.157,11.8841,0.0
82564.15,3.8407,2.1814,1729777648.0,1,10,5220.0,3.163,0.0,3.163,11.9073,0.0
82574.15,3.841,2.1815,1729777658.0,1,10,5230.0,3.1691,0.0,3.1691,11.9306,0.0
82584.15,3.8413,2.1814,1729777668.0,1,10,5240.0,3.1752,0.0,3.1752,11.9539,0.0
82594.15,3.8416,2.1814,1729777678.0,1,10,5250.0,3.1812,0.0,3.1812,11.9772,0.0
82604.15,3.8419,2.1814,1729777688.0,1,10,5260.0,3.1873,0.0,3.1873,12.0005,0.0
82614.15,3.8422,2.1815,1729777698.0,1,10,5270.0,3.1933,0.0,3.1933,12.0237,0.0
82624.15,3.8425,2.1815,1729777708.0,1,10,5280.0,3.1994,0.0,3.1994,12.047,0.0
82634.15,3.8428,2.1814,1729777718.0,1,10,5290.0,3.2055,0.0,3.2055,12.0703,0.0
82644.15,3.8432,2.1813,1729777728.0,1,10,5300.0,3.2115,0.0,3.2115,12.0936,0.0
82654.15,3.8435,2.1815,1729777738.0,1,10,5310.0,3.2176,0.0,3.2176,12.1169,0.0
82664.15,3.8438,2.1815,1729777748.0,1,10,5320.0,3.2236,0.0,3.2236,12.1402,0.0
82674.15,3.8441,2.1814,1729777758.0,1,10,5330.0,3.2297,0.0,3.2297,12.1635,0.0
82684.15,3.8444,2.1814,1729777768.0,1,10,5340.0,3.2358,0.0,3.2358,12.1868,0.0
82694.15,3.8447,2.1813,1729777778.0,1,10,5350.0,3.2418,0.0,3.2418,12.21,0.0
82704.15,3.8451,2.1815,1729777788.0,1,10,5360.0,3.2479,0.0,3.2479,12.2333,0.0
82714.15,3.8454,2.1815,1729777798.0,1,10,5370.0,3.2539,0.0,3.2539,12.2566,0.0
82724.15,3.8457,2.1814,1729777808.0,1,10,5380.0,3.26,0.0,3.26,12.2799,0.0
82734.15,3.846,2.1815,1729777818.0,1,10,5390.0,3.2661,0.0,3.2661,12.3033,0.0
82744.15,3.8463,2.1814,1729777828.0,1,10,5400.0,3.2721,0.0,3.2721,12.3266,0.0
82754.15,3.8467,2.1813,1729777838.0,1,10,5410.0,3.2782,0.0,3.2782,12.3499,0.0
82764.15,3.847,2.1814,1729777848.0,1,10,5420.0,3.2842,0.0,3.2842,12.3732,0.0
82774.15,3.8473,2.1814,1729777858.0,1,10,5430.0,3.2903,0.0,3.2903,12.3965,0.0
82784.15,3.8476,2.1814,1729777868.0,1,10,5440.0,3.2964,0.0,3.2964,12.4198,0.0
82794.15,3.848,2.1815,1729777878.0,1,10,5450.0,3.3024,0.0,3.3024,12.4431,0.0
82804.15,3.8484,2.1814,1729777888.0,1,10,5460.0,3.3085,0.0,3.3085,12.4664,0.0
82814.15,3.8487,2.1814,1729777898.0,1,10,5470.0,3.3145,0.0,3.3145,12.4898,0.0
82824.15,3.849,2.1814,1729777908.0,1,10,5480.0,3.3206,0.0,3.3206,12.5131,0.0
82834.15,3.8494,2.1814,1729777918.0,1,10,5490.0,3.3266,0.0,3.3266,12.5364,0.0
82844.15,3.8497,2.1814,1729777928.0,1,10,5500.0,3.3327,0.0,3.3327,12.5597,0.0
82854.15,3.8501,2.1814,1729777938.0,1,10,5510.0,3.3388,0.0,3.3388,12.5831,0.0
82864.15,3.8505,2.1814,1729777948.0,1,10,5520.0,3.3448,0.0,3.3448,12.6064,0.0
82874.15,3.8508,2.1813,1729777958.0,1,10,5530.0,3.3509,0.0,3.3509,12.6297,0.0
82884.15,3.8512,2.1814,1729777968.0,1,10,5540.0,3.3569,0.0,3.3569,12.6531,0.0
82894.15,3.8515,2.1814,1729777978.0,1,10,5550.0,3.363,0.0,3.363,12.6764,0.0
82904.15,3.8519,2.1814,1729777988.0,1,10,5560.0,3.3691,0.0,3.3691,12.6997,0.0
82914.15,3.8523,2.1814,1729777998.0,1,10,5570.0,3.3751,0.0,3.3751,12.7231,0.0
82924.15,3.8526,2.1814,1729778008.0,1,10,5580.0,3.3812,0.0,3.3812,12.7464,0.0
82934.15,3.853,2.1814,1729778018.0,1,10,5590.0,3.3872,0.0,3.3872,12.7698,0.0
82944.15,3.8534,2.1814,1729778028.0,1,10,5600.0,3.3933,0.0,3.3933,12.7931,0.0
82954.15,3.8537,2.1814,1729778038.0,1,10,5610.0,3.3994,0.0,3.3994,12.8165,0.0
82964.15,3.8541,2.1814,1729778048.0,1,10,5620.0,3.4054,0.0,3.4054,12.8398,0.0
82974.15,3.8545,2.1814,1729778058.0,1,10,5630.0,3.4115,0.0,3.4115,12.8632,0.0
82984.15,3.8549,2.1814,1729778068.0,1,10,5640.0,3.4175,0.0,3.4175,12.8865,0.0
82994.15,3.8553,2.1814,1729778078.0,1,10,5650.0,3.4236,0.0,3.4236,12.9099,0.0
83004.15,3.8556,2.1814,1729778088.0,1,10,5660.0,3.4297,0.0,3.4297,12.9332,0.0
83014.15,3.8561,2.1813,1729778098.0,1,10,5670.0,3.4357,0.0,3.4357,12.9566,0.0
83024.15,3.8564,2.1815,1729778108.0,1,10,5680.0,3.4418,0.0,3.4418,12.98,0.0
83034.15,3.8568,2.1814,1729778118.0,1,10,5690.0,3.4478,0.0,3.4478,13.0033,0.0
83044.15,3.8572,2.1814,1729778128.0,1,10,5700.0,3.4539,0.0,3.4539,13.0267,0.0
83054.15,3.8576,2.1814,1729778138.0,1,10,5710.0,3.46,0.0,3.46,13.0501,0.0
83064.15,3.858,2.1814,1729778148.0,1,10,5720.0,3.466,0.0,3.466,13.0735,0.0
83074.15,3.8584,2.1814,1729778158.0,1,10,5730.0,3.4721,0.0,3.4721,13.0968,0.0
83084.15,3.8588,2.1815,1729778168.0,1,10,5740.0,3.4781,0.0,3.4781,13.1202,0.0
83094.15,3.8592,2.1814,1729778178.0,1,10,5750.0,3.4842,0.0,3.4842,13.1436,0.0
83104.15,3.8596,2.1814,1729778188.0,1,10,5760.0,3.4903,0.0,3.4903,13.167,0.0
83114.15,3.8601,2.1813,1729778198.0,1,10,5770.0,3.4963,0.0,3.4963,13.1904,0.0
83124.15,3.8605,2.1815,1729778208.0,1,10,5780.0,3.5024,0.0,3.5024,13.2138,0.0
83134.15,3.8609,2.1814,1729778218.0,1,10,5790.0,3.5084,0.0,3.5084,13.2372,0.0
83144.15,3.8613,2.1814,1729778228.0,1,10,5800.0,3.5145,0.0,3.5145,13.2606,0.0
83154.15,3.8617,2.1813,1729778238.0,1,10,5810.0,3.5206,0.0,3.5206,13.284,0.0
83164.15,3.8622,2.1814,1729778248.0,1,10,5820.0,3.5266,0.0,3.5266,13.3074,0.0
83174.15,3.8626,2.1814,1729778258.0,1,10,5830.0,3.5327,0.0,3.5327,13.3308,0.0
83184.15,3.863,2.1814,1729778268.0,1,10,5840.0,3.5387,0.0,3.5387,13.3542,0.0
83194.15,3.8635,2.1813,1729778278.0,1,10,5850.0,3.5448,0.0,3.5448,13.3776,0.0
83204.15,3.8639,2.1814,1729778288.0,1,10,5860.0,3.5508,0.0,3.5508,13.401,0.0
83214.15,3.8644,2.1814,1729778298.0,1,10,5870.0,3.5569,0.0,3.5569,13.4244,0.0
83224.15,3.8648,2.1814,1729778308.0,1,10,5880.0,3.563,0.0,3.563,13.4478,0.0
83234.15,3.8652,2.1814,1729778318.0,1,10,5890.0,3.569,0.0,3.569,13.4713,0.0
83244.15,3.8657,2.1814,1729778328.0,1,10,5900.0,3.5751,0.0,3.5751,13.4947,0.0
83254.15,3.8661,2.1814,1729778338.0,1,10,5910.0,3.5811,0.0,3.5811,13.5181,0.0
83264.15,3.8666,2.1814,1729778348.0,1,10,5920.0,3.5872,0.0,3.5872,13.5415,0.0
83274.15,3.867,2.1813,1729778358.0,1,10,5930.0,3.5933,0.0,3.5933,13.565,0.0
83284.15,3.8675,2.1815,1729778368.0,1,10,5940.0,3.5993,0.0,3.5993,13.5884,0.0
83294.15,3.868,2.1814,1729778378.0,1,10,5950.0,3.6054,0.0,3.6054,13.6118,0.0
83304.15,3.8685,2.1814,1729778388.0,1,10,5960.0,3.6114,0.0,3.6114,13.6353,0.0
83314.15,3.8689,2.1814,1729778398.0,1,10,5970.0,3.6175,0.0,3.6175,13.6587,0.0
83324.15,3.8694,2.1814,1729778408.0,1,10,5980.0,3.6236,0.0,3.6236,13.6822,0.0
83334.15,3.8699,2.1814,1729778418.0,1,10,5990.0,3.6296,0.0,3.6296,13.7056,0.0
83344.15,3.8703,2.1814,1729778428.0,1,10,6000.0,3.6357,0.0,3.6357,13.7291,0.0
83354.15,3.8708,2.1814,1729778438.0,1,10,6010.0,3.6417,0.0,3.6417,13.7525,0.0
83364.15,3.8713,2.1814,1729778448.0,1,10,6020.0,3.6478,0.0,3.6478,13.776,0.0
83374.15,3.8718,2.1815,1729778458.0,1,10,6030.0,3.6539,0.0,3.6539,13.7994,0.0
83384.15,3.8723,2.1814,1729778468.0,1,10,6040.0,3.6599,0.0,3.6599,13.8229,0.0
83394.15,3.8728,2.1814,1729778478.0,1,10,6050.0,3.666,0.0,3.666,13.8464,0.0
83404.15,3.8733,2.1814,1729778488.0,1,10,6060.0,3.672,0.0,3.672,13.8698,0.0
83414.15,3.8738,2.1815,1729778498.0,1,10,6070.0,3.6781,0.0,3.6781,13.8933,0.0
83424.15,3.8743,2.1814,1729778508.0,1,10,6080.0,3.6842,0.0,3.6842,13.9168,0.0
83434.15,3.8748,2.1814,1729778518.0,1,10,6090.0,3.6902,0.0,3.6902,13.9402,0.0
83444.15,3.8753,2.1814,1729778528.0,1,10,6100.0,3.6963,0.0,3.6963,13.9637,0.0
83454.15,3.8759,2.1814,1729778538.0,1,10,6110.0,3.7023,0.0,3.7023,13.9872,0.0
83464.15,3.8764,2.1814,1729778548.0,1,10,6120.0,3.7084,0.0,3.7084,14.0107,0.0
83474.15,3.8769,2.1814,1729778558.0,1,10,6130.0,3.7145,0.0,3.7145,14.0342,0.0
83484.15,3.8774,2.1814,1729778568.0,1,10,6140.0,3.7205,0.0,3.7205,14.0577,0.0
83494.15,3.878,2.1814,1729778578.0,1,10,6150.0,3.7266,0.0,3.7266,14.0812,0.0
83504.15,3.8785,2.1814,1729778588.0,1,10,6160.0,3.7326,0.0,3.7326,14.1047,0.0
83514.15,3.879,2.1814,1729778598.0,1,10,6170.0,3.7387,0.0,3.7387,14.1282,0.0
83524.15,3.8796,2.1814,1729778608.0,1,10,6180.0,3.7448,0.0,3.7448,14.1517,0.0
83534.15,3.8801,2.1814,1729778618.0,1,10,6190.0,3.7508,0.0,3.7508,14.1752,0.0
83544.15,3.8807,2.1814,1729778628.0,1,10,6200.0,3.7569,0.0,3.7569,14.1987,0.0
83554.15,3.8813,2.1814,1729778638.0,1,10,6210.0,3.7629,0.0,3.7629,14.2222,0.0
83564.15,3.8818,2.1813,1729778648.0,1,10,6220.0,3.769,0.0,3.769,14.2457,0.0
83574.15,3.8824,2.1814,1729778658.0,1,10,6230.0,3.775,0.0,3.775,14.2693,0.0
83584.15,3.8829,2.1814,1729778668.0,1,10,6240.0,3.7811,0.0,3.7811,14.2928,0.0
83594.15,3.8835,2.1815,1729778678.0,1,10,6250.0,3.7872,0.0,3.7872,14.3163,0.0
83604.15,3.8841,2.1814,1729778688.0,1,10,6260.0,3.7932,0.0,3.7932,14.3399,0.0
83614.15,3.8847,2.1814,1729778698.0,1,10,6270.0,3.7993,0.0,3.7993,14.3634,0.0
83624.15,3.8853,2.1814,1729778708.0,1,10,6280.0,3.8053,0.0,3.8053,14.3869,0.0
83634.15,3.8859,2.1813,1729778718.0,1,10,6290.0,3.8114,0.0,3.8114,14.4105,0.0
83644.15,3.8865,2.1813,1729778728.0,1,10,6300.0,3.8175,0.0,3.8175,14.434,0.0
83654.15,3.887,2.1814,1729778738.0,1,10,6310.0,3.8235,0.0,3.8235,14.4576,0.0
83664.15,3.8877,2.1814,1729778748.0,1,10,6320.0,3.8296,0.0,3.8296,14.4811,0.0
83674.15,3.8883,2.1814,1729778758.0,1,10,6330.0,3.8356,0.0,3.8356,14.5047,0.0
83684.15,3.8889,2.1814,1729778768.0,1,10,6340.0,3.8417,0.0,3.8417,14.5283,0.0
83694.15,3.8895,2.1814,1729778778.0,1,10,6350.0,3.8478,0.0,3.8478,14.5518,0.0
83704.15,3.8901,2.1814,1729778788.0,1,10,6360.0,3.8538,0.0,3.8538,14.5754,0.0
83714.15,3.8907,2.1813,1729778798.0,1,10,6370.0,3.8599,0.0,3.8599,14.599,0.0
83724.15,3.8914,2.1814,1729778808.0,1,10,6380.0,3.8659,0.0,3.8659,14.6225,0.0
83734.15,3.892,2.1814,1729778818.0,1,10,6390.0,3.872,0.0,3.872,14.6461,0.0
83744.15,3.8926,2.1814,1729778828.0,1,10,6400.0,3.8781,0.0,3.8781,14.6697,0.0
83754.15,3.8933,2.1814,1729778838.0,1,10,6410.0,3.8841,0.0,3.8841,14.6933,0.0
83764.15,3.894,2.1814,1729778848.0,1,10,6420.0,3.8902,0.0,3.8902,14.7169,0.0
83774.15,3.8946,2.1814,1729778858.0,1,10,6430.0,3.8962,0.0,3.8962,14.7405,0.0
83784.15,3.8953,2.1815,1729778868.0,1,10,6440.0,3.9023,0.0,3.9023,14.7641,0.0
83794.15,3.896,2.1814,1729778878.0,1,10,6450.0,3.9084,0.0,3.9084,14.7877,0.0
83804.15,3.8966,2.1814,1729778888.0,1,10,6460.0,3.9144,0.0,3.9144,14.8113,0.0
83814.15,3.8973,2.1814,1729778898.0,1,10,6470.0,3.9205,0.0,3.9205,14.8349,0.0
83824.15,3.8979,2.1814,1729778908.0,1,10,6480.0,3.9265,0.0,3.9265,14.8585,0.0
83834.15,3.8986,2.1814,1729778918.0,1,10,6490.0,3.9326,0.0,3.9326,14.8822,0.0
83844.15,3.8992,2.1814,1729778928.0,1,10,6500.0,3.9387,0.0,3.9387,14.9058,0.0
83854.15,3.8999,2.1814,1729778938.0,1,10,6510.0,3.9447,0.0,3.9447,14.9294,0.0
83864.15,3.9006,2.1814,1729778948.0,1,10,6520.0,3.9508,0.0,3.9508,14.953,0.0
83874.15,3.9013,2.1814,1729778958.0,1,10,6530.0,3.9568,0.0,3.9568,14.9767,0.0
83884.15,3.9019,2.1814,1729778968.0,1,10,6540.0,3.9629,0.0,3.9629,15.0003,0.0
83894.15,3.9026,2.1814,1729778978.0,1,10,6550.0,3.969,0.0,3.969,15.024,0.0
83904.15,3.9033,2.1814,1729778988.0,1,10,6560.0,3.975,0.0,3.975,15.0476,0.0
83914.15,3.904,2.1814,1729778998.0,1,10,6570.0,3.9811,0.0,3.9811,15.0713,0.0
83924.15,3.9046,2.1813,1729779008.0,1,10,6580.0,3.9871,0.0,3.9871,15.0949,0.0
83934.15,3.9053,2.1814,1729779018.0,1,10,6590.0,3.9932,0.0,3.9932,15.1186,0.0
83944.15,3.906,2.1814,1729779028.0,1,10,6600.0,3.9992,0.0,3.9992,15.1423,0.0
83954.15,3.9066,2.1813,1729779038.0,1,10,6610.0,4.0053,0.0,4.0053,15.1659,0.0
83964.15,3.9073,2.1814,1729779048.0,1,10,6620.0,4.0114,0.0,4.0114,15.1896,0.0
83974.15,3.908,2.1814,1729779058.0,1,10,6630.0,4.0174,0.0,4.0174,15.2133,0.0
83984.15,3.9086,2.1814,1729779068.0,1,10,6640.0,4.0235,0.0,4.0235,15.237,0.0
83994.15,3.9093,2.1814,1729779078.0,1,10,6650.0,4.0295,0.0,4.0295,15.2606,0.0
84004.15,3.9099,2.1814,1729779088.0,1,10,6660.0,4.0356,0.0,4.0356,15.2843,0.0
84014.15,3.9106,2.1814,1729779098.0,1,10,6670.0,4.0417,0.0,4.0417,15.308,0.0
84024.15,3.9112,2.1814,1729779108.0,1,10,6680.0,4.0477,0.0,4.0477,15.3317,0.0
84034.15,3.9118,2.1814,1729779118.0,1,10,6690.0,4.0538,0.0,4.0538,15.3554,0.0
84044.15,3.9124,2.1813,1729779128.0,1,10,6700.0,4.0598,0.0,4.0598,15.3791,0.0
84054.15,3.9131,2.1814,1729779138.0,1,10,6710.0,4.0659,0.0,4.0659,15.4028,0.0
84064.15,3.9137,2.1815,1729779148.0,1,10,6720.0,4.072,0.0,4.072,15.4266,0.0
84074.15,3.9143,2.1814,1729779158.0,1,10,6730.0,4.078,0.0,4.078,15.4503,0.0
84084.15,3.9148,2.1813,1729779168.0,1,10,6740.0,4.0841,0.0,4.0841,15.474,0.0
84094.15,3.9154,2.1814,1729779178.0,1,10,6750.0,4.0901,0.0,4.0901,15.4977,0.0
84104.15,3.916,2.1813,1729779188.0,1,10,6760.0,4.0962,0.0,4.0962,15.5214,0.0
84114.15,3.9165,2.1814,1729779198.0,1,10,6770.0,4.1023,0.0,4.1023,15.5452,0.0
84124.15,3.9171,2.1814,1729779208.0,1,10,6780.0,4.1083,0.0,4.1083,15.5689,0.0
84134.15,3.9176,2.1814,1729779218.0,1,10,6790.0,4.1144,0.0,4.1144,15.5926,0.0
84144.15,3.9182,2.1814,1729779228.0,1,10,6800.0,4.1204,0.0,4.1204,15.6164,0.0
84154.15,3.9187,2.1814,1729779238.0,1,10,6810.0,4.1265,0.0,4.1265,15.6401,0.0
84164.15,3.9193,2.1814,1729779248.0,1,10,6820.0,4.1326,0.0,4.1326,15.6639,0.0
84174.15,3.9198,2.1814,1729779258.0,1,10,6830.0,4.1386,0.0,4.1386,15.6876,0.0
84184.15,3.9203,2.1814,1729779268.0,1,10,6840.0,4.1447,0.0,4.1447,15.7114,0.0
84194.15,3.9208,2.1814,1729779278.0,1,10,6850.0,4.1507,0.0,4.1507,15.7351,0.0
84204.15,3.9213,2.1814,1729779288.0,1,10,6860.0,4.1568,0.0,4.1568,15.7589,0.0
84214.15,3.9218,2.1814,1729779298.0,1,10,6870.0,4.1629,0.0,4.1629,15.7827,0.0
84224.15,3.9223,2.1814,1729779308.0,1,10,6880.0,4.1689,0.0,4.1689,15.8064,0.0
84234.15,3.9228,2.1814,1729779318.0,1,10,6890.0,4.175,0.0,4.175,15.8302,0.0
84244.15,3.9233,2.1814,1729779328.0,1,10,6900.0,4.181,0.0,4.181,15.854,0.0
84254.15,3.9237,2.1814,1729779338.0,1,10,6910.0,4.1871,0.0,4.1871,15.8777,0.0
84264.15,3.9242,2.1815,1729779348.0,1,10,6920.0,4.1931,0.0,4.1931,15.9015,0.0
84274.15,3.9247,2.1813,1729779358.0,1,10,6930.0,4.1992,0.0,4.1992,15.9253,0.0
84284.15,3.9252,2.1814,1729779368.0,1,10,6940.0,4.2053,0.0,4.2053,15.9491,0.0
84294.15,3.9257,2.1814,1729779378.0,1,10,6950.0,4.2113,0.0,4.2113,15.9729,0.0
84304.15,3.9262,2.1814,1729779388.0,1,10,6960.0,4.2174,0.0,4.2174,15.9966,0.0
84314.15,3.9266,2.1814,1729779398.0,1,10,6970.0,4.2234,0.0,4.2234,16.0204,0.0
84324.15,3.9271,2.1814,1729779408.0,1,10,6980.0,4.2295,0.0,4.2295,16.0442,0.0
84334.15,3.9275,2.1814,1729779418.0,1,10,6990.0,4.2356,0.0,4.2356,16.068,0.0
84344.15,3.928,2.1814,1729779428.0,1,10,7000.0,4.2416,0.0,4.2416,16.0918,0.0
84354.15,3.9285,2.1814,1729779438.0,1,10,7010.0,4.2477,0.0,4.2477,16.1156,0.0
84364.15,3.9289,2.1814,1729779448.0,1,10,7020.0,4.2537,0.0,4.2537,16.1394,0.0
84374.15,3.9294,2.1814,1729779458.0,1,10,7030.0,4.2598,0.0,4.2598,16.1632,0.0
84384.15,3.9299,2.1814,1729779468.0,1,10,7040.0,4.2659,0.0,4.2659,16.1871,0.0
84394.15,3.9303,2.1814,1729779478.0,1,10,7050.0,4.2719,0.0,4.2719,16.2109,0.0
84404.15,3.9308,2.1813,1729779488.0,1,10,7060.0,4.278,0.0,4.278,16.2347,0.0
84414.15,3.9312,2.1813,1729779498.0,1,10,7070.0,4.284,0.0,4.284,16.2585,0.0
84424.15,3.9317,2.1814,1729779508.0,1,10,7080.0,4.2901,0.0,4.2901,16.2823,0.0
84434.15,3.9321,2.1814,1729779518.0,1,10,7090.0,4.2962,0.0,4.2962,16.3062,0.0
84444.15,3.9326,2.1814,1729779528.0,1,10,7100.0,4.3022,0.0,4.3022,16.33,0.0
84454.15,3.9331,2.1814,1729779538.0,1,10,7110.0,4.3083,0.0,4.3083,16.3538,0.0
84464.15,3.9335,2.1814,1729779548.0,1,10,7120.0,4.3143,0.0,4.3143,16.3776,0.0
84474.15,3.934,2.1812,1729779558.0,1,10,7130.0,4.3204,0.0,4.3204,16.4015,0.0
84484.15,3.9345,2.1814,1729779568.0,1,10,7140.0,4.3265,0.0,4.3265,16.4253,0.0
84494.15,3.935,2.1814,1729779578.0,1,10,7150.0,4.3325,0.0,4.3325,16.4492,0.0
84504.15,3.9354,2.1814,1729779588.0,1,10,7160.0,4.3386,0.0,4.3386,16.473,0.0
84514.15,3.9359,2.1814,1729779598.0,1,10,7170.0,4.3446,0.0,4.3446,16.4969,0.0
84524.15,3.9363,2.1814,1729779608.0,1,10,7180.0,4.3507,0.0,4.3507,16.5207,0.0
84534.15,3.9368,2.1814,1729779618.0,1,10,7190.0,4.3568,0.0,4.3568,16.5446,0.0
84544.15,3.9373,2.1814,1729779628.0,1,10,7200.0,4.3628,0.0,4.3628,16.5684,0.0
84554.15,3.9378,2.1814,1729779638.0,1,10,7210.0,4.3689,0.0,4.3689,16.5923,0.0
84564.15,3.9382,2.1814,1729779648.0,1,10,7220.0,4.3749,0.0,4.3749,16.6161,0.0
84574.15,3.9387,2.1815,1729779658.0,1,10,7230.0,4.381,0.0,4.381,16.64,0.0
84584.15,3.9392,2.1814,1729779668.0,1,10,7240.0,4.387,0.0,4.387,16.6639,0.0
84594.15,3.9397,2.1814,1729779678.0,1,10,7250.0,4.3931,0.0,4.3931,16.6877,0.0
84604.15,3.9401,2.1815,1729779688.0,1,10,7260.0,4.3992,0.0,4.3992,16.7116,0.0
84614.15,3.9406,2.1814,1729779698.0,1,10,7270.0,4.4052,0.0,4.4052,16.7355,0.0
84624.15,3.941,2.1814,1729779708.0,1,10,7280.0,4.4113,0.0,4.4113,16.7594,0.0
84634.15,3.9415,2.1814,1729779718.0,1,10,7290.0,4.4173,0.0,4.4173,16.7832,0.0
84644.15,3.942,2.1814,1729779728.0,1,10,7300.0,4.4234,0.0,4.4234,16.8071,0.0
84654.15,3.9425,2.1813,1729779738.0,1,10,7310.0,4.4295,0.0,4.4295,16.831,0.0
84664.15,3.9429,2.1814,1729779748.0,1,10,7320.0,4.4355,0.0,4.4355,16.8549,0.0
84674.15,3.9434,2.1814,1729779758.0,1,10,7330.0,4.4416,0.0,4.4416,16.8788,0.0
84684.15,3.9439,2.1814,1729779768.0,1,10,7340.0,4.4476,0.0,4.4476,16.9027,0.0
84694.15,3.9444,2.1813,1729779778.0,1,10,7350.0,4.4537,0.0,4.4537,16.9266,0.0
84704.15,3.9448,2.1814,1729779788.0,1,10,7360.0,4.4598,0.0,4.4598,16.9505,0.0
84714.15,3.9454,2.1814,1729779798.0,1,10,7370.0,4.4658,0.0,4.4658,16.9744,0.0
84724.15,3.9458,2.1813,1729779808.0,1,10,7380.0,4.4719,0.0,4.4719,16.9983,0.0
84734.15,3.9463,2.1814,1729779818.0,1,10,7390.0,4.4779,0.0,4.4779,17.0222,0.0
84744.15,3.9468,2.1814,1729779828.0,1,10,7400.0,4.484,0.0,4.484,17.0461,0.0
84754.15,3.9473,2.1814,1729779838.0,1,10,7410.0,4.4901,0.0,4.4901,17.0701,0.0
84764.15,3.9478,2.1814,1729779848.0,1,10,7420.0,4.4961,0.0,4.4961,17.094,0.0
84774.15,3.9483,2.1815,1729779858.0,1,10,7430.0,4.5022,0.0,4.5022,17.1179,0.0
84784.15,3.9488,2.1813,1729779868.0,1,10,7440.0,4.5082,0.0,4.5082,17.1418,0.0
84794.15,3.9493,2.1814,1729779878.0,1,10,7450.0,4.5143,0.0,4.5143,17.1658,0.0
84804.15,3.9498,2.1814,1729779888.0,1,10,7460.0,4.5204,0.0,4.5204,17.1897,0.0
84814.15,3.9503,2.1814,1729779898.0,1,10,7470.0,4.5264,0.0,4.5264,17.2136,0.0
84824.15,3.9507,2.1814,1729779908.0,1,10,7480.0,4.5325,0.0,4.5325,17.2376,0.0
84834.15,3.9513,2.1814,1729779918.0,1,10,7490.0,4.5385,0.0,4.5385,17.2615,0.0
84844.15,3.9518,2.1813,1729779928.0,1,10,7500.0,4.5446,0.0,4.5446,17.2854,0.0
84854.15,3.9523,2.1814,1729779938.0,1,10,7510.0,4.5507,0.0,4.5507,17.3094,0.0
84864.15,3.9527,2.1814,1729779948.0,1,10,7520.0,4.5567,0.0,4.5567,17.3333,0.0
84874.15,3.9533,2.1814,1729779958.0,1,10,7530.0,4.5628,0.0,4.5628,17.3573,0.0
84884.15,3.9538,2.1813,1729779968.0,1,10,7540.0,4.5688,0.0,4.5688,17.3812,0.0
84894.15,3.9543,2.1814,1729779978.0,1,10,7550.0,4.5749,0.0,4.5749,17.4052,0.0
84904.15,3.9548,2.1813,1729779988.0,1,10,7560.0,4.5809,0.0,4.5809,17.4292,0.0
84914.15,3.9553,2.1814,1729779998.0,1,10,7570.0,4.587,0.0,4.587,17.4531,0.0
84924.15,3.9558,2.1814,1729780008.0,1,10,7580.0,4.5931,0.0,4.5931,17.4771,0.0
84934.15,3.9563,2.1814,1729780018.0,1,10,7590.0,4.5991,0.0,4.5991,17.5011,0.0
84944.15,3.9568,2.1814,1729780028.0,1,10,7600.0,4.6052,0.0,4.6052,17.525,0.0
84954.15,3.9573,2.1814,1729780038.0,1,10,7610.0,4.6112,0.0,4.6112,17.549,0.0
84964.15,3.9579,2.1813,1729780048.0,1,10,7620.0,4.6173,0.0,4.6173,17.573,0.0
84974.15,3.9584,2.1814,1729780058.0,1,10,7630.0,4.6234,0.0,4.6234,17.597,0.0
84984.15,3.9588,2.1814,1729780068.0,1,10,7640.0,4.6294,0.0,4.6294,17.621,0.0
84994.15,3.9594,2.1814,1729780078.0,1,10,7650.0,4.6355,0.0,4.6355,17.645,0.0
85004.15,3.9599,2.1814,1729780088.0,1,10,7660.0,4.6415,0.0,4.6415,17.669,0.0
85014.15,3.9604,2.1813,1729780098.0,1,10,7670.0,4.6476,0.0,4.6476,17.693,0.0
85024.15,3.9609,2.1814,1729780108.0,1,10,7680.0,4.6537,0.0,4.6537,17.7169,0.0
85034.15,3.9615,2.1814,1729780118.0,1,10,7690.0,4.6597,0.0,4.6597,17.741,0.0
85044.15,3.962,2.1813,1729780128.0,1,10,7700.0,4.6658,0.0,4.6658,17.765,0.0
85054.15,3.9625,2.1814,1729780138.0,1,10,7710.0,4.6718,0.0,4.6718,17.789,0.0
85064.15,3.963,2.1814,1729780148.0,1,10,7720.0,4.6779,0.0,4.6779,17.813,0.0
85074.15,3.9636,2.1813,1729780158.0,1,10,7730.0,4.684,0.0,4.684,17.837,0.0
85084.15,3.9641,2.1814,1729780168.0,1,10,7740.0,4.69,0.0,4.69,17.861,0.0
85094.15,3.9646,2.1814,1729780178.0,1,10,7750.0,4.6961,0.0,4.6961,17.885,0.0
85104.15,3.9651,2.1814,1729780188.0,1,10,7760.0,4.7021,0.0,4.7021,17.9091,0.0
85114.15,3.9656,2.1813,1729780198.0,1,10,7770.0,4.7082,0.0,4.7082,17.9331,0.0
85124.15,3.9661,2.1814,1729780208.0,1,10,7780.0,4.7143,0.0,4.7143,17.9571,0.0
85134.15,3.9667,2.1814,1729780218.0,1,10,7790.0,4.7203,0.0,4.7203,17.9811,0.0
85144.15,3.9672,2.1814,1729780228.0,1,10,7800.0,4.7264,0.0,4.7264,18.0052,0.0
85154.15,3.9678,2.1814,1729780238.0,1,10,7810.0,4.7324,0.0,4.7324,18.0292,0.0
85164.15,3.9683,2.1815,1729780248.0,1,10,7820.0,4.7385,0.0,4.7385,18.0533,0.0
85174.15,3.9688,2.1814,1729780258.0,1,10,7830.0,4.7446,0.0,4.7446,18.0773,0.0
85184.15,3.9693,2.1814,1729780268.0,1,10,7840.0,4.7506,0.0,4.7506,18.1014,0.0
85194.15,3.9698,2.1813,1729780278.0,1,10,7850.0,4.7567,0.0,4.7567,18.1254,0.0
85204.15,3.9704,2.1814,1729780288.0,1,10,7860.0,4.7627,0.0,4.7627,18.1495,0.0
85214.15,3.9709,2.1813,1729780298.0,1,10,7870.0,4.7688,0.0,4.7688,18.1735,0.0
85224.15,3.9714,2.1814,1729780308.0,1,10,7880.0,4.7748,0.0,4.7748,18.1976,0.0
85234.15,3.972,2.1814,1729780318.0,1,10,7890.0,4.7809,0.0,4.7809,18.2217,0.0
85244.15,3.9725,2.1814,1729780328.0,1,10,7900.0,4.787,0.0,4.787,18.2457,0.0
85254.15,3.973,2.1813,1729780338.0,1,10,7910.0,4.793,0.0,4.793,18.2698,0.0
85264.15,3.9735,2.1814,1729780348.0,1,10,7920.0,4.7991,0.0,4.7991,18.2939,0.0
85274.15,3.974,2.1813,1729780358.0,1,10,7930.0,4.8051,0.0,4.8051,18.318,0.0
85284.15,3.9745,2.1814,1729780368.0,1,10,7940.0,4.8112,0.0,4.8112,18.342,0.0
85294.15,3.9751,2.1814,1729780378.0,1,10,7950.0,4.8173,0.0,4.8173,18.3661,0.0
85304.15,3.9755,2.1813,1729780388.0,1,10,7960.0,4.8233,0.0,4.8233,18.3902,0.0
85314.15,3.9761,2.1813,1729780398.0,1,10,7970.0,4.8294,0.0,4.8294,18.4143,0.0
85324.15,3.9766,2.1814,1729780408.0,1,10,7980.0,4.8354,0.0,4.8354,18.4384,0.0
85334.15,3.9771,2.1814,1729780418.0,1,10,7990.0,4.8415,0.0,4.8415,18.4625,0.0
85344.15,3.9776,2.1813,1729780428.0,1,10,8000.0,4.8476,0.0,4.8476,18.4866,0.0
85354.15,3.9781,2.1814,1729780438.0,1,10,8010.0,4.8536,0.0,4.8536,18.5107,0.0
85364.15,3.9786,2.1814,1729780448.0,1,10,8020.0,4.8597,0.0,4.8597,18.5348,0.0
85374.15,3.9791,2.1814,1729780458.0,1,10,8030.0,4.8657,0.0,4.8657,18.5589,0.0
85384.15,3.9796,2.1814,1729780468.0,1,10,8040.0,4.8718,0.0,4.8718,18.583,0.0
85394.15,3.9801,2.1814,1729780478.0,1,10,8050.0,4.8779,0.0,4.8779,18.6071,0.0
85404.15,3.9806,2.1814,1729780488.0,1,10,8060.0,4.8839,0.0,4.8839,18.6313,0.0
85414.15,3.981,2.1814,1729780498.0,1,10,8070.0,4.89,0.0,4.89,18.6554,0.0
85424.15,3.9815,2.1814,1729780508.0,1,10,8080.0,4.896,0.0,4.896,18.6795,0.0
85434.15,3.982,2.1814,1729780518.0,1,10,8090.0,4.9021,0.0,4.9021,18.7036,0.0
85444.15,3.9825,2.1814,1729780528.0,1,10,8100.0,4.9082,0.0,4.9082,18.7278,0.0
85454.15,3.9829,2.1814,1729780538.0,1,10,8110.0,4.9142,0.0,4.9142,18.7519,0.0
85464.15,3.9834,2.1813,1729780548.0,1,10,8120.0,4.9203,0.0,4.9203,18.776,0.0
85474.15,3.9838,2.1814,1729780558.0,1,10,8130.0,4.9263,0.0,4.9263,18.8002,0.0
85484.15,3.9843,2.1813,1729780568.0,1,10,8140.0,4.9324,0.0,4.9324,18.8243,0.0
85494.15,3.9847,2.1814,1729780578.0,1,10,8150.0,4.9385,0.0,4.9385,18.8485,0.0
85504.15,3.9851,2.1814,1729780588.0,1,10,8160.0,4.9445,0.0,4.9445,18.8726,0.0
85514.15,3.9856,2.1814,1729780598.0,1,10,8170.0,4.9506,0.0,4.9506,18.8968,0.0
85524.15,3.986,2.1814,1729780608.0,1,10,8180.0,4.9566,0.0,4.9566,18.9209,0.0
85534.15,3.9865,2.1813,1729780618.0,1,10,8190.0,4.9627,0.0,4.9627,18.9451,0.0
85544.15,3.9869,2.1814,1729780628.0,1,10,8200.0,4.9687,0.0,4.9687,18.9692,0.0
85554.15,3.9873,2.1813,1729780638.0,1,10,8210.0,4.9748,0.0,4.9748,18.9934,0.0
85564.15,3.9877,2.1814,1729780648.0,1,10,8220.0,4.9809,0.0,4.9809,19.0175,0.0
85574.15,3.9881,2.1814,1729780658.0,1,10,8230.0,4.9869,0.0,4.9869,19.0417,0.0
85584.15,3.9885,2.1814,1729780668.0,1,10,8240.0,4.993,0.0,4.993,19.0659,0.0
85594.15,3.9889,2.1815,1729780678.0,1,10,8250.0,4.999,0.0,4.999,19.09,0.0
85604.15,3.9893,2.1814,1729780688.0,1,10,8260.0,5.0051,0.0,5.0051,19.1142,0.0
85614.15,3.9897,2.1814,1729780698.0,1,10,8270.0,5.0112,0.0,5.0112,19.1384,0.0
85624.15,3.9901,2.1813,1729780708.0,1,10,8280.0,5.0172,0.0,5.0172,19.1626,0.0
85634.15,3.9905,2.1814,1729780718.0,1,10,8290.0,5.0233,0.0,5.0233,19.1867,0.0
85644.15,3.9908,2.1814,1729780728.0,1,10,8300.0,5.0293,0.0,5.0293,19.2109,0.0
85654.15,3.9912,2.1814,1729780738.0,1,10,8310.0,5.0354,0.0,5.0354,19.2351,0.0
85664.15,3.9916,2.1814,1729780748.0,1,10,8320.0,5.0415,0.0,5.0415,19.2593,0.0
85674.15,3.992,2.1814,1729780758.0,1,10,8330.0,5.0475,0.0,5.0475,19.2835,0.0
85684.15,3.9923,2.1813,1729780768.0,1,10,8340.0,5.0536,0.0,5.0536,19.3077,0.0
85694.15,3.9927,2.1813,1729780778.0,1,10,8350.0,5.0596,0.0,5.0596,19.3319,0.0
85704.15,3.9931,2.1813,1729780788.0,1,10,8360.0,5.0657,0.0,5.0657,19.3561,0.0
85714.15,3.9934,2.1814,1729780798.0,1,10,8370.0,5.0718,0.0,5.0718,19.3802,0.0
85724.15,3.9938,2.1813,1729780808.0,1,10,8380.0,5.0778,0.0,5.0778,19.4044,0.0
85734.15,3.9942,2.1813,1729780818.0,1,10,8390.0,5.0839,0.0,5.0839,19.4286,0.0
85744.15,3.9946,2.1814,1729780828.0,1,10,8400.0,5.0899,0.0,5.0899,19.4528,0.0
85754.15,3.9949,2.1814,1729780838.0,1,10,8410.0,5.096,0.0,5.096,19.4771,0.0
85764.15,3.9953,2.1814,1729780848.0,1,10,8420.0,5.1021,0.0,5.1021,19.5013,0.0
85774.15,3.9957,2.1814,1729780858.0,1,10,8430.0,5.1081,0.0,5.1081,19.5255,0.0
85784.15,3.9961,2.1814,1729780868.0,1,10,8440.0,5.1142,0.0,5.1142,19.5497,0.0
85794.15,3.9965,2.1813,1729780878.0,1,10,8450.0,5.1202,0.0,5.1202,19.5739,0.0
85804.15,3.9968,2.1814,1729780888.0,1,10,8460.0,5.1263,0.0,5.1263,19.5981,0.0
85814.15,3.9972,2.1814,1729780898.0,1,10,8470.0,5.1324,0.0,5.1324,19.6223,0.0
85824.15,3.9976,2.1814,1729780908.0,1,10,8480.0,5.1384,0.0,5.1384,19.6466,0.0
85834.15,3.998,2.1814,1729780918.0,1,10,8490.0,5.1445,0.0,5.1445,19.6708,0.0
85844.15,3.9984,2.1813,1729780928.0,1,10,8500.0,5.1505,0.0,5.1505,19.695,0.0
85854.15,3.9988,2.1814,1729780938.0,1,10,8510.0,5.1566,0.0,5.1566,19.7192,0.0
85864.15,3.9992,2.1814,1729780948.0,1,10,8520.0,5.1626,0.0,5.1626,19.7435,0.0
85874.15,3.9996,2.1814,1729780958.0,1,10,8530.0,5.1687,0.0,5.1687,19.7677,0.0
85884.15,4.0,2.1814,1729780968.0,1,10,8540.0,5.1748,0.0,5.1748,19.7919,0.0
85894.15,4.0005,2.1814,1729780978.0,1,10,8550.0,5.1808,0.0,5.1808,19.8162,0.0
85904.15,4.0009,2.1813,1729780988.0,1,10,8560.0,5.1869,0.0,5.1869,19.8404,0.0
85914.15,4.0013,2.1814,1729780998.0,1,10,8570.0,5.1929,0.0,5.1929,19.8647,0.0
85924.15,4.0018,2.1814,1729781008.0,1,10,8580.0,5.199,0.0,5.199,19.8889,0.0
85934.15,4.0022,2.1813,1729781018.0,1,10,8590.0,5.2051,0.0,5.2051,19.9132,0.0
85944.15,4.0027,2.1814,1729781028.0,1,10,8600.0,5.2111,0.0,5.2111,19.9374,0.0
85954.15,4.0032,2.1813,1729781038.0,1,10,8610.0,5.2172,0.0,5.2172,19.9617,0.0
85964.15,4.0036,2.1813,1729781048.0,1,10,8620.0,5.2232,0.0,5.2232,19.9859,0.0
85974.15,4.0041,2.1813,1729781058.0,1,10,8630.0,5.2293,0.0,5.2293,20.0102,0.0
85984.15,4.0046,2.1814,1729781068.0,1,10,8640.0,5.2354,0.0,5.2354,20.0344,0.0
85994.15,4.0051,2.1813,1729781078.0,1,10,8650.0,5.2414,0.0,5.2414,20.0587,0.0
86004.15,4.0056,2.1813,1729781088.0,1,10,8660.0,5.2475,0.0,5.2475,20.083,0.0
86014.15,4.0062,2.1813,1729781098.0,1,10,8670.0,5.2535,0.0,5.2535,20.1073,0.0
86024.15,4.0067,2.1813,1729781108.0,1,10,8680.0,5.2596,0.0,5.2596,20.1315,0.0
86034.15,4.0072,2.1814,1729781118.0,1,10,8690.0,5.2657,0.0,5.2657,20.1558,0.0
86044.15,4.0078,2.1813,1729781128.0,1,10,8700.0,5.2717,0.0,5.2717,20.1801,0.0
86054.15,4.0083,2.1814,1729781138.0,1,10,8710.0,5.2778,0.0,5.2778,20.2044,0.0
86064.15,4.0089,2.1813,1729781148.0,1,10,8720.0,5.2838,0.0,5.2838,20.2287,0.0
86074.15,4.0094,2.1814,1729781158.0,1,10,8730.0,5.2899,0.0,5.2899,20.253,0.0
86084.15,4.01,2.1814,1729781168.0,1,10,8740.0,5.296,0.0,5.296,20.2773,0.0
86094.15,4.0106,2.1813,1729781178.0,1,10,8750.0,5.302,0.0,5.302,20.3016,0.0
86104.15,4.0112,2.1813,1729781188.0,1,10,8760.0,5.3081,0.0,5.3081,20.3259,0.0
86114.15,4.0118,2.1813,1729781198.0,1,10,8770.0,5.3141,0.0,5.3141,20.3502,0.0
86124.15,4.0125,2.1814,1729781208.0,1,10,8780.0,5.3202,0.0,5.3202,20.3745,0.0
86134.15,4.0132,2.1813,1729781218.0,1,10,8790.0,5.3262,0.0,5.3262,20.3988,0.0
86144.15,4.0137,2.1813,1729781228.0,1,10,8800.0,5.3323,0.0,5.3323,20.4231,0.0
86154.15,4.0144,2.1813,1729781238.0,1,10,8810.0,5.3384,0.0,5.3384,20.4474,0.0
86164.15,4.0151,2.1812,1729781248.0,1,10,8820.0,5.3444,0.0,5.3444,20.4718,0.0
86174.15,4.0158,2.1813,1729781258.0,1,10,8830.0,5.3505,0.0,5.3505,20.4961,0.0
86184.15,4.0165,2.1812,1729781268.0,1,10,8840.0,5.3565,0.0,5.3565,20.5204,0.0
86194.15,4.0173,2.1813,1729781278.0,1,10,8850.0,5.3626,0.0,5.3626,20.5448,0.0
86204.15,4.018,2.1813,1729781288.0,1,10,8860.0,5.3687,0.0,5.3687,20.5691,0.0
86214.15,4.0187,2.1814,1729781298.0,1,10,8870.0,5.3747,0.0,5.3747,20.5935,0.0
86224.15,4.0195,2.1813,1729781308.0,1,10,8880.0,5.3808,0.0,5.3808,20.6178,0.0
86234.15,4.0203,2.1813,1729781318.0,1,10,8890.0,5.3868,0.0,5.3868,20.6422,0.0
86244.15,4.021,2.1813,1729781328.0,1,10,8900.0,5.3929,0.0,5.3929,20.6665,0.0
86254.15,4.0218,2.1813,1729781338.0,1,10,8910.0,5.399,0.0,5.399,20.6909,0.0
86264.15,4.0226,2.1813,1729781348.0,1,10,8920.0,5.405,0.0,5.405,20.7153,0.0
86274.15,4.0235,2.1813,1729781358.0,1,10,8930.0,5.4111,0.0,5.4111,20.7396,0.0
86284.15,4.0243,2.1814,1729781368.0,1,10,8940.0,5.4171,0.0,5.4171,20.764,0.0
86294.15,4.0252,2.1812,1729781378.0,1,10,8950.0,5.4232,0.0,5.4232,20.7884,0.0
86304.15,4.0261,2.1814,1729781388.0,1,10,8960.0,5.4293,0.0,5.4293,20.8128,0.0
86314.15,4.027,2.1813,1729781398.0,1,10,8970.0,5.4353,0.0,5.4353,20.8372,0.0
86324.15,4.0279,2.1814,1729781408.0,1,10,8980.0,5.4414,0.0,5.4414,20.8616,0.0
86334.15,4.0289,2.1813,1729781418.0,1,10,8990.0,5.4474,0.0,5.4474,20.886,0.0
86344.15,4.0299,2.1813,1729781428.0,1,10,9000.0,5.4535,0.0,5.4535,20.9104,0.0
86354.15,4.0309,2.1813,1729781438.0,1,10,9010.0,5.4595,0.0,5.4595,20.9348,0.0
86364.15,4.0319,2.1812,1729781448.0,1,10,9020.0,5.4656,0.0,5.4656,20.9593,0.0
86374.15,4.0329,2.1812,1729781458.0,1,10,9030.0,5.4717,0.0,5.4717,20.9837,0.0
86384.15,4.0339,2.1813,1729781468.0,1,10,9040.0,5.4777,0.0,5.4777,21.0081,0.0
86394.15,4.035,2.1812,1729781478.0,1,10,9050.0,5.4838,0.0,5.4838,21.0326,0.0
86404.15,4.0361,2.1813,1729781488.0,1,10,9060.0,5.4898,0.0,5.4898,21.057,0.0
86414.15,4.0372,2.1813,1729781498.0,1,10,9070.0,5.4959,0.0,5.4959,21.0815,0.0
86424.15,4.0384,2.1813,1729781508.0,1,10,9080.0,5.502,0.0,5.502,21.106,0.0
86434.15,4.0396,2.1813,1729781518.0,1,10,9090.0,5.508,0.0,5.508,21.1304,0.0
86444.15,4.0408,2.1813,1729781528.0,1,10,9100.0,5.5141,0.0,5.5141,21.1549,0.0
86454.15,4.042,2.1813,1729781538.0,1,10,9110.0,5.5201,0.0,5.5201,21.1794,0.0
86464.15,4.0432,2.1813,1729781548.0,1,10,9120.0,5.5262,0.0,5.5262,21.2039,0.0
86474.15,4.0445,2.1812,1729781558.0,1,10,9130.0,5.5323,0.0,5.5323,21.2284,0.0
86484.15,4.0458,2.1813,1729781568.0,1,10,9140.0,5.5383,0.0,5.5383,21.2529,0.0
86494.15,4.0472,2.1813,1729781578.0,1,10,9150.0,5.5444,0.0,5.5444,21.2774,0.0
86504.15,4.0485,2.1813,1729781588.0,1,10,9160.0,5.5504,0.0,5.5504,21.302,0.0
86514.15,4.0499,2.1813,1729781598.0,1,10,9170.0,5.5565,0.0,5.5565,21.3265,0.0
86524.15,4.0513,2.1812,1729781608.0,1,10,9180.0,5.5626,0.0,5.5626,21.351,0.0
86534.15,4.0528,2.1812,1729781618.0,1,10,9190.0,5.5686,0.0,5.5686,21.3756,0.0
86544.15,4.0542,2.1812,1729781628.0,1,10,9200.0,5.5747,0.0,5.5747,21.4001,0.0
86554.15,4.0557,2.1812,1729781638.0,1,10,9210.0,5.5807,0.0,5.5807,21.4247,0.0
86564.15,4.0572,2.1813,1729781648.0,1,10,9220.0,5.5868,0.0,5.5868,21.4493,0.0
86574.15,4.0588,2.1813,1729781658.0,1,10,9230.0,5.5929,0.0,5.5929,21.4739,0.0
86584.15,4.0604,2.1812,1729781668.0,1,10,9240.0,5.5989,0.0,5.5989,21.4985,0.0
86594.15,4.062,2.1813,1729781678.0,1,10,9250.0,5.605,0.0,5.605,21.5231,0.0
86604.15,4.0635,2.1813,1729781688.0,1,10,9260.0,5.611,0.0,5.611,21.5477,0.0
86614.15,4.0651,2.1812,1729781698.0,1,10,9270.0,5.6171,0.0,5.6171,21.5723,0.0
86624.15,4.0667,2.1813,1729781708.0,1,10,9280.0,5.6231,0.0,5.6231,21.597,0.0
86634.15,4.0683,2.1812,1729781718.0,1,10,9290.0,5.6292,0.0,5.6292,21.6216,0.0
86644.15,4.0699,2.1812,1729781728.0,1,10,9300.0,5.6353,0.0,5.6353,21.6463,0.0
86654.15,4.0716,2.1812,1729781738.0,1,10,9310.0,5.6413,0.0,5.6413,21.6709,0.0
86664.15,4.0732,2.1813,1729781748.0,1,10,9320.0,5.6474,0.0,5.6474,21.6956,0.0
86674.15,4.0748,2.1813,1729781758.0,1,10,9330.0,5.6534,0.0,5.6534,21.7203,0.0
86684.15,4.0764,2.1812,1729781768.0,1,10,9340.0,5.6595,0.0,5.6595,21.745,0.0
86694.15,4.0779,2.1812,1729781778.0,1,10,9350.0,5.6656,0.0,5.6656,21.7697,0.0
86704.15,4.0795,2.1812,1729781788.0,1,10,9360.0,5.6716,0.0,5.6716,21.7944,0.0
86714.15,4.081,2.1811,1729781798.0,1,10,9370.0,5.6777,0.0,5.6777,21.8191,0.0
86724.15,4.0825,2.1812,1729781808.0,1,10,9380.0,5.6837,0.0,5.6837,21.8438,0.0
86734.15,4.084,2.1812,1729781818.0,1,10,9390.0,5.6898,0.0,5.6898,21.8686,0.0
86744.15,4.0855,2.1811,1729781828.0,1,10,9400.0,5.6959,0.0,5.6959,21.8933,0.0
86754.15,4.087,2.1812,1729781838.0,1,10,9410.0,5.7019,0.0,5.7019,21.9181,0.0
86764.15,4.0884,2.1811,1729781848.0,1,10,9420.0,5.708,0.0,5.708,21.9429,0.0
86774.15,4.0898,2.1812,1729781858.0,1,10,9430.0,5.714,0.0,5.714,21.9676,0.0
86784.15,4.0911,2.1812,1729781868.0,1,10,9440.0,5.7201,0.0,5.7201,21.9924,0.0
86794.15,4.0924,2.1811,1729781878.0,1,10,9450.0,5.7261,0.0,5.7261,22.0172,0.0
86804.15,4.0937,2.1811,1729781888.0,1,10,9460.0,5.7322,0.0,5.7322,22.042,0.0
86814.15,4.095,2.1812,1729781898.0,1,10,9470.0,5.7383,0.0,5.7383,22.0668,0.0
86824.15,4.0962,2.1811,1729781908.0,1,10,9480.0,5.7443,0.0,5.7443,22.0916,0.0
86834.15,4.0973,2.1811,1729781918.0,1,10,9490.0,5.7504,0.0,5.7504,22.1165,0.0
86844.15,4.0985,2.1811,1729781928.0,1,10,9500.0,5.7564,0.0,5.7564,22.1413,0.0
86854.15,4.0996,2.1812,1729781938.0,1,10,9510.0,5.7625,0.0,5.7625,22.1661,0.0
86864.15,4.1006,2.1811,1729781948.0,1,10,9520.0,5.7686,0.0,5.7686,22.191,0.0
86874.15,4.1016,2.1811,1729781958.0,1,10,9530.0,5.7746,0.0,5.7746,22.2158,0.0
86884.15,4.1026,2.1811,1729781968.0,1,10,9540.0,5.7807,0.0,5.7807,22.2407,0.0
86894.15,4.1034,2.1812,1729781978.0,1,10,9550.0,5.7867,0.0,5.7867,22.2655,0.0
86904.15,4.1043,2.1811,1729781988.0,1,10,9560.0,5.7928,0.0,5.7928,22.2904,0.0
86914.15,4.1051,2.1811,1729781998.0,1,10,9570.0,5.7989,0.0,5.7989,22.3153,0.0
86924.15,4.1058,2.1811,1729782008.0,1,10,9580.0,5.8049,0.0,5.8049,22.3401,0.0
86934.15,4.1065,2.1811,1729782018.0,1,10,9590.0,5.811,0.0,5.811,22.365,0.0
86944.15,4.1071,2.1811,1729782028.0,1,10,9600.0,5.817,0.0,5.817,22.3899,0.0
86954.15,4.1078,2.1811,1729782038.0,1,10,9610.0,5.8231,0.0,5.8231,22.4148,0.0
86964.15,4.1083,2.1811,1729782048.0,1,10,9620.0,5.8291,0.0,5.8291,22.4397,0.0
86974.15,4.1088,2.181,1729782058.0,1,10,9630.0,5.8352,0.0,5.8352,22.4646,0.0
86984.15,4.1093,2.1811,1729782068.0,1,10,9640.0,5.8413,0.0,5.8413,22.4895,0.0
86994.15,4.1098,2.1811,1729782078.0,1,10,9650.0,5.8473,0.0,5.8473,22.5143,0.0
87004.15,4.1102,2.1811,1729782088.0,1,10,9660.0,5.8534,0.0,5.8534,22.5392,0.0
87014.15,4.1107,2.1813,1729782098.0,1,10,9670.0,5.8594,0.0,5.8594,22.5642,0.0
87024.15,4.1112,2.1812,1729782108.0,1,10,9680.0,5.8655,0.0,5.8655,22.5891,0.0
87034.15,4.1116,2.1811,1729782118.0,1,10,9690.0,5.8716,0.0,5.8716,22.614,0.0
87044.15,4.112,2.1811,1729782128.0,1,10,9700.0,5.8776,0.0,5.8776,22.6389,0.0
87054.15,4.1124,2.1812,1729782138.0,1,10,9710.0,5.8837,0.0,5.8837,22.6638,0.0
87064.15,4.1129,2.1812,1729782148.0,1,10,9720.0,5.8897,0.0,5.8897,22.6887,0.0
87074.15,4.1133,2.1811,1729782158.0,1,10,9730.0,5.8958,0.0,5.8958,22.7136,0.0
87084.15,4.1137,2.1811,1729782168.0,1,10,9740.0,5.9018,0.0,5.9018,22.7386,0.0
87094.15,4.1141,2.1812,1729782178.0,1,10,9750.0,5.9079,0.0,5.9079,22.7635,0.0
87104.15,4.1146,2.1811,1729782188.0,1,10,9760.0,5.914,0.0,5.914,22.7884,0.0
87114.15,4.115,2.1811,1729782198.0,1,10,9770.0,5.92,0.0,5.92,22.8133,0.0
87124.15,4.1155,2.181,1729782208.0,1,10,9780.0,5.9261,0.0,5.9261,22.8383,0.0
87134.15,4.1159,2.1811,1729782218.0,1,10,9790.0,5.9321,0.0,5.9321,22.8632,0.0
87144.15,4.1164,2.1811,1729782228.0,1,10,9800.0,5.9382,0.0,5.9382,22.8881,0.0
87154.15,4.1169,2.1811,1729782238.0,1,10,9810.0,5.9443,0.0,5.9443,22.9131,0.0
87164.15,4.1174,2.1811,1729782248.0,1,10,9820.0,5.9503,0.0,5.9503,22.938,0.0
87174.15,4.1178,2.1811,1729782258.0,1,10,9830.0,5.9564,0.0,5.9564,22.963,0.0
87184.15,4.1184,2.1811,1729782268.0,1,10,9840.0,5.9624,0.0,5.9624,22.9879,0.0
87194.15,4.1189,2.1811,1729782278.0,1,10,9850.0,5.9685,0.0,5.9685,23.0129,0.0
87204.15,4.1194,2.1811,1729782288.0,1,10,9860.0,5.9746,0.0,5.9746,23.0378,0.0
87214.15,4.12,2.1811,1729782298.0,1,10,9870.0,5.9806,0.0,5.9806,23.0628,0.0
87224.15,4.1205,2.1811,1729782308.0,1,10,9880.0,5.9867,0.0,5.9867,23.0878,0.0
87234.15,4.1211,2.1811,1729782318.0,1,10,9890.0,5.9927,0.0,5.9927,23.1127,0.0
87244.15,4.1217,2.1811,1729782328.0,1,10,9900.0,5.9988,0.0,5.9988,23.1377,0.0
87254.15,4.1224,2.181,1729782338.0,1,10,9910.0,6.0048,0.0,6.0048,23.1627,0.0
87264.15,4.123,2.1811,1729782348.0,1,10,9920.0,6.0109,0.0,6.0109,23.1876,0.0
87274.15,4.1236,2.181,1729782358.0,1,10,9930.0,6.017,0.0,6.017,23.2126,0.0
87284.15,4.1243,2.1811,1729782368.0,1,10,9940.0,6.023,0.0,6.023,23.2376,0.0
87294.15,4.125,2.181,1729782378.0,1,10,9950.0,6.0291,0.0,6.0291,23.2626,0.0
87304.15,4.1257,2.1811,1729782388.0,1,10,9960.0,6.0351,0.0,6.0351,23.2876,0.0
87314.15,4.1265,2.1811,1729782398.0,1,10,9970.0,6.0412,0.0,6.0412,23.3126,0.0
87324.15,4.1272,2.1811,1729782408.0,1,10,9980.0,6.0473,0.0,6.0473,23.3376,0.0
87334.15,4.1279,2.1811,1729782418.0,1,10,9990.0,6.0533,0.0,6.0533,23.3626,0.0
87344.15,4.1286,2.1811,1729782428.0,1,10,10000.0,6.0594,0.0,6.0594,23.3876,0.0
87354.15,4.1294,2.181,1729782438.0,1,10,10010.0,6.0654,0.0,6.0654,23.4126,0.0
87364.15,4.1302,2.181,1729782448.0,1,10,10020.0,6.0715,0.0,6.0715,23.4377,0.0
87374.15,4.131,2.1811,1729782458.0,1,10,10030.0,6.0776,0.0,6.0776,23.4627,0.0
87384.15,4.1317,2.181,1729782468.0,1,10,10040.0,6.0836,0.0,6.0836,23.4877,0.0
87394.15,4.1326,2.1811,1729782478.0,1,10,10050.0,6.0897,0.0,6.0897,23.5127,0.0
87404.15,4.1334,2.1811,1729782488.0,1,10,10060.0,6.0957,0.0,6.0957,23.5378,0.0
87414.15,4.1342,2.181,1729782498.0,1,10,10070.0,6.1018,0.0,6.1018,23.5628,0.0
87424.15,4.135,2.1811,1729782508.0,1,10,10080.0,6.1078,0.0,6.1078,23.5879,0.0
87434.15,4.1358,2.181,1729782518.0,1,10,10090.0,6.1139,0.0,6.1139,23.6129,0.0
87444.15,4.1366,2.181,1729782528.0,1,10,10100.0,6.12,0.0,6.12,23.638,0.0
87454.15,4.1375,2.181,1729782538.0,1,10,10110.0,6.126,0.0,6.126,23.6631,0.0
87464.15,4.1383,2.181,1729782548.0,1,10,10120.0,6.1321,0.0,6.1321,23.6881,0.0
87474.15,4.1392,2.181,1729782558.0,1,10,10130.0,6.1381,0.0,6.1381,23.7132,0.0
87484.15,4.14,2.181,1729782568.0,1,10,10140.0,6.1442,0.0,6.1442,23.7383,0.0
87494.15,4.1408,2.1811,1729782578.0,1,10,10150.0,6.1503,0.0,6.1503,23.7634,0.0
87504.15,4.1417,2.1809,1729782588.0,1,10,10160.0,6.1563,0.0,6.1563,23.7885,0.0
87514.15,4.1425,2.181,1729782598.0,1,10,10170.0,6.1624,0.0,6.1624,23.8135,0.0
87524.15,4.1434,2.181,1729782608.0,1,10,10180.0,6.1684,0.0,6.1684,23.8386,0.0
87534.15,4.1443,2.1809,1729782618.0,1,10,10190.0,6.1745,0.0,6.1745,23.8637,0.0
87544.15,4.1451,2.1811,1729782628.0,1,10,10200.0,6.1805,0.0,6.1805,23.8889,0.0
87554.15,4.146,2.181,1729782638.0,1,10,10210.0,6.1866,0.0,6.1866,23.914,0.0
87564.15,4.1469,2.181,1729782648.0,1,10,10220.0,6.1927,0.0,6.1927,23.9391,0.0
87574.15,4.1477,2.181,1729782658.0,1,10,10230.0,6.1987,0.0,6.1987,23.9642,0.0
87584.15,4.1487,2.181,1729782668.0,1,10,10240.0,6.2048,0.0,6.2048,23.9894,0.0
87594.15,4.1495,2.181,1729782678.0,1,10,10250.0,6.2108,0.0,6.2108,24.0145,0.0
87604.15,4.1504,2.1811,1729782688.0,1,10,10260.0,6.2169,0.0,6.2169,24.0396,0.0
87614.15,4.1513,2.181,1729782698.0,1,10,10270.0,6.223,0.0,6.223,24.0648,0.0
87624.15,4.1521,2.181,1729782708.0,1,10,10280.0,6.229,0.0,6.229,24.0899,0.0
87634.15,4.153,2.1809,1729782718.0,1,10,10290.0,6.2351,0.0,6.2351,24.1151,0.0
87644.15,4.1539,2.1809,1729782728.0,1,10,10300.0,6.2411,0.0,6.2411,24.1402,0.0
87654.15,4.1548,2.181,1729782738.0,1,10,10310.0,6.2472,0.0,6.2472,24.1654,0.0
87664.15,4.1557,2.1809,1729782748.0,1,10,10320.0,6.2532,0.0,6.2532,24.1906,0.0
87674.15,4.1566,2.181,1729782758.0,1,10,10330.0,6.2593,0.0,6.2593,24.2158,0.0
87684.15,4.1574,2.181,1729782768.0,1,10,10340.0,6.2654,0.0,6.2654,24.241,0.0
87694.15,4.1583,2.1809,1729782778.0,1,10,10350.0,6.2714,0.0,6.2714,24.2661,0.0
87704.15,4.1593,2.181,1729782788.0,1,10,10360.0,6.2775,0.0,6.2775,24.2913,0.0
87714.15,4.1602,2.181,1729782798.0,1,10,10370.0,6.2835,0.0,6.2835,24.3165,0.0
87724.15,4.1611,2.181,1729782808.0,1,10,10380.0,6.2896,0.0,6.2896,24.3417,0.0
87734.15,4.162,2.181,1729782818.0,1,10,10390.0,6.2957,0.0,6.2957,24.367,0.0
87744.15,4.1629,2.181,1729782828.0,1,10,10400.0,6.3017,0.0,6.3017,24.3922,0.0
87754.15,4.1638,2.1809,1729782838.0,1,10,10410.0,6.3078,0.0,6.3078,24.4174,0.0
87764.15,4.1647,2.181,1729782848.0,1,10,10420.0,6.3138,0.0,6.3138,24.4426,0.0
87774.15,4.1656,2.1809,1729782858.0,1,10,10430.0,6.3199,0.0,6.3199,24.4679,0.0
87784.15,4.1665,2.1809,1729782868.0,1,10,10440.0,6.3259,0.0,6.3259,24.4931,0.0
87794.15,4.1675,2.1809,1729782878.0,1,10,10450.0,6.332,0.0,6.332,24.5183,0.0
87804.15,4.1684,2.1809,1729782888.0,1,10,10460.0,6.3381,0.0,6.3381,24.5436,0.0
87814.15,4.1693,2.1809,1729782898.0,1,10,10470.0,6.3441,0.0,6.3441,24.5688,0.0
87824.15,4.1702,2.1809,1729782908.0,1,10,10480.0,6.3502,0.0,6.3502,24.5941,0.0
87834.15,4.1711,2.1809,1729782918.0,1,10,10490.0,6.3562,0.0,6.3562,24.6194,0.0
87844.15,4.1721,2.1809,1729782928.0,1,10,10500.0,6.3623,0.0,6.3623,24.6446,0.0
87854.15,4.173,2.1809,1729782938.0,1,10,10510.0,6.3683,0.0,6.3683,24.6699,0.0
87864.15,4.1739,2.1809,1729782948.0,1,10,10520.0,6.3744,0.0,6.3744,24.6952,0.0
87874.15,4.1748,2.1809,1729782958.0,1,10,10530.0,6.3805,0.0,6.3805,24.7205,0.0
87884.15,4.1758,2.181,1729782968.0,1,10,10540.0,6.3865,0.0,6.3865,24.7458,0.0
87894.15,4.1767,2.1809,1729782978.0,1,10,10550.0,6.3926,0.0,6.3926,24.7711,0.0
87904.15,4.1776,2.181,1729782988.0,1,10,10560.0,6.3986,0.0,6.3986,24.7964,0.0
87914.15,4.1786,2.1808,1729782998.0,1,10,10570.0,6.4047,0.0,6.4047,24.8217,0.0
87924.15,4.1795,2.1809,1729783008.0,1,10,10580.0,6.4108,0.0,6.4108,24.847,0.0
87934.15,4.1804,2.1808,1729783018.0,1,10,10590.0,6.4168,0.0,6.4168,24.8723,0.0
87944.15,4.1814,2.1808,1729783028.0,1,10,10600.0,6.4229,0.0,6.4229,24.8977,0.0
87954.15,4.1823,2.1809,1729783038.0,1,10,10610.0,6.4289,0.0,6.4289,24.923,0.0
87964.15,4.1833,2.1809,1729783048.0,1,10,10620.0,6.435,0.0,6.435,24.9483,0.0
87974.15,4.1842,2.1808,1729783058.0,1,10,10630.0,6.441,0.0,6.441,24.9737,0.0
87984.15,4.1852,2.1808,1729783068.0,1,10,10640.0,6.4471,0.0,6.4471,24.999,0.0
87994.15,4.1861,2.1808,1729783078.0,1,10,10650.0,6.4532,0.0,6.4532,25.0244,0.0
88004.15,4.187,2.1808,1729783088.0,1,10,10660.0,6.4592,0.0,6.4592,25.0498,0.0
88014.15,4.188,2.1808,1729783098.0,1,10,10670.0,6.4653,0.0,6.4653,25.0751,0.0
88024.15,4.189,2.1808,1729783108.0,1,10,10680.0,6.4713,0.0,6.4713,25.1005,0.0
88034.15,4.19,2.1808,1729783118.0,1,10,10690.0,6.4774,0.0,6.4774,25.1259,0.0
88044.15,4.1909,2.1808,1729783128.0,1,10,10700.0,6.4834,0.0,6.4834,25.1513,0.0
88054.15,4.1919,2.1808,1729783138.0,1,10,10710.0,6.4895,0.0,6.4895,25.1766,0.0
88064.15,4.1929,2.1808,1729783148.0,1,10,10720.0,6.4956,0.0,6.4956,25.202,0.0
88074.15,4.1938,2.1807,1729783158.0,1,10,10730.0,6.5016,0.0,6.5016,25.2274,0.0
88084.15,4.1948,2.1807,1729783168.0,1,10,10740.0,6.5077,0.0,6.5077,25.2529,0.0
88094.15,4.1958,2.1808,1729783178.0,1,10,10750.0,6.5137,0.0,6.5137,25.2783,0.0
88104.15,4.1968,2.1807,1729783188.0,1,10,10760.0,6.5198,0.0,6.5198,25.3037,0.0
88114.15,4.1977,2.1807,1729783198.0,1,10,10770.0,6.5259,0.0,6.5259,25.3291,0.0
88124.15,4.1987,2.1807,1729783208.0,1,10,10780.0,6.5319,0.0,6.5319,25.3545,0.0
88134.15,4.1997,2.1808,1729783218.0,1,10,10790.0,6.538,0.0,6.538,25.38,0.0
88144.15,4.2007,2.1807,1729783228.0,1,10,10800.0,6.544,0.0,6.544,25.4054,0.0
88154.15,4.2017,2.1808,1729783238.0,1,10,10810.0,6.5501,0.0,6.5501,25.4309,0.0
88164.15,4.2027,2.1808,1729783248.0,1,10,10820.0,6.5561,0.0,6.5561,25.4563,0.0
88174.15,4.2037,2.1807,1729783258.0,1,10,10830.0,6.5622,0.0,6.5622,25.4818,0.0
88184.15,4.2047,2.1808,1729783268.0,1,10,10840.0,6.5683,0.0,6.5683,25.5073,0.0
88194.15,4.2057,2.1806,1729783278.0,1,10,10850.0,6.5743,0.0,6.5743,25.5327,0.0
88204.15,4.2067,2.1806,1729783288.0,1,10,10860.0,6.5804,0.0,6.5804,25.5582,0.0
88214.15,4.2077,2.1807,1729783298.0,1,10,10870.0,6.5864,0.0,6.5864,25.5837,0.0
88224.15,4.2088,2.1807,1729783308.0,1,10,10880.0,6.5925,0.0,6.5925,25.6092,0.0
88234.15,4.2097,2.1806,1729783318.0,1,10,10890.0,6.5985,0.0,6.5985,25.6347,0.0
88244.15,4.2108,2.1807,1729783328.0,1,10,10900.0,6.6046,0.0,6.6046,25.6602,0.0
88254.15,4.2118,2.1806,1729783338.0,1,10,10910.0,6.6107,0.0,6.6107,25.6857,0.0
88264.15,4.2129,2.1806,1729783348.0,1,10,10920.0,6.6167,0.0,6.6167,25.7112,0.0
88274.15,4.2139,2.1806,1729783358.0,1,10,10930.0,6.6228,0.0,6.6228,25.7367,0.0
88284.15,4.2149,2.1806,1729783368.0,1,10,10940.0,6.6288,0.0,6.6288,25.7623,0.0
88294.15,4.216,2.1807,1729783378.0,1,10,10950.0,6.6349,0.0,6.6349,25.7878,0.0
88304.15,4.217,2.1806,1729783388.0,1,10,10960.0,6.6409,0.0,6.6409,25.8133,0.0
88314.15,4.2181,2.1806,1729783398.0,1,10,10970.0,6.647,0.0,6.647,25.8389,0.0
88324.15,4.2191,2.1806,1729783408.0,1,10,10980.0,6.6531,0.0,6.6531,25.8644,0.0
88334.15,4.2202,2.1805,1729783418.0,1,10,10990.0,6.6591,0.0,6.6591,25.89,0.0
88344.15,4.2213,2.1806,1729783428.0,1,10,11000.0,6.6652,0.0,6.6652,25.9156,0.0
88354.15,4.2224,2.1806,1729783438.0,1,10,11010.0,6.6712,0.0,6.6712,25.9411,0.0
88364.15,4.2234,2.1805,1729783448.0,1,10,11020.0,6.6773,0.0,6.6773,25.9667,0.0
88374.15,4.2245,2.1806,1729783458.0,1,10,11030.0,6.6833,0.0,6.6833,25.9923,0.0
88384.15,4.2256,2.1806,1729783468.0,1,10,11040.0,6.6894,0.0,6.6894,26.0179,0.0
88394.15,4.2267,2.1806,1729783478.0,1,10,11050.0,6.6955,0.0,6.6955,26.0435,0.0
88404.15,4.2278,2.1806,1729783488.0,1,10,11060.0,6.7015,0.0,6.7015,26.0691,0.0
88414.15,4.2289,2.1805,1729783498.0,1,10,11070.0,6.7076,0.0,6.7076,26.0947,0.0
88424.15,4.23,2.1806,1729783508.0,1,10,11080.0,6.7136,0.0,6.7136,26.1203,0.0
88434.15,4.2312,2.1805,1729783518.0,1,10,11090.0,6.7197,0.0,6.7197,26.1459,0.0
88444.15,4.2323,2.1804,1729783528.0,1,10,11100.0,6.7257,0.0,6.7257,26.1716,0.0
88454.15,4.2334,2.1804,1729783538.0,1,10,11110.0,6.7318,0.0,6.7318,26.1972,0.0
88464.15,4.2345,2.1804,1729783548.0,1,10,11120.0,6.7379,0.0,6.7379,26.2229,0.0
88474.15,4.2357,2.1804,1729783558.0,1,10,11130.0,6.7439,0.0,6.7439,26.2485,0.0
88484.15,4.2369,2.1804,1729783568.0,1,10,11140.0,6.75,0.0,6.75,26.2742,0.0
88494.15,4.238,2.1804,1729783578.0,1,10,11150.0,6.756,0.0,6.756,26.2998,0.0
88504.15,4.2392,2.1805,1729783588.0,1,10,11160.0,6.7621,0.0,6.7621,26.3255,0.0
88514.15,4.2404,2.1804,1729783598.0,1,10,11170.0,6.7681,0.0,6.7681,26.3512,0.0
88524.15,4.2416,2.1804,1729783608.0,1,10,11180.0,6.7742,0.0,6.7742,26.3769,0.0
88534.15,4.2428,2.1804,1729783618.0,1,10,11190.0,6.7803,0.0,6.7803,26.4026,0.0
88544.15,4.2439,2.1804,1729783628.0,1,10,11200.0,6.7863,0.0,6.7863,26.4283,0.0
88554.15,4.2452,2.1804,1729783638.0,1,10,11210.0,6.7924,0.0,6.7924,26.454,0.0
88564.15,4.2464,2.1804,1729783648.0,1,10,11220.0,6.7984,0.0,6.7984,26.4797,0.0
88574.15,4.2476,2.1803,1729783658.0,1,10,11230.0,6.8045,0.0,6.8045,26.5054,0.0
88584.15,4.2488,2.1804,1729783668.0,1,10,11240.0,6.8105,0.0,6.8105,26.5311,0.0
88594.15,4.2501,2.1803,1729783678.0,1,10,11250.0,6.8166,0.0,6.8166,26.5569,0.0
88604.15,4.2513,2.1804,1729783688.0,1,10,11260.0,6.8227,0.0,6.8227,26.5826,0.0
88614.15,4.2526,2.1804,1729783698.0,1,10,11270.0,6.8287,0.0,6.8287,26.6084,0.0
88624.15,4.2539,2.1804,1729783708.0,1,10,11280.0,6.8348,0.0,6.8348,26.6341,0.0
88634.15,4.2551,2.1803,1729783718.0,1,10,11290.0,6.8408,0.0,6.8408,26.6599,0.0
88644.15,4.2565,2.1803,1729783728.0,1,10,11300.0,6.8469,0.0,6.8469,26.6857,0.0
88654.15,4.2577,2.1803,1729783738.0,1,10,11310.0,6.8529,0.0,6.8529,26.7115,0.0
88664.15,4.259,2.1803,1729783748.0,1,10,11320.0,6.859,0.0,6.859,26.7373,0.0
88674.15,4.2604,2.1803,1729783758.0,1,10,11330.0,6.865,0.0,6.865,26.763,0.0
88684.15,4.2617,2.1802,1729783768.0,1,10,11340.0,6.8711,0.0,6.8711,26.7888,0.0
88694.15,4.263,2.1803,1729783778.0,1,10,11350.0,6.8772,0.0,6.8772,26.8147,0.0
88704.15,4.2644,2.1802,1729783788.0,1,10,11360.0,6.8832,0.0,6.8832,26.8405,0.0
88714.15,4.2657,2.1803,1729783798.0,1,10,11370.0,6.8893,0.0,6.8893,26.8663,0.0
88724.15,4.2671,2.1801,1729783808.0,1,10,11380.0,6.8953,0.0,6.8953,26.8922,0.0
88734.15,4.2685,2.1801,1729783818.0,1,10,11390.0,6.9014,0.0,6.9014,26.918,0.0
88744.15,4.2699,2.1802,1729783828.0,1,10,11400.0,6.9074,0.0,6.9074,26.9439,0.0
88754.15,4.2713,2.1801,1729783838.0,1,10,11410.0,6.9135,0.0,6.9135,26.9697,0.0
88764.15,4.2727,2.1801,1729783848.0,1,10,11420.0,6.9195,0.0,6.9195,26.9956,0.0
88774.15,4.2742,2.1802,1729783858.0,1,10,11430.0,6.9256,0.0,6.9256,27.0215,0.0
88784.15,4.2756,2.18,1729783868.0,1,10,11440.0,6.9317,0.0,6.9317,27.0474,0.0
88794.15,4.2771,2.1801,1729783878.0,1,10,11450.0,6.9377,0.0,6.9377,27.0733,0.0
88804.15,4.2785,2.1801,1729783888.0,1,10,11460.0,6.9438,0.0,6.9438,27.0992,0.0
88814.15,4.28,2.18,1729783898.0,1,10,11470.0,6.9498,0.0,6.9498,27.1251,0.0
88824.15,4.2815,2.18,1729783908.0,1,10,11480.0,6.9559,0.0,6.9559,27.151,0.0
88834.15,4.2831,2.18,1729783918.0,1,10,11490.0,6.9619,0.0,6.9619,27.1769,0.0
88844.15,4.2846,2.18,1729783928.0,1,10,11500.0,6.968,0.0,6.968,27.2029,0.0
88854.15,4.2861,2.1799,1729783938.0,1,10,11510.0,6.9741,0.0,6.9741,27.2288,0.0
88864.15,4.2876,2.1799,1729783948.0,1,10,11520.0,6.9801,0.0,6.9801,27.2548,0.0
88874.15,4.2892,2.1799,1729783958.0,1,10,11530.0,6.9862,0.0,6.9862,27.2807,0.0
88884.15,4.2908,2.1799,1729783968.0,1,10,11540.0,6.9922,0.0,6.9922,27.3067,0.0
88894.15,4.2924,2.1798,1729783978.0,1,10,11550.0,6.9983,0.0,6.9983,27.3327,0.0
88904.15,4.2939,2.1799,1729783988.0,1,10,11560.0,7.0043,0.0,7.0043,27.3587,0.0
88914.15,4.2956,2.1798,1729783998.0,1,10,11570.0,7.0104,0.0,7.0104,27.3847,0.0
88924.15,4.2972,2.1798,1729784008.0,1,10,11580.0,7.0164,0.0,7.0164,27.4107,0.0
88934.15,4.2988,2.1798,1729784018.0,1,10,11590.0,7.0225,0.0,7.0225,27.4368,0.0
88944.15,4.3005,2.1798,1729784028.0,1,10,11600.0,7.0285,0.0,7.0285,27.4628,0.0
88954.15,4.3022,2.1798,1729784038.0,1,10,11610.0,7.0346,0.0,7.0346,27.4888,0.0
88964.15,4.3038,2.1797,1729784048.0,1,10,11620.0,7.0407,0.0,7.0407,27.5149,0.0
88974.15,4.3055,2.1797,1729784058.0,1,10,11630.0,7.0467,0.0,7.0467,27.5409,0.0
88984.15,4.3071,2.1797,1729784068.0,1,10,11640.0,7.0528,0.0,7.0528,27.567,0.0
88994.15,4.3089,2.1797,1729784078.0,1,10,11650.0,7.0588,0.0,7.0588,27.5931,0.0
89004.15,4.3106,2.1797,1729784088.0,1,10,11660.0,7.0649,0.0,7.0649,27.6192,0.0
89014.15,4.3122,2.1796,1729784098.0,1,10,11670.0,7.0709,0.0,7.0709,27.6453,0.0
89024.15,4.3139,2.1796,1729784108.0,1,10,11680.0,7.077,0.0,7.077,27.6714,0.0
89034.15,4.3157,2.1796,1729784118.0,1,10,11690.0,7.083,0.0,7.083,27.6975,0.0
89044.15,4.3173,2.1796,1729784128.0,1,10,11700.0,7.0891,0.0,7.0891,27.7237,0.0
89054.15,4.319,2.1796,1729784138.0,1,10,11710.0,7.0951,0.0,7.0951,27.7498,0.0
89064.15,4.3207,2.1795,1729784148.0,1,10,11720.0,7.1012,0.0,7.1012,27.776,0.0
89074.15,4.3224,2.1795,1729784158.0,1,10,11730.0,7.1073,0.0,7.1073,27.8021,0.0
89084.15,4.3241,2.1794,1729784168.0,1,10,11740.0,7.1133,0.0,7.1133,27.8283,0.0
89094.15,4.3258,2.1794,1729784178.0,1,10,11750.0,7.1194,0.0,7.1194,27.8545,0.0
89104.15,4.3275,2.1794,1729784188.0,1,10,11760.0,7.1254,0.0,7.1254,27.8807,0.0
89114.15,4.3291,2.1794,1729784198.0,1,10,11770.0,7.1315,0.0,7.1315,27.9069,0.0
89124.15,4.3308,2.1793,1729784208.0,1,10,11780.0,7.1375,0.0,7.1375,27.9331,0.0
89134.15,4.3324,2.1793,1729784218.0,1,10,11790.0,7.1436,0.0,7.1436,27.9593,0.0
89144.15,4.334,2.1793,1729784228.0,1,10,11800.0,7.1496,0.0,7.1496,27.9856,0.0
89154.15,4.3356,2.1793,1729784238.0,1,10,11810.0,7.1557,0.0,7.1557,28.0118,0.0
89164.15,4.3372,2.1793,1729784248.0,1,10,11820.0,7.1617,0.0,7.1617,28.038,0.0
89174.15,4.3388,2.1793,1729784258.0,1,10,11830.0,7.1678,0.0,7.1678,28.0643,0.0
89184.15,4.3403,2.1792,1729784268.0,1,10,11840.0,7.1738,0.0,7.1738,28.0906,0.0
89194.15,4.3418,2.1791,1729784278.0,1,10,11850.0,7.1799,0.0,7.1799,28.1168,0.0
89204.15,4.3434,2.1791,1729784288.0,1,10,11860.0,7.186,0.0,7.186,28.1431,0.0
89214.15,4.3449,2.1791,1729784298.0,1,10,11870.0,7.192,0.0,7.192,28.1694,0.0
89224.15,4.3463,2.1791,1729784308.0,1,10,11880.0,7.1981,0.0,7.1981,28.1957,0.0
89234.15,4.3478,2.179,1729784318.0,1,10,11890.0,7.2041,0.0,7.2041,28.2221,0.0
89244.15,4.3492,2.179,1729784328.0,1,10,11900.0,7.2102,0.0,7.2102,28.2484,0.0
89250.13,4.35,2.1589,1729784334.0,1,10,11905.98,7.2138,0.0,7.2138,28.2641,0.0
89250.59,4.35,2.1387,1729784335.0,1,10,11906.44,7.2141,0.0,7.2141,28.2653,0.0
89251.1,4.35,2.1183,1729784335.0,1,10,11906.95,7.2144,0.0,7.2144,28.2666,0.0
89251.56,4.35,2.0983,1729784336.0,1,10,11907.41,7.2146,0.0,7.2146,28.2678,0.0
89252.24,4.35,2.0779,1729784337.0,1,10,11908.09,7.215,0.0,7.215,28.2695,0.0
89252.83,4.35,2.0576,1729784337.0,1,10,11908.68,7.2154,0.0,7.2154,28.271,0.0
89253.56,4.35,2.0376,1729784338.0,1,10,11909.41,7.2158,0.0,7.2158,28.2728,0.0
89254.15,4.35,2.0198,1729784338.0,1,10,11910.0,7.2161,0.0,7.2161,28.2742,0.0
89254.94,4.35,1.9995,1729784339.0,1,10,11910.79,7.2166,0.0,7.2166,28.2761,0.0
89255.53,4.35,1.9794,1729784340.0,1,10,11911.38,7.2169,0.0,7.2169,28.2776,0.0
89256.5,4.35,1.9594,1729784341.0,1,10,11912.35,7.2174,0.0,7.2174,28.2799,0.0
89257.22,4.35,1.939,1729784342.0,1,10,11913.07,7.2178,0.0,7.2178,28.2816,0.0
89258.12,4.35,1.9188,1729784342.0,1,10,11913.97,7.2183,0.0,7.2183,28.2837,0.0
89259.06,4.35,1.8986,1729784343.0,1,10,11914.91,7.2188,0.0,7.2188,28.2858,0.0
89260.13,4.35,1.8781,1729784344.0,1,10,11915.98,7.2193,0.0,7.2193,28.2883,0.0
89261.09,4.35,1.8579,1729784345.0,1,10,11916.94,7.2198,0.0,7.2198,28.2904,0.0
89262.04,4.35,1.8379,1729784346.0,1,10,11917.89,7.2203,0.0,7.2203,28.2926,0.0
89263.06,4.35,1.8178,1729784347.0,1,10,11918.91,7.2208,0.0,7.2208,28.2948,0.0
89264.15,4.35,1.7987,1729784348.0,1,10,11920.0,7.2214,0.0,7.2214,28.2972,0.0
89265.3,4.35,1.7786,1729784350.0,1,10,11921.15,7.222,0.0,7.222,28.2997,0.0
89266.21,4.35,1.7584,1729784351.0,1,10,11922.06,7.2224,0.0,7.2224,28.3016,0.0
89267.61,4.35,1.7381,1729784352.0,1,10,11923.46,7.2231,0.0,7.2231,28.3046,0.0
89268.89,4.35,1.7177,1729784353.0,1,10,11924.74,7.2237,0.0,7.2237,28.3073,0.0
89270.16,4.35,1.6977,1729784354.0,1,10,11926.01,7.2243,0.0,7.2243,28.3099,0.0
89271.53,4.35,1.6773,1729784356.0,1,10,11927.38,7.2249,0.0,7.2249,28.3127,0.0
89273.01,4.35,1.6571,1729784357.0,1,10,11928.86,7.2256,0.0,7.2256,28.3156,0.0
89274.15,4.35,1.6381,1729784358.0,1,10,11930.0,7.2262,0.0,7.2262,28.3179,0.0
89275.58,4.35,1.6178,1729784360.0,1,10,11931.43,7.2268,0.0,7.2268,28.3207,0.0
89277.34,4.35,1.5976,1729784362.0,1,10,11933.19,7.2276,0.0,7.2276,28.3241,0.0
89278.53,4.35,1.5774,1729784363.0,1,10,11934.38,7.2281,0.0,7.2281,28.3264,0.0
89280.14,4.35,1.5573,1729784364.0,1,10,11935.99,7.2288,0.0,7.2288,28.3295,0.0
89281.71,4.35,1.5372,1729784366.0,1,10,11937.56,7.2295,0.0,7.2295,28.3324,0.0
89283.49,4.35,1.517,1729784368.0,1,10,11939.34,7.2302,0.0,7.2302,28.3357,0.0
89284.15,4.35,1.5064,1729784368.0,1,10,11940.0,7.2305,0.0,7.2305,28.3369,0.0
89285.39,4.35,1.4862,1729784370.0,1,10,11941.24,7.231,0.0,7.231,28.3391,0.0
89287.13,4.35,1.466,1729784371.0,1,10,11942.98,7.2317,0.0,7.2317,28.3423,0.0
89289.01,4.35,1.4458,1729784373.0,1,10,11944.86,7.2325,0.0,7.2325,28.3456,0.0
89290.64,4.35,1.4258,1729784375.0,1,10,11946.49,7.2332,0.0,7.2332,28.3484,0.0
89292.73,4.35,1.4056,1729784377.0,1,10,11948.58,7.234,0.0,7.234,28.352,0.0
89294.15,4.35,1.3891,1729784378.0,1,10,11950.0,7.2345,0.0,7.2345,28.3544,0.0
89296.23,4.35,1.369,1729784381.0,1,10,11952.08,7.2353,0.0,7.2353,28.3578,0.0
89297.74,4.35,1.3489,1729784382.0,1,10,11953.59,7.2359,0.0,7.2359,28.3603,0.0
89299.88,4.35,1.3289,1729784384.0,1,10,11955.73,7.2367,0.0,7.2367,28.3638,0.0
89301.71,4.35,1.3086,1729784386.0,1,10,11957.56,7.2374,0.0,7.2374,28.3667,0.0
89303.86,4.35,1.2885,1729784388.0,1,10,11959.71,7.2381,0.0,7.2381,28.3701,0.0
89304.15,4.35,1.2852,1729784388.0,1,10,11960.0,7.2382,0.0,7.2382,28.3705,0.0
89306.32,4.35,1.2651,1729784391.0,1,10,11962.17,7.239,0.0,7.239,28.3739,0.0
89308.49,4.35,1.2449,1729784393.0,1,10,11964.34,7.2398,0.0,7.2398,28.3772,0.0
89310.92,4.35,1.2248,1729784395.0,1,10,11966.77,7.2406,0.0,7.2406,28.3808,0.0
89312.8,4.35,1.2048,1729784397.0,1,10,11968.65,7.2412,0.0,7.2412,28.3835,0.0
89314.15,4.35,1.1937,1729784398.0,1,10,11970.0,7.2417,0.0,7.2417,28.3855,0.0
89316.86,4.35,1.1736,1729784401.0,1,10,11972.71,7.2426,0.0,7.2426,28.3894,0.0
89319.08,4.35,1.1535,1729784403.0,1,10,11974.93,7.2433,0.0,7.2433,28.3925,0.0
89321.39,4.35,1.1335,1729784406.0,1,10,11977.24,7.244,0.0,7.244,28.3957,0.0
89324.0,4.35,1.1133,1729784408.0,1,10,11979.85,7.2448,0.0,7.2448,28.3992,0.0
89324.15,4.35,1.1121,1729784408.0,1,10,11980.0,7.2449,0.0,7.2449,28.3994,0.0
89326.67,4.35,1.0917,1729784411.0,1,10,11982.52,7.2457,0.0,7.2457,28.4028,0.0
89329.71,4.35,1.0716,1729784414.0,1,10,11985.56,7.2466,0.0,7.2466,28.4068,0.0
89331.95,4.35,1.0514,1729784416.0,1,10,11987.8,7.2472,0.0,7.2472,28.4096,0.0
89334.15,4.35,1.0385,1729784418.0,1,10,11990.0,7.2479,0.0,7.2479,28.4124,0.0
89337.04,4.35,1.0185,1729784421.0,1,10,11992.89,7.2487,0.0,7.2487,28.416,0.0
89339.65,4.35,0.9983,1729784424.0,1,10,11995.5,7.2494,0.0,7.2494,28.4192,0.0
89342.82,4.3499,0.9783,1729784427.0,1,10,11998.67,7.2503,0.0,7.2503,28.423,0.0
89344.15,4.35,0.9715,1729784428.0,1,10,12000.0,7.2507,0.0,7.2507,28.4245,0.0
89347.39,4.35,0.9513,1729784432.0,1,10,12003.24,7.2515,0.0,7.2515,28.4283,0.0
89350.81,4.35,0.9311,1729784435.0,1,10,12006.66,7.2524,0.0,7.2524,28.4322,0.0
89353.81,4.35,0.911,1729784438.0,1,10,12009.66,7.2532,0.0,7.2532,28.4355,0.0
89354.15,4.3499,0.9083,1729784438.0,1,10,12010.0,7.2533,0.0,7.2533,28.4359,0.0
89357.95,4.3499,0.8881,1729784442.0,1,10,12013.8,7.2542,0.0,7.2542,28.44,0.0
89361.85,4.35,0.8678,1729784446.0,1,10,12017.7,7.2552,0.0,7.2552,28.4441,0.0
89364.15,4.35,0.8487,1729784448.0,1,10,12020.0,7.2557,0.0,7.2557,28.4465,0.0
89367.82,4.3499,0.8287,1729784452.0,1,10,12023.67,7.2566,0.0,7.2566,28.4503,0.0
89372.07,4.3499,0.8084,1729784456.0,1,10,12027.92,7.2575,0.0,7.2575,28.4545,0.0
89374.15,4.35,0.7988,1729784458.0,1,10,12030.0,7.258,0.0,7.258,28.4565,0.0
89378.89,4.35,0.7788,1729784463.0,1,10,12034.74,7.2591,0.0,7.2591,28.461,0.0
89383.23,4.3499,0.7586,1729784468.0,1,10,12039.08,7.26,0.0,7.26,28.4651,0.0
89384.15,4.3499,0.7568,1729784468.0,1,10,12040.0,7.2602,0.0,7.2602,28.4659,0.0
89387.64,4.35,0.7367,1729784472.0,1,10,12043.49,7.2609,0.0,7.2609,28.469,0.0
89392.36,4.35,0.7165,1729784477.0,1,10,12048.21,7.2619,0.0,7.2619,28.4732,0.0
89394.15,4.35,0.7126,1729784478.0,1,10,12050.0,7.2622,0.0,7.2622,28.4747,0.0
89398.59,4.3499,0.6926,1729784483.0,1,10,12054.44,7.2631,0.0,7.2631,28.4785,0.0
89404.15,4.3499,0.674,1729784488.0,1,10,12060.0,7.2641,0.0,7.2641,28.4831,0.0
89407.84,4.3499,0.655,1729784492.0,1,10,12063.69,7.2648,0.0,7.2648,28.4861,0.0
0.0,4.35,0.0,1729784492.0,1,11,0.0,0.0,0.0,0.0,0.0,0.0
89407.85,4.35,0.0,1729784492.0,1,11,0.01,0.0,0.0,0.0,0.0,0.0
89417.84,4.3454,0.0,1729784502.0,1,11,10.0,0.0,0.0,0.0,0.0,0.0
89427.84,4.3446,0.0,1729784512.0,1,11,20.0,0.0,0.0,0.0,0.0,0.0
89437.84,4.344,0.0,1729784522.0,1,11,30.0,0.0,0.0,0.0,0.0,0.0
89447.84,4.3436,0.0,1729784532.0,1,11,40.0,0.0,0.0,0.0,0.0,0.0
89457.84,4.3432,0.0,1729784542.0,1,11,50.0,0.0,0.0,0.0,0.0,0.0
89467.84,4.3429,0.0,1729784552.0,1,11,60.0,0.0,0.0,0.0,0.0,0.0
89477.84,4.3427,0.0,1729784562.0,1,11,70.0,0.0,0.0,0.0,0.0,0.0
89487.84,4.3424,0.0,1729784572.0,1,11,80.0,0.0,0.0,0.0,0.0,0.0
89497.84,4.3422,0.0,1729784582.0,1,11,90.0,0.0,0.0,0.0,0.0,0.0
89507.84,4.342,0.0,1729784592.0,1,11,100.0,0.0,0.0,0.0,0.0,0.0
89517.84,4.3417,0.0,1729784602.0,1,11,110.0,0.0,0.0,0.0,0.0,0.0
89527.84,4.3415,0.0,1729784612.0,1,11,120.0,0.0,0.0,0.0,0.0,0.0
89537.84,4.3413,0.0,1729784622.0,1,11,130.0,0.0,0.0,0.0,0.0,0.0
89547.84,4.3411,0.0,1729784632.0,1,11,140.0,0.0,0.0,0.0,0.0,0.0
89557.84,4.3409,0.0,1729784642.0,1,11,150.0,0.0,0.0,0.0,0.0,0.0
89567.84,4.3408,0.0,1729784652.0,1,11,160.0,0.0,0.0,0.0,0.0,0.0
89577.84,4.3406,0.0,1729784662.0,1,11,170.0,0.0,0.0,0.0,0.0,0.0
89587.84,4.3404,0.0,1729784672.0,1,11,180.0,0.0,0.0,0.0,0.0,0.0
89597.84,4.3403,0.0,1729784682.0,1,11,190.0,0.0,0.0,0.0,0.0,0.0
89607.84,4.3401,0.0,1729784692.0,1,11,200.0,0.0,0.0,0.0,0.0,0.0
89617.84,4.34,0.0,1729784702.0,1,11,210.0,0.0,0.0,0.0,0.0,0.0
89627.84,4.3398,0.0,1729784712.0,1,11,220.0,0.0,0.0,0.0,0.0,0.0
89637.84,4.3396,0.0,1729784722.0,1,11,230.0,0.0,0.0,0.0,0.0,0.0
89647.84,4.3395,0.0,1729784732.0,1,11,240.0,0.0,0.0,0.0,0.0,0.0
89657.84,4.3394,0.0,1729784742.0,1,11,250.0,0.0,0.0,0.0,0.0,0.0
89667.84,4.3392,0.0,1729784752.0,1,11,260.0,0.0,0.0,0.0,0.0,0.0
89677.84,4.3391,0.0,1729784762.0,1,11,270.0,0.0,0.0,0.0,0.0,0.0
89687.84,4.339,0.0,1729784772.0,1,11,280.0,0.0,0.0,0.0,0.0,0.0
89697.84,4.3388,0.0,1729784782.0,1,11,290.0,0.0,0.0,0.0,0.0,0.0
89707.84,4.3387,0.0,1729784792.0,1,11,300.0,0.0,0.0,0.0,0.0,0.0
89717.84,4.3386,0.0,1729784802.0,1,11,310.0,0.0,0.0,0.0,0.0,0.0
89727.84,4.3385,0.0,1729784812.0,1,11,320.0,0.0,0.0,0.0,0.0,0.0
89737.84,4.3383,0.0,1729784822.0,1,11,330.0,0.0,0.0,0.0,0.0,0.0
89747.84,4.3382,0.0,1729784832.0,1,11,340.0,0.0,0.0,0.0,0.0,0.0
89757.84,4.3381,0.0,1729784842.0,1,11,350.0,0.0,0.0,0.0,0.0,0.0
89767.84,4.338,0.0,1729784852.0,1,11,360.0,0.0,0.0,0.0,0.0,0.0
89777.84,4.3379,0.0,1729784862.0,1,11,370.0,0.0,0.0,0.0,0.0,0.0
89787.84,4.3378,0.0,1729784872.0,1,11,380.0,0.0,0.0,0.0,0.0,0.0
89797.84,4.3376,0.0,1729784882.0,1,11,390.0,0.0,0.0,0.0,0.0,0.0
89807.84,4.3375,0.0,1729784892.0,1,11,400.0,0.0,0.0,0.0,0.0,0.0
89817.84,4.3374,0.0,1729784902.0,1,11,410.0,0.0,0.0,0.0,0.0,0.0
89827.84,4.3373,0.0,1729784912.0,1,11,420.0,0.0,0.0,0.0,0.0,0.0
89837.84,4.3373,0.0,1729784922.0,1,11,430.0,0.0,0.0,0.0,0.0,0.0
89847.84,4.3372,0.0,1729784932.0,1,11,440.0,0.0,0.0,0.0,0.0,0.0
89857.84,4.3371,0.0,1729784942.0,1,11,450.0,0.0,0.0,0.0,0.0,0.0
89867.84,4.337,0.0,1729784952.0,1,11,460.0,0.0,0.0,0.0,0.0,0.0
89877.84,4.3369,0.0,1729784962.0,1,11,470.0,0.0,0.0,0.0,0.0,0.0
89887.84,4.3368,0.0,1729784972.0,1,11,480.0,0.0,0.0,0.0,0.0,0.0
89897.84,4.3367,0.0,1729784982.0,1,11,490.0,0.0,0.0,0.0,0.0,0.0
89907.84,4.3366,0.0,1729784992.0,1,11,500.0,0.0,0.0,0.0,0.0,0.0
89917.84,4.3365,0.0,1729785002.0,1,11,510.0,0.0,0.0,0.0,0.0,0.0
89927.84,4.3365,0.0,1729785012.0,1,11,520.0,0.0,0.0,0.0,0.0,0.0
89937.84,4.3364,0.0,1729785022.0,1,11,530.0,0.0,0.0,0.0,0.0,0.0
89947.84,4.3363,0.0,1729785032.0,1,11,540.0,0.0,0.0,0.0,0.0,0.0
89957.84,4.3362,0.0,1729785042.0,1,11,550.0,0.0,0.0,0.0,0.0,0.0
89967.84,4.3361,0.0,1729785052.0,1,11,560.0,0.0,0.0,0.0,0.0,0.0
89977.84,4.3361,0.0,1729785062.0,1,11,570.0,0.0,0.0,0.0,0.0,0.0
89987.84,4.336,0.0,1729785072.0,1,11,580.0,0.0,0.0,0.0,0.0,0.0
89997.84,4.3359,0.0,1729785082.0,1,11,590.0,0.0,0.0,0.0,0.0,0.0
90007.84,4.3359,0.0,1729785092.0,1,11,600.0,0.0,0.0,0.0,0.0,0.0
90017.84,4.3358,0.0,1729785102.0,1,11,610.0,0.0,0.0,0.0,0.0,0.0
90027.84,4.3357,0.0,1729785112.0,1,11,620.0,0.0,0.0,0.0,0.0,0.0
90037.84,4.3356,0.0,1729785122.0,1,11,630.0,0.0,0.0,0.0,0.0,0.0
90047.84,4.3356,0.0,1729785132.0,1,11,640.0,0.0,0.0,0.0,0.0,0.0
90057.84,4.3355,0.0,1729785142.0,1,11,650.0,0.0,0.0,0.0,0.0,0.0
90067.84,4.3354,0.0,1729785152.0,1,11,660.0,0.0,0.0,0.0,0.0,0.0
90077.84,4.3354,0.0,1729785162.0,1,11,670.0,0.0,0.0,0.0,0.0,0.0
90087.84,4.3353,0.0,1729785172.0,1,11,680.0,0.0,0.0,0.0,0.0,0.0
90097.84,4.3353,0.0,1729785182.0,1,11,690.0,0.0,0.0,0.0,0.0,0.0
90107.84,4.3352,0.0,1729785192.0,1,11,700.0,0.0,0.0,0.0,0.0,0.0
90117.84,4.3351,0.0,1729785202.0,1,11,710.0,0.0,0.0,0.0,0.0,0.0
90127.84,4.3351,0.0,1729785212.0,1,11,720.0,0.0,0.0,0.0,0.0,0.0
90137.84,4.335,0.0,1729785222.0,1,11,730.0,0.0,0.0,0.0,0.0,0.0
90147.84,4.3349,0.0,1729785232.0,1,11,740.0,0.0,0.0,0.0,0.0,0.0
90157.84,4.3349,0.0,1729785242.0,1,11,750.0,0.0,0.0,0.0,0.0,0.0
90167.84,4.3348,0.0,1729785252.0,1,11,760.0,0.0,0.0,0.0,0.0,0.0
90177.84,4.3348,0.0,1729785262.0,1,11,770.0,0.0,0.0,0.0,0.0,0.0
90187.84,4.3347,0.0,1729785272.0,1,11,780.0,0.0,0.0,0.0,0.0,0.0
90197.84,4.3346,0.0,1729785282.0,1,11,790.0,0.0,0.0,0.0,0.0,0.0
90207.84,4.3346,0.0,1729785292.0,1,11,800.0,0.0,0.0,0.0,0.0,0.0
90217.84,4.3346,0.0,1729785302.0,1,11,810.0,0.0,0.0,0.0,0.0,0.0
90227.84,4.3345,0.0,1729785312.0,1,11,820.0,0.0,0.0,0.0,0.0,0.0
90237.84,4.3344,0.0,1729785322.0,1,11,830.0,0.0,0.0,0.0,0.0,0.0
90247.84,4.3344,0.0,1729785332.0,1,11,840.0,0.0,0.0,0.0,0.0,0.0
90257.84,4.3343,0.0,1729785342.0,1,11,850.0,0.0,0.0,0.0,0.0,0.0
90267.84,4.3343,0.0,1729785352.0,1,11,860.0,0.0,0.0,0.0,0.0,0.0
90277.84,4.3342,0.0,1729785362.0,1,11,870.0,0.0,0.0,0.0,0.0,0.0
90287.84,4.3342,0.0,1729785372.0,1,11,880.0,0.0,0.0,0.0,0.0,0.0
90297.84,4.3341,0.0,1729785382.0,1,11,890.0,0.0,0.0,0.0,0.0,0.0
90307.84,4.3341,0.0,1729785392.0,1,11,900.0,0.0,0.0,0.0,0.0,0.0
90317.84,4.334,0.0,1729785402.0,1,11,910.0,0.0,0.0,0.0,0.0,0.0
90327.84,4.334,0.0,1729785412.0,1,11,920.0,0.0,0.0,0.0,0.0,0.0
90337.84,4.3339,0.0,1729785422.0,1,11,930.0,0.0,0.0,0.0,0.0,0.0
90347.84,4.3339,0.0,1729785432.0,1,11,940.0,0.0,0.0,0.0,0.0,0.0
90357.84,4.3338,0.0,1729785442.0,1,11,950.0,0.0,0.0,0.0,0.0,0.0
90367.84,4.3338,0.0,1729785452.0,1,11,960.0,0.0,0.0,0.0,0.0,0.0
90377.84,4.3338,0.0,1729785462.0,1,11,970.0,0.0,0.0,0.0,0.0,0.0
90387.84,4.3337,0.0,1729785472.0,1,11,980.0,0.0,0.0,0.0,0.0,0.0
90397.84,4.3337,0.0,1729785482.0,1,11,990.0,0.0,0.0,0.0,0.0,0.0
90407.84,4.3336,0.0,1729785492.0,1,11,1000.0,0.0,0.0,0.0,0.0,0.0
90417.84,4.3336,0.0,1729785502.0,1,11,1010.0,0.0,0.0,0.0,0.0,0.0
90427.84,4.3335,0.0,1729785512.0,1,11,1020.0,0.0,0.0,0.0,0.0,0.0
90437.84,4.3335,0.0,1729785522.0,1,11,1030.0,0.0,0.0,0.0,0.0,0.0
90447.84,4.3335,0.0,1729785532.0,1,11,1040.0,0.0,0.0,0.0,0.0,0.0
90457.84,4.3334,0.0,1729785542.0,1,11,1050.0,0.0,0.0,0.0,0.0,0.0
90467.84,4.3333,0.0,1729785552.0,1,11,1060.0,0.0,0.0,0.0,0.0,0.0
90477.84,4.3333,0.0,1729785562.0,1,11,1070.0,0.0,0.0,0.0,0.0,0.0
90487.84,4.3333,0.0,1729785572.0,1,11,1080.0,0.0,0.0,0.0,0.0,0.0
90497.84,4.3333,0.0,1729785582.0,1,11,1090.0,0.0,0.0,0.0,0.0,0.0
90507.84,4.3332,0.0,1729785592.0,1,11,1100.0,0.0,0.0,0.0,0.0,0.0
90517.84,4.3331,0.0,1729785602.0,1,11,1110.0,0.0,0.0,0.0,0.0,0.0
90527.84,4.3331,0.0,1729785612.0,1,11,1120.0,0.0,0.0,0.0,0.0,0.0
90537.84,4.3331,0.0,1729785622.0,1,11,1130.0,0.0,0.0,0.0,0.0,0.0
90547.84,4.333,0.0,1729785632.0,1,11,1140.0,0.0,0.0,0.0,0.0,0.0
90557.84,4.333,0.0,1729785642.0,1,11,1150.0,0.0,0.0,0.0,0.0,0.0
90567.84,4.333,0.0,1729785652.0,1,11,1160.0,0.0,0.0,0.0,0.0,0.0
90577.84,4.3329,0.0,1729785662.0,1,11,1170.0,0.0,0.0,0.0,0.0,0.0
90587.84,4.3329,0.0,1729785672.0,1,11,1180.0,0.0,0.0,0.0,0.0,0.0
90597.84,4.3329,0.0,1729785682.0,1,11,1190.0,0.0,0.0,0.0,0.0,0.0
90607.84,4.3328,0.0,1729785692.0,1,11,1200.0,0.0,0.0,0.0,0.0,0.0
90617.84,4.3328,0.0,1729785702.0,1,11,1210.0,0.0,0.0,0.0,0.0,0.0
90627.84,4.3327,0.0,1729785712.0,1,11,1220.0,0.0,0.0,0.0,0.0,0.0
90637.84,4.3327,0.0,1729785722.0,1,11,1230.0,0.0,0.0,0.0,0.0,0.0
90647.84,4.3327,0.0,1729785732.0,1,11,1240.0,0.0,0.0,0.0,0.0,0.0
90657.84,4.3327,0.0,1729785742.0,1,11,1250.0,0.0,0.0,0.0,0.0,0.0
90667.84,4.3326,0.0,1729785752.0,1,11,1260.0,0.0,0.0,0.0,0.0,0.0
90677.84,4.3326,0.0,1729785762.0,1,11,1270.0,0.0,0.0,0.0,0.0,0.0
90687.84,4.3326,0.0,1729785772.0,1,11,1280.0,0.0,0.0,0.0,0.0,0.0
90697.84,4.3325,0.0,1729785782.0,1,11,1290.0,0.0,0.0,0.0,0.0,0.0
90707.84,4.3325,0.0,1729785792.0,1,11,1300.0,0.0,0.0,0.0,0.0,0.0
90717.84,4.3325,0.0,1729785802.0,1,11,1310.0,0.0,0.0,0.0,0.0,0.0
90727.84,4.3324,0.0,1729785812.0,1,11,1320.0,0.0,0.0,0.0,0.0,0.0
90737.84,4.3324,0.0,1729785822.0,1,11,1330.0,0.0,0.0,0.0,0.0,0.0
90747.84,4.3324,0.0,1729785832.0,1,11,1340.0,0.0,0.0,0.0,0.0,0.0
90757.84,4.3323,0.0,1729785842.0,1,11,1350.0,0.0,0.0,0.0,0.0,0.0
90767.84,4.3323,0.0,1729785852.0,1,11,1360.0,0.0,0.0,0.0,0.0,0.0
90777.84,4.3323,0.0,1729785862.0,1,11,1370.0,0.0,0.0,0.0,0.0,0.0
90787.84,4.3323,0.0,1729785872.0,1,11,1380.0,0.0,0.0,0.0,0.0,0.0
90797.84,4.3322,0.0,1729785882.0,1,11,1390.0,0.0,0.0,0.0,0.0,0.0
90807.84,4.3322,0.0,1729785892.0,1,11,1400.0,0.0,0.0,0.0,0.0,0.0
90817.84,4.3322,0.0,1729785902.0,1,11,1410.0,0.0,0.0,0.0,0.0,0.0
90827.84,4.3321,0.0,1729785912.0,1,11,1420.0,0.0,0.0,0.0,0.0,0.0
90837.84,4.3321,0.0,1729785922.0,1,11,1430.0,0.0,0.0,0.0,0.0,0.0
90847.84,4.3321,0.0,1729785932.0,1,11,1440.0,0.0,0.0,0.0,0.0,0.0
90857.84,4.3321,0.0,1729785942.0,1,11,1450.0,0.0,0.0,0.0,0.0,0.0
90867.84,4.332,0.0,1729785952.0,1,11,1460.0,0.0,0.0,0.0,0.0,0.0
90877.84,4.332,0.0,1729785962.0,1,11,1470.0,0.0,0.0,0.0,0.0,0.0
90887.84,4.332,0.0,1729785972.0,1,11,1480.0,0.0,0.0,0.0,0.0,0.0
90897.84,4.3319,0.0,1729785982.0,1,11,1490.0,0.0,0.0,0.0,0.0,0.0
90907.84,4.3319,0.0,1729785992.0,1,11,1500.0,0.0,0.0,0.0,0.0,0.0
90917.84,4.3319,0.0,1729786002.0,1,11,1510.0,0.0,0.0,0.0,0.0,0.0
90927.84,4.3319,0.0,1729786012.0,1,11,1520.0,0.0,0.0,0.0,0.0,0.0
90937.84,4.3318,0.0,1729786022.0,1,11,1530.0,0.0,0.0,0.0,0.0,0.0
90947.84,4.3318,0.0,1729786032.0,1,11,1540.0,0.0,0.0,0.0,0.0,0.0
90957.84,4.3318,0.0,1729786042.0,1,11,1550.0,0.0,0.0,0.0,0.0,0.0
90967.84,4.3318,0.0,1729786052.0,1,11,1560.0,0.0,0.0,0.0,0.0,0.0
90977.84,4.3317,0.0,1729786062.0,1,11,1570.0,0.0,0.0,0.0,0.0,0.0
90987.84,4.3317,0.0,1729786072.0,1,11,1580.0,0.0,0.0,0.0,0.0,0.0
90997.84,4.3317,0.0,1729786082.0,1,11,1590.0,0.0,0.0,0.0,0.0,0.0
91007.84,4.3317,0.0,1729786092.0,1,11,1600.0,0.0,0.0,0.0,0.0,0.0
91017.84,4.3317,0.0,1729786102.0,1,11,1610.0,0.0,0.0,0.0,0.0,0.0
91027.84,4.3316,0.0,1729786112.0,1,11,1620.0,0.0,0.0,0.0,0.0,0.0
91037.84,4.3316,0.0,1729786122.0,1,11,1630.0,0.0,0.0,0.0,0.0,0.0
91047.84,4.3316,0.0,1729786132.0,1,11,1640.0,0.0,0.0,0.0,0.0,0.0
91057.84,4.3315,0.0,1729786142.0,1,11,1650.0,0.0,0.0,0.0,0.0,0.0
91067.84,4.3315,0.0,1729786152.0,1,11,1660.0,0.0,0.0,0.0,0.0,0.0
91077.84,4.3315,0.0,1729786162.0,1,11,1670.0,0.0,0.0,0.0,0.0,0.0
91087.84,4.3314,0.0,1729786172.0,1,11,1680.0,0.0,0.0,0.0,0.0,0.0
91097.84,4.3315,0.0,1729786182.0,1,11,1690.0,0.0,0.0,0.0,0.0,0.0
91107.84,4.3314,0.0,1729786192.0,1,11,1700.0,0.0,0.0,0.0,0.0,0.0
91117.84,4.3314,0.0,1729786202.0,1,11,1710.0,0.0,0.0,0.0,0.0,0.0
91127.84,4.3313,0.0,1729786212.0,1,11,1720.0,0.0,0.0,0.0,0.0,0.0
91137.84,4.3313,0.0,1729786222.0,1,11,1730.0,0.0,0.0,0.0,0.0,0.0
91147.84,4.3313,0.0,1729786232.0,1,11,1740.0,0.0,0.0,0.0,0.0,0.0
91157.84,4.3313,0.0,1729786242.0,1,11,1750.0,0.0,0.0,0.0,0.0,0.0
91167.84,4.3313,0.0,1729786252.0,1,11,1760.0,0.0,0.0,0.0,0.0,0.0
91177.84,4.3313,0.0,1729786262.0,1,11,1770.0,0.0,0.0,0.0,0.0,0.0
91187.84,4.3313,0.0,1729786272.0,1,11,1780.0,0.0,0.0,0.0,0.0,0.0
91197.84,4.3312,0.0,1729786282.0,1,11,1790.0,0.0,0.0,0.0,0.0,0.0
91207.84,4.3312,0.0,1729786292.0,1,11,1800.0,0.0,0.0,0.0,0.0,0.0
0.0,4.3312,-13.0994,1729786292.0,1,12,0.0,0.0,0.0,0.0,0.0,0.0
91207.85,4.3312,-13.0994,1729786292.0,1,12,0.01,0.0,0.0,0.0,0.0,0.0002
91207.87,4.3095,-13.0992,1729786292.0,1,12,0.03,0.0,0.0001,0.0001,0.0,0.0005
91208.04,4.2895,-13.1001,1729786292.0,1,12,0.2,0.0,0.0007,0.0007,0.0,0.0031
91211.7,4.2695,-13.1006,1729786296.0,1,12,3.86,0.0,0.014,0.014,0.0,0.0601
91217.52,4.2495,-13.1006,1729786302.0,1,12,9.68,0.0,0.0352,0.0352,0.0,0.1503
91217.84,4.2486,-13.1005,1729786302.0,1,12,10.0,0.0,0.0364,0.0364,0.0,0.1553
91225.88,4.2286,-13.1005,1729786310.0,1,12,18.04,0.0,0.0656,0.0656,0.0,0.2793
91227.84,4.2245,-13.1005,1729786312.0,1,12,20.0,0.0,0.0728,0.0728,0.0,0.3094
91237.84,4.2067,-13.1005,1729786322.0,1,12,30.0,0.0,0.1092,0.1092,0.0,0.4628
91247.84,4.1928,-13.1006,1729786332.0,1,12,40.0,0.0,0.1456,0.1456,0.0,0.6156
91257.84,4.1813,-13.1005,1729786342.0,1,12,50.0,0.0,0.182,0.182,0.0,0.768
91267.84,4.1716,-13.1004,1729786352.0,1,12,60.0,0.0,0.2183,0.2183,0.0,0.92
91277.84,4.163,-13.1005,1729786362.0,1,12,70.0,0.0,0.2547,0.2547,0.0,1.0716
91287.84,4.1553,-13.1004,1729786372.0,1,12,80.0,0.0,0.2911,0.2911,0.0,1.223
91297.84,4.1482,-13.1004,1729786382.0,1,12,90.0,0.0,0.3275,0.3275,0.0,1.374
91307.84,4.1415,-13.1006,1729786392.0,1,12,100.0,0.0,0.3639,0.3639,0.0,1.5249
91317.84,4.1352,-13.1006,1729786402.0,1,12,110.0,0.0,0.4003,0.4003,0.0,1.6755
91327.84,4.129,-13.1004,1729786412.0,1,12,120.0,0.0,0.4367,0.4367,0.0,1.8258
91337.84,4.1231,-13.1006,1729786422.0,1,12,130.0,0.0,0.4731,0.4731,0.0,1.976
91347.84,4.1172,-13.1005,1729786432.0,1,12,140.0,0.0,0.5095,0.5095,0.0,2.1259
91357.84,4.1116,-13.1005,1729786442.0,1,12,150.0,0.0,0.5459,0.5459,0.0,2.2756
91367.84,4.106,-13.1004,1729786452.0,1,12,160.0,0.0,0.5822,0.5822,0.0,2.4251
91377.84,4.1004,-13.1005,1729786462.0,1,12,170.0,0.0,0.6186,0.6186,0.0,2.5745
91387.84,4.095,-13.1004,1729786472.0,1,12,180.0,0.0,0.655,0.655,0.0,2.7236
91397.84,4.0896,-13.1004,1729786482.0,1,12,190.0,0.0,0.6914,0.6914,0.0,2.8725
91407.84,4.0842,-13.1005,1729786492.0,1,12,200.0,0.0,0.7278,0.7278,0.0,3.0212
91417.84,4.0789,-13.1005,1729786502.0,1,12,210.0,0.0,0.7642,0.7642,0.0,3.1698
91427.84,4.0735,-13.1005,1729786512.0,1,12,220.0,0.0,0.8006,0.8006,0.0,3.3181
91437.84,4.0682,-13.1005,1729786522.0,1,12,230.0,0.0,0.837,0.837,0.0,3.4662
91447.84,4.0629,-13.1006,1729786532.0,1,12,240.0,0.0,0.8734,0.8734,0.0,3.6142
91457.84,4.0576,-13.1005,1729786542.0,1,12,250.0,0.0,0.9098,0.9098,0.0,3.7619
91467.84,4.0523,-13.1005,1729786552.0,1,12,260.0,0.0,0.9461,0.9461,0.0,3.9095
91477.84,4.0471,-13.1004,1729786562.0,1,12,270.0,0.0,0.9825,0.9825,0.0,4.0569
91487.84,4.0418,-13.1005,1729786572.0,1,12,280.0,0.0,1.0189,1.0189,0.0,4.204
91497.84,4.0365,-13.1004,1729786582.0,1,12,290.0,0.0,1.0553,1.0553,0.0,4.351
91507.84,4.0314,-13.1006,1729786592.0,1,12,300.0,0.0,1.0917,1.0917,0.0,4.4978
91517.84,4.0263,-13.1006,1729786602.0,1,12,310.0,0.0,1.1281,1.1281,0.0,4.6444
91527.84,4.0213,-13.1005,1729786612.0,1,12,320.0,0.0,1.1645,1.1645,0.0,4.7909
91537.84,4.0167,-13.1005,1729786622.0,1,12,330.0,0.0,1.2009,1.2009,0.0,4.9371
91547.84,4.0124,-13.1006,1729786632.0,1,12,340.0,0.0,1.2373,1.2373,0.0,5.0832
91557.84,4.0083,-13.1006,1729786642.0,1,12,350.0,0.0,1.2737,1.2737,0.0,5.2291
91567.84,4.0043,-13.1007,1729786652.0,1,12,360.0,0.0,1.31,1.31,0.0,5.3749
91577.84,4.0003,-13.1005,1729786662.0,1,12,370.0,0.0,1.3464,1.3464,0.0,5.5206
91587.84,3.9961,-13.1005,1729786672.0,1,12,380.0,0.0,1.3828,1.3828,0.0,5.6661
91597.84,3.9917,-13.1005,1729786682.0,1,12,390.0,0.0,1.4192,1.4192,0.0,5.8114
91607.84,3.9871,-13.1006,1729786692.0,1,12,400.0,0.0,1.4556,1.4556,0.0,5.9566
91617.84,3.9821,-13.1005,1729786702.0,1,12,410.0,0.0,1.492,1.492,0.0,6.1016
91627.84,3.9764,-13.1005,1729786712.0,1,12,420.0,0.0,1.5284,1.5284,0.0,6.2464
91637.84,3.97,-13.1004,1729786722.0,1,12,430.0,0.0,1.5648,1.5648,0.0,6.391
91647.84,3.9628,-13.1005,1729786732.0,1,12,440.0,0.0,1.6012,1.6012,0.0,6.5353
91657.84,3.955,-13.1006,1729786742.0,1,12,450.0,0.0,1.6376,1.6376,0.0,6.6794
91667.84,3.947,-13.1005,1729786752.0,1,12,460.0,0.0,1.674,1.674,0.0,6.8232
91677.84,3.9393,-13.1005,1729786762.0,1,12,470.0,0.0,1.7103,1.7103,0.0,6.9667
91687.84,3.932,-13.1005,1729786772.0,1,12,480.0,0.0,1.7467,1.7467,0.0,7.1099
91697.84,3.9253,-13.1005,1729786782.0,1,12,490.0,0.0,1.7831,1.7831,0.0,7.2528
91707.84,3.9191,-13.1005,1729786792.0,1,12,500.0,0.0,1.8195,1.8195,0.0,7.3956
91717.84,3.9135,-13.1005,1729786802.0,1,12,510.0,0.0,1.8559,1.8559,0.0,7.5381
91727.84,3.9083,-13.1005,1729786812.0,1,12,520.0,0.0,1.8923,1.8923,0.0,7.6804
91737.84,3.9035,-13.1005,1729786822.0,1,12,530.0,0.0,1.9287,1.9287,0.0,7.8225
91747.84,3.8991,-13.1005,1729786832.0,1,12,540.0,0.0,1.9651,1.9651,0.0,7.9645
91757.84,3.8949,-13.1005,1729786842.0,1,12,550.0,0.0,2.0015,2.0015,0.0,8.1063
91767.84,3.8909,-13.1004,1729786852.0,1,12,560.0,0.0,2.0379,2.0379,0.0,8.248
91777.84,3.887,-13.1005,1729786862.0,1,12,570.0,0.0,2.0742,2.0742,0.0,8.3895
91787.84,3.8833,-13.1005,1729786872.0,1,12,580.0,0.0,2.1106,2.1106,0.0,8.5309
91797.84,3.8796,-13.1005,1729786882.0,1,12,590.0,0.0,2.147,2.147,0.0,8.6721
91807.84,3.8759,-13.1005,1729786892.0,1,12,600.0,0.0,2.1834,2.1834,0.0,8.8132
91817.84,3.8723,-13.1005,1729786902.0,1,12,610.0,0.0,2.2198,2.2198,0.0,8.9542
91827.84,3.8687,-13.1005,1729786912.0,1,12,620.0,0.0,2.2562,2.2562,0.0,9.0951
91837.84,3.8651,-13.1006,1729786922.0,1,12,630.0,0.0,2.2926,2.2926,0.0,9.2358
91847.84,3.8616,-13.1005,1729786932.0,1,12,640.0,0.0,2.329,2.329,0.0,9.3764
91857.84,3.8581,-13.1005,1729786942.0,1,12,650.0,0.0,2.3654,2.3654,0.0,9.5168
91867.84,3.8546,-13.1006,1729786952.0,1,12,660.0,0.0,2.4018,2.4018,0.0,9.6572
91877.84,3.8511,-13.1006,1729786962.0,1,12,670.0,0.0,2.4381,2.4381,0.0,9.7974
91887.84,3.8476,-13.1005,1729786972.0,1,12,680.0,0.0,2.4745,2.4745,0.0,9.9375
91897.84,3.8441,-13.1005,1729786982.0,1,12,690.0,0.0,2.5109,2.5109,0.0,10.0774
91907.84,3.8407,-13.1005,1729786992.0,1,12,700.0,0.0,2.5473,2.5473,0.0,10.2172
91917.84,3.8372,-13.1005,1729787002.0,1,12,710.0,0.0,2.5837,2.5837,0.0,10.3569
91927.84,3.8337,-13.1005,1729787012.0,1,12,720.0,0.0,2.6201,2.6201,0.0,10.4965
91937.84,3.8303,-13.1005,1729787022.0,1,12,730.0,0.0,2.6565,2.6565,0.0,10.6359
91947.84,3.8269,-13.1005,1729787032.0,1,12,740.0,0.0,2.6929,2.6929,0.0,10.7753
91957.84,3.8235,-13.1005,1729787042.0,1,12,750.0,0.0,2.7293,2.7293,0.0,10.9145
91967.84,3.8202,-13.1005,1729787052.0,1,12,760.0,0.0,2.7657,2.7657,0.0,11.0536
91977.84,3.8169,-13.1005,1729787062.0,1,12,770.0,0.0,2.8021,2.8021,0.0,11.1925
91987.84,3.8137,-13.1006,1729787072.0,1,12,780.0,0.0,2.8384,2.8384,0.0,11.3313
91997.84,3.8104,-13.1005,1729787082.0,1,12,790.0,0.0,2.8748,2.8748,0.0,11.4701
92007.84,3.8072,-13.1004,1729787092.0,1,12,800.0,0.0,2.9112,2.9112,0.0,11.6087
92017.84,3.804,-13.1005,1729787102.0,1,12,810.0,0.0,2.9476,2.9476,0.0,11.7472
92027.84,3.8009,-13.1004,1729787112.0,1,12,820.0,0.0,2.984,2.984,0.0,11.8855
92037.84,3.7979,-13.1005,1729787122.0,1,12,830.0,0.0,3.0204,3.0204,0.0,12.0238
92047.84,3.7948,-13.1004,1729787132.0,1,12,840.0,0.0,3.0568,3.0568,0.0,12.1619
92057.84,3.7918,-13.1005,1729787142.0,1,12,850.0,0.0,3.0932,3.0932,0.0,12.3
92067.84,3.7889,-13.1005,1729787152.0,1,12,860.0,0.0,3.1296,3.1296,0.0,12.4379
92077.84,3.7859,-13.1004,1729787162.0,1,12,870.0,0.0,3.166,3.166,0.0,12.5757
92087.84,3.7831,-13.1005,1729787172.0,1,12,880.0,0.0,3.2023,3.2023,0.0,12.7135
92097.84,3.7802,-13.1005,1729787182.0,1,12,890.0,0.0,3.2387,3.2387,0.0,12.8511
92107.84,3.7775,-13.1003,1729787192.0,1,12,900.0,0.0,3.2751,3.2751,0.0,12.9886
92117.84,3.7747,-13.1003,1729787202.0,1,12,910.0,0.0,3.3115,3.3115,0.0,13.126
92127.84,3.772,-13.1004,1729787212.0,1,12,920.0,0.0,3.3479,3.3479,0.0,13.2633
92137.84,3.7693,-13.1004,1729787222.0,1,12,930.0,0.0,3.3843,3.3843,0.0,13.4005
92147.84,3.7666,-13.1006,1729787232.0,1,12,940.0,0.0,3.4207,3.4207,0.0,13.5376
92157.84,3.764,-13.1005,1729787242.0,1,12,950.0,0.0,3.4571,3.4571,0.0,13.6747
92167.84,3.7614,-13.1005,1729787252.0,1,12,960.0,0.0,3.4935,3.4935,0.0,13.8116
92177.84,3.7589,-13.1005,1729787262.0,1,12,970.0,0.0,3.5299,3.5299,0.0,13.9484
92187.84,3.7564,-13.1005,1729787272.0,1,12,980.0,0.0,3.5662,3.5662,0.0,14.0851
92197.84,3.7539,-13.1005,1729787282.0,1,12,990.0,0.0,3.6026,3.6026,0.0,14.2218
92207.84,3.7515,-13.1006,1729787292.0,1,12,1000.0,0.0,3.639,3.639,0.0,14.3584
92217.84,3.7491,-13.1005,1729787302.0,1,12,1010.0,0.0,3.6754,3.6754,0.0,14.4948
92227.84,3.7467,-13.1004,1729787312.0,1,12,1020.0,0.0,3.7118,3.7118,0.0,14.6312
92237.84,3.7444,-13.1004,1729787322.0,1,12,1030.0,0.0,3.7482,3.7482,0.0,14.7675
92247.84,3.7421,-13.1005,1729787332.0,1,12,1040.0,0.0,3.7846,3.7846,0.0,14.9037
92257.84,3.7398,-13.1005,1729787342.0,1,12,1050.0,0.0,3.821,3.821,0.0,15.0399
92267.84,3.7376,-13.1006,1729787352.0,1,12,1060.0,0.0,3.8574,3.8574,0.0,15.1759
92277.84,3.7354,-13.1005,1729787362.0,1,12,1070.0,0.0,3.8938,3.8938,0.0,15.3119
92287.84,3.7333,-13.1005,1729787372.0,1,12,1080.0,0.0,3.9301,3.9301,0.0,15.4478
92297.84,3.7311,-13.1005,1729787382.0,1,12,1090.0,0.0,3.9665,3.9665,0.0,15.5836
92307.84,3.7291,-13.1005,1729787392.0,1,12,1100.0,0.0,4.0029,4.0029,0.0,15.7193
92317.84,3.727,-13.1005,1729787402.0,1,12,1110.0,0.0,4.0393,4.0393,0.0,15.855
92327.84,3.725,-13.1005,1729787412.0,1,12,1120.0,0.0,4.0757,4.0757,0.0,15.9906
92337.84,3.723,-13.1005,1729787422.0,1,12,1130.0,0.0,4.1121,4.1121,0.0,16.1261
92347.84,3.7211,-13.1004,1729787432.0,1,12,1140.0,0.0,4.1485,4.1485,0.0,16.2616
92357.84,3.7192,-13.1003,1729787442.0,1,12,1150.0,0.0,4.1849,4.1849,0.0,16.3969
92367.84,3.7173,-13.1004,1729787452.0,1,12,1160.0,0.0,4.2213,4.2213,0.0,16.5322
92377.84,3.7154,-13.1004,1729787462.0,1,12,1170.0,0.0,4.2577,4.2577,0.0,16.6675
92387.84,3.7137,-13.1005,1729787472.0,1,12,1180.0,0.0,4.294,4.294,0.0,16.8027
92397.84,3.7119,-13.1003,1729787482.0,1,12,1190.0,0.0,4.3304,4.3304,0.0,16.9378
92407.84,3.7102,-13.1005,1729787492.0,1,12,1200.0,0.0,4.3668,4.3668,0.0,17.0728
92417.84,3.7086,-13.1005,1729787502.0,1,12,1210.0,0.0,4.4032,4.4032,0.0,17.2078
92427.84,3.707,-13.1005,1729787512.0,1,12,1220.0,0.0,4.4396,4.4396,0.0,17.3427
92437.84,3.7055,-13.1005,1729787522.0,1,12,1230.0,0.0,4.476,4.476,0.0,17.4776
92447.84,3.704,-13.1005,1729787532.0,1,12,1240.0,0.0,4.5124,4.5124,0.0,17.6124
92457.84,3.7026,-13.1004,1729787542.0,1,12,1250.0,0.0,4.5488,4.5488,0.0,17.7472
92467.84,3.7013,-13.1005,1729787552.0,1,12,1260.0,0.0,4.5852,4.5852,0.0,17.8819
92477.84,3.7,-13.1004,1729787562.0,1,12,1270.0,0.0,4.6216,4.6216,0.0,18.0166
92487.84,3.6987,-13.1005,1729787572.0,1,12,1280.0,0.0,4.6579,4.6579,0.0,18.1512
92497.84,3.6975,-13.1005,1729787582.0,1,12,1290.0,0.0,4.6943,4.6943,0.0,18.2858
92507.84,3.6963,-13.1005,1729787592.0,1,12,1300.0,0.0,4.7307,4.7307,0.0,18.4203
92517.84,3.6951,-13.1006,1729787602.0,1,12,1310.0,0.0,4.7671,4.7671,0.0,18.5548
92527.84,3.6938,-13.1005,1729787612.0,1,12,1320.0,0.0,4.8035,4.8035,0.0,18.6892
92537.84,3.6926,-13.1005,1729787622.0,1,12,1330.0,0.0,4.8399,4.8399,0.0,18.8236
92547.84,3.6914,-13.1003,1729787632.0,1,12,1340.0,0.0,4.8763,4.8763,0.0,18.958
92557.84,3.6902,-13.1004,1729787642.0,1,12,1350.0,0.0,4.9127,4.9127,0.0,19.0923
92567.84,3.6889,-13.1005,1729787652.0,1,12,1360.0,0.0,4.9491,4.9491,0.0,19.2265
92577.84,3.6877,-13.1004,1729787662.0,1,12,1370.0,0.0,4.9855,4.9855,0.0,19.3608
92587.84,3.6865,-13.1005,1729787672.0,1,12,1380.0,0.0,5.0219,5.0219,0.0,19.4949
92597.84,3.6852,-13.1006,1729787682.0,1,12,1390.0,0.0,5.0582,5.0582,0.0,19.6291
92607.84,3.6839,-13.1003,1729787692.0,1,12,1400.0,0.0,5.0946,5.0946,0.0,19.7631
92617.84,3.6826,-13.1005,1729787702.0,1,12,1410.0,0.0,5.131,5.131,0.0,19.8972
92627.84,3.6813,-13.1005,1729787712.0,1,12,1420.0,0.0,5.1674,5.1674,0.0,20.0312
92637.84,3.6799,-13.1004,1729787722.0,1,12,1430.0,0.0,5.2038,5.2038,0.0,20.1651
92647.84,3.6786,-13.1005,1729787732.0,1,12,1440.0,0.0,5.2402,5.2402,0.0,20.299
92657.84,3.6772,-13.1005,1729787742.0,1,12,1450.0,0.0,5.2766,5.2766,0.0,20.4328
92667.84,3.6758,-13.1003,1729787752.0,1,12,1460.0,0.0,5.313,5.313,0.0,20.5666
92677.84,3.6744,-13.1004,1729787762.0,1,12,1470.0,0.0,5.3494,5.3494,0.0,20.7004
92687.84,3.673,-13.1005,1729787772.0,1,12,1480.0,0.0,5.3858,5.3858,0.0,20.834
92697.84,3.6715,-13.1004,1729787782.0,1,12,1490.0,0.0,5.4221,5.4221,0.0,20.9677
92707.84,3.67,-13.1004,1729787792.0,1,12,1500.0,0.0,5.4585,5.4585,0.0,21.1013
92717.84,3.6685,-13.1005,1729787802.0,1,12,1510.0,0.0,5.4949,5.4949,0.0,21.2348
92727.84,3.6669,-13.1005,1729787812.0,1,12,1520.0,0.0,5.5313,5.5313,0.0,21.3683
92737.84,3.6654,-13.1004,1729787822.0,1,12,1530.0,0.0,5.5677,5.5677,0.0,21.5017
92747.84,3.6637,-13.1004,1729787832.0,1,12,1540.0,0.0,5.6041,5.6041,0.0,21.635
92757.84,3.662,-13.1005,1729787842.0,1,12,1550.0,0.0,5.6405,5.6405,0.0,21.7683
92767.84,3.6603,-13.1004,1729787852.0,1,12,1560.0,0.0,5.6769,5.6769,0.0,21.9015
92777.84,3.6585,-13.1003,1729787862.0,1,12,1570.0,0.0,5.7133,5.7133,0.0,22.0347
92787.84,3.6567,-13.1005,1729787872.0,1,12,1580.0,0.0,5.7497,5.7497,0.0,22.1678
92797.84,3.6548,-13.1005,1729787882.0,1,12,1590.0,0.0,5.786,5.786,0.0,22.3009
92807.84,3.6528,-13.1004,1729787892.0,1,12,1600.0,0.0,5.8224,5.8224,0.0,22.4338
92817.84,3.6507,-13.1005,1729787902.0,1,12,1610.0,0.0,5.8588,5.8588,0.0,22.5667
92827.84,3.6486,-13.1004,1729787912.0,1,12,1620.0,0.0,5.8952,5.8952,0.0,22.6995
92837.84,3.6465,-13.1005,1729787922.0,1,12,1630.0,0.0,5.9316,5.9316,0.0,22.8323
92847.84,3.6443,-13.1004,1729787932.0,1,12,1640.0,0.0,5.968,5.968,0.0,22.9649
92857.84,3.6421,-13.1004,1729787942.0,1,12,1650.0,0.0,6.0044,6.0044,0.0,23.0975
92867.84,3.6399,-13.1005,1729787952.0,1,12,1660.0,0.0,6.0408,6.0408,0.0,23.23
92877.84,3.6377,-13.1006,1729787962.0,1,12,1670.0,0.0,6.0772,6.0772,0.0,23.3624
92887.84,3.6354,-13.1005,1729787972.0,1,12,1680.0,0.0,6.1136,6.1136,0.0,23.4947
92897.84,3.6332,-13.1004,1729787982.0,1,12,1690.0,0.0,6.1499,6.1499,0.0,23.627
92907.84,3.631,-13.1003,1729787992.0,1,12,1700.0,0.0,6.1863,6.1863,0.0,23.7592
92917.84,3.6288,-13.1004,1729788002.0,1,12,1710.0,0.0,6.2227,6.2227,0.0,23.8913
92927.84,3.6266,-13.1004,1729788012.0,1,12,1720.0,0.0,6.2591,6.2591,0.0,24.0233
92937.84,3.6243,-13.1004,1729788022.0,1,12,1730.0,0.0,6.2955,6.2955,0.0,24.1552
92947.84,3.622,-13.1005,1729788032.0,1,12,1740.0,0.0,6.3319,6.3319,0.0,24.287
92957.84,3.6196,-13.1004,1729788042.0,1,12,1750.0,0.0,6.3683,6.3683,0.0,24.4188
92967.84,3.6172,-13.1006,1729788052.0,1,12,1760.0,0.0,6.4047,6.4047,0.0,24.5505
92977.84,3.6146,-13.1005,1729788062.0,1,12,1770.0,0.0,6.4411,6.4411,0.0,24.6821
92987.84,3.6119,-13.1006,1729788072.0,1,12,1780.0,0.0,6.4775,6.4775,0.0,24.8136
92997.84,3.6091,-13.1005,1729788082.0,1,12,1790.0,0.0,6.5138,6.5138,0.0,24.9449
93007.84,3.6061,-13.1004,1729788092.0,1,12,1800.0,0.0,6.5502,6.5502,0.0,25.0762
93017.84,3.6027,-13.1003,1729788102.0,1,12,1810.0,0.0,6.5866,6.5866,0.0,25.2074
93027.84,3.599,-13.1004,1729788112.0,1,12,1820.0,0.0,6.623,6.623,0.0,25.3384
93037.84,3.5948,-13.1005,1729788122.0,1,12,1830.0,0.0,6.6594,6.6594,0.0,25.4693
93047.84,3.5899,-13.1003,1729788132.0,1,12,1840.0,0.0,6.6958,6.6958,0.0,25.6
93057.84,3.5839,-13.1004,1729788142.0,1,12,1850.0,0.0,6.7322,6.7322,0.0,25.7306
93067.84,3.5765,-13.1005,1729788152.0,1,12,1860.0,0.0,6.7686,6.7686,0.0,25.8609
93077.84,3.5672,-13.1003,1729788162.0,1,12,1870.0,0.0,6.805,6.805,0.0,25.9909
93087.84,3.5555,-13.1005,1729788172.0,1,12,1880.0,0.0,6.8414,6.8414,0.0,26.1205
93097.84,3.5411,-13.1005,1729788182.0,1,12,1890.0,0.0,6.8778,6.8778,0.0,26.2496
93107.84,3.5237,-13.1003,1729788192.0,1,12,1900.0,0.0,6.9141,6.9141,0.0,26.3781
93117.53,3.5037,-13.1005,1729788202.0,1,12,1909.69,0.0,6.9494,6.9494,0.0,26.5021
93117.84,3.503,-13.1005,1729788202.0,1,12,1910.0,0.0,6.9505,6.9505,0.0,26.506
93126.17,3.483,-13.1005,1729788211.0,1,12,1918.33,0.0,6.9808,6.9808,0.0,26.6119
93127.84,3.4787,-13.1006,1729788212.0,1,12,1920.0,0.0,6.9869,6.9869,0.0,26.633
93134.97,3.4587,-13.1004,1729788219.0,1,12,1927.13,0.0,7.0129,7.0129,0.0,26.7231
93137.84,3.45,-13.1004,1729788222.0,1,12,1930.0,0.0,7.0233,7.0233,0.0,26.7591
93143.9,3.43,-13.1004,1729788228.0,1,12,1936.06,0.0,7.0454,7.0454,0.0,26.835
93147.84,3.4158,-13.1005,1729788232.0,1,12,1940.0,0.0,7.0597,7.0597,0.0,26.8841
93152.93,3.3958,-13.1005,1729788237.0,1,12,1945.09,0.0,7.0782,7.0782,0.0,26.9472
93157.55,3.3758,-13.1005,1729788242.0,1,12,1949.71,0.0,7.095,7.095,0.0,27.0041
93157.84,3.3745,-13.1003,1729788242.0,1,12,1950.0,0.0,7.0961,7.0961,0.0,27.0077
93162.01,3.3545,-13.1004,1729788246.0,1,12,1954.17,0.0,7.1113,7.1113,0.0,27.0587
93165.8,3.3345,-13.1004,1729788250.0,1,12,1957.96,0.0,7.1251,7.1251,0.0,27.1048
93167.84,3.3229,-13.1003,1729788252.0,1,12,1960.0,0.0,7.1325,7.1325,0.0,27.1295
93171.13,3.3029,-13.1005,1729788255.0,1,12,1963.29,0.0,7.1445,7.1445,0.0,27.1692
93174.12,3.2829,-13.1004,1729788258.0,1,12,1966.28,0.0,7.1553,7.1553,0.0,27.205
93176.87,3.2629,-13.1004,1729788261.0,1,12,1969.03,0.0,7.1653,7.1653,0.0,27.2378
93177.84,3.2553,-13.1004,1729788262.0,1,12,1970.0,0.0,7.1689,7.1689,0.0,27.2493
93180.26,3.2353,-13.1005,1729788265.0,1,12,1972.42,0.0,7.1777,7.1777,0.0,27.2779
93182.47,3.2153,-13.1004,1729788267.0,1,12,1974.63,0.0,7.1857,7.1857,0.0,27.3038
93184.5,3.1952,-13.1003,1729788269.0,1,12,1976.66,0.0,7.1931,7.1931,0.0,27.3275
93186.36,3.1752,-13.1005,1729788271.0,1,12,1978.52,0.0,7.1999,7.1999,0.0,27.3491
93187.84,3.1579,-13.1003,1729788272.0,1,12,1980.0,0.0,7.2053,7.2053,0.0,27.3661
93189.41,3.1379,-13.1004,1729788274.0,1,12,1981.57,0.0,7.211,7.211,0.0,27.3841
93190.84,3.1179,-13.1004,1729788275.0,1,12,1983.0,0.0,7.2162,7.2162,0.0,27.4004
93192.14,3.0979,-13.1002,1729788276.0,1,12,1984.3,0.0,7.2209,7.2209,0.0,27.4151
93193.3,3.0779,-13.1002,1729788278.0,1,12,1985.46,0.0,7.2251,7.2251,0.0,27.4281
93194.35,3.0579,-13.1003,1729788279.0,1,12,1986.51,0.0,7.229,7.229,0.0,27.4398
93195.28,3.0377,-13.1005,1729788280.0,1,12,1987.44,0.0,7.2323,7.2323,0.0,27.4502
93196.11,3.0176,-13.1003,1729788280.0,1,12,1988.27,0.0,7.2354,7.2354,0.0,27.4593
93196.77,2.9997,-13.1003,1729788281.0,1,12,1988.93,0.0,7.2378,7.2378,0.0,27.4665
0.0,3.0155,0.0,1729788281.0,1,13,0.0,0.0,0.0,0.0,0.0,0.0
93196.78,3.0155,0.0,1729788281.0,1,13,0.01,0.0,0.0,0.0,0.0,0.0
93196.8,3.0389,0.0,1729788281.0,1,13,0.03,0.0,0.0,0.0,0.0,0.0
93196.84,3.0598,0.0,1729788281.0,1,13,0.07,0.0,0.0,0.0,0.0,0.0
93197.25,3.0799,0.0,1729788282.0,1,13,0.48,0.0,0.0,0.0,0.0,0.0
93198.57,3.1,0.0,1729788283.0,1,13,1.8,0.0,0.0,0.0,0.0,0.0
93201.21,3.12,0.0,1729788286.0,1,13,4.44,0.0,0.0,0.0,0.0,0.0
93205.99,3.14,0.0,1729788290.0,1,13,9.22,0.0,0.0,0.0,0.0,0.0
93206.77,3.1423,0.0,1729788291.0,1,13,10.0,0.0,0.0,0.0,0.0,0.0
93216.26,3.1623,0.0,1729788301.0,1,13,19.49,0.0,0.0,0.0,0.0,0.0
93216.77,3.1631,0.0,1729788301.0,1,13,20.0,0.0,0.0,0.0,0.0,0.0
93226.77,3.1754,0.0,1729788311.0,1,13,30.0,0.0,0.0,0.0,0.0,0.0
93236.77,3.1843,0.0,1729788321.0,1,13,40.0,0.0,0.0,0.0,0.0,0.0
93246.77,3.1916,0.0,1729788331.0,1,13,50.0,0.0,0.0,0.0,0.0,0.0
93256.77,3.1978,0.0,1729788341.0,1,13,60.0,0.0,0.0,0.0,0.0,0.0
93266.77,3.2032,0.0,1729788351.0,1,13,70.0,0.0,0.0,0.0,0.0,0.0
93276.77,3.2081,0.0,1729788361.0,1,13,80.0,0.0,0.0,0.0,0.0,0.0
93286.77,3.2125,0.0,1729788371.0,1,13,90.0,0.0,0.0,0.0,0.0,0.0
93296.77,3.2167,0.0,1729788381.0,1,13,100.0,0.0,0.0,0.0,0.0,0.0
93306.77,3.2204,0.0,1729788391.0,1,13,110.0,0.0,0.0,0.0,0.0,0.0
93316.77,3.224,0.0,1729788401.0,1,13,120.0,0.0,0.0,0.0,0.0,0.0
93326.77,3.2273,0.0,1729788411.0,1,13,130.0,0.0,0.0,0.0,0.0,0.0
93336.77,3.2304,0.0,1729788421.0,1,13,140.0,0.0,0.0,0.0,0.0,0.0
93346.77,3.2334,0.0,1729788431.0,1,13,150.0,0.0,0.0,0.0,0.0,0.0
93356.77,3.2362,0.0,1729788441.0,1,13,160.0,0.0,0.0,0.0,0.0,0.0
93366.77,3.2388,0.0,1729788451.0,1,13,170.0,0.0,0.0,0.0,0.0,0.0
93376.77,3.2414,0.0,1729788461.0,1,13,180.0,0.0,0.0,0.0,0.0,0.0
93386.77,3.2438,0.0,1729788471.0,1,13,190.0,0.0,0.0,0.0,0.0,0.0
93396.77,3.2461,0.0,1729788481.0,1,13,200.0,0.0,0.0,0.0,0.0,0.0
93406.77,3.2483,0.0,1729788491.0,1,13,210.0,0.0,0.0,0.0,0.0,0.0
93416.77,3.2505,0.0,1729788501.0,1,13,220.0,0.0,0.0,0.0,0.0,0.0
93426.77,3.2525,0.0,1729788511.0,1,13,230.0,0.0,0.0,0.0,0.0,0.0
93436.77,3.2545,0.0,1729788521.0,1,13,240.0,0.0,0.0,0.0,0.0,0.0
93446.77,3.2564,0.0,1729788531.0,1,13,250.0,0.0,0.0,0.0,0.0,0.0
93456.77,3.2583,0.0,1729788541.0,1,13,260.0,0.0,0.0,0.0,0.0,0.0
93466.77,3.26,0.0,1729788551.0,1,13,270.0,0.0,0.0,0.0,0.0,0.0
93476.77,3.2618,0.0,1729788561.0,1,13,280.0,0.0,0.0,0.0,0.0,0.0
93486.77,3.2635,0.0,1729788571.0,1,13,290.0,0.0,0.0,0.0,0.0,0.0
93496.77,3.265,0.0,1729788581.0,1,13,300.0,0.0,0.0,0.0,0.0,0.0
93506.77,3.2666,0.0,1729788591.0,1,13,310.0,0.0,0.0,0.0,0.0,0.0
93516.77,3.2681,0.0,1729788601.0,1,13,320.0,0.0,0.0,0.0,0.0,0.0
93526.77,3.2696,0.0,1729788611.0,1,13,330.0,0.0,0.0,0.0,0.0,0.0
93536.77,3.271,0.0,1729788621.0,1,13,340.0,0.0,0.0,0.0,0.0,0.0
93546.77,3.2724,0.0,1729788631.0,1,13,350.0,0.0,0.0,0.0,0.0,0.0
93556.77,3.2738,0.0,1729788641.0,1,13,360.0,0.0,0.0,0.0,0.0,0.0
93566.77,3.2751,0.0,1729788651.0,1,13,370.0,0.0,0.0,0.0,0.0,0.0
93576.77,3.2764,0.0,1729788661.0,1,13,380.0,0.0,0.0,0.0,0.0,0.0
93586.77,3.2776,0.0,1729788671.0,1,13,390.0,0.0,0.0,0.0,0.0,0.0
93596.77,3.2788,0.0,1729788681.0,1,13,400.0,0.0,0.0,0.0,0.0,0.0
93606.77,3.28,0.0,1729788691.0,1,13,410.0,0.0,0.0,0.0,0.0,0.0
93616.77,3.2812,0.0,1729788701.0,1,13,420.0,0.0,0.0,0.0,0.0,0.0
93626.77,3.2823,0.0,1729788711.0,1,13,430.0,0.0,0.0,0.0,0.0,0.0
93636.77,3.2834,0.0,1729788721.0,1,13,440.0,0.0,0.0,0.0,0.0,0.0
93646.77,3.2845,0.0,1729788731.0,1,13,450.0,0.0,0.0,0.0,0.0,0.0
93656.77,3.2855,0.0,1729788741.0,1,13,460.0,0.0,0.0,0.0,0.0,0.0
93666.77,3.2866,0.0,1729788751.0,1,13,470.0,0.0,0.0,0.0,0.0,0.0
93676.77,3.2876,0.0,1729788761.0,1,13,480.0,0.0,0.0,0.0,0.0,0.0
93686.77,3.2885,0.0,1729788771.0,1,13,490.0,0.0,0.0,0.0,0.0,0.0
93696.77,3.2895,0.0,1729788781.0,1,13,500.0,0.0,0.0,0.0,0.0,0.0
93706.77,3.2905,0.0,1729788791.0,1,13,510.0,0.0,0.0,0.0,0.0,0.0
93716.77,3.2914,0.0,1729788801.0,1,13,520.0,0.0,0.0,0.0,0.0,0.0
93726.77,3.2923,0.0,1729788811.0,1,13,530.0,0.0,0.0,0.0,0.0,0.0
93736.77,3.2932,0.0,1729788821.0,1,13,540.0,0.0,0.0,0.0,0.0,0.0
93746.77,3.2941,0.0,1729788831.0,1,13,550.0,0.0,0.0,0.0,0.0,0.0
93756.77,3.2949,0.0,1729788841.0,1,13,560.0,0.0,0.0,0.0,0.0,0.0
93766.77,3.2958,0.0,1729788851.0,1,13,570.0,0.0,0.0,0.0,0.0,0.0
93776.77,3.2966,0.0,1729788861.0,1,13,580.0,0.0,0.0,0.0,0.0,0.0
93786.77,3.2974,0.0,1729788871.0,1,13,590.0,0.0,0.0,0.0,0.0,0.0
93796.77,3.2982,0.0,1729788881.0,1,13,600.0,0.0,0.0,0.0,0.0,0.0
93806.77,3.299,0.0,1729788891.0,1,13,610.0,0.0,0.0,0.0,0.0,0.0
93816.77,3.2997,0.0,1729788901.0,1,13,620.0,0.0,0.0,0.0,0.0,0.0
93826.77,3.3005,0.0,1729788911.0,1,13,630.0,0.0,0.0,0.0,0.0,0.0
93836.77,3.3012,0.0,1729788921.0,1,13,640.0,0.0,0.0,0.0,0.0,0.0
93846.77,3.3019,0.0,1729788931.0,1,13,650.0,0.0,0.0,0.0,0.0,0.0
93856.77,3.3027,0.0,1729788941.0,1,13,660.0,0.0,0.0,0.0,0.0,0.0
93866.77,3.3034,0.0,1729788951.0,1,13,670.0,0.0,0.0,0.0,0.0,0.0
93876.77,3.304,0.0,1729788961.0,1,13,680.0,0.0,0.0,0.0,0.0,0.0
93886.77,3.3047,0.0,1729788971.0,1,13,690.0,0.0,0.0,0.0,0.0,0.0
93896.77,3.3054,0.0,1729788981.0,1,13,700.0,0.0,0.0,0.0,0.0,0.0
93906.77,3.3061,0.0,1729788991.0,1,13,710.0,0.0,0.0,0.0,0.0,0.0
93916.77,3.3067,0.0,1729789001.0,1,13,720.0,0.0,0.0,0.0,0.0,0.0
93926.77,3.3073,0.0,1729789011.0,1,13,730.0,0.0,0.0,0.0,0.0,0.0
93936.77,3.308,0.0,1729789021.0,1,13,740.0,0.0,0.0,0.0,0.0,0.0
93946.77,3.3086,0.0,1729789031.0,1,13,750.0,0.0,0.0,0.0,0.0,0.0
93956.77,3.3092,0.0,1729789041.0,1,13,760.0,0.0,0.0,0.0,0.0,0.0
93966.77,3.3098,0.0,1729789051.0,1,13,770.0,0.0,0.0,0.0,0.0,0.0
93976.77,3.3104,0.0,1729789061.0,1,13,780.0,0.0,0.0,0.0,0.0,0.0
93986.77,3.3109,0.0,1729789071.0,1,13,790.0,0.0,0.0,0.0,0.0,0.0
93996.77,3.3115,0.0,1729789081.0,1,13,800.0,0.0,0.0,0.0,0.0,0.0
94006.77,3.3121,0.0,1729789091.0,1,13,810.0,0.0,0.0,0.0,0.0,0.0
94016.77,3.3126,0.0,1729789101.0,1,13,820.0,0.0,0.0,0.0,0.0,0.0
94026.77,3.3132,0.0,1729789111.0,1,13,830.0,0.0,0.0,0.0,0.0,0.0
94036.77,3.3137,0.0,1729789121.0,1,13,840.0,0.0,0.0,0.0,0.0,0.0
94046.77,3.3142,0.0,1729789131.0,1,13,850.0,0.0,0.0,0.0,0.0,0.0
94056.77,3.3148,0.0,1729789141.0,1,13,860.0,0.0,0.0,0.0,0.0,0.0
94066.77,3.3153,0.0,1729789151.0,1,13,870.0,0.0,0.0,0.0,0.0,0.0
94076.77,3.3158,0.0,1729789161.0,1,13,880.0,0.0,0.0,0.0,0.0,0.0
94086.77,3.3163,0.0,1729789171.0,1,13,890.0,0.0,0.0,0.0,0.0,0.0
94096.77,3.3168,0.0,1729789181.0,1,13,900.0,0.0,0.0,0.0,0.0,0.0
94106.77,3.3173,0.0,1729789191.0,1,13,910.0,0.0,0.0,0.0,0.0,0.0
94116.77,3.3177,0.0,1729789201.0,1,13,920.0,0.0,0.0,0.0,0.0,0.0
94126.77,3.3182,0.0,1729789211.0,1,13,930.0,0.0,0.0,0.0,0.0,0.0
94136.77,3.3187,0.0,1729789221.0,1,13,940.0,0.0,0.0,0.0,0.0,0.0
94146.77,3.3192,0.0,1729789231.0,1,13,950.0,0.0,0.0,0.0,0.0,0.0
94156.77,3.3196,0.0,1729789241.0,1,13,960.0,0.0,0.0,0.0,0.0,0.0
94166.77,3.3201,0.0,1729789251.0,1,13,970.0,0.0,0.0,0.0,0.0,0.0
94176.77,3.3205,0.0,1729789261.0,1,13,980.0,0.0,0.0,0.0,0.0,0.0
94186.77,3.321,0.0,1729789271.0,1,13,990.0,0.0,0.0,0.0,0.0,0.0
94196.77,3.3214,0.0,1729789281.0,1,13,1000.0,0.0,0.0,0.0,0.0,0.0
94206.77,3.3218,0.0,1729789291.0,1,13,1010.0,0.0,0.0,0.0,0.0,0.0
94216.77,3.3222,0.0,1729789301.0,1,13,1020.0,0.0,0.0,0.0,0.0,0.0
94226.77,3.3227,0.0,1729789311.0,1,13,1030.0,0.0,0.0,0.0,0.0,0.0
94236.77,3.3231,0.0,1729789321.0,1,13,1040.0,0.0,0.0,0.0,0.0,0.0
94246.77,3.3235,0.0,1729789331.0,1,13,1050.0,0.0,0.0,0.0,0.0,0.0
94256.77,3.3239,0.0,1729789341.0,1,13,1060.0,0.0,0.0,0.0,0.0,0.0
94266.77,3.3243,0.0,1729789351.0,1,13,1070.0,0.0,0.0,0.0,0.0,0.0
94276.77,3.3247,0.0,1729789361.0,1,13,1080.0,0.0,0.0,0.0,0.0,0.0
94286.77,3.3251,0.0,1729789371.0,1,13,1090.0,0.0,0.0,0.0,0.0,0.0
94296.77,3.3255,0.0,1729789381.0,1,13,1100.0,0.0,0.0,0.0,0.0,0.0
94306.77,3.3258,0.0,1729789391.0,1,13,1110.0,0.0,0.0,0.0,0.0,0.0
94316.77,3.3262,0.0,1729789401.0,1,13,1120.0,0.0,0.0,0.0,0.0,0.0
94326.77,3.3266,0.0,1729789411.0,1,13,1130.0,0.0,0.0,0.0,0.0,0.0
94336.77,3.3269,0.0,1729789421.0,1,13,1140.0,0.0,0.0,0.0,0.0,0.0
94346.77,3.3273,0.0,1729789431.0,1,13,1150.0,0.0,0.0,0.0,0.0,0.0
94356.77,3.3277,0.0,1729789441.0,1,13,1160.0,0.0,0.0,0.0,0.0,0.0
94366.77,3.328,0.0,1729789451.0,1,13,1170.0,0.0,0.0,0.0,0.0,0.0
94376.77,3.3284,0.0,1729789461.0,1,13,1180.0,0.0,0.0,0.0,0.0,0.0
94386.77,3.3287,0.0,1729789471.0,1,13,1190.0,0.0,0.0,0.0,0.0,0.0
94396.77,3.3291,0.0,1729789481.0,1,13,1200.0,0.0,0.0,0.0,0.0,0.0
94406.77,3.3294,0.0,1729789491.0,1,13,1210.0,0.0,0.0,0.0,0.0,0.0
94416.77,3.3297,0.0,1729789501.0,1,13,1220.0,0.0,0.0,0.0,0.0,0.0
94426.77,3.3301,0.0,1729789511.0,1,13,1230.0,0.0,0.0,0.0,0.0,0.0
94436.77,3.3304,0.0,1729789521.0,1,13,1240.0,0.0,0.0,0.0,0.0,0.0
94446.77,3.3308,0.0,1729789531.0,1,13,1250.0,0.0,0.0,0.0,0.0,0.0
94456.77,3.3311,0.0,1729789541.0,1,13,1260.0,0.0,0.0,0.0,0.0,0.0
94466.77,3.3314,0.0,1729789551.0,1,13,1270.0,0.0,0.0,0.0,0.0,0.0
94476.77,3.3317,0.0,1729789561.0,1,13,1280.0,0.0,0.0,0.0,0.0,0.0
94486.77,3.3321,0.0,1729789571.0,1,13,1290.0,0.0,0.0,0.0,0.0,0.0
94496.77,3.3324,0.0,1729789581.0,1,13,1300.0,0.0,0.0,0.0,0.0,0.0
94506.77,3.3327,0.0,1729789591.0,1,13,1310.0,0.0,0.0,0.0,0.0,0.0
94516.77,3.333,0.0,1729789601.0,1,13,1320.0,0.0,0.0,0.0,0.0,0.0
94526.77,3.3333,0.0,1729789611.0,1,13,1330.0,0.0,0.0,0.0,0.0,0.0
94536.77,3.3335,0.0,1729789621.0,1,13,1340.0,0.0,0.0,0.0,0.0,0.0
94546.77,3.3339,0.0,1729789631.0,1,13,1350.0,0.0,0.0,0.0,0.0,0.0
94556.77,3.3342,0.0,1729789641.0,1,13,1360.0,0.0,0.0,0.0,0.0,0.0
94566.77,3.3344,0.0,1729789651.0,1,13,1370.0,0.0,0.0,0.0,0.0,0.0
94576.77,3.3347,0.0,1729789661.0,1,13,1380.0,0.0,0.0,0.0,0.0,0.0
94586.77,3.335,0.0,1729789671.0,1,13,1390.0,0.0,0.0,0.0,0.0,0.0
94596.77,3.3353,0.0,1729789681.0,1,13,1400.0,0.0,0.0,0.0,0.0,0.0
94606.77,3.3356,0.0,1729789691.0,1,13,1410.0,0.0,0.0,0.0,0.0,0.0
94616.77,3.3358,0.0,1729789701.0,1,13,1420.0,0.0,0.0,0.0,0.0,0.0
94626.77,3.3361,0.0,1729789711.0,1,13,1430.0,0.0,0.0,0.0,0.0,0.0
94636.77,3.3364,0.0,1729789721.0,1,13,1440.0,0.0,0.0,0.0,0.0,0.0
94646.77,3.3367,0.0,1729789731.0,1,13,1450.0,0.0,0.0,0.0,0.0,0.0
94656.77,3.3369,0.0,1729789741.0,1,13,1460.0,0.0,0.0,0.0,0.0,0.0
94666.77,3.3372,0.0,1729789751.0,1,13,1470.0,0.0,0.0,0.0,0.0,0.0
94676.77,3.3374,0.0,1729789761.0,1,13,1480.0,0.0,0.0,0.0,0.0,0.0
94686.77,3.3377,0.0,1729789771.0,1,13,1490.0,0.0,0.0,0.0,0.0,0.0
94696.77,3.338,0.0,1729789781.0,1,13,1500.0,0.0,0.0,0.0,0.0,0.0
94706.77,3.3382,0.0,1729789791.0,1,13,1510.0,0.0,0.0,0.0,0.0,0.0
94716.77,3.3385,0.0,1729789801.0,1,13,1520.0,0.0,0.0,0.0,0.0,0.0
94726.77,3.3387,0.0,1729789811.0,1,13,1530.0,0.0,0.0,0.0,0.0,0.0
94736.77,3.3389,0.0,1729789821.0,1,13,1540.0,0.0,0.0,0.0,0.0,0.0
94746.77,3.3392,0.0,1729789831.0,1,13,1550.0,0.0,0.0,0.0,0.0,0.0
94756.77,3.3394,0.0,1729789841.0,1,13,1560.0,0.0,0.0,0.0,0.0,0.0
94766.77,3.3397,0.0,1729789851.0,1,13,1570.0,0.0,0.0,0.0,0.0,0.0
94776.77,3.3399,0.0,1729789861.0,1,13,1580.0,0.0,0.0,0.0,0.0,0.0
94786.77,3.3401,0.0,1729789871.0,1,13,1590.0,0.0,0.0,0.0,0.0,0.0
94796.77,3.3404,0.0,1729789881.0,1,13,1600.0,0.0,0.0,0.0,0.0,0.0
94806.77,3.3406,0.0,1729789891.0,1,13,1610.0,0.0,0.0,0.0,0.0,0.0
94816.77,3.3408,0.0,1729789901.0,1,13,1620.0,0.0,0.0,0.0,0.0,0.0
94826.77,3.341,0.0,1729789911.0,1,13,1630.0,0.0,0.0,0.0,0.0,0.0
94836.77,3.3413,0.0,1729789921.0,1,13,1640.0,0.0,0.0,0.0,0.0,0.0
94846.77,3.3415,0.0,1729789931.0,1,13,1650.0,0.0,0.0,0.0,0.0,0.0
94856.77,3.3418,0.0,1729789941.0,1,13,1660.0,0.0,0.0,0.0,0.0,0.0
94866.77,3.342,0.0,1729789951.0,1,13,1670.0,0.0,0.0,0.0,0.0,0.0
94876.77,3.3422,0.0,1729789961.0,1,13,1680.0,0.0,0.0,0.0,0.0,0.0
94886.77,3.3424,0.0,1729789971.0,1,13,1690.0,0.0,0.0,0.0,0.0,0.0
94896.77,3.3426,0.0,1729789981.0,1,13,1700.0,0.0,0.0,0.0,0.0,0.0
94906.77,3.3428,0.0,1729789991.0,1,13,1710.0,0.0,0.0,0.0,0.0,0.0
94916.77,3.343,0.0,1729790001.0,1,13,1720.0,0.0,0.0,0.0,0.0,0.0
94926.77,3.3432,0.0,1729790011.0,1,13,1730.0,0.0,0.0,0.0,0.0,0.0
94936.77,3.3434,0.0,1729790021.0,1,13,1740.0,0.0,0.0,0.0,0.0,0.0
94946.77,3.3437,0.0,1729790031.0,1,13,1750.0,0.0,0.0,0.0,0.0,0.0
94956.77,3.3439,0.0,1729790041.0,1,13,1760.0,0.0,0.0,0.0,0.0,0.0
94966.77,3.3441,0.0,1729790051.0,1,13,1770.0,0.0,0.0,0.0,0.0,0.0
94976.77,3.3443,0.0,1729790061.0,1,13,1780.0,0.0,0.0,0.0,0.0,0.0
94986.77,3.3444,0.0,1729790071.0,1,13,1790.0,0.0,0.0,0.0,0.0,0.0
94996.77,3.3446,0.0,1729790081.0,1,13,1800.0,0.0,0.0,0.0,0.0,0.0
0.0,3.3446,2.1811,1729790081.0,1,14,0.0,0.0,0.0,0.0,0.0,0.0
94996.78,3.3446,2.1811,1729790081.0,1,14,0.01,0.0,0.0,0.0,0.0,0.0
95000.59,3.3646,2.1814,1729790085.0,1,14,3.82,0.0023,0.0,0.0023,0.0078,0.0
95006.77,3.3756,2.1813,1729790091.0,1,14,10.0,0.0061,0.0,0.0061,0.0204,0.0
95016.77,3.3906,2.1814,1729790101.0,1,14,20.0,0.0121,0.0,0.0121,0.0409,0.0
95026.77,3.4039,2.1814,1729790111.0,1,14,30.0,0.0182,0.0,0.0182,0.0615,0.0
95036.77,3.416,2.1814,1729790121.0,1,14,40.0,0.0242,0.0,0.0242,0.0821,0.0
95046.77,3.4273,2.1813,1729790131.0,1,14,50.0,0.0303,0.0,0.0303,0.1029,0.0
95056.77,3.438,2.1814,1729790141.0,1,14,60.0,0.0364,0.0,0.0364,0.1237,0.0
95066.77,3.4482,2.1814,1729790151.0,1,14,70.0,0.0424,0.0,0.0424,0.1445,0.0
95076.77,3.4578,2.1814,1729790161.0,1,14,80.0,0.0485,0.0,0.0485,0.1655,0.0
95086.77,3.467,2.1814,1729790171.0,1,14,90.0,0.0545,0.0,0.0545,0.1864,0.0
95096.77,3.4759,2.1814,1729790181.0,1,14,100.0,0.0606,0.0,0.0606,0.2075,0.0
95106.77,3.4844,2.1814,1729790191.0,1,14,110.0,0.0667,0.0,0.0667,0.2286,0.0
95116.77,3.4926,2.1814,1729790201.0,1,14,120.0,0.0727,0.0,0.0727,0.2497,0.0
95126.77,3.5004,2.1814,1729790211.0,1,14,130.0,0.0788,0.0,0.0788,0.2709,0.0
95136.77,3.508,2.1813,1729790221.0,1,14,140.0,0.0848,0.0,0.0848,0.2921,0.0
95146.77,3.5153,2.1814,1729790231.0,1,14,150.0,0.0909,0.0,0.0909,0.3134,0.0
95156.77,3.5224,2.1813,1729790241.0,1,14,160.0,0.0969,0.0,0.0969,0.3347,0.0
95166.77,3.5292,2.1814,1729790251.0,1,14,170.0,0.103,0.0,0.103,0.3561,0.0
95176.77,3.5358,2.1814,1729790261.0,1,14,180.0,0.1091,0.0,0.1091,0.3775,0.0
95186.77,3.5423,2.1813,1729790271.0,1,14,190.0,0.1151,0.0,0.1151,0.3989,0.0
95196.77,3.5486,2.1814,1729790281.0,1,14,200.0,0.1212,0.0,0.1212,0.4204,0.0
95206.77,3.5546,2.1814,1729790291.0,1,14,210.0,0.1272,0.0,0.1272,0.4419,0.0
95216.77,3.5605,2.1814,1729790301.0,1,14,220.0,0.1333,0.0,0.1333,0.4635,0.0
95226.77,3.5662,2.1814,1729790311.0,1,14,230.0,0.1394,0.0,0.1394,0.4851,0.0
95236.77,3.5718,2.1814,1729790321.0,1,14,240.0,0.1454,0.0,0.1454,0.5067,0.0
95246.77,3.5772,2.1814,1729790331.0,1,14,250.0,0.1515,0.0,0.1515,0.5284,0.0
95256.77,3.5826,2.1814,1729790341.0,1,14,260.0,0.1575,0.0,0.1575,0.5501,0.0
95266.77,3.5877,2.1813,1729790351.0,1,14,270.0,0.1636,0.0,0.1636,0.5718,0.0
95276.77,3.5928,2.1813,1729790361.0,1,14,280.0,0.1697,0.0,0.1697,0.5936,0.0
95286.77,3.5977,2.1813,1729790371.0,1,14,290.0,0.1757,0.0,0.1757,0.6153,0.0
95296.77,3.6025,2.1814,1729790381.0,1,14,300.0,0.1818,0.0,0.1818,0.6371,0.0
95306.77,3.6072,2.1814,1729790391.0,1,14,310.0,0.1878,0.0,0.1878,0.659,0.0
95316.77,3.6118,2.1814,1729790401.0,1,14,320.0,0.1939,0.0,0.1939,0.6809,0.0
95326.77,3.6163,2.1813,1729790411.0,1,14,330.0,0.2,0.0,0.2,0.7028,0.0
95336.77,3.6207,2.1814,1729790421.0,1,14,340.0,0.206,0.0,0.206,0.7247,0.0
95346.77,3.625,2.1813,1729790431.0,1,14,350.0,0.2121,0.0,0.2121,0.7466,0.0
95356.77,3.6292,2.1814,1729790441.0,1,14,360.0,0.2181,0.0,0.2181,0.7686,0.0
95366.77,3.6333,2.1815,1729790451.0,1,14,370.0,0.2242,0.0,0.2242,0.7906,0.0
95376.77,3.6373,2.1814,1729790461.0,1,14,380.0,0.2303,0.0,0.2303,0.8126,0.0
95386.77,3.6413,2.1814,1729790471.0,1,14,390.0,0.2363,0.0,0.2363,0.8347,0.0
95396.77,3.6451,2.1814,1729790481.0,1,14,400.0,0.2424,0.0,0.2424,0.8568,0.0
95406.77,3.6489,2.1813,1729790491.0,1,14,410.0,0.2484,0.0,0.2484,0.8789,0.0
95416.77,3.6526,2.1815,1729790501.0,1,14,420.0,0.2545,0.0,0.2545,0.901,0.0
95426.77,3.6562,2.1814,1729790511.0,1,14,430.0,0.2606,0.0,0.2606,0.9231,0.0
95436.77,3.6598,2.1814,1729790521.0,1,14,440.0,0.2666,0.0,0.2666,0.9453,0.0
95446.77,3.6633,2.1814,1729790531.0,1,14,450.0,0.2727,0.0,0.2727,0.9675,0.0
95456.77,3.6667,2.1814,1729790541.0,1,14,460.0,0.2787,0.0,0.2787,0.9897,0.0
95466.77,3.67,2.1814,1729790551.0,1,14,470.0,0.2848,0.0,0.2848,1.0119,0.0
95476.77,3.6733,2.1814,1729790561.0,1,14,480.0,0.2909,0.0,0.2909,1.0342,0.0
95486.77,3.6765,2.1814,1729790571.0,1,14,490.0,0.2969,0.0,0.2969,1.0564,0.0
95496.77,3.6796,2.1814,1729790581.0,1,14,500.0,0.303,0.0,0.303,1.0787,0.0
95506.77,3.6827,2.1814,1729790591.0,1,14,510.0,0.309,0.0,0.309,1.101,0.0
95516.77,3.6856,2.1814,1729790601.0,1,14,520.0,0.3151,0.0,0.3151,1.1234,0.0
95526.77,3.6886,2.1814,1729790611.0,1,14,530.0,0.3211,0.0,0.3211,1.1457,0.0
95536.77,3.6914,2.1814,1729790621.0,1,14,540.0,0.3272,0.0,0.3272,1.1681,0.0
95546.77,3.6942,2.1814,1729790631.0,1,14,550.0,0.3333,0.0,0.3333,1.1904,0.0
95556.77,3.6968,2.1814,1729790641.0,1,14,560.0,0.3393,0.0,0.3393,1.2128,0.0
95566.77,3.6994,2.1814,1729790651.0,1,14,570.0,0.3454,0.0,0.3454,1.2352,0.0
95576.77,3.7017,2.1814,1729790661.0,1,14,580.0,0.3514,0.0,0.3514,1.2577,0.0
95586.77,3.704,2.1814,1729790671.0,1,14,590.0,0.3575,0.0,0.3575,1.2801,0.0
95596.77,3.7059,2.1814,1729790681.0,1,14,600.0,0.3636,0.0,0.3636,1.3026,0.0
95606.77,3.7077,2.1814,1729790691.0,1,14,610.0,0.3696,0.0,0.3696,1.325,0.0
95616.77,3.7091,2.1814,1729790701.0,1,14,620.0,0.3757,0.0,0.3757,1.3475,0.0
95626.77,3.7104,2.1813,1729790711.0,1,14,630.0,0.3817,0.0,0.3817,1.37,0.0
95636.77,3.7114,2.1815,1729790721.0,1,14,640.0,0.3878,0.0,0.3878,1.3925,0.0
95646.77,3.7122,2.1813,1729790731.0,1,14,650.0,0.3939,0.0,0.3939,1.4149,0.0
95656.77,3.7128,2.1814,1729790741.0,1,14,660.0,0.3999,0.0,0.3999,1.4374,0.0
95666.77,3.7134,2.1814,1729790751.0,1,14,670.0,0.406,0.0,0.406,1.4599,0.0
95676.77,3.7139,2.1814,1729790761.0,1,14,680.0,0.412,0.0,0.412,1.4824,0.0
95686.77,3.7143,2.1815,1729790771.0,1,14,690.0,0.4181,0.0,0.4181,1.5049,0.0
95696.77,3.7146,2.1814,1729790781.0,1,14,700.0,0.4242,0.0,0.4242,1.5275,0.0
95706.77,3.7149,2.1814,1729790791.0,1,14,710.0,0.4302,0.0,0.4302,1.55,0.0
95716.77,3.7152,2.1814,1729790801.0,1,14,720.0,0.4363,0.0,0.4363,1.5725,0.0
95726.77,3.7156,2.1815,1729790811.0,1,14,730.0,0.4423,0.0,0.4423,1.595,0.0
95736.77,3.7158,2.1815,1729790821.0,1,14,740.0,0.4484,0.0,0.4484,1.6175,0.0
95746.77,3.716,2.1814,1729790831.0,1,14,750.0,0.4545,0.0,0.4545,1.64,0.0
95756.77,3.7163,2.1815,1729790841.0,1,14,760.0,0.4605,0.0,0.4605,1.6625,0.0
95766.77,3.7166,2.1814,1729790851.0,1,14,770.0,0.4666,0.0,0.4666,1.6851,0.0
95776.77,3.7168,2.1814,1729790861.0,1,14,780.0,0.4726,0.0,0.4726,1.7076,0.0
95786.77,3.717,2.1814,1729790871.0,1,14,790.0,0.4787,0.0,0.4787,1.7301,0.0
95796.77,3.7172,2.1815,1729790881.0,1,14,800.0,0.4848,0.0,0.4848,1.7526,0.0
95806.77,3.7174,2.1814,1729790891.0,1,14,810.0,0.4908,0.0,0.4908,1.7752,0.0
95816.77,3.7177,2.1813,1729790901.0,1,14,820.0,0.4969,0.0,0.4969,1.7977,0.0
95826.77,3.7179,2.1814,1729790911.0,1,14,830.0,0.5029,0.0,0.5029,1.8202,0.0
95836.77,3.7181,2.1814,1729790921.0,1,14,840.0,0.509,0.0,0.509,1.8427,0.0
95846.77,3.7183,2.1814,1729790931.0,1,14,850.0,0.5151,0.0,0.5151,1.8653,0.0
95856.77,3.7186,2.1814,1729790941.0,1,14,860.0,0.5211,0.0,0.5211,1.8878,0.0
95866.77,3.7189,2.1814,1729790951.0,1,14,870.0,0.5272,0.0,0.5272,1.9103,0.0
95876.77,3.719,2.1813,1729790961.0,1,14,880.0,0.5332,0.0,0.5332,1.9329,0.0
95886.77,3.7193,2.1814,1729790971.0,1,14,890.0,0.5393,0.0,0.5393,1.9554,0.0
95896.77,3.7195,2.1814,1729790981.0,1,14,900.0,0.5453,0.0,0.5453,1.9779,0.0
95906.77,3.7198,2.1815,1729790991.0,1,14,910.0,0.5514,0.0,0.5514,2.0005,0.0
95916.77,3.7201,2.1814,1729791001.0,1,14,920.0,0.5575,0.0,0.5575,2.023,0.0
95926.77,3.7203,2.1814,1729791011.0,1,14,930.0,0.5635,0.0,0.5635,2.0456,0.0
95936.77,3.7206,2.1814,1729791021.0,1,14,940.0,0.5696,0.0,0.5696,2.0681,0.0
95946.77,3.7208,2.1815,1729791031.0,1,14,950.0,0.5756,0.0,0.5756,2.0907,0.0
95956.77,3.7211,2.1814,1729791041.0,1,14,960.0,0.5817,0.0,0.5817,2.1132,0.0
95966.77,3.7214,2.1814,1729791051.0,1,14,970.0,0.5878,0.0,0.5878,2.1357,0.0
95976.77,3.7217,2.1815,1729791061.0,1,14,980.0,0.5938,0.0,0.5938,2.1583,0.0
95986.77,3.7219,2.1814,1729791071.0,1,14,990.0,0.5999,0.0,0.5999,2.1809,0.0
95996.77,3.7222,2.1814,1729791081.0,1,14,1000.0,0.6059,0.0,0.6059,2.2034,0.0
96006.77,3.7226,2.1815,1729791091.0,1,14,1010.0,0.612,0.0,0.612,2.226,0.0
96016.77,3.7228,2.1814,1729791101.0,1,14,1020.0,0.6181,0.0,0.6181,2.2485,0.0
96026.77,3.7231,2.1814,1729791111.0,1,14,1030.0,0.6241,0.0,0.6241,2.2711,0.0
96036.77,3.7235,2.1814,1729791121.0,1,14,1040.0,0.6302,0.0,0.6302,2.2936,0.0
96046.77,3.7238,2.1814,1729791131.0,1,14,1050.0,0.6362,0.0,0.6362,2.3162,0.0
96056.77,3.7241,2.1814,1729791141.0,1,14,1060.0,0.6423,0.0,0.6423,2.3388,0.0
96066.77,3.7244,2.1815,1729791151.0,1,14,1070.0,0.6484,0.0,0.6484,2.3613,0.0
96076.77,3.7247,2.1814,1729791161.0,1,14,1080.0,0.6544,0.0,0.6544,2.3839,0.0
96086.77,3.7251,2.1814,1729791171.0,1,14,1090.0,0.6605,0.0,0.6605,2.4065,0.0
96096.77,3.7255,2.1814,1729791181.0,1,14,1100.0,0.6665,0.0,0.6665,2.429,0.0
96106.77,3.7259,2.1815,1729791191.0,1,14,1110.0,0.6726,0.0,0.6726,2.4516,0.0
96116.77,3.7263,2.1814,1729791201.0,1,14,1120.0,0.6787,0.0,0.6787,2.4742,0.0
96126.77,3.7266,2.1814,1729791211.0,1,14,1130.0,0.6847,0.0,0.6847,2.4968,0.0
96136.77,3.7271,2.1815,1729791221.0,1,14,1140.0,0.6908,0.0,0.6908,2.5194,0.0
96146.77,3.7274,2.1814,1729791231.0,1,14,1150.0,0.6968,0.0,0.6968,2.5419,0.0
96156.77,3.7278,2.1814,1729791241.0,1,14,1160.0,0.7029,0.0,0.7029,2.5645,0.0
96166.77,3.7283,2.1814,1729791251.0,1,14,1170.0,0.709,0.0,0.709,2.5871,0.0
96176.77,3.7287,2.1814,1729791261.0,1,14,1180.0,0.715,0.0,0.715,2.6097,0.0
96186.77,3.7291,2.1814,1729791271.0,1,14,1190.0,0.7211,0.0,0.7211,2.6323,0.0
96196.77,3.7296,2.1814,1729791281.0,1,14,1200.0,0.7271,0.0,0.7271,2.6549,0.0
96206.77,3.73,2.1814,1729791291.0,1,14,1210.0,0.7332,0.0,0.7332,2.6775,0.0
96216.77,3.7305,2.1814,1729791301.0,1,14,1220.0,0.7393,0.0,0.7393,2.7001,0.0
96226.77,3.731,2.1814,1729791311.0,1,14,1230.0,0.7453,0.0,0.7453,2.7227,0.0
96236.77,3.7315,2.1814,1729791321.0,1,14,1240.0,0.7514,0.0,0.7514,2.7453,0.0
96246.77,3.7319,2.1814,1729791331.0,1,14,1250.0,0.7574,0.0,0.7574,2.7679,0.0
96256.77,3.7325,2.1815,1729791341.0,1,14,1260.0,0.7635,0.0,0.7635,2.7906,0.0
96266.77,3.733,2.1815,1729791351.0,1,14,1270.0,0.7695,0.0,0.7695,2.8132,0.0
96276.77,3.7335,2.1814,1729791361.0,1,14,1280.0,0.7756,0.0,0.7756,2.8358,0.0
96286.77,3.734,2.1814,1729791371.0,1,14,1290.0,0.7817,0.0,0.7817,2.8584,0.0
96296.77,3.7346,2.1814,1729791381.0,1,14,1300.0,0.7877,0.0,0.7877,2.8811,0.0
96306.77,3.7351,2.1814,1729791391.0,1,14,1310.0,0.7938,0.0,0.7938,2.9037,0.0
96316.77,3.7357,2.1815,1729791401.0,1,14,1320.0,0.7998,0.0,0.7998,2.9263,0.0
96326.77,3.7362,2.1814,1729791411.0,1,14,1330.0,0.8059,0.0,0.8059,2.949,0.0
96336.77,3.7368,2.1814,1729791421.0,1,14,1340.0,0.812,0.0,0.812,2.9716,0.0
96346.77,3.7374,2.1814,1729791431.0,1,14,1350.0,0.818,0.0,0.818,2.9942,0.0
96356.77,3.738,2.1814,1729791441.0,1,14,1360.0,0.8241,0.0,0.8241,3.0169,0.0
96366.77,3.7385,2.1815,1729791451.0,1,14,1370.0,0.8301,0.0,0.8301,3.0395,0.0
96376.77,3.7391,2.1815,1729791461.0,1,14,1380.0,0.8362,0.0,0.8362,3.0622,0.0
96386.77,3.7397,2.1814,1729791471.0,1,14,1390.0,0.8423,0.0,0.8423,3.0849,0.0
96396.77,3.7404,2.1814,1729791481.0,1,14,1400.0,0.8483,0.0,0.8483,3.1075,0.0
96406.77,3.7409,2.1815,1729791491.0,1,14,1410.0,0.8544,0.0,0.8544,3.1302,0.0
96416.77,3.7416,2.1814,1729791501.0,1,14,1420.0,0.8604,0.0,0.8604,3.1529,0.0
96426.77,3.7422,2.1815,1729791511.0,1,14,1430.0,0.8665,0.0,0.8665,3.1755,0.0
96436.77,3.7428,2.1814,1729791521.0,1,14,1440.0,0.8726,0.0,0.8726,3.1982,0.0
96446.77,3.7434,2.1815,1729791531.0,1,14,1450.0,0.8786,0.0,0.8786,3.2209,0.0
96456.77,3.744,2.1814,1729791541.0,1,14,1460.0,0.8847,0.0,0.8847,3.2436,0.0
96466.77,3.7447,2.1814,1729791551.0,1,14,1470.0,0.8907,0.0,0.8907,3.2663,0.0
96476.77,3.7453,2.1815,1729791561.0,1,14,1480.0,0.8968,0.0,0.8968,3.289,0.0
96486.77,3.7459,2.1813,1729791571.0,1,14,1490.0,0.9029,0.0,0.9029,3.3117,0.0
96496.77,3.7466,2.1814,1729791581.0,1,14,1500.0,0.9089,0.0,0.9089,3.3344,0.0
96506.77,3.7472,2.1815,1729791591.0,1,14,1510.0,0.915,0.0,0.915,3.3571,0.0
96516.77,3.7478,2.1815,1729791601.0,1,14,1520.0,0.921,0.0,0.921,3.3798,0.0
96526.77,3.7485,2.1814,1729791611.0,1,14,1530.0,0.9271,0.0,0.9271,3.4025,0.0
96536.77,3.7491,2.1814,1729791621.0,1,14,1540.0,0.9332,0.0,0.9332,3.4252,0.0
96546.77,3.7497,2.1813,1729791631.0,1,14,1550.0,0.9392,0.0,0.9392,3.4479,0.0
96556.77,3.7504,2.1814,1729791641.0,1,14,1560.0,0.9453,0.0,0.9453,3.4706,0.0
96566.77,3.751,2.1814,1729791651.0,1,14,1570.0,0.9513,0.0,0.9513,3.4934,0.0
96576.77,3.7516,2.1814,1729791661.0,1,14,1580.0,0.9574,0.0,0.9574,3.5161,0.0
96586.77,3.7522,2.1814,1729791671.0,1,14,1590.0,0.9635,0.0,0.9635,3.5388,0.0
96596.77,3.7528,2.1814,1729791681.0,1,14,1600.0,0.9695,0.0,0.9695,3.5616,0.0
96606.77,3.7535,2.1814,1729791691.0,1,14,1610.0,0.9756,0.0,0.9756,3.5843,0.0
96616.77,3.7541,2.1814,1729791701.0,1,14,1620.0,0.9816,0.0,0.9816,3.6071,0.0
96626.77,3.7548,2.1814,1729791711.0,1,14,1630.0,0.9877,0.0,0.9877,3.6298,0.0
96636.77,3.7554,2.1814,1729791721.0,1,14,1640.0,0.9938,0.0,0.9938,3.6526,0.0
96646.77,3.756,2.1813,1729791731.0,1,14,1650.0,0.9998,0.0,0.9998,3.6753,0.0
96656.77,3.7567,2.1814,1729791741.0,1,14,1660.0,1.0059,0.0,1.0059,3.6981,0.0
96666.77,3.7573,2.1813,1729791751.0,1,14,1670.0,1.0119,0.0,1.0119,3.7208,0.0
96676.77,3.7579,2.1814,1729791761.0,1,14,1680.0,1.018,0.0,1.018,3.7436,0.0
96686.77,3.7585,2.1815,1729791771.0,1,14,1690.0,1.024,0.0,1.024,3.7664,0.0
96696.77,3.7591,2.1814,1729791781.0,1,14,1700.0,1.0301,0.0,1.0301,3.7892,0.0
96706.77,3.7597,2.1814,1729791791.0,1,14,1710.0,1.0362,0.0,1.0362,3.8119,0.0
96716.77,3.7603,2.1814,1729791801.0,1,14,1720.0,1.0422,0.0,1.0422,3.8347,0.0
96726.77,3.7609,2.1814,1729791811.0,1,14,1730.0,1.0483,0.0,1.0483,3.8575,0.0
96736.77,3.7615,2.1814,1729791821.0,1,14,1740.0,1.0543,0.0,1.0543,3.8803,0.0
96746.77,3.7621,2.1815,1729791831.0,1,14,1750.0,1.0604,0.0,1.0604,3.9031,0.0
96756.77,3.7627,2.1813,1729791841.0,1,14,1760.0,1.0665,0.0,1.0665,3.9259,0.0
96766.77,3.7633,2.1814,1729791851.0,1,14,1770.0,1.0725,0.0,1.0725,3.9487,0.0
96776.77,3.7638,2.1814,1729791861.0,1,14,1780.0,1.0786,0.0,1.0786,3.9715,0.0
96786.77,3.7644,2.1814,1729791871.0,1,14,1790.0,1.0846,0.0,1.0846,3.9943,0.0
96796.77,3.7649,2.1814,1729791881.0,1,14,1800.0,1.0907,0.0,1.0907,4.0171,0.0
96806.77,3.7655,2.1813,1729791891.0,1,14,1810.0,1.0968,0.0,1.0968,4.0399,0.0
96816.77,3.7661,2.1814,1729791901.0,1,14,1820.0,1.1028,0.0,1.1028,4.0628,0.0
96826.77,3.7666,2.1815,1729791911.0,1,14,1830.0,1.1089,0.0,1.1089,4.0856,0.0
96836.77,3.7672,2.1814,1729791921.0,1,14,1840.0,1.1149,0.0,1.1149,4.1084,0.0
96846.77,3.7677,2.1815,1729791931.0,1,14,1850.0,1.121,0.0,1.121,4.1312,0.0
96856.77,3.7682,2.1814,1729791941.0,1,14,1860.0,1.1271,0.0,1.1271,4.1541,0.0
96866.77,3.7688,2.1814,1729791951.0,1,14,1870.0,1.1331,0.0,1.1331,4.1769,0.0
96876.77,3.7693,2.1814,1729791961.0,1,14,1880.0,1.1392,0.0,1.1392,4.1997,0.0
96886.77,3.7698,2.1814,1729791971.0,1,14,1890.0,1.1452,0.0,1.1452,4.2226,0.0
96896.77,3.7703,2.1814,1729791981.0,1,14,1900.0,1.1513,0.0,1.1513,4.2454,0.0
96906.77,3.7708,2.1814,1729791991.0,1,14,1910.0,1.1574,0.0,1.1574,4.2683,0.0
96916.77,3.7713,2.1815,1729792001.0,1,14,1920.0,1.1634,0.0,1.1634,4.2911,0.0
96926.77,3.7718,2.1814,1729792011.0,1,14,1930.0,1.1695,0.0,1.1695,4.314,0.0
96936.77,3.7723,2.1815,1729792021.0,1,14,1940.0,1.1755,0.0,1.1755,4.3368,0.0
96946.77,3.7728,2.1814,1729792031.0,1,14,1950.0,1.1816,0.0,1.1816,4.3597,0.0
96956.77,3.7733,2.1814,1729792041.0,1,14,1960.0,1.1877,0.0,1.1877,4.3826,0.0
96966.77,3.7737,2.1814,1729792051.0,1,14,1970.0,1.1937,0.0,1.1937,4.4054,0.0
96976.77,3.7742,2.1814,1729792061.0,1,14,1980.0,1.1998,0.0,1.1998,4.4283,0.0
96986.77,3.7746,2.1814,1729792071.0,1,14,1990.0,1.2058,0.0,1.2058,4.4512,0.0
96996.77,3.7751,2.1814,1729792081.0,1,14,2000.0,1.2119,0.0,1.2119,4.474,0.0
97006.77,3.7755,2.1814,1729792091.0,1,14,2010.0,1.218,0.0,1.218,4.4969,0.0
97016.77,3.7759,2.1814,1729792101.0,1,14,2020.0,1.224,0.0,1.224,4.5198,0.0
97026.77,3.7763,2.1814,1729792111.0,1,14,2030.0,1.2301,0.0,1.2301,4.5427,0.0
97036.77,3.7767,2.1814,1729792121.0,1,14,2040.0,1.2361,0.0,1.2361,4.5656,0.0
97046.77,3.7771,2.1814,1729792131.0,1,14,2050.0,1.2422,0.0,1.2422,4.5884,0.0
97056.77,3.7776,2.1814,1729792141.0,1,14,2060.0,1.2482,0.0,1.2482,4.6113,0.0
97066.77,3.7779,2.1814,1729792151.0,1,14,2070.0,1.2543,0.0,1.2543,4.6342,0.0
97076.77,3.7783,2.1814,1729792161.0,1,14,2080.0,1.2604,0.0,1.2604,4.6571,0.0
97086.77,3.7787,2.1814,1729792171.0,1,14,2090.0,1.2664,0.0,1.2664,4.68,0.0
97096.77,3.7792,2.1814,1729792181.0,1,14,2100.0,1.2725,0.0,1.2725,4.7029,0.0
97106.77,3.7796,2.1814,1729792191.0,1,14,2110.0,1.2785,0.0,1.2785,4.7258,0.0
97116.77,3.78,2.1814,1729792201.0,1,14,2120.0,1.2846,0.0,1.2846,4.7487,0.0
97126.77,3.7804,2.1814,1729792211.0,1,14,2130.0,1.2907,0.0,1.2907,4.7716,0.0
97136.77,3.7808,2.1814,1729792221.0,1,14,2140.0,1.2967,0.0,1.2967,4.7945,0.0
97146.77,3.7812,2.1815,1729792231.0,1,14,2150.0,1.3028,0.0,1.3028,4.8174,0.0
97156.77,3.7816,2.1815,1729792241.0,1,14,2160.0,1.3088,0.0,1.3088,4.8403,0.0
97166.77,3.782,2.1814,1729792251.0,1,14,2170.0,1.3149,0.0,1.3149,4.8633,0.0
97176.77,3.7825,2.1815,1729792261.0,1,14,2180.0,1.321,0.0,1.321,4.8862,0.0
97186.77,3.7829,2.1813,1729792271.0,1,14,2190.0,1.327,0.0,1.327,4.9091,0.0
97196.77,3.7833,2.1814,1729792281.0,1,14,2200.0,1.3331,0.0,1.3331,4.932,0.0
97206.77,3.7838,2.1814,1729792291.0,1,14,2210.0,1.3391,0.0,1.3391,4.955,0.0
97216.77,3.7842,2.1814,1729792301.0,1,14,2220.0,1.3452,0.0,1.3452,4.9779,0.0
97226.77,3.7846,2.1814,1729792311.0,1,14,2230.0,1.3513,0.0,1.3513,5.0008,0.0
97236.77,3.7851,2.1814,1729792321.0,1,14,2240.0,1.3573,0.0,1.3573,5.0238,0.0
97246.77,3.7855,2.1814,1729792331.0,1,14,2250.0,1.3634,0.0,1.3634,5.0467,0.0
97256.77,3.786,2.1815,1729792341.0,1,14,2260.0,1.3694,0.0,1.3694,5.0696,0.0
97266.77,3.7864,2.1815,1729792351.0,1,14,2270.0,1.3755,0.0,1.3755,5.0926,0.0
97276.77,3.7869,2.1814,1729792361.0,1,14,2280.0,1.3816,0.0,1.3816,5.1155,0.0
97286.77,3.7874,2.1815,1729792371.0,1,14,2290.0,1.3876,0.0,1.3876,5.1385,0.0
97296.77,3.7878,2.1814,1729792381.0,1,14,2300.0,1.3937,0.0,1.3937,5.1614,0.0
97306.77,3.7882,2.1814,1729792391.0,1,14,2310.0,1.3997,0.0,1.3997,5.1844,0.0
97316.77,3.7887,2.1814,1729792401.0,1,14,2320.0,1.4058,0.0,1.4058,5.2073,0.0
97326.77,3.7891,2.1814,1729792411.0,1,14,2330.0,1.4119,0.0,1.4119,5.2303,0.0
97336.77,3.7896,2.1815,1729792421.0,1,14,2340.0,1.4179,0.0,1.4179,5.2532,0.0
97346.77,3.7901,2.1814,1729792431.0,1,14,2350.0,1.424,0.0,1.424,5.2762,0.0
97356.77,3.7905,2.1815,1729792441.0,1,14,2360.0,1.43,0.0,1.43,5.2992,0.0
97366.77,3.791,2.1815,1729792451.0,1,14,2370.0,1.4361,0.0,1.4361,5.3221,0.0
97376.77,3.7915,2.1814,1729792461.0,1,14,2380.0,1.4422,0.0,1.4422,5.3451,0.0
97386.77,3.7919,2.1814,1729792471.0,1,14,2390.0,1.4482,0.0,1.4482,5.3681,0.0
97396.77,3.7924,2.1814,1729792481.0,1,14,2400.0,1.4543,0.0,1.4543,5.3911,0.0
97406.77,3.7928,2.1814,1729792491.0,1,14,2410.0,1.4603,0.0,1.4603,5.4141,0.0
97416.77,3.7932,2.1814,1729792501.0,1,14,2420.0,1.4664,0.0,1.4664,5.437,0.0
97426.77,3.7937,2.1814,1729792511.0,1,14,2430.0,1.4724,0.0,1.4724,5.46,0.0
97436.77,3.7941,2.1814,1729792521.0,1,14,2440.0,1.4785,0.0,1.4785,5.483,0.0
97446.77,3.7946,2.1814,1729792531.0,1,14,2450.0,1.4846,0.0,1.4846,5.506,0.0
97456.77,3.795,2.1814,1729792541.0,1,14,2460.0,1.4906,0.0,1.4906,5.529,0.0
97466.77,3.7954,2.1814,1729792551.0,1,14,2470.0,1.4967,0.0,1.4967,5.552,0.0
97476.77,3.7958,2.1813,1729792561.0,1,14,2480.0,1.5027,0.0,1.5027,5.575,0.0
97486.77,3.7962,2.1814,1729792571.0,1,14,2490.0,1.5088,0.0,1.5088,5.598,0.0
97496.77,3.7966,2.1814,1729792581.0,1,14,2500.0,1.5149,0.0,1.5149,5.621,0.0
97506.77,3.797,2.1814,1729792591.0,1,14,2510.0,1.5209,0.0,1.5209,5.644,0.0
97516.77,3.7974,2.1814,1729792601.0,1,14,2520.0,1.527,0.0,1.527,5.667,0.0
97526.77,3.7978,2.1814,1729792611.0,1,14,2530.0,1.533,0.0,1.533,5.69,0.0
97536.77,3.7981,2.1814,1729792621.0,1,14,2540.0,1.5391,0.0,1.5391,5.713,0.0
97546.77,3.7985,2.1814,1729792631.0,1,14,2550.0,1.5452,0.0,1.5452,5.7361,0.0
97556.77,3.7988,2.1813,1729792641.0,1,14,2560.0,1.5512,0.0,1.5512,5.7591,0.0
97566.77,3.7991,2.1814,1729792651.0,1,14,2570.0,1.5573,0.0,1.5573,5.7821,0.0
97576.77,3.7994,2.1814,1729792661.0,1,14,2580.0,1.5633,0.0,1.5633,5.8051,0.0
97586.77,3.7997,2.1814,1729792671.0,1,14,2590.0,1.5694,0.0,1.5694,5.8281,0.0
97596.77,3.8,2.1814,1729792681.0,1,14,2600.0,1.5755,0.0,1.5755,5.8512,0.0
97606.77,3.8003,2.1814,1729792691.0,1,14,2610.0,1.5815,0.0,1.5815,5.8742,0.0
97616.77,3.8006,2.1814,1729792701.0,1,14,2620.0,1.5876,0.0,1.5876,5.8972,0.0
97626.77,3.8009,2.1814,1729792711.0,1,14,2630.0,1.5936,0.0,1.5936,5.9203,0.0
97636.77,3.8011,2.1814,1729792721.0,1,14,2640.0,1.5997,0.0,1.5997,5.9433,0.0
97646.77,3.8014,2.1815,1729792731.0,1,14,2650.0,1.6058,0.0,1.6058,5.9663,0.0
97656.77,3.8017,2.1815,1729792741.0,1,14,2660.0,1.6118,0.0,1.6118,5.9894,0.0
97666.77,3.8019,2.1814,1729792751.0,1,14,2670.0,1.6179,0.0,1.6179,6.0124,0.0
97676.77,3.8022,2.1814,1729792761.0,1,14,2680.0,1.6239,0.0,1.6239,6.0354,0.0
97686.77,3.8024,2.1814,1729792771.0,1,14,2690.0,1.63,0.0,1.63,6.0585,0.0
97696.77,3.8027,2.1814,1729792781.0,1,14,2700.0,1.6361,0.0,1.6361,6.0815,0.0
97706.77,3.8029,2.1815,1729792791.0,1,14,2710.0,1.6421,0.0,1.6421,6.1046,0.0
97716.77,3.8031,2.1814,1729792801.0,1,14,2720.0,1.6482,0.0,1.6482,6.1276,0.0
97726.77,3.8034,2.1814,1729792810.0,1,14,2730.0,1.6542,0.0,1.6542,6.1506,0.0
97736.77,3.8036,2.1815,1729792820.0,1,14,2740.0,1.6603,0.0,1.6603,6.1737,0.0
97746.77,3.8038,2.1814,1729792830.0,1,14,2750.0,1.6664,0.0,1.6664,6.1967,0.0
97756.77,3.8041,2.1814,1729792840.0,1,14,2760.0,1.6724,0.0,1.6724,6.2198,0.0
97766.77,3.8043,2.1815,1729792850.0,1,14,2770.0,1.6785,0.0,1.6785,6.2428,0.0
97776.77,3.8045,2.1814,1729792860.0,1,14,2780.0,1.6845,0.0,1.6845,6.2659,0.0
97786.77,3.8047,2.1815,1729792870.0,1,14,2790.0,1.6906,0.0,1.6906,6.2889,0.0
97796.77,3.805,2.1814,1729792880.0,1,14,2800.0,1.6966,0.0,1.6966,6.312,0.0
97806.77,3.8052,2.1814,1729792890.0,1,14,2810.0,1.7027,0.0,1.7027,6.3351,0.0
97816.77,3.8054,2.1815,1729792900.0,1,14,2820.0,1.7088,0.0,1.7088,6.3581,0.0
97826.77,3.8057,2.1814,1729792910.0,1,14,2830.0,1.7148,0.0,1.7148,6.3812,0.0
97836.77,3.8059,2.1815,1729792920.0,1,14,2840.0,1.7209,0.0,1.7209,6.4042,0.0
97846.77,3.8061,2.1814,1729792930.0,1,14,2850.0,1.7269,0.0,1.7269,6.4273,0.0
97856.77,3.8063,2.1814,1729792940.0,1,14,2860.0,1.733,0.0,1.733,6.4504,0.0
97866.77,3.8066,2.1814,1729792950.0,1,14,2870.0,1.7391,0.0,1.7391,6.4734,0.0
97876.77,3.8068,2.1814,1729792960.0,1,14,2880.0,1.7451,0.0,1.7451,6.4965,0.0
97886.77,3.807,2.1814,1729792970.0,1,14,2890.0,1.7512,0.0,1.7512,6.5196,0.0
97896.77,3.8072,2.1814,1729792980.0,1,14,2900.0,1.7572,0.0,1.7572,6.5426,0.0
97906.77,3.8074,2.1814,1729792990.0,1,14,2910.0,1.7633,0.0,1.7633,6.5657,0.0
97916.77,3.8076,2.1814,1729793000.0,1,14,2920.0,1.7694,0.0,1.7694,6.5888,0.0
97926.77,3.8078,2.1814,1729793010.0,1,14,2930.0,1.7754,0.0,1.7754,6.6118,0.0
97936.77,3.808,2.1814,1729793020.0,1,14,2940.0,1.7815,0.0,1.7815,6.6349,0.0
97946.77,3.8082,2.1814,1729793030.0,1,14,2950.0,1.7875,0.0,1.7875,6.658,0.0
97956.77,3.8084,2.1814,1729793040.0,1,14,2960.0,1.7936,0.0,1.7936,6.6811,0.0
97966.77,3.8086,2.1815,1729793050.0,1,14,2970.0,1.7997,0.0,1.7997,6.7041,0.0
97976.77,3.8088,2.1814,1729793060.0,1,14,2980.0,1.8057,0.0,1.8057,6.7272,0.0
97986.77,3.809,2.1814,1729793070.0,1,14,2990.0,1.8118,0.0,1.8118,6.7503,0.0
97996.77,3.8091,2.1814,1729793080.0,1,14,3000.0,1.8178,0.0,1.8178,6.7734,0.0
98006.77,3.8093,2.1815,1729793090.0,1,14,3010.0,1.8239,0.0,1.8239,6.7965,0.0
98016.77,3.8094,2.1814,1729793100.0,1,14,3020.0,1.83,0.0,1.83,6.8196,0.0
98026.77,3.8096,2.1814,1729793110.0,1,14,3030.0,1.836,0.0,1.836,6.8426,0.0
98036.77,3.8098,2.1814,1729793120.0,1,14,3040.0,1.8421,0.0,1.8421,6.8657,0.0
98046.77,3.8099,2.1815,1729793130.0,1,14,3050.0,1.8481,0.0,1.8481,6.8888,0.0
98056.77,3.81,2.1814,1729793140.0,1,14,3060.0,1.8542,0.0,1.8542,6.9119,0.0
98066.77,3.8102,2.1815,1729793150.0,1,14,3070.0,1.8603,0.0,1.8603,6.935,0.0
98076.77,3.8103,2.1814,1729793160.0,1,14,3080.0,1.8663,0.0,1.8663,6.9581,0.0
98086.77,3.8104,2.1814,1729793170.0,1,14,3090.0,1.8724,0.0,1.8724,6.9812,0.0
98096.77,3.8105,2.1814,1729793180.0,1,14,3100.0,1.8784,0.0,1.8784,7.0042,0.0
98106.77,3.8106,2.1814,1729793190.0,1,14,3110.0,1.8845,0.0,1.8845,7.0273,0.0
98116.77,3.8107,2.1814,1729793200.0,1,14,3120.0,1.8906,0.0,1.8906,7.0504,0.0
98126.77,3.8109,2.1814,1729793210.0,1,14,3130.0,1.8966,0.0,1.8966,7.0735,0.0
98136.77,3.8109,2.1814,1729793220.0,1,14,3140.0,1.9027,0.0,1.9027,7.0966,0.0
98146.77,3.811,2.1814,1729793230.0,1,14,3150.0,1.9087,0.0,1.9087,7.1197,0.0
98156.77,3.8111,2.1814,1729793240.0,1,14,3160.0,1.9148,0.0,1.9148,7.1428,0.0
98166.77,3.8112,2.1814,1729793250.0,1,14,3170.0,1.9208,0.0,1.9208,7.1659,0.0
98176.77,3.8112,2.1814,1729793260.0,1,14,3180.0,1.9269,0.0,1.9269,7.189,0.0
98186.77,3.8113,2.1814,1729793270.0,1,14,3190.0,1.933,0.0,1.933,7.2121,0.0
98196.77,3.8114,2.1814,1729793280.0,1,14,3200.0,1.939,0.0,1.939,7.2352,0.0
98206.77,3.8115,2.1815,1729793290.0,1,14,3210.0,1.9451,0.0,1.9451,7.2583,0.0
98216.77,3.8115,2.1815,1729793300.0,1,14,3220.0,1.9511,0.0,1.9511,7.2814,0.0
98226.77,3.8116,2.1814,1729793310.0,1,14,3230.0,1.9572,0.0,1.9572,7.3045,0.0
98236.77,3.8117,2.1813,1729793320.0,1,14,3240.0,1.9633,0.0,1.9633,7.3276,0.0
98246.77,3.8117,2.1814,1729793330.0,1,14,3250.0,1.9693,0.0,1.9693,7.3506,0.0
98256.77,3.8118,2.1814,1729793340.0,1,14,3260.0,1.9754,0.0,1.9754,7.3737,0.0
98266.77,3.8119,2.1814,1729793350.0,1,14,3270.0,1.9814,0.0,1.9814,7.3968,0.0
98276.77,3.8119,2.1814,1729793360.0,1,14,3280.0,1.9875,0.0,1.9875,7.4199,0.0
98286.77,3.812,2.1814,1729793370.0,1,14,3290.0,1.9936,0.0,1.9936,7.443,0.0
98296.77,3.812,2.1814,1729793380.0,1,14,3300.0,1.9996,0.0,1.9996,7.4661,0.0
98306.77,3.8121,2.1814,1729793390.0,1,14,3310.0,2.0057,0.0,2.0057,7.4892,0.0
98316.77,3.8121,2.1814,1729793400.0,1,14,3320.0,2.0117,0.0,2.0117,7.5123,0.0
98326.77,3.8122,2.1814,1729793410.0,1,14,3330.0,2.0178,0.0,2.0178,7.5354,0.0
98336.77,3.8122,2.1814,1729793420.0,1,14,3340.0,2.0239,0.0,2.0239,7.5585,0.0
98346.77,3.8123,2.1815,1729793430.0,1,14,3350.0,2.0299,0.0,2.0299,7.5816,0.0
98356.77,3.8124,2.1814,1729793440.0,1,14,3360.0,2.036,0.0,2.036,7.6047,0.0
98366.77,3.8124,2.1814,1729793450.0,1,14,3370.0,2.042,0.0,2.042,7.6278,0.0
98376.77,3.8125,2.1814,1729793460.0,1,14,3380.0,2.0481,0.0,2.0481,7.6509,0.0
98386.77,3.8125,2.1814,1729793470.0,1,14,3390.0,2.0542,0.0,2.0542,7.674,0.0
98396.77,3.8126,2.1815,1729793480.0,1,14,3400.0,2.0602,0.0,2.0602,7.6971,0.0
98406.77,3.8126,2.1815,1729793490.0,1,14,3410.0,2.0663,0.0,2.0663,7.7202,0.0
98416.77,3.8127,2.1814,1729793500.0,1,14,3420.0,2.0723,0.0,2.0723,7.7433,0.0
98426.77,3.8127,2.1815,1729793510.0,1,14,3430.0,2.0784,0.0,2.0784,7.7664,0.0
98436.77,3.8128,2.1814,1729793520.0,1,14,3440.0,2.0845,0.0,2.0845,7.7896,0.0
98446.77,3.8129,2.1814,1729793530.0,1,14,3450.0,2.0905,0.0,2.0905,7.8127,0.0
98456.77,3.8129,2.1814,1729793540.0,1,14,3460.0,2.0966,0.0,2.0966,7.8358,0.0
98466.77,3.813,2.1815,1729793550.0,1,14,3470.0,2.1026,0.0,2.1026,7.8589,0.0
98476.77,3.8131,2.1813,1729793560.0,1,14,3480.0,2.1087,0.0,2.1087,7.882,0.0
98486.77,3.8131,2.1814,1729793570.0,1,14,3490.0,2.1148,0.0,2.1148,7.9051,0.0
98496.77,3.8132,2.1814,1729793580.0,1,14,3500.0,2.1208,0.0,2.1208,7.9282,0.0
98506.77,3.8132,2.1815,1729793590.0,1,14,3510.0,2.1269,0.0,2.1269,7.9513,0.0
98516.77,3.8133,2.1815,1729793600.0,1,14,3520.0,2.1329,0.0,2.1329,7.9744,0.0
98526.77,3.8134,2.1814,1729793610.0,1,14,3530.0,2.139,0.0,2.139,7.9975,0.0
98536.77,3.8134,2.1814,1729793620.0,1,14,3540.0,2.145,0.0,2.145,8.0206,0.0
98546.77,3.8135,2.1814,1729793630.0,1,14,3550.0,2.1511,0.0,2.1511,8.0437,0.0
98556.77,3.8135,2.1814,1729793640.0,1,14,3560.0,2.1572,0.0,2.1572,8.0668,0.0
98566.77,3.8136,2.1814,1729793650.0,1,14,3570.0,2.1632,0.0,2.1632,8.0899,0.0
98576.77,3.8137,2.1814,1729793660.0,1,14,3580.0,2.1693,0.0,2.1693,8.113,0.0
98586.77,3.8138,2.1814,1729793670.0,1,14,3590.0,2.1753,0.0,2.1753,8.1361,0.0
98596.77,3.8138,2.1814,1729793680.0,1,14,3600.0,2.1814,0.0,2.1814,8.1593,0.0
98606.77,3.8139,2.1814,1729793690.0,1,14,3610.0,2.1875,0.0,2.1875,8.1824,0.0
98616.77,3.814,2.1814,1729793700.0,1,14,3620.0,2.1935,0.0,2.1935,8.2055,0.0
98626.77,3.814,2.1814,1729793710.0,1,14,3630.0,2.1996,0.0,2.1996,8.2286,0.0
98636.77,3.8141,2.1814,1729793720.0,1,14,3640.0,2.2056,0.0,2.2056,8.2517,0.0
98646.77,3.8142,2.1815,1729793730.0,1,14,3650.0,2.2117,0.0,2.2117,8.2748,0.0
98656.77,3.8142,2.1814,1729793740.0,1,14,3660.0,2.2178,0.0,2.2178,8.2979,0.0
98666.77,3.8143,2.1814,1729793750.0,1,14,3670.0,2.2238,0.0,2.2238,8.321,0.0
98676.77,3.8144,2.1814,1729793760.0,1,14,3680.0,2.2299,0.0,2.2299,8.3442,0.0
98686.77,3.8145,2.1815,1729793770.0,1,14,3690.0,2.2359,0.0,2.2359,8.3673,0.0
98696.77,3.8145,2.1814,1729793780.0,1,14,3700.0,2.242,0.0,2.242,8.3904,0.0
98706.77,3.8146,2.1814,1729793790.0,1,14,3710.0,2.2481,0.0,2.2481,8.4135,0.0
98716.77,3.8147,2.1814,1729793800.0,1,14,3720.0,2.2541,0.0,2.2541,8.4366,0.0
98726.77,3.8148,2.1814,1729793810.0,1,14,3730.0,2.2602,0.0,2.2602,8.4597,0.0
98736.77,3.8149,2.1814,1729793820.0,1,14,3740.0,2.2662,0.0,2.2662,8.4828,0.0
98746.77,3.815,2.1814,1729793830.0,1,14,3750.0,2.2723,0.0,2.2723,8.506,0.0
98756.77,3.815,2.1814,1729793840.0,1,14,3760.0,2.2784,0.0,2.2784,8.5291,0.0
98766.77,3.8151,2.1814,1729793850.0,1,14,3770.0,2.2844,0.0,2.2844,8.5522,0.0
98776.77,3.8152,2.1814,1729793860.0,1,14,3780.0,2.2905,0.0,2.2905,8.5753,0.0
98786.77,3.8152,2.1814,1729793870.0,1,14,3790.0,2.2965,0.0,2.2965,8.5984,0.0
98796.77,3.8153,2.1815,1729793880.0,1,14,3800.0,2.3026,0.0,2.3026,8.6215,0.0
98806.77,3.8154,2.1815,1729793890.0,1,14,3810.0,2.3087,0.0,2.3087,8.6447,0.0
98816.77,3.8155,2.1814,1729793900.0,1,14,3820.0,2.3147,0.0,2.3147,8.6678,0.0
98826.77,3.8156,2.1814,1729793910.0,1,14,3830.0,2.3208,0.0,2.3208,8.6909,0.0
98836.77,3.8157,2.1815,1729793920.0,1,14,3840.0,2.3268,0.0,2.3268,8.714,0.0
98846.77,3.8158,2.1814,1729793930.0,1,14,3850.0,2.3329,0.0,2.3329,8.7371,0.0
98856.77,3.8159,2.1814,1729793940.0,1,14,3860.0,2.339,0.0,2.339,8.7603,0.0
98866.77,3.816,2.1814,1729793950.0,1,14,3870.0,2.345,0.0,2.345,8.7834,0.0
98876.77,3.816,2.1814,1729793960.0,1,14,3880.0,2.3511,0.0,2.3511,8.8065,0.0
98886.77,3.8161,2.1814,1729793970.0,1,14,3890.0,2.3571,0.0,2.3571,8.8296,0.0
98896.77,3.8162,2.1815,1729793980.0,1,14,3900.0,2.3632,0.0,2.3632,8.8528,0.0
98906.77,3.8163,2.1813,1729793990.0,1,14,3910.0,2.3693,0.0,2.3693,8.8759,0.0
98916.77,3.8164,2.1814,1729794000.0,1,14,3920.0,2.3753,0.0,2.3753,8.899,0.0
98926.77,3.8166,2.1814,1729794010.0,1,14,3930.0,2.3814,0.0,2.3814,8.9221,0.0
98936.77,3.8166,2.1814,1729794020.0,1,14,3940.0,2.3874,0.0,2.3874,8.9453,0.0
98946.77,3.8167,2.1815,1729794030.0,1,14,3950.0,2.3935,0.0,2.3935,8.9684,0.0
98956.77,3.8168,2.1814,1729794040.0,1,14,3960.0,2.3995,0.0,2.3995,8.9915,0.0
98966.77,3.8169,2.1813,1729794050.0,1,14,3970.0,2.4056,0.0,2.4056,9.0146,0.0
98976.77,3.8171,2.1814,1729794060.0,1,14,3980.0,2.4117,0.0,2.4117,9.0378,0.0
98986.77,3.8172,2.1814,1729794070.0,1,14,3990.0,2.4177,0.0,2.4177,9.0609,0.0
98996.77,3.8173,2.1814,1729794080.0,1,14,4000.0,2.4238,0.0,2.4238,9.084,0.0
99006.77,3.8174,2.1814,1729794090.0,1,14,4010.0,2.4298,0.0,2.4298,9.1072,0.0
99016.77,3.8175,2.1815,1729794100.0,1,14,4020.0,2.4359,0.0,2.4359,9.1303,0.0
99026.77,3.8175,2.1815,1729794110.0,1,14,4030.0,2.442,0.0,2.442,9.1534,0.0
99036.77,3.8177,2.1814,1729794120.0,1,14,4040.0,2.448,0.0,2.448,9.1766,0.0
99046.77,3.8178,2.1814,1729794130.0,1,14,4050.0,2.4541,0.0,2.4541,9.1997,0.0
99056.77,3.8179,2.1813,1729794140.0,1,14,4060.0,2.4601,0.0,2.4601,9.2228,0.0
99066.77,3.818,2.1814,1729794150.0,1,14,4070.0,2.4662,0.0,2.4662,9.246,0.0
99076.77,3.8181,2.1814,1729794160.0,1,14,4080.0,2.4723,0.0,2.4723,9.2691,0.0
99086.77,3.8182,2.1814,1729794170.0,1,14,4090.0,2.4783,0.0,2.4783,9.2922,0.0
99096.77,3.8184,2.1815,1729794180.0,1,14,4100.0,2.4844,0.0,2.4844,9.3154,0.0
99106.77,3.8185,2.1814,1729794190.0,1,14,4110.0,2.4904,0.0,2.4904,9.3385,0.0
99116.77,3.8186,2.1814,1729794200.0,1,14,4120.0,2.4965,0.0,2.4965,9.3616,0.0
99126.77,3.8187,2.1814,1729794210.0,1,14,4130.0,2.5026,0.0,2.5026,9.3848,0.0
99136.77,3.8188,2.1814,1729794220.0,1,14,4140.0,2.5086,0.0,2.5086,9.4079,0.0
99146.77,3.8189,2.1814,1729794230.0,1,14,4150.0,2.5147,0.0,2.5147,9.4311,0.0
99156.77,3.8191,2.1814,1729794240.0,1,14,4160.0,2.5207,0.0,2.5207,9.4542,0.0
99166.77,3.8192,2.1815,1729794250.0,1,14,4170.0,2.5268,0.0,2.5268,9.4774,0.0
99176.77,3.8193,2.1814,1729794260.0,1,14,4180.0,2.5329,0.0,2.5329,9.5005,0.0
99186.77,3.8195,2.1814,1729794270.0,1,14,4190.0,2.5389,0.0,2.5389,9.5236,0.0
99196.77,3.8196,2.1814,1729794280.0,1,14,4200.0,2.545,0.0,2.545,9.5468,0.0
99206.77,3.8197,2.1814,1729794290.0,1,14,4210.0,2.551,0.0,2.551,9.5699,0.0
99216.77,3.8199,2.1814,1729794300.0,1,14,4220.0,2.5571,0.0,2.5571,9.5931,0.0
99226.77,3.82,2.1813,1729794310.0,1,14,4230.0,2.5632,0.0,2.5632,9.6162,0.0
99236.77,3.8201,2.1814,1729794320.0,1,14,4240.0,2.5692,0.0,2.5692,9.6394,0.0
99246.77,3.8203,2.1814,1729794330.0,1,14,4250.0,2.5753,0.0,2.5753,9.6625,0.0
99256.77,3.8204,2.1814,1729794340.0,1,14,4260.0,2.5813,0.0,2.5813,9.6857,0.0
99266.77,3.8206,2.1814,1729794350.0,1,14,4270.0,2.5874,0.0,2.5874,9.7088,0.0
99276.77,3.8207,2.1814,1729794360.0,1,14,4280.0,2.5935,0.0,2.5935,9.732,0.0
99286.77,3.8208,2.1814,1729794370.0,1,14,4290.0,2.5995,0.0,2.5995,9.7551,0.0
99296.77,3.821,2.1815,1729794380.0,1,14,4300.0,2.6056,0.0,2.6056,9.7783,0.0
99306.77,3.8211,2.1814,1729794390.0,1,14,4310.0,2.6116,0.0,2.6116,9.8014,0.0
99316.77,3.8213,2.1814,1729794400.0,1,14,4320.0,2.6177,0.0,2.6177,9.8246,0.0
99326.77,3.8214,2.1815,1729794410.0,1,14,4330.0,2.6237,0.0,2.6237,9.8477,0.0
99336.77,3.8215,2.1814,1729794420.0,1,14,4340.0,2.6298,0.0,2.6298,9.8709,0.0
99346.77,3.8217,2.1814,1729794430.0,1,14,4350.0,2.6359,0.0,2.6359,9.894,0.0
99356.77,3.8219,2.1814,1729794440.0,1,14,4360.0,2.6419,0.0,2.6419,9.9172,0.0
99366.77,3.822,2.1814,1729794450.0,1,14,4370.0,2.648,0.0,2.648,9.9404,0.0
99376.77,3.8222,2.1815,1729794460.0,1,14,4380.0,2.654,0.0,2.654,9.9635,0.0
99386.77,3.8223,2.1814,1729794470.0,1,14,4390.0,2.6601,0.0,2.6601,9.9867,0.0
99396.77,3.8225,2.1814,1729794480.0,1,14,4400.0,2.6662,0.0,2.6662,10.0098,0.0
99406.77,3.8226,2.1814,1729794490.0,1,14,4410.0,2.6722,0.0,2.6722,10.033,0.0
99416.77,3.8228,2.1813,1729794500.0,1,14,4420.0,2.6783,0.0,2.6783,10.0562,0.0
99426.77,3.8229,2.1814,1729794510.0,1,14,4430.0,2.6843,0.0,2.6843,10.0793,0.0
99436.77,3.8231,2.1814,1729794520.0,1,14,4440.0,2.6904,0.0,2.6904,10.1025,0.0
99446.77,3.8233,2.1814,1729794530.0,1,14,4450.0,2.6965,0.0,2.6965,10.1257,0.0
99456.77,3.8234,2.1814,1729794540.0,1,14,4460.0,2.7025,0.0,2.7025,10.1488,0.0
99466.77,3.8236,2.1814,1729794550.0,1,14,4470.0,2.7086,0.0,2.7086,10.172,0.0
99476.77,3.8238,2.1814,1729794560.0,1,14,4480.0,2.7146,0.0,2.7146,10.1952,0.0
99486.77,3.824,2.1814,1729794570.0,1,14,4490.0,2.7207,0.0,2.7207,10.2183,0.0
99496.77,3.8242,2.1814,1729794580.0,1,14,4500.0,2.7268,0.0,2.7268,10.2415,0.0
99506.77,3.8243,2.1814,1729794590.0,1,14,4510.0,2.7328,0.0,2.7328,10.2647,0.0
99516.77,3.8245,2.1815,1729794600.0,1,14,4520.0,2.7389,0.0,2.7389,10.2879,0.0
99526.77,3.8247,2.1814,1729794610.0,1,14,4530.0,2.7449,0.0,2.7449,10.311,0.0
99536.77,3.8249,2.1814,1729794620.0,1,14,4540.0,2.751,0.0,2.751,10.3342,0.0
99546.77,3.825,2.1814,1729794630.0,1,14,4550.0,2.7571,0.0,2.7571,10.3574,0.0
99556.77,3.8252,2.1814,1729794640.0,1,14,4560.0,2.7631,0.0,2.7631,10.3806,0.0
99566.77,3.8254,2.1814,1729794650.0,1,14,4570.0,2.7692,0.0,2.7692,10.4037,0.0
99576.77,3.8256,2.1814,1729794660.0,1,14,4580.0,2.7752,0.0,2.7752,10.4269,0.0
99586.77,3.8258,2.1814,1729794670.0,1,14,4590.0,2.7813,0.0,2.7813,10.4501,0.0
99596.77,3.826,2.1814,1729794680.0,1,14,4600.0,2.7874,0.0,2.7874,10.4733,0.0
99606.77,3.8262,2.1814,1729794690.0,1,14,4610.0,2.7934,0.0,2.7934,10.4965,0.0
99616.77,3.8264,2.1814,1729794700.0,1,14,4620.0,2.7995,0.0,2.7995,10.5197,0.0
99626.77,3.8266,2.1814,1729794710.0,1,14,4630.0,2.8055,0.0,2.8055,10.5429,0.0
99636.77,3.8268,2.1814,1729794720.0,1,14,4640.0,2.8116,0.0,2.8116,10.566,0.0
99646.77,3.827,2.1815,1729794730.0,1,14,4650.0,2.8177,0.0,2.8177,10.5892,0.0
99656.77,3.8272,2.1815,1729794740.0,1,14,4660.0,2.8237,0.0,2.8237,10.6124,0.0
99666.77,3.8273,2.1814,1729794750.0,1,14,4670.0,2.8298,0.0,2.8298,10.6356,0.0
99676.77,3.8276,2.1814,1729794760.0,1,14,4680.0,2.8358,0.0,2.8358,10.6588,0.0
99686.77,3.8278,2.1814,1729794770.0,1,14,4690.0,2.8419,0.0,2.8419,10.682,0.0
99696.77,3.828,2.1814,1729794780.0,1,14,4700.0,2.8479,0.0,2.8479,10.7052,0.0
99706.77,3.8282,2.1814,1729794790.0,1,14,4710.0,2.854,0.0,2.854,10.7284,0.0
99716.77,3.8284,2.1815,1729794800.0,1,14,4720.0,2.8601,0.0,2.8601,10.7516,0.0
99726.77,3.8286,2.1814,1729794810.0,1,14,4730.0,2.8661,0.0,2.8661,10.7748,0.0
99736.77,3.8288,2.1815,1729794820.0,1,14,4740.0,2.8722,0.0,2.8722,10.798,0.0
99746.77,3.8291,2.1814,1729794830.0,1,14,4750.0,2.8782,0.0,2.8782,10.8212,0.0
99756.77,3.8292,2.1815,1729794840.0,1,14,4760.0,2.8843,0.0,2.8843,10.8444,0.0
99766.77,3.8295,2.1814,1729794850.0,1,14,4770.0,2.8904,0.0,2.8904,10.8676,0.0
99776.77,3.8297,2.1814,1729794860.0,1,14,4780.0,2.8964,0.0,2.8964,10.8908,0.0
99786.77,3.8299,2.1814,1729794870.0,1,14,4790.0,2.9025,0.0,2.9025,10.914,0.0
99796.77,3.8302,2.1814,1729794880.0,1,14,4800.0,2.9085,0.0,2.9085,10.9372,0.0
99806.77,3.8304,2.1814,1729794890.0,1,14,4810.0,2.9146,0.0,2.9146,10.9604,0.0
99816.77,3.8306,2.1814,1729794900.0,1,14,4820.0,2.9207,0.0,2.9207,10.9836,0.0
99826.77,3.8309,2.1815,1729794910.0,1,14,4830.0,2.9267,0.0,2.9267,11.0068,0.0
99836.77,3.831,2.1814,1729794920.0,1,14,4840.0,2.9328,0.0,2.9328,11.0301,0.0
99846.77,3.8313,2.1815,1729794930.0,1,14,4850.0,2.9388,0.0,2.9388,11.0533,0.0
99856.77,3.8315,2.1815,1729794940.0,1,14,4860.0,2.9449,0.0,2.9449,11.0765,0.0
99866.77,3.8318,2.1815,1729794950.0,1,14,4870.0,2.951,0.0,2.951,11.0997,0.0
99876.77,3.832,2.1814,1729794960.0,1,14,4880.0,2.957,0.0,2.957,11.1229,0.0
99886.77,3.8322,2.1814,1729794970.0,1,14,4890.0,2.9631,0.0,2.9631,11.1461,0.0
99896.77,3.8325,2.1815,1729794980.0,1,14,4900.0,2.9691,0.0,2.9691,11.1694,0.0
99906.77,3.8327,2.1814,1729794990.0,1,14,4910.0,2.9752,0.0,2.9752,11.1926,0.0
99916.77,3.8329,2.1814,1729795000.0,1,14,4920.0,2.9813,0.0,2.9813,11.2158,0.0
99926.77,3.8332,2.1814,1729795010.0,1,14,4930.0,2.9873,0.0,2.9873,11.239,0.0
99936.77,3.8335,2.1814,1729795020.0,1,14,4940.0,2.9934,0.0,2.9934,11.2623,0.0
99946.77,3.8337,2.1814,1729795030.0,1,14,4950.0,2.9994,0.0,2.9994,11.2855,0.0
99956.77,3.834,2.1815,1729795040.0,1,14,4960.0,3.0055,0.0,3.0055,11.3087,0.0
99966.77,3.8342,2.1814,1729795050.0,1,14,4970.0,3.0116,0.0,3.0116,11.332,0.0
99976.77,3.8345,2.1814,1729795060.0,1,14,4980.0,3.0176,0.0,3.0176,11.3552,0.0
99986.77,3.8348,2.1815,1729795070.0,1,14,4990.0,3.0237,0.0,3.0237,11.3784,0.0
99996.77,3.835,2.1814,1729795080.0,1,14,5000.0,3.0297,0.0,3.0297,11.4017,0.0
100006.77,3.8353,2.1814,1729795090.0,1,14,5010.0,3.0358,0.0,3.0358,11.4249,0.0
100016.77,3.8356,2.1814,1729795100.0,1,14,5020.0,3.0419,0.0,3.0419,11.4482,0.0
100026.77,3.8358,2.1814,1729795110.0,1,14,5030.0,3.0479,0.0,3.0479,11.4714,0.0
100036.77,3.8361,2.1814,1729795120.0,1,14,5040.0,3.054,0.0,3.054,11.4946,0.0
100046.77,3.8364,2.1814,1729795130.0,1,14,5050.0,3.06,0.0,3.06,11.5179,0.0
100056.77,3.8366,2.1814,1729795140.0,1,14,5060.0,3.0661,0.0,3.0661,11.5411,0.0
100066.77,3.8369,2.1815,1729795150.0,1,14,5070.0,3.0722,0.0,3.0722,11.5644,0.0
100076.77,3.8371,2.1814,1729795160.0,1,14,5080.0,3.0782,0.0,3.0782,11.5876,0.0
100086.77,3.8374,2.1814,1729795170.0,1,14,5090.0,3.0843,0.0,3.0843,11.6109,0.0
100096.77,3.8377,2.1815,1729795180.0,1,14,5100.0,3.0903,0.0,3.0903,11.6341,0.0
100106.77,3.838,2.1814,1729795190.0,1,14,5110.0,3.0964,0.0,3.0964,11.6574,0.0
100116.77,3.8383,2.1814,1729795200.0,1,14,5120.0,3.1024,0.0,3.1024,11.6807,0.0
100126.77,3.8385,2.1814,1729795210.0,1,14,5130.0,3.1085,0.0,3.1085,11.7039,0.0
100136.77,3.8388,2.1814,1729795220.0,1,14,5140.0,3.1146,0.0,3.1146,11.7272,0.0
100146.77,3.8391,2.1814,1729795230.0,1,14,5150.0,3.1206,0.0,3.1206,11.7504,0.0
100156.77,3.8394,2.1814,1729795240.0,1,14,5160.0,3.1267,0.0,3.1267,11.7737,0.0
100166.77,3.8397,2.1815,1729795250.0,1,14,5170.0,3.1327,0.0,3.1327,11.797,0.0
100176.77,3.8399,2.1814,1729795260.0,1,14,5180.0,3.1388,0.0,3.1388,11.8202,0.0
100186.77,3.8403,2.1814,1729795270.0,1,14,5190.0,3.1449,0.0,3.1449,11.8435,0.0
100196.77,3.8406,2.1814,1729795280.0,1,14,5200.0,3.1509,0.0,3.1509,11.8668,0.0
100206.77,3.8408,2.1814,1729795290.0,1,14,5210.0,3.157,0.0,3.157,11.89,0.0
100216.77,3.8412,2.1814,1729795300.0,1,14,5220.0,3.163,0.0,3.163,11.9133,0.0
100226.77,3.8415,2.1815,1729795310.0,1,14,5230.0,3.1691,0.0,3.1691,11.9366,0.0
100236.77,3.8418,2.1814,1729795320.0,1,14,5240.0,3.1752,0.0,3.1752,11.9599,0.0
100246.77,3.8421,2.1814,1729795330.0,1,14,5250.0,3.1812,0.0,3.1812,11.9832,0.0
100256.77,3.8424,2.1814,1729795340.0,1,14,5260.0,3.1873,0.0,3.1873,12.0064,0.0
100266.77,3.8427,2.1814,1729795350.0,1,14,5270.0,3.1933,0.0,3.1933,12.0297,0.0
100276.77,3.843,2.1814,1729795360.0,1,14,5280.0,3.1994,0.0,3.1994,12.053,0.0
100286.77,3.8433,2.1814,1729795370.0,1,14,5290.0,3.2055,0.0,3.2055,12.0763,0.0
100296.77,3.8436,2.1814,1729795380.0,1,14,5300.0,3.2115,0.0,3.2115,12.0996,0.0
100306.77,3.8439,2.1814,1729795390.0,1,14,5310.0,3.2176,0.0,3.2176,12.1229,0.0
100316.77,3.8443,2.1814,1729795400.0,1,14,5320.0,3.2236,0.0,3.2236,12.1462,0.0
100326.77,3.8446,2.1814,1729795410.0,1,14,5330.0,3.2297,0.0,3.2297,12.1695,0.0
100336.77,3.8449,2.1814,1729795420.0,1,14,5340.0,3.2358,0.0,3.2358,12.1928,0.0
100346.77,3.8452,2.1813,1729795430.0,1,14,5350.0,3.2418,0.0,3.2418,12.2161,0.0
100356.77,3.8456,2.1814,1729795440.0,1,14,5360.0,3.2479,0.0,3.2479,12.2394,0.0
100366.77,3.8459,2.1814,1729795450.0,1,14,5370.0,3.2539,0.0,3.2539,12.2627,0.0
100376.77,3.8462,2.1814,1729795460.0,1,14,5380.0,3.26,0.0,3.26,12.286,0.0
100386.77,3.8465,2.1814,1729795470.0,1,14,5390.0,3.2661,0.0,3.2661,12.3093,0.0
100396.77,3.8468,2.1814,1729795480.0,1,14,5400.0,3.2721,0.0,3.2721,12.3326,0.0
100406.77,3.8472,2.1814,1729795490.0,1,14,5410.0,3.2782,0.0,3.2782,12.3559,0.0
100416.77,3.8476,2.1814,1729795500.0,1,14,5420.0,3.2842,0.0,3.2842,12.3792,0.0
100426.77,3.8479,2.1814,1729795510.0,1,14,5430.0,3.2903,0.0,3.2903,12.4025,0.0
100436.77,3.8482,2.1814,1729795520.0,1,14,5440.0,3.2964,0.0,3.2964,12.4258,0.0
100446.77,3.8485,2.1814,1729795530.0,1,14,5450.0,3.3024,0.0,3.3024,12.4492,0.0
100456.77,3.8489,2.1813,1729795540.0,1,14,5460.0,3.3085,0.0,3.3085,12.4725,0.0
100466.77,3.8493,2.1814,1729795550.0,1,14,5470.0,3.3145,0.0,3.3145,12.4958,0.0
100476.77,3.8496,2.1813,1729795560.0,1,14,5480.0,3.3206,0.0,3.3206,12.5191,0.0
100486.77,3.85,2.1815,1729795570.0,1,14,5490.0,3.3266,0.0,3.3266,12.5425,0.0
100496.77,3.8503,2.1814,1729795580.0,1,14,5500.0,3.3327,0.0,3.3327,12.5658,0.0
100506.77,3.8507,2.1814,1729795590.0,1,14,5510.0,3.3388,0.0,3.3388,12.5891,0.0
100516.77,3.851,2.1814,1729795600.0,1,14,5520.0,3.3448,0.0,3.3448,12.6125,0.0
100526.77,3.8514,2.1814,1729795610.0,1,14,5530.0,3.3509,0.0,3.3509,12.6358,0.0
100536.77,3.8518,2.1814,1729795620.0,1,14,5540.0,3.3569,0.0,3.3569,12.6591,0.0
100546.77,3.8521,2.1814,1729795630.0,1,14,5550.0,3.363,0.0,3.363,12.6825,0.0
100556.77,3.8525,2.1814,1729795640.0,1,14,5560.0,3.3691,0.0,3.3691,12.7058,0.0
100566.77,3.8529,2.1814,1729795650.0,1,14,5570.0,3.3751,0.0,3.3751,12.7292,0.0
100576.77,3.8532,2.1814,1729795660.0,1,14,5580.0,3.3812,0.0,3.3812,12.7525,0.0
100586.77,3.8536,2.1814,1729795670.0,1,14,5590.0,3.3872,0.0,3.3872,12.7759,0.0
100596.77,3.854,2.1814,1729795680.0,1,14,5600.0,3.3933,0.0,3.3933,12.7992,0.0
100606.77,3.8544,2.1814,1729795690.0,1,14,5610.0,3.3994,0.0,3.3994,12.8226,0.0
100616.77,3.8548,2.1814,1729795700.0,1,14,5620.0,3.4054,0.0,3.4054,12.8459,0.0
100626.77,3.8551,2.1814,1729795710.0,1,14,5630.0,3.4115,0.0,3.4115,12.8693,0.0
100636.77,3.8555,2.1814,1729795720.0,1,14,5640.0,3.4175,0.0,3.4175,12.8926,0.0
100646.77,3.8559,2.1814,1729795730.0,1,14,5650.0,3.4236,0.0,3.4236,12.916,0.0
100656.77,3.8563,2.1814,1729795740.0,1,14,5660.0,3.4297,0.0,3.4297,12.9394,0.0
100666.77,3.8567,2.1814,1729795750.0,1,14,5670.0,3.4357,0.0,3.4357,12.9627,0.0
100676.77,3.8571,2.1815,1729795760.0,1,14,5680.0,3.4418,0.0,3.4418,12.9861,0.0
100686.77,3.8575,2.1814,1729795770.0,1,14,5690.0,3.4478,0.0,3.4478,13.0095,0.0
100696.77,3.8579,2.1814,1729795780.0,1,14,5700.0,3.4539,0.0,3.4539,13.0329,0.0
100706.77,3.8583,2.1814,1729795790.0,1,14,5710.0,3.46,0.0,3.46,13.0562,0.0
100716.77,3.8587,2.1814,1729795800.0,1,14,5720.0,3.466,0.0,3.466,13.0796,0.0
100726.77,3.8591,2.1814,1729795810.0,1,14,5730.0,3.4721,0.0,3.4721,13.103,0.0
100736.77,3.8595,2.1814,1729795820.0,1,14,5740.0,3.4781,0.0,3.4781,13.1264,0.0
100746.77,3.8599,2.1813,1729795830.0,1,14,5750.0,3.4842,0.0,3.4842,13.1498,0.0
100756.77,3.8603,2.1814,1729795840.0,1,14,5760.0,3.4903,0.0,3.4903,13.1732,0.0
100766.77,3.8607,2.1814,1729795850.0,1,14,5770.0,3.4963,0.0,3.4963,13.1965,0.0
100776.77,3.8612,2.1814,1729795860.0,1,14,5780.0,3.5024,0.0,3.5024,13.2199,0.0
100786.77,3.8616,2.1814,1729795870.0,1,14,5790.0,3.5084,0.0,3.5084,13.2433,0.0
100796.77,3.862,2.1814,1729795880.0,1,14,5800.0,3.5145,0.0,3.5145,13.2667,0.0
100806.77,3.8625,2.1814,1729795890.0,1,14,5810.0,3.5206,0.0,3.5206,13.2901,0.0
100816.77,3.8629,2.1814,1729795900.0,1,14,5820.0,3.5266,0.0,3.5266,13.3136,0.0
100826.77,3.8633,2.1814,1729795910.0,1,14,5830.0,3.5327,0.0,3.5327,13.337,0.0
100836.77,3.8638,2.1814,1729795920.0,1,14,5840.0,3.5387,0.0,3.5387,13.3604,0.0
100846.77,3.8642,2.1815,1729795930.0,1,14,5850.0,3.5448,0.0,3.5448,13.3838,0.0
100856.77,3.8646,2.1814,1729795940.0,1,14,5860.0,3.5508,0.0,3.5508,13.4072,0.0
100866.77,3.8651,2.1814,1729795950.0,1,14,5870.0,3.5569,0.0,3.5569,13.4306,0.0
100876.77,3.8655,2.1815,1729795960.0,1,14,5880.0,3.563,0.0,3.563,13.454,0.0
100886.77,3.866,2.1814,1729795970.0,1,14,5890.0,3.569,0.0,3.569,13.4775,0.0
100896.77,3.8665,2.1815,1729795980.0,1,14,5900.0,3.5751,0.0,3.5751,13.5009,0.0
100906.77,3.8669,2.1814,1729795990.0,1,14,5910.0,3.5811,0.0,3.5811,13.5243,0.0
100916.77,3.8674,2.1815,1729796000.0,1,14,5920.0,3.5872,0.0,3.5872,13.5478,0.0
100926.77,3.8678,2.1815,1729796010.0,1,14,5930.0,3.5933,0.0,3.5933,13.5712,0.0
100936.77,3.8683,2.1814,1729796020.0,1,14,5940.0,3.5993,0.0,3.5993,13.5946,0.0
100946.77,3.8688,2.1814,1729796030.0,1,14,5950.0,3.6054,0.0,3.6054,13.6181,0.0
100956.77,3.8692,2.1814,1729796040.0,1,14,5960.0,3.6114,0.0,3.6114,13.6415,0.0
100966.77,3.8697,2.1814,1729796050.0,1,14,5970.0,3.6175,0.0,3.6175,13.665,0.0
100976.77,3.8702,2.1814,1729796060.0,1,14,5980.0,3.6236,0.0,3.6236,13.6884,0.0
100986.77,3.8707,2.1814,1729796070.0,1,14,5990.0,3.6296,0.0,3.6296,13.7119,0.0
100996.77,3.8712,2.1814,1729796080.0,1,14,6000.0,3.6357,0.0,3.6357,13.7353,0.0
101006.77,3.8717,2.1814,1729796090.0,1,14,6010.0,3.6417,0.0,3.6417,13.7588,0.0
101016.77,3.8722,2.1814,1729796100.0,1,14,6020.0,3.6478,0.0,3.6478,13.7822,0.0
101026.77,3.8727,2.1814,1729796110.0,1,14,6030.0,3.6539,0.0,3.6539,13.8057,0.0
101036.77,3.8732,2.1814,1729796120.0,1,14,6040.0,3.6599,0.0,3.6599,13.8292,0.0
101046.77,3.8737,2.1813,1729796130.0,1,14,6050.0,3.666,0.0,3.666,13.8526,0.0
101056.77,3.8742,2.1814,1729796140.0,1,14,6060.0,3.672,0.0,3.672,13.8761,0.0
101066.77,3.8747,2.1814,1729796150.0,1,14,6070.0,3.6781,0.0,3.6781,13.8996,0.0
101076.77,3.8752,2.1814,1729796160.0,1,14,6080.0,3.6842,0.0,3.6842,13.9231,0.0
101086.77,3.8757,2.1814,1729796170.0,1,14,6090.0,3.6902,0.0,3.6902,13.9466,0.0
101096.77,3.8763,2.1814,1729796180.0,1,14,6100.0,3.6963,0.0,3.6963,13.97,0.0
101106.77,3.8768,2.1814,1729796190.0,1,14,6110.0,3.7023,0.0,3.7023,13.9935,0.0
101116.77,3.8773,2.1814,1729796200.0,1,14,6120.0,3.7084,0.0,3.7084,14.017,0.0
101126.77,3.8778,2.1814,1729796210.0,1,14,6130.0,3.7145,0.0,3.7145,14.0405,0.0
101136.77,3.8784,2.1814,1729796220.0,1,14,6140.0,3.7205,0.0,3.7205,14.064,0.0
101146.77,3.8789,2.1814,1729796230.0,1,14,6150.0,3.7266,0.0,3.7266,14.0875,0.0
101156.77,3.8795,2.1813,1729796240.0,1,14,6160.0,3.7326,0.0,3.7326,14.111,0.0
101166.77,3.88,2.1814,1729796250.0,1,14,6170.0,3.7387,0.0,3.7387,14.1345,0.0
101176.77,3.8806,2.1814,1729796260.0,1,14,6180.0,3.7448,0.0,3.7448,14.1581,0.0
101186.77,3.8811,2.1814,1729796270.0,1,14,6190.0,3.7508,0.0,3.7508,14.1816,0.0
101196.77,3.8817,2.1814,1729796280.0,1,14,6200.0,3.7569,0.0,3.7569,14.2051,0.0
101206.77,3.8823,2.1814,1729796290.0,1,14,6210.0,3.7629,0.0,3.7629,14.2286,0.0
101216.77,3.8829,2.1813,1729796300.0,1,14,6220.0,3.769,0.0,3.769,14.2521,0.0
101226.77,3.8834,2.1814,1729796310.0,1,14,6230.0,3.775,0.0,3.775,14.2757,0.0
101236.77,3.884,2.1814,1729796320.0,1,14,6240.0,3.7811,0.0,3.7811,14.2992,0.0
101246.77,3.8846,2.1814,1729796330.0,1,14,6250.0,3.7872,0.0,3.7872,14.3227,0.0
101256.77,3.8852,2.1815,1729796340.0,1,14,6260.0,3.7932,0.0,3.7932,14.3463,0.0
101266.77,3.8858,2.1814,1729796350.0,1,14,6270.0,3.7993,0.0,3.7993,14.3698,0.0
101276.77,3.8864,2.1814,1729796360.0,1,14,6280.0,3.8053,0.0,3.8053,14.3934,0.0
101286.77,3.887,2.1815,1729796370.0,1,14,6290.0,3.8114,0.0,3.8114,14.4169,0.0
101296.77,3.8876,2.1814,1729796380.0,1,14,6300.0,3.8175,0.0,3.8175,14.4405,0.0
101306.77,3.8882,2.1814,1729796390.0,1,14,6310.0,3.8235,0.0,3.8235,14.464,0.0
101316.77,3.8888,2.1814,1729796400.0,1,14,6320.0,3.8296,0.0,3.8296,14.4876,0.0
101326.77,3.8894,2.1814,1729796410.0,1,14,6330.0,3.8356,0.0,3.8356,14.5112,0.0
101336.77,3.8901,2.1814,1729796420.0,1,14,6340.0,3.8417,0.0,3.8417,14.5347,0.0
101346.77,3.8907,2.1814,1729796430.0,1,14,6350.0,3.8478,0.0,3.8478,14.5583,0.0
101356.77,3.8913,2.1814,1729796440.0,1,14,6360.0,3.8538,0.0,3.8538,14.5819,0.0
101366.77,3.892,2.1814,1729796450.0,1,14,6370.0,3.8599,0.0,3.8599,14.6055,0.0
101376.77,3.8926,2.1814,1729796460.0,1,14,6380.0,3.8659,0.0,3.8659,14.629,0.0
101386.77,3.8933,2.1814,1729796470.0,1,14,6390.0,3.872,0.0,3.872,14.6526,0.0
101396.77,3.8939,2.1814,1729796480.0,1,14,6400.0,3.8781,0.0,3.8781,14.6762,0.0
101406.77,3.8946,2.1814,1729796490.0,1,14,6410.0,3.8841,0.0,3.8841,14.6998,0.0
101416.77,3.8952,2.1814,1729796500.0,1,14,6420.0,3.8902,0.0,3.8902,14.7234,0.0
101426.77,3.8959,2.1815,1729796510.0,1,14,6430.0,3.8962,0.0,3.8962,14.747,0.0
101436.77,3.8966,2.1814,1729796520.0,1,14,6440.0,3.9023,0.0,3.9023,14.7706,0.0
101446.77,3.8972,2.1813,1729796530.0,1,14,6450.0,3.9084,0.0,3.9084,14.7943,0.0
101456.77,3.8979,2.1813,1729796540.0,1,14,6460.0,3.9144,0.0,3.9144,14.8179,0.0
101466.77,3.8986,2.1814,1729796550.0,1,14,6470.0,3.9205,0.0,3.9205,14.8415,0.0
101476.77,3.8993,2.1814,1729796560.0,1,14,6480.0,3.9265,0.0,3.9265,14.8651,0.0
101486.77,3.8999,2.1815,1729796570.0,1,14,6490.0,3.9326,0.0,3.9326,14.8887,0.0
101496.77,3.9006,2.1815,1729796580.0,1,14,6500.0,3.9387,0.0,3.9387,14.9124,0.0
101506.77,3.9013,2.1814,1729796590.0,1,14,6510.0,3.9447,0.0,3.9447,14.936,0.0
101516.77,3.902,2.1814,1729796600.0,1,14,6520.0,3.9508,0.0,3.9508,14.9597,0.0
101526.77,3.9027,2.1814,1729796610.0,1,14,6530.0,3.9568,0.0,3.9568,14.9833,0.0
101536.77,3.9034,2.1814,1729796620.0,1,14,6540.0,3.9629,0.0,3.9629,15.007,0.0
101546.77,3.9041,2.1814,1729796630.0,1,14,6550.0,3.969,0.0,3.969,15.0306,0.0
101556.77,3.9048,2.1814,1729796640.0,1,14,6560.0,3.975,0.0,3.975,15.0543,0.0
101566.77,3.9054,2.1813,1729796650.0,1,14,6570.0,3.9811,0.0,3.9811,15.0779,0.0
101576.77,3.9061,2.1814,1729796660.0,1,14,6580.0,3.9871,0.0,3.9871,15.1016,0.0
101586.77,3.9068,2.1814,1729796670.0,1,14,6590.0,3.9932,0.0,3.9932,15.1253,0.0
101596.77,3.9074,2.1815,1729796680.0,1,14,6600.0,3.9992,0.0,3.9992,15.1489,0.0
101606.77,3.9081,2.1814,1729796690.0,1,14,6610.0,4.0053,0.0,4.0053,15.1726,0.0
101616.77,3.9088,2.1815,1729796700.0,1,14,6620.0,4.0114,0.0,4.0114,15.1963,0.0
101626.77,3.9094,2.1815,1729796710.0,1,14,6630.0,4.0174,0.0,4.0174,15.22,0.0
101636.77,3.9101,2.1814,1729796720.0,1,14,6640.0,4.0235,0.0,4.0235,15.2437,0.0
101646.77,3.9107,2.1814,1729796730.0,1,14,6650.0,4.0295,0.0,4.0295,15.2674,0.0
101656.77,3.9114,2.1815,1729796740.0,1,14,6660.0,4.0356,0.0,4.0356,15.2911,0.0
101666.77,3.912,2.1814,1729796750.0,1,14,6670.0,4.0417,0.0,4.0417,15.3148,0.0
101676.77,3.9126,2.1814,1729796760.0,1,14,6680.0,4.0477,0.0,4.0477,15.3385,0.0
101686.77,3.9132,2.1814,1729796770.0,1,14,6690.0,4.0538,0.0,4.0538,15.3622,0.0
101696.77,3.9138,2.1815,1729796780.0,1,14,6700.0,4.0598,0.0,4.0598,15.3859,0.0
101706.77,3.9144,2.1814,1729796790.0,1,14,6710.0,4.0659,0.0,4.0659,15.4096,0.0
101716.77,3.915,2.1814,1729796800.0,1,14,6720.0,4.072,0.0,4.072,15.4333,0.0
101726.77,3.9156,2.1814,1729796810.0,1,14,6730.0,4.078,0.0,4.078,15.4571,0.0
101736.77,3.9162,2.1814,1729796820.0,1,14,6740.0,4.0841,0.0,4.0841,15.4808,0.0
101746.77,3.9168,2.1814,1729796830.0,1,14,6750.0,4.0901,0.0,4.0901,15.5045,0.0
101756.77,3.9173,2.1815,1729796840.0,1,14,6760.0,4.0962,0.0,4.0962,15.5283,0.0
101766.77,3.9179,2.1814,1729796850.0,1,14,6770.0,4.1023,0.0,4.1023,15.552,0.0
101776.77,3.9184,2.1814,1729796860.0,1,14,6780.0,4.1083,0.0,4.1083,15.5757,0.0
101786.77,3.919,2.1814,1729796870.0,1,14,6790.0,4.1144,0.0,4.1144,15.5995,0.0
101796.77,3.9195,2.1814,1729796880.0,1,14,6800.0,4.1204,0.0,4.1204,15.6232,0.0
101806.77,3.92,2.1813,1729796890.0,1,14,6810.0,4.1265,0.0,4.1265,15.647,0.0
101816.77,3.9205,2.1814,1729796900.0,1,14,6820.0,4.1326,0.0,4.1326,15.6707,0.0
101826.77,3.921,2.1813,1729796910.0,1,14,6830.0,4.1386,0.0,4.1386,15.6945,0.0
101836.77,3.9216,2.1814,1729796920.0,1,14,6840.0,4.1447,0.0,4.1447,15.7183,0.0
101846.77,3.9221,2.1814,1729796930.0,1,14,6850.0,4.1507,0.0,4.1507,15.742,0.0
101856.77,3.9226,2.1814,1729796940.0,1,14,6860.0,4.1568,0.0,4.1568,15.7658,0.0
101866.77,3.9231,2.1813,1729796950.0,1,14,6870.0,4.1629,0.0,4.1629,15.7896,0.0
101876.77,3.9235,2.1814,1729796960.0,1,14,6880.0,4.1689,0.0,4.1689,15.8133,0.0
101886.77,3.924,2.1814,1729796970.0,1,14,6890.0,4.175,0.0,4.175,15.8371,0.0
101896.77,3.9245,2.1814,1729796980.0,1,14,6900.0,4.181,0.0,4.181,15.8609,0.0
101906.77,3.925,2.1814,1729796990.0,1,14,6910.0,4.1871,0.0,4.1871,15.8847,0.0
101916.77,3.9254,2.1814,1729797000.0,1,14,6920.0,4.1931,0.0,4.1931,15.9085,0.0
101926.77,3.9259,2.1814,1729797010.0,1,14,6930.0,4.1992,0.0,4.1992,15.9322,0.0
101936.77,3.9264,2.1814,1729797020.0,1,14,6940.0,4.2053,0.0,4.2053,15.956,0.0
101946.77,3.9269,2.1814,1729797030.0,1,14,6950.0,4.2113,0.0,4.2113,15.9798,0.0
101956.77,3.9273,2.1814,1729797040.0,1,14,6960.0,4.2174,0.0,4.2174,16.0036,0.0
101966.77,3.9278,2.1814,1729797050.0,1,14,6970.0,4.2234,0.0,4.2234,16.0274,0.0
101976.77,3.9283,2.1815,1729797060.0,1,14,6980.0,4.2295,0.0,4.2295,16.0512,0.0
101986.77,3.9287,2.1813,1729797070.0,1,14,6990.0,4.2356,0.0,4.2356,16.075,0.0
101996.77,3.9292,2.1814,1729797080.0,1,14,7000.0,4.2416,0.0,4.2416,16.0988,0.0
102006.77,3.9297,2.1814,1729797090.0,1,14,7010.0,4.2477,0.0,4.2477,16.1226,0.0
102016.77,3.9301,2.1814,1729797100.0,1,14,7020.0,4.2537,0.0,4.2537,16.1465,0.0
102026.77,3.9306,2.1814,1729797110.0,1,14,7030.0,4.2598,0.0,4.2598,16.1703,0.0
102036.77,3.9311,2.1815,1729797120.0,1,14,7040.0,4.2659,0.0,4.2659,16.1941,0.0
102046.77,3.9315,2.1815,1729797130.0,1,14,7050.0,4.2719,0.0,4.2719,16.2179,0.0
102056.77,3.932,2.1814,1729797140.0,1,14,7060.0,4.278,0.0,4.278,16.2417,0.0
102066.77,3.9325,2.1814,1729797150.0,1,14,7070.0,4.284,0.0,4.284,16.2656,0.0
102076.77,3.9329,2.1815,1729797160.0,1,14,7080.0,4.2901,0.0,4.2901,16.2894,0.0
102086.77,3.9334,2.1814,1729797170.0,1,14,7090.0,4.2962,0.0,4.2962,16.3132,0.0
102096.77,3.9339,2.1814,1729797180.0,1,14,7100.0,4.3022,0.0,4.3022,16.3371,0.0
102106.77,3.9343,2.1814,1729797190.0,1,14,7110.0,4.3083,0.0,4.3083,16.3609,0.0
102116.77,3.9348,2.1814,1729797200.0,1,14,7120.0,4.3143,0.0,4.3143,16.3847,0.0
102126.77,3.9352,2.1814,1729797210.0,1,14,7130.0,4.3204,0.0,4.3204,16.4086,0.0
102136.77,3.9357,2.1814,1729797220.0,1,14,7140.0,4.3265,0.0,4.3265,16.4324,0.0
102146.77,3.9362,2.1814,1729797230.0,1,14,7150.0,4.3325,0.0,4.3325,16.4563,0.0
102156.77,3.9366,2.1814,1729797240.0,1,14,7160.0,4.3386,0.0,4.3386,16.4801,0.0
102166.77,3.9371,2.1814,1729797250.0,1,14,7170.0,4.3446,0.0,4.3446,16.504,0.0
102176.77,3.9376,2.1814,1729797260.0,1,14,7180.0,4.3507,0.0,4.3507,16.5279,0.0
102186.77,3.938,2.1814,1729797270.0,1,14,7190.0,4.3568,0.0,4.3568,16.5517,0.0
102196.77,3.9385,2.1814,1729797280.0,1,14,7200.0,4.3628,0.0,4.3628,16.5756,0.0
102206.77,3.939,2.1814,1729797290.0,1,14,7210.0,4.3689,0.0,4.3689,16.5994,0.0
102216.77,3.9395,2.1814,1729797300.0,1,14,7220.0,4.3749,0.0,4.3749,16.6233,0.0
102226.77,3.9399,2.1814,1729797310.0,1,14,7230.0,4.381,0.0,4.381,16.6472,0.0
102236.77,3.9404,2.1814,1729797320.0,1,14,7240.0,4.3871,0.0,4.3871,16.6711,0.0
102246.77,3.9408,2.1814,1729797330.0,1,14,7250.0,4.3931,0.0,4.3931,16.6949,0.0
102256.77,3.9413,2.1814,1729797340.0,1,14,7260.0,4.3992,0.0,4.3992,16.7188,0.0
102266.77,3.9418,2.1814,1729797350.0,1,14,7270.0,4.4052,0.0,4.4052,16.7427,0.0
102276.77,3.9423,2.1814,1729797360.0,1,14,7280.0,4.4113,0.0,4.4113,16.7666,0.0
102286.77,3.9428,2.1813,1729797370.0,1,14,7290.0,4.4173,0.0,4.4173,16.7905,0.0
102296.77,3.9432,2.1814,1729797380.0,1,14,7300.0,4.4234,0.0,4.4234,16.8144,0.0
102306.77,3.9437,2.1814,1729797390.0,1,14,7310.0,4.4295,0.0,4.4295,16.8383,0.0
102316.77,3.9442,2.1814,1729797400.0,1,14,7320.0,4.4355,0.0,4.4355,16.8622,0.0
102326.77,3.9447,2.1814,1729797410.0,1,14,7330.0,4.4416,0.0,4.4416,16.8861,0.0
102336.77,3.9452,2.1813,1729797420.0,1,14,7340.0,4.4476,0.0,4.4476,16.91,0.0
102346.77,3.9456,2.1813,1729797430.0,1,14,7350.0,4.4537,0.0,4.4537,16.9339,0.0
102356.77,3.9461,2.1814,1729797440.0,1,14,7360.0,4.4598,0.0,4.4598,16.9578,0.0
102366.77,3.9466,2.1814,1729797450.0,1,14,7370.0,4.4658,0.0,4.4658,16.9817,0.0
102376.77,3.9471,2.1814,1729797460.0,1,14,7380.0,4.4719,0.0,4.4719,17.0056,0.0
102386.77,3.9476,2.1814,1729797470.0,1,14,7390.0,4.4779,0.0,4.4779,17.0295,0.0
102396.77,3.9481,2.1814,1729797480.0,1,14,7400.0,4.484,0.0,4.484,17.0535,0.0
102406.77,3.9486,2.1814,1729797490.0,1,14,7410.0,4.4901,0.0,4.4901,17.0774,0.0
102416.77,3.9491,2.1814,1729797500.0,1,14,7420.0,4.4961,0.0,4.4961,17.1013,0.0
102426.77,3.9496,2.1814,1729797510.0,1,14,7430.0,4.5022,0.0,4.5022,17.1252,0.0
102436.77,3.9501,2.1814,1729797520.0,1,14,7440.0,4.5082,0.0,4.5082,17.1492,0.0
102446.77,3.9506,2.1814,1729797530.0,1,14,7450.0,4.5143,0.0,4.5143,17.1731,0.0
102456.77,3.9511,2.1814,1729797540.0,1,14,7460.0,4.5204,0.0,4.5204,17.197,0.0
102466.77,3.9516,2.1814,1729797550.0,1,14,7470.0,4.5264,0.0,4.5264,17.221,0.0
102476.77,3.9521,2.1814,1729797560.0,1,14,7480.0,4.5325,0.0,4.5325,17.2449,0.0
102486.77,3.9526,2.1814,1729797570.0,1,14,7490.0,4.5385,0.0,4.5385,17.2689,0.0
102496.77,3.9531,2.1813,1729797580.0,1,14,7500.0,4.5446,0.0,4.5446,17.2928,0.0
102506.77,3.9536,2.1814,1729797590.0,1,14,7510.0,4.5507,0.0,4.5507,17.3168,0.0
102516.77,3.9541,2.1814,1729797600.0,1,14,7520.0,4.5567,0.0,4.5567,17.3407,0.0
102526.77,3.9546,2.1814,1729797610.0,1,14,7530.0,4.5628,0.0,4.5628,17.3647,0.0
102536.77,3.9551,2.1814,1729797620.0,1,14,7540.0,4.5688,0.0,4.5688,17.3887,0.0
102546.77,3.9556,2.1814,1729797630.0,1,14,7550.0,4.5749,0.0,4.5749,17.4126,0.0
102556.77,3.9561,2.1813,1729797640.0,1,14,7560.0,4.581,0.0,4.581,17.4366,0.0
102566.77,3.9566,2.1814,1729797650.0,1,14,7570.0,4.587,0.0,4.587,17.4606,0.0
102576.77,3.9572,2.1814,1729797660.0,1,14,7580.0,4.5931,0.0,4.5931,17.4846,0.0
102586.77,3.9576,2.1813,1729797670.0,1,14,7590.0,4.5991,0.0,4.5991,17.5085,0.0
102596.77,3.9582,2.1814,1729797680.0,1,14,7600.0,4.6052,0.0,4.6052,17.5325,0.0
102606.77,3.9587,2.1814,1729797690.0,1,14,7610.0,4.6112,0.0,4.6112,17.5565,0.0
102616.77,3.9592,2.1814,1729797700.0,1,14,7620.0,4.6173,0.0,4.6173,17.5805,0.0
102626.77,3.9597,2.1814,1729797710.0,1,14,7630.0,4.6234,0.0,4.6234,17.6045,0.0
102636.77,3.9602,2.1814,1729797720.0,1,14,7640.0,4.6294,0.0,4.6294,17.6285,0.0
102646.77,3.9608,2.1813,1729797730.0,1,14,7650.0,4.6355,0.0,4.6355,17.6525,0.0
102656.77,3.9612,2.1814,1729797740.0,1,14,7660.0,4.6415,0.0,4.6415,17.6765,0.0
102666.77,3.9618,2.1814,1729797750.0,1,14,7670.0,4.6476,0.0,4.6476,17.7005,0.0
102676.77,3.9623,2.1814,1729797760.0,1,14,7680.0,4.6537,0.0,4.6537,17.7245,0.0
102686.77,3.9629,2.1814,1729797770.0,1,14,7690.0,4.6597,0.0,4.6597,17.7485,0.0
102696.77,3.9634,2.1814,1729797780.0,1,14,7700.0,4.6658,0.0,4.6658,17.7725,0.0
102706.77,3.9639,2.1814,1729797790.0,1,14,7710.0,4.6718,0.0,4.6718,17.7965,0.0
102716.77,3.9644,2.1815,1729797800.0,1,14,7720.0,4.6779,0.0,4.6779,17.8206,0.0
102726.77,3.9649,2.1813,1729797810.0,1,14,7730.0,4.684,0.0,4.684,17.8446,0.0
102736.77,3.9655,2.1814,1729797820.0,1,14,7740.0,4.69,0.0,4.69,17.8686,0.0
102746.77,3.966,2.1814,1729797830.0,1,14,7750.0,4.6961,0.0,4.6961,17.8926,0.0
102756.77,3.9665,2.1814,1729797840.0,1,14,7760.0,4.7021,0.0,4.7021,17.9167,0.0
102766.77,3.9671,2.1814,1729797850.0,1,14,7770.0,4.7082,0.0,4.7082,17.9407,0.0
102776.77,3.9675,2.1814,1729797860.0,1,14,7780.0,4.7143,0.0,4.7143,17.9647,0.0
102786.77,3.9681,2.1813,1729797870.0,1,14,7790.0,4.7203,0.0,4.7203,17.9888,0.0
102796.77,3.9686,2.1814,1729797880.0,1,14,7800.0,4.7264,0.0,4.7264,18.0128,0.0
102806.77,3.9691,2.1813,1729797890.0,1,14,7810.0,4.7324,0.0,4.7324,18.0369,0.0
102816.77,3.9697,2.1815,1729797900.0,1,14,7820.0,4.7385,0.0,4.7385,18.0609,0.0
102826.77,3.9702,2.1813,1729797910.0,1,14,7830.0,4.7446,0.0,4.7446,18.085,0.0
102836.77,3.9707,2.1814,1729797920.0,1,14,7840.0,4.7506,0.0,4.7506,18.109,0.0
102846.77,3.9712,2.1814,1729797930.0,1,14,7850.0,4.7567,0.0,4.7567,18.1331,0.0
102856.77,3.9718,2.1814,1729797940.0,1,14,7860.0,4.7627,0.0,4.7627,18.1572,0.0
102866.77,3.9723,2.1814,1729797950.0,1,14,7870.0,4.7688,0.0,4.7688,18.1812,0.0
102876.77,3.9728,2.1814,1729797960.0,1,14,7880.0,4.7749,0.0,4.7749,18.2053,0.0
102886.77,3.9733,2.1813,1729797970.0,1,14,7890.0,4.7809,0.0,4.7809,18.2294,0.0
102896.77,3.9738,2.1814,1729797980.0,1,14,7900.0,4.787,0.0,4.787,18.2535,0.0
102906.77,3.9744,2.1813,1729797990.0,1,14,7910.0,4.793,0.0,4.793,18.2775,0.0
102916.77,3.9749,2.1813,1729798000.0,1,14,7920.0,4.7991,0.0,4.7991,18.3016,0.0
102926.77,3.9754,2.1814,1729798010.0,1,14,7930.0,4.8051,0.0,4.8051,18.3257,0.0
102936.77,3.9759,2.1813,1729798020.0,1,14,7940.0,4.8112,0.0,4.8112,18.3498,0.0
102946.77,3.9764,2.1814,1729798030.0,1,14,7950.0,4.8173,0.0,4.8173,18.3739,0.0
102956.77,3.9769,2.1814,1729798040.0,1,14,7960.0,4.8233,0.0,4.8233,18.398,0.0
102966.77,3.9774,2.1814,1729798050.0,1,14,7970.0,4.8294,0.0,4.8294,18.4221,0.0
102976.77,3.9779,2.1814,1729798060.0,1,14,7980.0,4.8354,0.0,4.8354,18.4462,0.0
102986.77,3.9784,2.1814,1729798070.0,1,14,7990.0,4.8415,0.0,4.8415,18.4703,0.0
102996.77,3.9789,2.1814,1729798080.0,1,14,8000.0,4.8476,0.0,4.8476,18.4944,0.0
103006.77,3.9794,2.1814,1729798090.0,1,14,8010.0,4.8536,0.0,4.8536,18.5185,0.0
103016.77,3.9799,2.1814,1729798100.0,1,14,8020.0,4.8597,0.0,4.8597,18.5426,0.0
103026.77,3.9804,2.1814,1729798110.0,1,14,8030.0,4.8657,0.0,4.8657,18.5667,0.0
103036.77,3.9809,2.1813,1729798120.0,1,14,8040.0,4.8718,0.0,4.8718,18.5909,0.0
103046.77,3.9813,2.1813,1729798130.0,1,14,8050.0,4.8779,0.0,4.8779,18.615,0.0
103056.77,3.9818,2.1813,1729798140.0,1,14,8060.0,4.8839,0.0,4.8839,18.6391,0.0
103066.77,3.9823,2.1814,1729798150.0,1,14,8070.0,4.89,0.0,4.89,18.6632,0.0
103076.77,3.9828,2.1814,1729798160.0,1,14,8080.0,4.896,0.0,4.896,18.6874,0.0
103086.77,3.9832,2.1814,1729798170.0,1,14,8090.0,4.9021,0.0,4.9021,18.7115,0.0
103096.77,3.9837,2.1814,1729798180.0,1,14,8100.0,4.9082,0.0,4.9082,18.7356,0.0
103106.77,3.9841,2.1813,1729798190.0,1,14,8110.0,4.9142,0.0,4.9142,18.7598,0.0
103116.77,3.9845,2.1813,1729798200.0,1,14,8120.0,4.9203,0.0,4.9203,18.7839,0.0
103126.77,3.985,2.1814,1729798210.0,1,14,8130.0,4.9263,0.0,4.9263,18.8081,0.0
103136.77,3.9854,2.1813,1729798220.0,1,14,8140.0,4.9324,0.0,4.9324,18.8322,0.0
103146.77,3.9858,2.1814,1729798230.0,1,14,8150.0,4.9385,0.0,4.9385,18.8564,0.0
103156.77,3.9863,2.1814,1729798240.0,1,14,8160.0,4.9445,0.0,4.9445,18.8805,0.0
103166.77,3.9867,2.1814,1729798250.0,1,14,8170.0,4.9506,0.0,4.9506,18.9047,0.0
103176.77,3.9871,2.1813,1729798260.0,1,14,8180.0,4.9566,0.0,4.9566,18.9288,0.0
103186.77,3.9875,2.1814,1729798270.0,1,14,8190.0,4.9627,0.0,4.9627,18.953,0.0
103196.77,3.9879,2.1814,1729798280.0,1,14,8200.0,4.9687,0.0,4.9687,18.9772,0.0
103206.77,3.9884,2.1813,1729798290.0,1,14,8210.0,4.9748,0.0,4.9748,19.0013,0.0
103216.77,3.9888,2.1814,1729798300.0,1,14,8220.0,4.9809,0.0,4.9809,19.0255,0.0
103226.77,3.9891,2.1813,1729798310.0,1,14,8230.0,4.9869,0.0,4.9869,19.0497,0.0
103236.77,3.9895,2.1814,1729798320.0,1,14,8240.0,4.993,0.0,4.993,19.0738,0.0
103246.77,3.9899,2.1813,1729798330.0,1,14,8250.0,4.999,0.0,4.999,19.098,0.0
103256.77,3.9903,2.1814,1729798340.0,1,14,8260.0,5.0051,0.0,5.0051,19.1222,0.0
103266.77,3.9907,2.1813,1729798350.0,1,14,8270.0,5.0112,0.0,5.0112,19.1464,0.0
103276.77,3.9911,2.1814,1729798360.0,1,14,8280.0,5.0172,0.0,5.0172,19.1705,0.0
103286.77,3.9914,2.1814,1729798370.0,1,14,8290.0,5.0233,0.0,5.0233,19.1947,0.0
103296.77,3.9918,2.1814,1729798380.0,1,14,8300.0,5.0293,0.0,5.0293,19.2189,0.0
103306.77,3.9922,2.1813,1729798390.0,1,14,8310.0,5.0354,0.0,5.0354,19.2431,0.0
103316.77,3.9925,2.1813,1729798400.0,1,14,8320.0,5.0415,0.0,5.0415,19.2673,0.0
103326.77,3.9929,2.1814,1729798410.0,1,14,8330.0,5.0475,0.0,5.0475,19.2915,0.0
103336.77,3.9933,2.1813,1729798420.0,1,14,8340.0,5.0536,0.0,5.0536,19.3157,0.0
103346.77,3.9937,2.1813,1729798430.0,1,14,8350.0,5.0596,0.0,5.0596,19.3399,0.0
103356.77,3.994,2.1813,1729798440.0,1,14,8360.0,5.0657,0.0,5.0657,19.3641,0.0
103366.77,3.9944,2.1813,1729798450.0,1,14,8370.0,5.0718,0.0,5.0718,19.3883,0.0
103376.77,3.9948,2.1814,1729798460.0,1,14,8380.0,5.0778,0.0,5.0778,19.4125,0.0
103386.77,3.9952,2.1814,1729798470.0,1,14,8390.0,5.0839,0.0,5.0839,19.4367,0.0
103396.77,3.9955,2.1813,1729798480.0,1,14,8400.0,5.0899,0.0,5.0899,19.4609,0.0
103406.77,3.9959,2.1813,1729798490.0,1,14,8410.0,5.096,0.0,5.096,19.4851,0.0
103416.77,3.9963,2.1814,1729798500.0,1,14,8420.0,5.1021,0.0,5.1021,19.5093,0.0
103426.77,3.9966,2.1814,1729798510.0,1,14,8430.0,5.1081,0.0,5.1081,19.5335,0.0
103436.77,3.997,2.1814,1729798520.0,1,14,8440.0,5.1142,0.0,5.1142,19.5578,0.0
103446.77,3.9974,2.1814,1729798530.0,1,14,8450.0,5.1202,0.0,5.1202,19.582,0.0
103456.77,3.9978,2.1813,1729798540.0,1,14,8460.0,5.1263,0.0,5.1263,19.6062,0.0
103466.77,3.9982,2.1813,1729798550.0,1,14,8470.0,5.1323,0.0,5.1323,19.6304,0.0
103476.77,3.9986,2.1813,1729798560.0,1,14,8480.0,5.1384,0.0,5.1384,19.6547,0.0
103486.77,3.999,2.1814,1729798570.0,1,14,8490.0,5.1445,0.0,5.1445,19.6789,0.0
103496.77,3.9995,2.1813,1729798580.0,1,14,8500.0,5.1505,0.0,5.1505,19.7031,0.0
103506.77,3.9999,2.1813,1729798590.0,1,14,8510.0,5.1566,0.0,5.1566,19.7274,0.0
103516.77,4.0003,2.1813,1729798600.0,1,14,8520.0,5.1626,0.0,5.1626,19.7516,0.0
103526.77,4.0008,2.1814,1729798610.0,1,14,8530.0,5.1687,0.0,5.1687,19.7758,0.0
103536.77,4.0012,2.1814,1729798620.0,1,14,8540.0,5.1748,0.0,5.1748,19.8001,0.0
103546.77,4.0016,2.1813,1729798630.0,1,14,8550.0,5.1808,0.0,5.1808,19.8243,0.0
103556.77,4.0021,2.1813,1729798640.0,1,14,8560.0,5.1869,0.0,5.1869,19.8486,0.0
103566.77,4.0025,2.1813,1729798650.0,1,14,8570.0,5.1929,0.0,5.1929,19.8728,0.0
103576.77,4.003,2.1814,1729798660.0,1,14,8580.0,5.199,0.0,5.199,19.8971,0.0
103586.77,4.0035,2.1813,1729798670.0,1,14,8590.0,5.2051,0.0,5.2051,19.9213,0.0
103596.77,4.0039,2.1813,1729798680.0,1,14,8600.0,5.2111,0.0,5.2111,19.9456,0.0
103606.77,4.0045,2.1813,1729798690.0,1,14,8610.0,5.2172,0.0,5.2172,19.9699,0.0
103616.77,4.005,2.1813,1729798700.0,1,14,8620.0,5.2232,0.0,5.2232,19.9941,0.0
103626.77,4.0055,2.1813,1729798710.0,1,14,8630.0,5.2293,0.0,5.2293,20.0184,0.0
103636.77,4.006,2.1813,1729798720.0,1,14,8640.0,5.2354,0.0,5.2354,20.0427,0.0
103646.77,4.0065,2.1814,1729798730.0,1,14,8650.0,5.2414,0.0,5.2414,20.0669,0.0
103656.77,4.0071,2.1813,1729798740.0,1,14,8660.0,5.2475,0.0,5.2475,20.0912,0.0
103666.77,4.0076,2.1814,1729798750.0,1,14,8670.0,5.2535,0.0,5.2535,20.1155,0.0
103676.77,4.0082,2.1813,1729798760.0,1,14,8680.0,5.2596,0.0,5.2596,20.1398,0.0
103686.77,4.0087,2.1814,1729798770.0,1,14,8690.0,5.2657,0.0,5.2657,20.1641,0.0
103696.77,4.0093,2.1814,1729798780.0,1,14,8700.0,5.2717,0.0,5.2717,20.1884,0.0
103706.77,4.0099,2.1813,1729798790.0,1,14,8710.0,5.2778,0.0,5.2778,20.2127,0.0
103716.77,4.0105,2.1814,1729798800.0,1,14,8720.0,5.2838,0.0,5.2838,20.237,0.0
103726.77,4.0111,2.1813,1729798810.0,1,14,8730.0,5.2899,0.0,5.2899,20.2613,0.0
103736.77,4.0117,2.1813,1729798820.0,1,14,8740.0,5.2959,0.0,5.2959,20.2856,0.0
103746.77,4.0123,2.1814,1729798830.0,1,14,8750.0,5.302,0.0,5.302,20.3099,0.0
103756.77,4.013,2.1813,1729798840.0,1,14,8760.0,5.3081,0.0,5.3081,20.3342,0.0
103766.77,4.0136,2.1814,1729798850.0,1,14,8770.0,5.3141,0.0,5.3141,20.3585,0.0
103776.77,4.0143,2.1813,1729798860.0,1,14,8780.0,5.3202,0.0,5.3202,20.3828,0.0
103786.77,4.015,2.1813,1729798870.0,1,14,8790.0,5.3262,0.0,5.3262,20.4072,0.0
103796.77,4.0157,2.1813,1729798880.0,1,14,8800.0,5.3323,0.0,5.3323,20.4315,0.0
103806.77,4.0164,2.1814,1729798890.0,1,14,8810.0,5.3384,0.0,5.3384,20.4558,0.0
103816.77,4.0171,2.1813,1729798900.0,1,14,8820.0,5.3444,0.0,5.3444,20.4802,0.0
103826.77,4.0178,2.1813,1729798910.0,1,14,8830.0,5.3505,0.0,5.3505,20.5045,0.0
103836.77,4.0186,2.1813,1729798920.0,1,14,8840.0,5.3565,0.0,5.3565,20.5288,0.0
103846.77,4.0193,2.1813,1729798930.0,1,14,8850.0,5.3626,0.0,5.3626,20.5532,0.0
103856.77,4.0201,2.1813,1729798940.0,1,14,8860.0,5.3687,0.0,5.3687,20.5776,0.0
103866.77,4.0209,2.1814,1729798950.0,1,14,8870.0,5.3747,0.0,5.3747,20.6019,0.0
103876.77,4.0217,2.1812,1729798960.0,1,14,8880.0,5.3808,0.0,5.3808,20.6263,0.0
103886.77,4.0225,2.1813,1729798970.0,1,14,8890.0,5.3868,0.0,5.3868,20.6506,0.0
103896.77,4.0234,2.1813,1729798980.0,1,14,8900.0,5.3929,0.0,5.3929,20.675,0.0
103906.77,4.0242,2.1813,1729798990.0,1,14,8910.0,5.399,0.0,5.399,20.6994,0.0
103916.77,4.0251,2.1813,1729799000.0,1,14,8920.0,5.405,0.0,5.405,20.7238,0.0
103926.77,4.026,2.1813,1729799010.0,1,14,8930.0,5.4111,0.0,5.4111,20.7482,0.0
103936.77,4.0269,2.1814,1729799020.0,1,14,8940.0,5.4171,0.0,5.4171,20.7726,0.0
103946.77,4.0278,2.1813,1729799030.0,1,14,8950.0,5.4232,0.0,5.4232,20.797,0.0
103956.77,4.0288,2.1813,1729799040.0,1,14,8960.0,5.4293,0.0,5.4293,20.8214,0.0
103966.77,4.0297,2.1813,1729799050.0,1,14,8970.0,5.4353,0.0,5.4353,20.8458,0.0
103976.77,4.0307,2.1813,1729799060.0,1,14,8980.0,5.4414,0.0,5.4414,20.8702,0.0
103986.77,4.0317,2.1813,1729799070.0,1,14,8990.0,5.4474,0.0,5.4474,20.8946,0.0
103996.77,4.0328,2.1813,1729799080.0,1,14,9000.0,5.4535,0.0,5.4535,20.9191,0.0
104006.77,4.0338,2.1813,1729799090.0,1,14,9010.0,5.4595,0.0,5.4595,20.9435,0.0
104016.77,4.0349,2.1813,1729799100.0,1,14,9020.0,5.4656,0.0,5.4656,20.968,0.0
104026.77,4.036,2.1813,1729799110.0,1,14,9030.0,5.4717,0.0,5.4717,20.9924,0.0
104036.77,4.0371,2.1812,1729799120.0,1,14,9040.0,5.4777,0.0,5.4777,21.0169,0.0
104046.77,4.0383,2.1814,1729799130.0,1,14,9050.0,5.4838,0.0,5.4838,21.0413,0.0
104056.77,4.0394,2.1813,1729799140.0,1,14,9060.0,5.4898,0.0,5.4898,21.0658,0.0
104066.77,4.0406,2.1813,1729799150.0,1,14,9070.0,5.4959,0.0,5.4959,21.0903,0.0
104076.77,4.0418,2.1814,1729799160.0,1,14,9080.0,5.502,0.0,5.502,21.1148,0.0
104086.77,4.0431,2.1812,1729799170.0,1,14,9090.0,5.508,0.0,5.508,21.1393,0.0
104096.77,4.0444,2.1812,1729799180.0,1,14,9100.0,5.5141,0.0,5.5141,21.1638,0.0
104106.77,4.0457,2.1813,1729799190.0,1,14,9110.0,5.5201,0.0,5.5201,21.1883,0.0
104116.77,4.047,2.1813,1729799200.0,1,14,9120.0,5.5262,0.0,5.5262,21.2128,0.0
104126.77,4.0484,2.1812,1729799210.0,1,14,9130.0,5.5323,0.0,5.5323,21.2373,0.0
104136.77,4.0498,2.1813,1729799220.0,1,14,9140.0,5.5383,0.0,5.5383,21.2619,0.0
104146.77,4.0512,2.1813,1729799230.0,1,14,9150.0,5.5444,0.0,5.5444,21.2864,0.0
104156.77,4.0526,2.1813,1729799240.0,1,14,9160.0,5.5504,0.0,5.5504,21.3109,0.0
104166.77,4.0541,2.1813,1729799250.0,1,14,9170.0,5.5565,0.0,5.5565,21.3355,0.0
104176.77,4.0556,2.1812,1729799260.0,1,14,9180.0,5.5626,0.0,5.5626,21.3601,0.0
104186.77,4.0571,2.1812,1729799270.0,1,14,9190.0,5.5686,0.0,5.5686,21.3847,0.0
104196.77,4.0587,2.1812,1729799280.0,1,14,9200.0,5.5747,0.0,5.5747,21.4092,0.0
104206.77,4.0602,2.1813,1729799290.0,1,14,9210.0,5.5807,0.0,5.5807,21.4338,0.0
104216.77,4.0618,2.1812,1729799300.0,1,14,9220.0,5.5868,0.0,5.5868,21.4584,0.0
104226.77,4.0634,2.1813,1729799310.0,1,14,9230.0,5.5928,0.0,5.5928,21.4831,0.0
104236.77,4.065,2.1812,1729799320.0,1,14,9240.0,5.5989,0.0,5.5989,21.5077,0.0
104246.77,4.0666,2.1813,1729799330.0,1,14,9250.0,5.605,0.0,5.605,21.5323,0.0
104256.77,4.0682,2.1812,1729799340.0,1,14,9260.0,5.611,0.0,5.611,21.557,0.0
104266.77,4.0698,2.1813,1729799350.0,1,14,9270.0,5.6171,0.0,5.6171,21.5816,0.0
104276.77,4.0714,2.1813,1729799360.0,1,14,9280.0,5.6231,0.0,5.6231,21.6063,0.0
104286.77,4.073,2.1811,1729799370.0,1,14,9290.0,5.6292,0.0,5.6292,21.631,0.0
104296.77,4.0746,2.1812,1729799380.0,1,14,9300.0,5.6353,0.0,5.6353,21.6556,0.0
104306.77,4.0762,2.1812,1729799390.0,1,14,9310.0,5.6413,0.0,5.6413,21.6803,0.0
104316.77,4.0777,2.1813,1729799400.0,1,14,9320.0,5.6474,0.0,5.6474,21.705,0.0
104326.77,4.0793,2.1813,1729799410.0,1,14,9330.0,5.6534,0.0,5.6534,21.7297,0.0
104336.77,4.0808,2.1813,1729799420.0,1,14,9340.0,5.6595,0.0,5.6595,21.7545,0.0
104346.77,4.0824,2.1812,1729799430.0,1,14,9350.0,5.6656,0.0,5.6656,21.7792,0.0
104356.77,4.0838,2.1813,1729799440.0,1,14,9360.0,5.6716,0.0,5.6716,21.8039,0.0
104366.77,4.0853,2.1812,1729799450.0,1,14,9370.0,5.6777,0.0,5.6777,21.8287,0.0
104376.77,4.0867,2.1812,1729799460.0,1,14,9380.0,5.6837,0.0,5.6837,21.8534,0.0
104386.77,4.0881,2.1812,1729799470.0,1,14,9390.0,5.6898,0.0,5.6898,21.8782,0.0
104396.77,4.0895,2.1812,1729799480.0,1,14,9400.0,5.6958,0.0,5.6958,21.903,0.0
104406.77,4.0908,2.1812,1729799490.0,1,14,9410.0,5.7019,0.0,5.7019,21.9278,0.0
104416.77,4.0922,2.1811,1729799500.0,1,14,9420.0,5.708,0.0,5.708,21.9525,0.0
104426.77,4.0934,2.1811,1729799510.0,1,14,9430.0,5.714,0.0,5.714,21.9773,0.0
104436.77,4.0947,2.1812,1729799520.0,1,14,9440.0,5.7201,0.0,5.7201,22.0022,0.0
104446.77,4.0959,2.1813,1729799530.0,1,14,9450.0,5.7261,0.0,5.7261,22.027,0.0
104456.77,4.0971,2.1812,1729799540.0,1,14,9460.0,5.7322,0.0,5.7322,22.0518,0.0
104466.77,4.0982,2.1811,1729799550.0,1,14,9470.0,5.7383,0.0,5.7383,22.0766,0.0
104476.77,4.0993,2.1811,1729799560.0,1,14,9480.0,5.7443,0.0,5.7443,22.1014,0.0
104486.77,4.1003,2.1811,1729799570.0,1,14,9490.0,5.7504,0.0,5.7504,22.1263,0.0
104496.77,4.1013,2.1811,1729799580.0,1,14,9500.0,5.7564,0.0,5.7564,22.1511,0.0
104506.77,4.1022,2.1811,1729799590.0,1,14,9510.0,5.7625,0.0,5.7625,22.176,0.0
104516.77,4.1031,2.1812,1729799600.0,1,14,9520.0,5.7686,0.0,5.7686,22.2008,0.0
104526.77,4.104,2.1811,1729799610.0,1,14,9530.0,5.7746,0.0,5.7746,22.2257,0.0
104536.77,4.1048,2.1811,1729799620.0,1,14,9540.0,5.7807,0.0,5.7807,22.2506,0.0
104546.77,4.1055,2.1812,1729799630.0,1,14,9550.0,5.7867,0.0,5.7867,22.2754,0.0
104556.77,4.1062,2.1811,1729799640.0,1,14,9560.0,5.7928,0.0,5.7928,22.3003,0.0
104566.77,4.1068,2.1812,1729799650.0,1,14,9570.0,5.7988,0.0,5.7988,22.3252,0.0
104576.77,4.1074,2.1811,1729799660.0,1,14,9580.0,5.8049,0.0,5.8049,22.3501,0.0
104586.77,4.108,2.1811,1729799670.0,1,14,9590.0,5.811,0.0,5.811,22.375,0.0
104596.77,4.1085,2.1812,1729799680.0,1,14,9600.0,5.817,0.0,5.817,22.3999,0.0
104606.77,4.109,2.1811,1729799690.0,1,14,9610.0,5.8231,0.0,5.8231,22.4248,0.0
104616.77,4.1094,2.1811,1729799700.0,1,14,9620.0,5.8291,0.0,5.8291,22.4496,0.0
104626.77,4.1099,2.1811,1729799710.0,1,14,9630.0,5.8352,0.0,5.8352,22.4745,0.0
104636.77,4.1104,2.1811,1729799720.0,1,14,9640.0,5.8413,0.0,5.8413,22.4994,0.0
104646.77,4.1108,2.1811,1729799730.0,1,14,9650.0,5.8473,0.0,5.8473,22.5244,0.0
104656.77,4.1112,2.1811,1729799740.0,1,14,9660.0,5.8534,0.0,5.8534,22.5493,0.0
104666.77,4.1116,2.181,1729799750.0,1,14,9670.0,5.8594,0.0,5.8594,22.5742,0.0
104676.77,4.112,2.1812,1729799760.0,1,14,9680.0,5.8655,0.0,5.8655,22.5991,0.0
104686.77,4.1125,2.181,1729799770.0,1,14,9690.0,5.8716,0.0,5.8716,22.624,0.0
104696.77,4.1129,2.1812,1729799780.0,1,14,9700.0,5.8776,0.0,5.8776,22.6489,0.0
104706.77,4.1133,2.1811,1729799790.0,1,14,9710.0,5.8837,0.0,5.8837,22.6738,0.0
104716.77,4.1138,2.1811,1729799800.0,1,14,9720.0,5.8897,0.0,5.8897,22.6988,0.0
104726.77,4.1142,2.1811,1729799810.0,1,14,9730.0,5.8958,0.0,5.8958,22.7237,0.0
104736.77,4.1146,2.1811,1729799820.0,1,14,9740.0,5.9018,0.0,5.9018,22.7486,0.0
104746.77,4.1151,2.1812,1729799830.0,1,14,9750.0,5.9079,0.0,5.9079,22.7735,0.0
104756.77,4.1155,2.1811,1729799840.0,1,14,9760.0,5.914,0.0,5.914,22.7985,0.0
104766.77,4.116,2.1811,1729799850.0,1,14,9770.0,5.92,0.0,5.92,22.8234,0.0
104776.77,4.1165,2.1812,1729799860.0,1,14,9780.0,5.9261,0.0,5.9261,22.8483,0.0
104786.77,4.117,2.1811,1729799870.0,1,14,9790.0,5.9321,0.0,5.9321,22.8733,0.0
104796.77,4.1174,2.1811,1729799880.0,1,14,9800.0,5.9382,0.0,5.9382,22.8982,0.0
104806.77,4.1179,2.1811,1729799890.0,1,14,9810.0,5.9443,0.0,5.9443,22.9232,0.0
104816.77,4.1185,2.1812,1729799900.0,1,14,9820.0,5.9503,0.0,5.9503,22.9481,0.0
104826.77,4.119,2.1811,1729799910.0,1,14,9830.0,5.9564,0.0,5.9564,22.9731,0.0
104836.77,4.1196,2.1812,1729799920.0,1,14,9840.0,5.9624,0.0,5.9624,22.998,0.0
104846.77,4.1201,2.1811,1729799930.0,1,14,9850.0,5.9685,0.0,5.9685,23.023,0.0
104856.77,4.1207,2.1811,1729799940.0,1,14,9860.0,5.9745,0.0,5.9745,23.048,0.0
104866.77,4.1213,2.1811,1729799950.0,1,14,9870.0,5.9806,0.0,5.9806,23.0729,0.0
104876.77,4.1219,2.1811,1729799960.0,1,14,9880.0,5.9867,0.0,5.9867,23.0979,0.0
104886.77,4.1226,2.181,1729799970.0,1,14,9890.0,5.9927,0.0,5.9927,23.1229,0.0
104896.77,4.1233,2.1811,1729799980.0,1,14,9900.0,5.9988,0.0,5.9988,23.1479,0.0
104906.77,4.1239,2.181,1729799990.0,1,14,9910.0,6.0048,0.0,6.0048,23.1728,0.0
104916.77,4.1246,2.1811,1729800000.0,1,14,9920.0,6.0109,0.0,6.0109,23.1978,0.0
104926.77,4.1253,2.1811,1729800010.0,1,14,9930.0,6.017,0.0,6.017,23.2228,0.0
104936.77,4.126,2.1812,1729800020.0,1,14,9940.0,6.023,0.0,6.023,23.2478,0.0
104946.77,4.1268,2.1811,1729800030.0,1,14,9950.0,6.0291,0.0,6.0291,23.2728,0.0
104956.77,4.1275,2.1811,1729800040.0,1,14,9960.0,6.0351,0.0,6.0351,23.2978,0.0
104966.77,4.1283,2.1811,1729800050.0,1,14,9970.0,6.0412,0.0,6.0412,23.3228,0.0
104976.77,4.129,2.1811,1729800060.0,1,14,9980.0,6.0473,0.0,6.0473,23.3478,0.0
104986.77,4.1298,2.181,1729800070.0,1,14,9990.0,6.0533,0.0,6.0533,23.3729,0.0
104996.77,4.1306,2.1811,1729800080.0,1,14,10000.0,6.0594,0.0,6.0594,23.3979,0.0
105006.77,4.1313,2.1811,1729800090.0,1,14,10010.0,6.0654,0.0,6.0654,23.4229,0.0
105016.77,4.1322,2.181,1729800100.0,1,14,10020.0,6.0715,0.0,6.0715,23.4479,0.0
105026.77,4.133,2.1811,1729800110.0,1,14,10030.0,6.0775,0.0,6.0775,23.473,0.0
105036.77,4.1338,2.181,1729800120.0,1,14,10040.0,6.0836,0.0,6.0836,23.498,0.0
105046.77,4.1346,2.181,1729800130.0,1,14,10050.0,6.0897,0.0,6.0897,23.5231,0.0
105056.77,4.1354,2.1811,1729800140.0,1,14,10060.0,6.0957,0.0,6.0957,23.5481,0.0
105066.77,4.1362,2.181,1729800150.0,1,14,10070.0,6.1018,0.0,6.1018,23.5732,0.0
105076.77,4.1371,2.181,1729800160.0,1,14,10080.0,6.1078,0.0,6.1078,23.5982,0.0
105086.77,4.1379,2.181,1729800170.0,1,14,10090.0,6.1139,0.0,6.1139,23.6233,0.0
105096.77,4.1388,2.181,1729800180.0,1,14,10100.0,6.12,0.0,6.12,23.6484,0.0
105106.77,4.1396,2.181,1729800190.0,1,14,10110.0,6.126,0.0,6.126,23.6735,0.0
105116.77,4.1404,2.181,1729800200.0,1,14,10120.0,6.1321,0.0,6.1321,23.6985,0.0
105126.77,4.1413,2.181,1729800210.0,1,14,10130.0,6.1381,0.0,6.1381,23.7236,0.0
105136.77,4.1421,2.181,1729800220.0,1,14,10140.0,6.1442,0.0,6.1442,23.7487,0.0
105146.77,4.143,2.1811,1729800230.0,1,14,10150.0,6.1502,0.0,6.1502,23.7738,0.0
105156.77,4.1438,2.181,1729800240.0,1,14,10160.0,6.1563,0.0,6.1563,23.7989,0.0
105166.77,4.1447,2.181,1729800250.0,1,14,10170.0,6.1624,0.0,6.1624,23.824,0.0
105176.77,4.1455,2.181,1729800260.0,1,14,10180.0,6.1684,0.0,6.1684,23.8491,0.0
105186.77,4.1465,2.181,1729800270.0,1,14,10190.0,6.1745,0.0,6.1745,23.8742,0.0
105196.77,4.1473,2.181,1729800280.0,1,14,10200.0,6.1805,0.0,6.1805,23.8994,0.0
105206.77,4.1482,2.181,1729800290.0,1,14,10210.0,6.1866,0.0,6.1866,23.9245,0.0
105216.77,4.1491,2.181,1729800300.0,1,14,10220.0,6.1927,0.0,6.1927,23.9496,0.0
105226.77,4.1499,2.1809,1729800310.0,1,14,10230.0,6.1987,0.0,6.1987,23.9748,0.0
105236.77,4.1508,2.181,1729800320.0,1,14,10240.0,6.2048,0.0,6.2048,23.9999,0.0
105246.77,4.1517,2.1809,1729800330.0,1,14,10250.0,6.2108,0.0,6.2108,24.0251,0.0
105256.77,4.1526,2.1809,1729800340.0,1,14,10260.0,6.2169,0.0,6.2169,24.0502,0.0
105266.77,4.1535,2.181,1729800350.0,1,14,10270.0,6.2229,0.0,6.2229,24.0754,0.0
105276.77,4.1544,2.181,1729800360.0,1,14,10280.0,6.229,0.0,6.229,24.1005,0.0
105286.77,4.1553,2.1809,1729800370.0,1,14,10290.0,6.2351,0.0,6.2351,24.1257,0.0
105296.77,4.1562,2.1809,1729800380.0,1,14,10300.0,6.2411,0.0,6.2411,24.1509,0.0
105306.77,4.157,2.1809,1729800390.0,1,14,10310.0,6.2472,0.0,6.2472,24.1761,0.0
105316.77,4.1579,2.1809,1729800400.0,1,14,10320.0,6.2532,0.0,6.2532,24.2013,0.0
105326.77,4.1588,2.1809,1729800410.0,1,14,10330.0,6.2593,0.0,6.2593,24.2265,0.0
105336.77,4.1597,2.1809,1729800420.0,1,14,10340.0,6.2654,0.0,6.2654,24.2517,0.0
105346.77,4.1606,2.1809,1729800430.0,1,14,10350.0,6.2714,0.0,6.2714,24.2769,0.0
105356.77,4.1615,2.1809,1729800440.0,1,14,10360.0,6.2775,0.0,6.2775,24.3021,0.0
105366.77,4.1624,2.1809,1729800450.0,1,14,10370.0,6.2835,0.0,6.2835,24.3273,0.0
105376.77,4.1633,2.1809,1729800460.0,1,14,10380.0,6.2896,0.0,6.2896,24.3525,0.0
105386.77,4.1643,2.1808,1729800470.0,1,14,10390.0,6.2956,0.0,6.2956,24.3777,0.0
105396.77,4.1651,2.1809,1729800480.0,1,14,10400.0,6.3017,0.0,6.3017,24.4029,0.0
105406.77,4.166,2.1809,1729800490.0,1,14,10410.0,6.3078,0.0,6.3078,24.4282,0.0
105416.77,4.167,2.1809,1729800500.0,1,14,10420.0,6.3138,0.0,6.3138,24.4534,0.0
105426.77,4.1678,2.1809,1729800510.0,1,14,10430.0,6.3199,0.0,6.3199,24.4787,0.0
105436.77,4.1687,2.1808,1729800520.0,1,14,10440.0,6.3259,0.0,6.3259,24.5039,0.0
105446.77,4.1696,2.1809,1729800530.0,1,14,10450.0,6.332,0.0,6.332,24.5292,0.0
105456.77,4.1706,2.1808,1729800540.0,1,14,10460.0,6.338,0.0,6.338,24.5544,0.0
105466.77,4.1715,2.1809,1729800550.0,1,14,10470.0,6.3441,0.0,6.3441,24.5797,0.0
105476.77,4.1724,2.1809,1729800560.0,1,14,10480.0,6.3502,0.0,6.3502,24.605,0.0
105486.77,4.1734,2.1809,1729800570.0,1,14,10490.0,6.3562,0.0,6.3562,24.6303,0.0
105496.77,4.1743,2.1809,1729800580.0,1,14,10500.0,6.3623,0.0,6.3623,24.6555,0.0
105506.77,4.1752,2.1808,1729800590.0,1,14,10510.0,6.3683,0.0,6.3683,24.6808,0.0
105516.77,4.1761,2.1809,1729800600.0,1,14,10520.0,6.3744,0.0,6.3744,24.7061,0.0
105526.77,4.1771,2.1808,1729800610.0,1,14,10530.0,6.3805,0.0,6.3805,24.7314,0.0
105536.77,4.178,2.1809,1729800620.0,1,14,10540.0,6.3865,0.0,6.3865,24.7567,0.0
105546.77,4.1789,2.1808,1729800630.0,1,14,10550.0,6.3926,0.0,6.3926,24.7821,0.0
105556.77,4.1799,2.1809,1729800640.0,1,14,10560.0,6.3986,0.0,6.3986,24.8074,0.0
105566.77,4.1808,2.1809,1729800650.0,1,14,10570.0,6.4047,0.0,6.4047,24.8327,0.0
105576.77,4.1817,2.1808,1729800660.0,1,14,10580.0,6.4107,0.0,6.4107,24.858,0.0
105586.77,4.1827,2.1807,1729800670.0,1,14,10590.0,6.4168,0.0,6.4168,24.8834,0.0
105596.77,4.1836,2.1809,1729800680.0,1,14,10600.0,6.4229,0.0,6.4229,24.9087,0.0
105606.77,4.1846,2.1809,1729800690.0,1,14,10610.0,6.4289,0.0,6.4289,24.9341,0.0
105616.77,4.1855,2.1808,1729800700.0,1,14,10620.0,6.435,0.0,6.435,24.9594,0.0
105626.77,4.1864,2.1808,1729800710.0,1,14,10630.0,6.441,0.0,6.441,24.9848,0.0
105636.77,4.1874,2.1809,1729800720.0,1,14,10640.0,6.4471,0.0,6.4471,25.0101,0.0
105646.77,4.1883,2.1808,1729800730.0,1,14,10650.0,6.4531,0.0,6.4531,25.0355,0.0
105656.77,4.1893,2.1808,1729800740.0,1,14,10660.0,6.4592,0.0,6.4592,25.0609,0.0
105666.77,4.1902,2.1808,1729800750.0,1,14,10670.0,6.4653,0.0,6.4653,25.0862,0.0
105676.77,4.1912,2.1808,1729800760.0,1,14,10680.0,6.4713,0.0,6.4713,25.1116,0.0
105686.77,4.1921,2.1808,1729800770.0,1,14,10690.0,6.4774,0.0,6.4774,25.137,0.0
105696.77,4.1931,2.1808,1729800780.0,1,14,10700.0,6.4834,0.0,6.4834,25.1624,0.0
105706.77,4.1941,2.1807,1729800790.0,1,14,10710.0,6.4895,0.0,6.4895,25.1878,0.0
105716.77,4.195,2.1808,1729800800.0,1,14,10720.0,6.4956,0.0,6.4956,25.2132,0.0
105726.77,4.196,2.1808,1729800810.0,1,14,10730.0,6.5016,0.0,6.5016,25.2387,0.0
105736.77,4.197,2.1808,1729800820.0,1,14,10740.0,6.5077,0.0,6.5077,25.2641,0.0
105746.77,4.198,2.1808,1729800830.0,1,14,10750.0,6.5137,0.0,6.5137,25.2895,0.0
105756.77,4.199,2.1808,1729800840.0,1,14,10760.0,6.5198,0.0,6.5198,25.3149,0.0
105766.77,4.1999,2.1807,1729800850.0,1,14,10770.0,6.5258,0.0,6.5258,25.3404,0.0
105776.77,4.2009,2.1808,1729800860.0,1,14,10780.0,6.5319,0.0,6.5319,25.3658,0.0
105786.77,4.2019,2.1806,1729800870.0,1,14,10790.0,6.538,0.0,6.538,25.3913,0.0
105796.77,4.2029,2.1807,1729800880.0,1,14,10800.0,6.544,0.0,6.544,25.4167,0.0
105806.77,4.2039,2.1807,1729800890.0,1,14,10810.0,6.5501,0.0,6.5501,25.4422,0.0
105816.77,4.2049,2.1808,1729800900.0,1,14,10820.0,6.5561,0.0,6.5561,25.4677,0.0
105826.77,4.2059,2.1807,1729800910.0,1,14,10830.0,6.5622,0.0,6.5622,25.4931,0.0
105836.77,4.2069,2.1807,1729800920.0,1,14,10840.0,6.5682,0.0,6.5682,25.5186,0.0
105846.77,4.2079,2.1807,1729800930.0,1,14,10850.0,6.5743,0.0,6.5743,25.5441,0.0
105856.77,4.2089,2.1807,1729800940.0,1,14,10860.0,6.5804,0.0,6.5804,25.5696,0.0
105866.77,4.2099,2.1807,1729800950.0,1,14,10870.0,6.5864,0.0,6.5864,25.5951,0.0
105876.77,4.211,2.1806,1729800960.0,1,14,10880.0,6.5925,0.0,6.5925,25.6206,0.0
105886.77,4.212,2.1807,1729800970.0,1,14,10890.0,6.5985,0.0,6.5985,25.6461,0.0
105896.77,4.213,2.1807,1729800980.0,1,14,10900.0,6.6046,0.0,6.6046,25.6716,0.0
105906.77,4.214,2.1806,1729800990.0,1,14,10910.0,6.6106,0.0,6.6106,25.6971,0.0
105916.77,4.2151,2.1806,1729801000.0,1,14,10920.0,6.6167,0.0,6.6167,25.7227,0.0
105926.77,4.2161,2.1807,1729801010.0,1,14,10930.0,6.6228,0.0,6.6228,25.7482,0.0
105936.77,4.2172,2.1806,1729801020.0,1,14,10940.0,6.6288,0.0,6.6288,25.7737,0.0
105946.77,4.2183,2.1805,1729801030.0,1,14,10950.0,6.6349,0.0,6.6349,25.7993,0.0
105956.77,4.2193,2.1806,1729801040.0,1,14,10960.0,6.6409,0.0,6.6409,25.8248,0.0
105966.77,4.2204,2.1806,1729801050.0,1,14,10970.0,6.647,0.0,6.647,25.8504,0.0
105976.77,4.2214,2.1806,1729801060.0,1,14,10980.0,6.653,0.0,6.653,25.876,0.0
105986.77,4.2225,2.1806,1729801070.0,1,14,10990.0,6.6591,0.0,6.6591,25.9015,0.0
105996.77,4.2236,2.1806,1729801080.0,1,14,11000.0,6.6652,0.0,6.6652,25.9271,0.0
106006.77,4.2246,2.1806,1729801090.0,1,14,11010.0,6.6712,0.0,6.6712,25.9527,0.0
106016.77,4.2257,2.1805,1729801100.0,1,14,11020.0,6.6773,0.0,6.6773,25.9783,0.0
106026.77,4.2268,2.1806,1729801110.0,1,14,11030.0,6.6833,0.0,6.6833,26.0039,0.0
106036.77,4.2279,2.1805,1729801120.0,1,14,11040.0,6.6894,0.0,6.6894,26.0295,0.0
106046.77,4.229,2.1805,1729801130.0,1,14,11050.0,6.6954,0.0,6.6954,26.0551,0.0
106056.77,4.2301,2.1805,1729801140.0,1,14,11060.0,6.7015,0.0,6.7015,26.0807,0.0
106066.77,4.2312,2.1805,1729801150.0,1,14,11070.0,6.7076,0.0,6.7076,26.1064,0.0
106076.77,4.2324,2.1804,1729801160.0,1,14,11080.0,6.7136,0.0,6.7136,26.132,0.0
106086.77,4.2335,2.1804,1729801170.0,1,14,11090.0,6.7197,0.0,6.7197,26.1576,0.0
106096.77,4.2346,2.1805,1729801180.0,1,14,11100.0,6.7257,0.0,6.7257,26.1833,0.0
106106.77,4.2358,2.1804,1729801190.0,1,14,11110.0,6.7318,0.0,6.7318,26.2089,0.0
106116.77,4.2369,2.1804,1729801200.0,1,14,11120.0,6.7378,0.0,6.7378,26.2346,0.0
106126.77,4.2381,2.1804,1729801210.0,1,14,11130.0,6.7439,0.0,6.7439,26.2603,0.0
106136.77,4.2393,2.1804,1729801220.0,1,14,11140.0,6.75,0.0,6.75,26.2859,0.0
106146.77,4.2404,2.1804,1729801230.0,1,14,11150.0,6.756,0.0,6.756,26.3116,0.0
106156.77,4.2416,2.1804,1729801240.0,1,14,11160.0,6.7621,0.0,6.7621,26.3373,0.0
106166.77,4.2428,2.1803,1729801250.0,1,14,11170.0,6.7681,0.0,6.7681,26.363,0.0
106176.77,4.244,2.1803,1729801260.0,1,14,11180.0,6.7742,0.0,6.7742,26.3887,0.0
106186.77,4.2452,2.1804,1729801270.0,1,14,11190.0,6.7802,0.0,6.7802,26.4144,0.0
106196.77,4.2464,2.1804,1729801280.0,1,14,11200.0,6.7863,0.0,6.7863,26.4401,0.0
106206.77,4.2476,2.1803,1729801290.0,1,14,11210.0,6.7924,0.0,6.7924,26.4658,0.0
106216.77,4.2488,2.1804,1729801300.0,1,14,11220.0,6.7984,0.0,6.7984,26.4916,0.0
106226.77,4.2501,2.1803,1729801310.0,1,14,11230.0,6.8045,0.0,6.8045,26.5173,0.0
106236.77,4.2514,2.1803,1729801320.0,1,14,11240.0,6.8105,0.0,6.8105,26.543,0.0
106246.77,4.2526,2.1803,1729801330.0,1,14,11250.0,6.8166,0.0,6.8166,26.5688,0.0
106256.77,4.2539,2.1803,1729801340.0,1,14,11260.0,6.8226,0.0,6.8226,26.5946,0.0
106266.77,4.2551,2.1803,1729801350.0,1,14,11270.0,6.8287,0.0,6.8287,26.6203,0.0
106276.77,4.2564,2.1803,1729801360.0,1,14,11280.0,6.8347,0.0,6.8347,26.6461,0.0
106286.77,4.2577,2.1803,1729801370.0,1,14,11290.0,6.8408,0.0,6.8408,26.6719,0.0
106296.77,4.2591,2.1803,1729801380.0,1,14,11300.0,6.8469,0.0,6.8469,26.6977,0.0
106306.77,4.2604,2.1802,1729801390.0,1,14,11310.0,6.8529,0.0,6.8529,26.7235,0.0
106316.77,4.2617,2.1803,1729801400.0,1,14,11320.0,6.859,0.0,6.859,26.7493,0.0
106326.77,4.263,2.1802,1729801410.0,1,14,11330.0,6.865,0.0,6.865,26.7751,0.0
106336.77,4.2644,2.1802,1729801420.0,1,14,11340.0,6.8711,0.0,6.8711,26.8009,0.0
106346.77,4.2658,2.1801,1729801430.0,1,14,11350.0,6.8771,0.0,6.8771,26.8267,0.0
106356.77,4.2671,2.1802,1729801440.0,1,14,11360.0,6.8832,0.0,6.8832,26.8526,0.0
106366.77,4.2685,2.1802,1729801450.0,1,14,11370.0,6.8893,0.0,6.8893,26.8784,0.0
106376.77,4.2699,2.1802,1729801460.0,1,14,11380.0,6.8953,0.0,6.8953,26.9043,0.0
106386.77,4.2713,2.1801,1729801470.0,1,14,11390.0,6.9014,0.0,6.9014,26.9301,0.0
106396.77,4.2727,2.1801,1729801480.0,1,14,11400.0,6.9074,0.0,6.9074,26.956,0.0
106406.77,4.2742,2.1801,1729801490.0,1,14,11410.0,6.9135,0.0,6.9135,26.9819,0.0
106416.77,4.2756,2.1801,1729801500.0,1,14,11420.0,6.9195,0.0,6.9195,27.0078,0.0
106426.77,4.2771,2.1801,1729801510.0,1,14,11430.0,6.9256,0.0,6.9256,27.0337,0.0
106436.77,4.2786,2.18,1729801520.0,1,14,11440.0,6.9316,0.0,6.9316,27.0596,0.0
106446.77,4.2801,2.1801,1729801530.0,1,14,11450.0,6.9377,0.0,6.9377,27.0855,0.0
106456.77,4.2815,2.18,1729801540.0,1,14,11460.0,6.9438,0.0,6.9438,27.1114,0.0
106466.77,4.283,2.1799,1729801550.0,1,14,11470.0,6.9498,0.0,6.9498,27.1373,0.0
106476.77,4.2846,2.18,1729801560.0,1,14,11480.0,6.9559,0.0,6.9559,27.1633,0.0
106486.77,4.2861,2.1799,1729801570.0,1,14,11490.0,6.9619,0.0,6.9619,27.1892,0.0
106496.77,4.2877,2.18,1729801580.0,1,14,11500.0,6.968,0.0,6.968,27.2152,0.0
106506.77,4.2892,2.1798,1729801590.0,1,14,11510.0,6.974,0.0,6.974,27.2412,0.0
106516.77,4.2908,2.1799,1729801600.0,1,14,11520.0,6.9801,0.0,6.9801,27.2671,0.0
106526.77,4.2924,2.1799,1729801610.0,1,14,11530.0,6.9861,0.0,6.9861,27.2931,0.0
106536.77,4.294,2.1799,1729801620.0,1,14,11540.0,6.9922,0.0,6.9922,27.3191,0.0
106546.77,4.2956,2.1799,1729801630.0,1,14,11550.0,6.9983,0.0,6.9983,27.3451,0.0
106556.77,4.2973,2.1798,1729801640.0,1,14,11560.0,7.0043,0.0,7.0043,27.3711,0.0
106566.77,4.2989,2.1799,1729801650.0,1,14,11570.0,7.0104,0.0,7.0104,27.3972,0.0
106576.77,4.3006,2.1798,1729801660.0,1,14,11580.0,7.0164,0.0,7.0164,27.4232,0.0
106586.77,4.3022,2.1797,1729801670.0,1,14,11590.0,7.0225,0.0,7.0225,27.4493,0.0
106596.77,4.3039,2.1798,1729801680.0,1,14,11600.0,7.0285,0.0,7.0285,27.4753,0.0
106606.77,4.3056,2.1797,1729801690.0,1,14,11610.0,7.0346,0.0,7.0346,27.5014,0.0
106616.77,4.3073,2.1796,1729801700.0,1,14,11620.0,7.0406,0.0,7.0406,27.5274,0.0
106626.77,4.309,2.1796,1729801710.0,1,14,11630.0,7.0467,0.0,7.0467,27.5535,0.0
106636.77,4.3107,2.1796,1729801720.0,1,14,11640.0,7.0527,0.0,7.0527,27.5796,0.0
106646.77,4.3124,2.1796,1729801730.0,1,14,11650.0,7.0588,0.0,7.0588,27.6057,0.0
106656.77,4.3142,2.1796,1729801740.0,1,14,11660.0,7.0649,0.0,7.0649,27.6318,0.0
106666.77,4.3159,2.1796,1729801750.0,1,14,11670.0,7.0709,0.0,7.0709,27.658,0.0
106676.77,4.3176,2.1795,1729801760.0,1,14,11680.0,7.077,0.0,7.077,27.6841,0.0
106686.77,4.3194,2.1795,1729801770.0,1,14,11690.0,7.083,0.0,7.083,27.7102,0.0
106696.77,4.3211,2.1795,1729801780.0,1,14,11700.0,7.0891,0.0,7.0891,27.7364,0.0
106706.77,4.3228,2.1795,1729801790.0,1,14,11710.0,7.0951,0.0,7.0951,27.7626,0.0
106716.77,4.3245,2.1795,1729801800.0,1,14,11720.0,7.1012,0.0,7.1012,27.7887,0.0
106726.77,4.3262,2.1795,1729801810.0,1,14,11730.0,7.1072,0.0,7.1072,27.8149,0.0
106736.77,4.3279,2.1794,1729801820.0,1,14,11740.0,7.1133,0.0,7.1133,27.8411,0.0
106746.77,4.3296,2.1794,1729801830.0,1,14,11750.0,7.1193,0.0,7.1193,27.8673,0.0
106756.77,4.3313,2.1793,1729801840.0,1,14,11760.0,7.1254,0.0,7.1254,27.8935,0.0
106766.77,4.3329,2.1793,1729801850.0,1,14,11770.0,7.1315,0.0,7.1315,27.9198,0.0
106776.77,4.3346,2.1792,1729801860.0,1,14,11780.0,7.1375,0.0,7.1375,27.946,0.0
106786.77,4.3362,2.1792,1729801870.0,1,14,11790.0,7.1436,0.0,7.1436,27.9723,0.0
106796.77,4.3378,2.1793,1729801880.0,1,14,11800.0,7.1496,0.0,7.1496,27.9985,0.0
106806.77,4.3394,2.1793,1729801890.0,1,14,11810.0,7.1557,0.0,7.1557,28.0248,0.0
106816.77,4.341,2.1791,1729801900.0,1,14,11820.0,7.1617,0.0,7.1617,28.051,0.0
106826.77,4.3426,2.1791,1729801910.0,1,14,11830.0,7.1678,0.0,7.1678,28.0773,0.0
106836.77,4.3441,2.1792,1729801920.0,1,14,11840.0,7.1738,0.0,7.1738,28.1036,0.0
106846.77,4.3457,2.1791,1729801930.0,1,14,11850.0,7.1799,0.0,7.1799,28.1299,0.0
106856.77,4.3471,2.1791,1729801940.0,1,14,11860.0,7.1859,0.0,7.1859,28.1562,0.0
106866.77,4.3486,2.179,1729801950.0,1,14,11870.0,7.192,0.0,7.192,28.1825,0.0
106876.64,4.35,2.159,1729801959.0,1,14,11879.87,7.198,0.0,7.198,28.2085,0.0
106876.77,4.35,2.1541,1729801960.0,1,14,11880.0,7.198,0.0,7.198,28.2089,0.0
106877.22,4.35,2.1338,1729801960.0,1,14,11880.45,7.1983,0.0,7.1983,28.21,0.0
106877.87,4.35,2.1136,1729801961.0,1,14,11881.1,7.1987,0.0,7.1987,28.2117,0.0
106878.43,4.35,2.0932,1729801961.0,1,14,11881.66,7.199,0.0,7.199,28.2131,0.0
106879.07,4.35,2.0726,1729801962.0,1,14,11882.3,7.1994,0.0,7.1994,28.2147,0.0
106879.58,4.35,2.0524,1729801962.0,1,14,11882.81,7.1997,0.0,7.1997,28.216,0.0
106880.24,4.35,2.0323,1729801963.0,1,14,11883.47,7.2001,0.0,7.2001,28.2176,0.0
106880.81,4.35,2.0121,1729801964.0,1,14,11884.04,7.2004,0.0,7.2004,28.219,0.0
106881.58,4.35,1.9919,1729801964.0,1,14,11884.81,7.2008,0.0,7.2008,28.2209,0.0
106882.31,4.35,1.9718,1729801965.0,1,14,11885.54,7.2012,0.0,7.2012,28.2226,0.0
106883.14,4.35,1.9516,1729801966.0,1,14,11886.37,7.2017,0.0,7.2017,28.2246,0.0
106883.98,4.35,1.9316,1729801967.0,1,14,11887.21,7.2021,0.0,7.2021,28.2266,0.0
106884.75,4.35,1.9115,1729801968.0,1,14,11887.98,7.2025,0.0,7.2025,28.2284,0.0
106885.72,4.35,1.8915,1729801969.0,1,14,11888.95,7.203,0.0,7.203,28.2306,0.0
106886.77,4.35,1.8721,1729801970.0,1,14,11890.0,7.2036,0.0,7.2036,28.233,0.0
106887.6,4.35,1.8519,1729801970.0,1,14,11890.83,7.204,0.0,7.204,28.2348,0.0
106888.55,4.3499,1.8316,1729801971.0,1,14,11891.78,7.2045,0.0,7.2045,28.237,0.0
106889.73,4.35,1.8115,1729801973.0,1,14,11892.96,7.2051,0.0,7.2051,28.2395,0.0
106890.87,4.35,1.7914,1729801974.0,1,14,11894.1,7.2057,0.0,7.2057,28.242,0.0
106891.81,4.35,1.7713,1729801975.0,1,14,11895.04,7.2061,0.0,7.2061,28.2441,0.0
106892.79,4.35,1.7512,1729801976.0,1,14,11896.02,7.2066,0.0,7.2066,28.2461,0.0
106894.04,4.35,1.7309,1729801977.0,1,14,11897.27,7.2072,0.0,7.2072,28.2488,0.0
106895.12,4.35,1.7108,1729801978.0,1,14,11898.35,7.2077,0.0,7.2077,28.251,0.0
106896.46,4.35,1.6905,1729801979.0,1,14,11899.69,7.2084,0.0,7.2084,28.2538,0.0
106896.77,4.35,1.691,1729801980.0,1,14,11900.0,7.2085,0.0,7.2085,28.2544,0.0
106897.94,4.35,1.6708,1729801981.0,1,14,11901.17,7.2091,0.0,7.2091,28.2568,0.0
106899.11,4.35,1.6507,1729801982.0,1,14,11902.34,7.2096,0.0,7.2096,28.2591,0.0
106900.57,4.35,1.6307,1729801983.0,1,14,11903.8,7.2103,0.0,7.2103,28.262,0.0
106901.76,4.35,1.6104,1729801985.0,1,14,11904.99,7.2108,0.0,7.2108,28.2643,0.0
106903.21,4.35,1.5904,1729801986.0,1,14,11906.44,7.2114,0.0,7.2114,28.2672,0.0
106904.9,4.35,1.5702,1729801988.0,1,14,11908.13,7.2122,0.0,7.2122,28.2704,0.0
106906.46,4.35,1.5501,1729801989.0,1,14,11909.69,7.2129,0.0,7.2129,28.2733,0.0
106906.77,4.35,1.5417,1729801990.0,1,14,11910.0,7.213,0.0,7.213,28.2739,0.0
106908.36,4.35,1.5215,1729801991.0,1,14,11911.59,7.2137,0.0,7.2137,28.2768,0.0
106910.03,4.35,1.5015,1729801993.0,1,14,11913.26,7.2144,0.0,7.2144,28.2799,0.0
106911.5,4.35,1.4812,1729801994.0,1,14,11914.73,7.215,0.0,7.215,28.2825,0.0
106913.13,4.35,1.4612,1729801996.0,1,14,11916.36,7.2156,0.0,7.2156,28.2854,0.0
106914.98,4.35,1.4409,1729801998.0,1,14,11918.21,7.2164,0.0,7.2164,28.2887,0.0
106916.77,4.35,1.4224,1729802000.0,1,14,11920.0,7.2171,0.0,7.2171,28.2918,0.0
106918.38,4.35,1.4023,1729802001.0,1,14,11921.61,7.2177,0.0,7.2177,28.2945,0.0
106920.32,4.35,1.3821,1729802003.0,1,14,11923.55,7.2185,0.0,7.2185,28.2978,0.0
106922.05,4.35,1.3618,1729802005.0,1,14,11925.28,7.2191,0.0,7.2191,28.3006,0.0
106923.79,4.35,1.3418,1729802007.0,1,14,11927.02,7.2198,0.0,7.2198,28.3035,0.0
106925.65,4.35,1.3217,1729802008.0,1,14,11928.88,7.2205,0.0,7.2205,28.3065,0.0
106926.77,4.35,1.3091,1729802010.0,1,14,11930.0,7.2209,0.0,7.2209,28.3083,0.0
106928.77,4.35,1.289,1729802012.0,1,14,11932.0,7.2216,0.0,7.2216,28.3114,0.0
106930.85,4.35,1.2689,1729802014.0,1,14,11934.08,7.2223,0.0,7.2223,28.3146,0.0
106933.06,4.35,1.2487,1729802016.0,1,14,11936.29,7.2231,0.0,7.2231,28.318,0.0
106935.03,4.35,1.2284,1729802018.0,1,14,11938.26,7.2238,0.0,7.2238,28.3209,0.0
106936.77,4.35,1.213,1729802020.0,1,14,11940.0,7.2244,0.0,7.2244,28.3235,0.0
106939.02,4.3499,1.1928,1729802022.0,1,14,11942.25,7.2251,0.0,7.2251,28.3268,0.0
106941.53,4.35,1.1728,1729802024.0,1,14,11944.76,7.226,0.0,7.226,28.3303,0.0
106943.81,4.35,1.1528,1729802027.0,1,14,11947.04,7.2267,0.0,7.2267,28.3335,0.0
106945.78,4.35,1.1328,1729802029.0,1,14,11949.01,7.2273,0.0,7.2273,28.3363,0.0
106946.77,4.3499,1.1281,1729802030.0,1,14,11950.0,7.2276,0.0,7.2276,28.3376,0.0
106949.38,4.35,1.1081,1729802032.0,1,14,11952.61,7.2284,0.0,7.2284,28.3411,0.0
106951.32,4.3499,1.088,1729802034.0,1,14,11954.55,7.229,0.0,7.229,28.3437,0.0
106954.25,4.3499,1.0676,1729802037.0,1,14,11957.48,7.2299,0.0,7.2299,28.3475,0.0
106956.77,4.35,1.0482,1729802040.0,1,14,11960.0,7.2307,0.0,7.2307,28.3508,0.0
106959.64,4.3499,1.0281,1729802042.0,1,14,11962.87,7.2315,0.0,7.2315,28.3544,0.0
106962.68,4.3499,1.0077,1729802045.0,1,14,11965.91,7.2323,0.0,7.2323,28.3581,0.0
106965.27,4.3499,0.9877,1729802048.0,1,14,11968.5,7.2331,0.0,7.2331,28.3612,0.0
106966.77,4.3499,0.9758,1729802050.0,1,14,11970.0,7.2335,0.0,7.2335,28.363,0.0
106969.81,4.35,0.9557,1729802053.0,1,14,11973.04,7.2343,0.0,7.2343,28.3666,0.0
106972.9,4.3499,0.9356,1729802056.0,1,14,11976.13,7.2351,0.0,7.2351,28.3701,0.0
106976.77,4.35,0.9171,1729802060.0,1,14,11980.0,7.2361,0.0,7.2361,28.3744,0.0
106979.3,4.3499,0.897,1729802062.0,1,14,11982.53,7.2367,0.0,7.2367,28.3772,0.0
106982.82,4.3499,0.8769,1729802066.0,1,14,11986.05,7.2376,0.0,7.2376,28.381,0.0
106986.65,4.3499,0.8566,1729802069.0,1,14,11989.88,7.2385,0.0,7.2385,28.385,0.0
106986.77,4.3499,0.8563,1729802070.0,1,14,11990.0,7.2386,0.0,7.2386,28.3851,0.0
106990.67,4.35,0.8362,1729802073.0,1,14,11993.9,7.2395,0.0,7.2395,28.3891,0.0
106994.42,4.3499,0.8162,1729802077.0,1,14,11997.65,7.2403,0.0,7.2403,28.3929,0.0
106996.77,4.35,0.8015,1729802080.0,1,14,12000.0,7.2409,0.0,7.2409,28.3952,0.0
107001.05,4.35,0.7812,1729802084.0,1,14,12004.28,7.2418,0.0,7.2418,28.3993,0.0
107005.52,4.3499,0.7609,1729802088.0,1,14,12008.75,7.2428,0.0,7.2428,28.4034,0.0
107006.77,4.35,0.7563,1729802090.0,1,14,12010.0,7.243,0.0,7.243,28.4046,0.0
107010.45,4.3499,0.7362,1729802093.0,1,14,12013.68,7.2438,0.0,7.2438,28.4079,0.0
107016.36,4.35,0.716,1729802099.0,1,14,12019.59,7.245,0.0,7.245,28.4131,0.0
107016.77,4.35,0.7134,1729802100.0,1,14,12020.0,7.2451,0.0,7.2451,28.4134,0.0
107021.23,4.3499,0.693,1729802104.0,1,14,12024.46,7.2459,0.0,7.2459,28.4172,0.0
107025.68,4.35,0.6729,1729802108.0,1,14,12028.91,7.2468,0.0,7.2468,28.4209,0.0
107026.77,4.3499,0.6711,1729802110.0,1,14,12030.0,7.247,0.0,7.247,28.4218,0.0
107030.03,4.3499,0.6547,1729802113.0,1,14,12033.26,7.2476,0.0,7.2476,28.4244,0.0
0.0,4.3483,0.0,1729802113.0,1,15,0.0,0.0,0.0,0.0,0.0,0.0
107030.04,4.3483,0.0,1729802113.0,1,15,0.01,0.0,0.0,0.0,0.0,0.0
107040.03,4.3454,0.0,1729802123.0,1,15,10.0,0.0,0.0,0.0,0.0,0.0
107050.03,4.3446,0.0,1729802133.0,1,15,20.0,0.0,0.0,0.0,0.0,0.0
107060.03,4.3441,0.0,1729802143.0,1,15,30.0,0.0,0.0,0.0,0.0,0.0
107070.03,4.3436,0.0,1729802153.0,1,15,40.0,0.0,0.0,0.0,0.0,0.0
107080.03,4.3432,0.0,1729802163.0,1,15,50.0,0.0,0.0,0.0,0.0,0.0
107090.03,4.343,0.0,1729802173.0,1,15,60.0,0.0,0.0,0.0,0.0,0.0
107100.03,4.3427,0.0,1729802183.0,1,15,70.0,0.0,0.0,0.0,0.0,0.0
107110.03,4.3424,0.0,1729802193.0,1,15,80.0,0.0,0.0,0.0,0.0,0.0
107120.03,4.3422,0.0,1729802203.0,1,15,90.0,0.0,0.0,0.0,0.0,0.0
107130.03,4.342,0.0,1729802213.0,1,15,100.0,0.0,0.0,0.0,0.0,0.0
107140.03,4.3418,0.0,1729802223.0,1,15,110.0,0.0,0.0,0.0,0.0,0.0
107150.03,4.3416,0.0,1729802233.0,1,15,120.0,0.0,0.0,0.0,0.0,0.0
107160.03,4.3414,0.0,1729802243.0,1,15,130.0,0.0,0.0,0.0,0.0,0.0
107170.03,4.3412,0.0,1729802253.0,1,15,140.0,0.0,0.0,0.0,0.0,0.0
107180.03,4.341,0.0,1729802263.0,1,15,150.0,0.0,0.0,0.0,0.0,0.0
107190.03,4.3409,0.0,1729802273.0,1,15,160.0,0.0,0.0,0.0,0.0,0.0
107200.03,4.3407,0.0,1729802283.0,1,15,170.0,0.0,0.0,0.0,0.0,0.0
107210.03,4.3405,0.0,1729802293.0,1,15,180.0,0.0,0.0,0.0,0.0,0.0
107220.03,4.3404,0.0,1729802303.0,1,15,190.0,0.0,0.0,0.0,0.0,0.0
107230.03,4.3402,0.0,1729802313.0,1,15,200.0,0.0,0.0,0.0,0.0,0.0
107240.03,4.3401,0.0,1729802323.0,1,15,210.0,0.0,0.0,0.0,0.0,0.0
107250.03,4.3399,0.0,1729802333.0,1,15,220.0,0.0,0.0,0.0,0.0,0.0
107260.03,4.3397,0.0,1729802343.0,1,15,230.0,0.0,0.0,0.0,0.0,0.0
107270.03,4.3396,0.0,1729802353.0,1,15,240.0,0.0,0.0,0.0,0.0,0.0
107280.03,4.3395,0.0,1729802363.0,1,15,250.0,0.0,0.0,0.0,0.0,0.0
107290.03,4.3393,0.0,1729802373.0,1,15,260.0,0.0,0.0,0.0,0.0,0.0
107300.03,4.3392,0.0,1729802383.0,1,15,270.0,0.0,0.0,0.0,0.0,0.0
107310.03,4.3391,0.0,1729802393.0,1,15,280.0,0.0,0.0,0.0,0.0,0.0
107320.03,4.3389,0.0,1729802403.0,1,15,290.0,0.0,0.0,0.0,0.0,0.0
107330.03,4.3388,0.0,1729802413.0,1,15,300.0,0.0,0.0,0.0,0.0,0.0
107340.03,4.3387,0.0,1729802423.0,1,15,310.0,0.0,0.0,0.0,0.0,0.0
107350.03,4.3386,0.0,1729802433.0,1,15,320.0,0.0,0.0,0.0,0.0,0.0
107360.03,4.3385,0.0,1729802443.0,1,15,330.0,0.0,0.0,0.0,0.0,0.0
107370.03,4.3384,0.0,1729802453.0,1,15,340.0,0.0,0.0,0.0,0.0,0.0
107380.03,4.3383,0.0,1729802463.0,1,15,350.0,0.0,0.0,0.0,0.0,0.0
107390.03,4.3381,0.0,1729802473.0,1,15,360.0,0.0,0.0,0.0,0.0,0.0
107400.03,4.3381,0.0,1729802483.0,1,15,370.0,0.0,0.0,0.0,0.0,0.0
107410.03,4.3379,0.0,1729802493.0,1,15,380.0,0.0,0.0,0.0,0.0,0.0
107420.03,4.3378,0.0,1729802503.0,1,15,390.0,0.0,0.0,0.0,0.0,0.0
107430.03,4.3378,0.0,1729802513.0,1,15,400.0,0.0,0.0,0.0,0.0,0.0
107440.03,4.3376,0.0,1729802523.0,1,15,410.0,0.0,0.0,0.0,0.0,0.0
107450.03,4.3376,0.0,1729802533.0,1,15,420.0,0.0,0.0,0.0,0.0,0.0
107460.03,4.3374,0.0,1729802543.0,1,15,430.0,0.0,0.0,0.0,0.0,0.0
107470.03,4.3374,0.0,1729802553.0,1,15,440.0,0.0,0.0,0.0,0.0,0.0
107480.03,4.3372,0.0,1729802563.0,1,15,450.0,0.0,0.0,0.0,0.0,0.0
107490.03,4.3372,0.0,1729802573.0,1,15,460.0,0.0,0.0,0.0,0.0,0.0
107500.03,4.3371,0.0,1729802583.0,1,15,470.0,0.0,0.0,0.0,0.0,0.0
107510.03,4.337,0.0,1729802593.0,1,15,480.0,0.0,0.0,0.0,0.0,0.0
107520.03,4.337,0.0,1729802603.0,1,15,490.0,0.0,0.0,0.0,0.0,0.0
107530.03,4.3369,0.0,1729802613.0,1,15,500.0,0.0,0.0,0.0,0.0,0.0
107540.03,4.3368,0.0,1729802623.0,1,15,510.0,0.0,0.0,0.0,0.0,0.0
107550.03,4.3367,0.0,1729802633.0,1,15,520.0,0.0,0.0,0.0,0.0,0.0
107560.03,4.3366,0.0,1729802643.0,1,15,530.0,0.0,0.0,0.0,0.0,0.0
107570.03,4.3366,0.0,1729802653.0,1,15,540.0,0.0,0.0,0.0,0.0,0.0
107580.03,4.3365,0.0,1729802663.0,1,15,550.0,0.0,0.0,0.0,0.0,0.0
107590.03,4.3364,0.0,1729802673.0,1,15,560.0,0.0,0.0,0.0,0.0,0.0
107600.03,4.3363,0.0,1729802683.0,1,15,570.0,0.0,0.0,0.0,0.0,0.0
107610.03,4.3362,0.0,1729802693.0,1,15,580.0,0.0,0.0,0.0,0.0,0.0
107620.03,4.3362,0.0,1729802703.0,1,15,590.0,0.0,0.0,0.0,0.0,0.0
107630.03,4.3361,0.0,1729802713.0,1,15,600.0,0.0,0.0,0.0,0.0,0.0
107640.03,4.336,0.0,1729802723.0,1,15,610.0,0.0,0.0,0.0,0.0,0.0
107650.03,4.336,0.0,1729802733.0,1,15,620.0,0.0,0.0,0.0,0.0,0.0
107660.03,4.3359,0.0,1729802743.0,1,15,630.0,0.0,0.0,0.0,0.0,0.0
107670.03,4.3359,0.0,1729802753.0,1,15,640.0,0.0,0.0,0.0,0.0,0.0
107680.03,4.3358,0.0,1729802763.0,1,15,650.0,0.0,0.0,0.0,0.0,0.0
107690.03,4.3357,0.0,1729802773.0,1,15,660.0,0.0,0.0,0.0,0.0,0.0
107700.03,4.3356,0.0,1729802783.0,1,15,670.0,0.0,0.0,0.0,0.0,0.0
107710.03,4.3356,0.0,1729802793.0,1,15,680.0,0.0,0.0,0.0,0.0,0.0
107720.03,4.3355,0.0,1729802803.0,1,15,690.0,0.0,0.0,0.0,0.0,0.0
107730.03,4.3355,0.0,1729802813.0,1,15,700.0,0.0,0.0,0.0,0.0,0.0
107740.03,4.3354,0.0,1729802823.0,1,15,710.0,0.0,0.0,0.0,0.0,0.0
107750.03,4.3353,0.0,1729802833.0,1,15,720.0,0.0,0.0,0.0,0.0,0.0
107760.03,4.3353,0.0,1729802843.0,1,15,730.0,0.0,0.0,0.0,0.0,0.0
107770.03,4.3352,0.0,1729802853.0,1,15,740.0,0.0,0.0,0.0,0.0,0.0
107780.03,4.3352,0.0,1729802863.0,1,15,750.0,0.0,0.0,0.0,0.0,0.0
107790.03,4.3351,0.0,1729802873.0,1,15,760.0,0.0,0.0,0.0,0.0,0.0
107800.03,4.3351,0.0,1729802883.0,1,15,770.0,0.0,0.0,0.0,0.0,0.0
107810.03,4.335,0.0,1729802893.0,1,15,780.0,0.0,0.0,0.0,0.0,0.0
107820.03,4.335,0.0,1729802903.0,1,15,790.0,0.0,0.0,0.0,0.0,0.0
107830.03,4.3349,0.0,1729802913.0,1,15,800.0,0.0,0.0,0.0,0.0,0.0
107840.03,4.3349,0.0,1729802923.0,1,15,810.0,0.0,0.0,0.0,0.0,0.0
107850.03,4.3348,0.0,1729802933.0,1,15,820.0,0.0,0.0,0.0,0.0,0.0
107860.03,4.3348,0.0,1729802943.0,1,15,830.0,0.0,0.0,0.0,0.0,0.0
107870.03,4.3347,0.0,1729802953.0,1,15,840.0,0.0,0.0,0.0,0.0,0.0
107880.03,4.3347,0.0,1729802963.0,1,15,850.0,0.0,0.0,0.0,0.0,0.0
107890.03,4.3346,0.0,1729802973.0,1,15,860.0,0.0,0.0,0.0,0.0,0.0
107900.03,4.3346,0.0,1729802983.0,1,15,870.0,0.0,0.0,0.0,0.0,0.0
107910.03,4.3346,0.0,1729802993.0,1,15,880.0,0.0,0.0,0.0,0.0,0.0
107920.03,4.3345,0.0,1729803003.0,1,15,890.0,0.0,0.0,0.0,0.0,0.0
107930.03,4.3345,0.0,1729803013.0,1,15,900.0,0.0,0.0,0.0,0.0,0.0
107940.03,4.3344,0.0,1729803023.0,1,15,910.0,0.0,0.0,0.0,0.0,0.0
107950.03,4.3344,0.0,1729803033.0,1,15,920.0,0.0,0.0,0.0,0.0,0.0
107960.03,4.3343,0.0,1729803043.0,1,15,930.0,0.0,0.0,0.0,0.0,0.0
107970.03,4.3343,0.0,1729803053.0,1,15,940.0,0.0,0.0,0.0,0.0,0.0
107980.03,4.3342,0.0,1729803063.0,1,15,950.0,0.0,0.0,0.0,0.0,0.0
107990.03,4.3342,0.0,1729803073.0,1,15,960.0,0.0,0.0,0.0,0.0,0.0
108000.03,4.3342,0.0,1729803083.0,1,15,970.0,0.0,0.0,0.0,0.0,0.0
108010.03,4.3341,0.0,1729803093.0,1,15,980.0,0.0,0.0,0.0,0.0,0.0
108020.03,4.334,0.0,1729803103.0,1,15,990.0,0.0,0.0,0.0,0.0,0.0
108030.03,4.334,0.0,1729803113.0,1,15,1000.0,0.0,0.0,0.0,0.0,0.0
108040.03,4.334,0.0,1729803123.0,1,15,1010.0,0.0,0.0,0.0,0.0,0.0
108050.03,4.334,0.0,1729803133.0,1,15,1020.0,0.0,0.0,0.0,0.0,0.0
108060.03,4.3339,0.0,1729803143.0,1,15,1030.0,0.0,0.0,0.0,0.0,0.0
108070.03,4.3339,0.0,1729803153.0,1,15,1040.0,0.0,0.0,0.0,0.0,0.0
108080.03,4.3338,0.0,1729803163.0,1,15,1050.0,0.0,0.0,0.0,0.0,0.0
108090.03,4.3338,0.0,1729803173.0,1,15,1060.0,0.0,0.0,0.0,0.0,0.0
108100.03,4.3337,0.0,1729803183.0,1,15,1070.0,0.0,0.0,0.0,0.0,0.0
108110.03,4.3337,0.0,1729803193.0,1,15,1080.0,0.0,0.0,0.0,0.0,0.0
108120.03,4.3337,0.0,1729803203.0,1,15,1090.0,0.0,0.0,0.0,0.0,0.0
108130.03,4.3337,0.0,1729803213.0,1,15,1100.0,0.0,0.0,0.0,0.0,0.0
108140.03,4.3336,0.0,1729803223.0,1,15,1110.0,0.0,0.0,0.0,0.0,0.0
108150.03,4.3336,0.0,1729803233.0,1,15,1120.0,0.0,0.0,0.0,0.0,0.0
108160.03,4.3336,0.0,1729803243.0,1,15,1130.0,0.0,0.0,0.0,0.0,0.0
108170.03,4.3335,0.0,1729803253.0,1,15,1140.0,0.0,0.0,0.0,0.0,0.0
108180.03,4.3335,0.0,1729803263.0,1,15,1150.0,0.0,0.0,0.0,0.0,0.0
108190.03,4.3334,0.0,1729803273.0,1,15,1160.0,0.0,0.0,0.0,0.0,0.0
108200.03,4.3334,0.0,1729803283.0,1,15,1170.0,0.0,0.0,0.0,0.0,0.0
108210.03,4.3334,0.0,1729803293.0,1,15,1180.0,0.0,0.0,0.0,0.0,0.0
108220.03,4.3333,0.0,1729803303.0,1,15,1190.0,0.0,0.0,0.0,0.0,0.0
108230.03,4.3333,0.0,1729803313.0,1,15,1200.0,0.0,0.0,0.0,0.0,0.0
108240.03,4.3332,0.0,1729803323.0,1,15,1210.0,0.0,0.0,0.0,0.0,0.0
108250.03,4.3333,0.0,1729803333.0,1,15,1220.0,0.0,0.0,0.0,0.0,0.0
108260.03,4.3332,0.0,1729803343.0,1,15,1230.0,0.0,0.0,0.0,0.0,0.0
108270.03,4.3332,0.0,1729803353.0,1,15,1240.0,0.0,0.0,0.0,0.0,0.0
108280.03,4.3331,0.0,1729803363.0,1,15,1250.0,0.0,0.0,0.0,0.0,0.0
108290.03,4.3331,0.0,1729803373.0,1,15,1260.0,0.0,0.0,0.0,0.0,0.0
108300.03,4.3331,0.0,1729803383.0,1,15,1270.0,0.0,0.0,0.0,0.0,0.0
108310.03,4.3331,0.0,1729803393.0,1,15,1280.0,0.0,0.0,0.0,0.0,0.0
108320.03,4.333,0.0,1729803403.0,1,15,1290.0,0.0,0.0,0.0,0.0,0.0
108330.03,4.333,0.0,1729803413.0,1,15,1300.0,0.0,0.0,0.0,0.0,0.0
108340.03,4.333,0.0,1729803423.0,1,15,1310.0,0.0,0.0,0.0,0.0,0.0
108350.03,4.3329,0.0,1729803433.0,1,15,1320.0,0.0,0.0,0.0,0.0,0.0
108360.03,4.3329,0.0,1729803443.0,1,15,1330.0,0.0,0.0,0.0,0.0,0.0
108370.03,4.3329,0.0,1729803453.0,1,15,1340.0,0.0,0.0,0.0,0.0,0.0
108380.03,4.3328,0.0,1729803463.0,1,15,1350.0,0.0,0.0,0.0,0.0,0.0
108390.03,4.3328,0.0,1729803473.0,1,15,1360.0,0.0,0.0,0.0,0.0,0.0
108400.03,4.3328,0.0,1729803483.0,1,15,1370.0,0.0,0.0,0.0,0.0,0.0
108410.03,4.3328,0.0,1729803493.0,1,15,1380.0,0.0,0.0,0.0,0.0,0.0
108420.03,4.3327,0.0,1729803503.0,1,15,1390.0,0.0,0.0,0.0,0.0,0.0
108430.03,4.3327,0.0,1729803513.0,1,15,1400.0,0.0,0.0,0.0,0.0,0.0
108440.03,4.3327,0.0,1729803523.0,1,15,1410.0,0.0,0.0,0.0,0.0,0.0
108450.03,4.3327,0.0,1729803533.0,1,15,1420.0,0.0,0.0,0.0,0.0,0.0
108460.03,4.3326,0.0,1729803543.0,1,15,1430.0,0.0,0.0,0.0,0.0,0.0
108470.03,4.3326,0.0,1729803553.0,1,15,1440.0,0.0,0.0,0.0,0.0,0.0
108480.03,4.3325,0.0,1729803563.0,1,15,1450.0,0.0,0.0,0.0,0.0,0.0
108490.03,4.3325,0.0,1729803573.0,1,15,1460.0,0.0,0.0,0.0,0.0,0.0
108500.03,4.3325,0.0,1729803583.0,1,15,1470.0,0.0,0.0,0.0,0.0,0.0
108510.03,4.3325,0.0,1729803593.0,1,15,1480.0,0.0,0.0,0.0,0.0,0.0
108520.03,4.3324,0.0,1729803603.0,1,15,1490.0,0.0,0.0,0.0,0.0,0.0
108530.03,4.3324,0.0,1729803613.0,1,15,1500.0,0.0,0.0,0.0,0.0,0.0
108540.03,4.3324,0.0,1729803623.0,1,15,1510.0,0.0,0.0,0.0,0.0,0.0
108550.03,4.3324,0.0,1729803633.0,1,15,1520.0,0.0,0.0,0.0,0.0,0.0
108560.03,4.3324,0.0,1729803643.0,1,15,1530.0,0.0,0.0,0.0,0.0,0.0
108570.03,4.3323,0.0,1729803653.0,1,15,1540.0,0.0,0.0,0.0,0.0,0.0
108580.03,4.3323,0.0,1729803663.0,1,15,1550.0,0.0,0.0,0.0,0.0,0.0
108590.03,4.3323,0.0,1729803673.0,1,15,1560.0,0.0,0.0,0.0,0.0,0.0
108600.03,4.3323,0.0,1729803683.0,1,15,1570.0,0.0,0.0,0.0,0.0,0.0
108610.03,4.3322,0.0,1729803693.0,1,15,1580.0,0.0,0.0,0.0,0.0,0.0
108620.03,4.3322,0.0,1729803703.0,1,15,1590.0,0.0,0.0,0.0,0.0,0.0
108630.03,4.3322,0.0,1729803713.0,1,15,1600.0,0.0,0.0,0.0,0.0,0.0
108640.03,4.3322,0.0,1729803723.0,1,15,1610.0,0.0,0.0,0.0,0.0,0.0
108650.03,4.3321,0.0,1729803733.0,1,15,1620.0,0.0,0.0,0.0,0.0,0.0
108660.03,4.3321,0.0,1729803743.0,1,15,1630.0,0.0,0.0,0.0,0.0,0.0
108670.03,4.3321,0.0,1729803753.0,1,15,1640.0,0.0,0.0,0.0,0.0,0.0
108680.03,4.3321,0.0,1729803763.0,1,15,1650.0,0.0,0.0,0.0,0.0,0.0
108690.03,4.332,0.0,1729803773.0,1,15,1660.0,0.0,0.0,0.0,0.0,0.0
108700.03,4.332,0.0,1729803783.0,1,15,1670.0,0.0,0.0,0.0,0.0,0.0
108710.03,4.332,0.0,1729803793.0,1,15,1680.0,0.0,0.0,0.0,0.0,0.0
108720.03,4.332,0.0,1729803803.0,1,15,1690.0,0.0,0.0,0.0,0.0,0.0
108730.03,4.3319,0.0,1729803813.0,1,15,1700.0,0.0,0.0,0.0,0.0,0.0
108740.03,4.332,0.0,1729803823.0,1,15,1710.0,0.0,0.0,0.0,0.0,0.0
108750.03,4.3319,0.0,1729803833.0,1,15,1720.0,0.0,0.0,0.0,0.0,0.0
108760.03,4.3319,0.0,1729803843.0,1,15,1730.0,0.0,0.0,0.0,0.0,0.0
108770.03,4.3319,0.0,1729803853.0,1,15,1740.0,0.0,0.0,0.0,0.0,0.0
108780.03,4.3318,0.0,1729803863.0,1,15,1750.0,0.0,0.0,0.0,0.0,0.0
108790.03,4.3318,0.0,1729803873.0,1,15,1760.0,0.0,0.0,0.0,0.0,0.0
108800.03,4.3318,0.0,1729803883.0,1,15,1770.0,0.0,0.0,0.0,0.0,0.0
108810.03,4.3318,0.0,1729803893.0,1,15,1780.0,0.0,0.0,0.0,0.0,0.0
108820.03,4.3317,0.0,1729803903.0,1,15,1790.0,0.0,0.0,0.0,0.0,0.0
108830.03,4.3318,0.0,1729803913.0,1,15,1800.0,0.0,0.0,0.0,0.0,0.0
0.0,4.3318,-32.7475,1729803913.0,1,16,0.0,0.0,0.0,0.0,0.0,0.0
108830.04,4.3318,-32.7475,1729803913.0,1,16,0.01,0.0,0.0001,0.0001,0.0,0.0004
108830.06,4.2885,-32.7492,1729803913.0,1,16,0.03,0.0,0.0003,0.0003,0.0,0.0012
108830.07,4.2404,-32.7477,1729803913.0,1,16,0.04,0.0,0.0004,0.0004,0.0,0.0016
108830.61,4.2204,-32.7504,1729803913.0,1,16,0.58,0.0,0.0053,0.0053,0.0,0.0223
108832.0,4.2004,-32.751,1729803915.0,1,16,1.97,0.0,0.0179,0.0179,0.0,0.0756
108833.84,4.1804,-32.7506,1729803917.0,1,16,3.81,0.0,0.0347,0.0347,0.0,0.1457
108836.08,4.1604,-32.7504,1729803919.0,1,16,6.05,0.0,0.055,0.055,0.0,0.2307
108838.82,4.1404,-32.7504,1729803922.0,1,16,8.79,0.0,0.08,0.08,0.0,0.3341
108840.03,4.1328,-32.7508,1729803923.0,1,16,10.0,0.0,0.091,0.091,0.0,0.3797
108843.75,4.1128,-32.7507,1729803927.0,1,16,13.72,0.0,0.1248,0.1248,0.0,0.5192
108848.59,4.0928,-32.751,1729803931.0,1,16,18.56,0.0,0.1688,0.1688,0.0,0.6998
108850.03,4.0878,-32.7511,1729803933.0,1,16,20.0,0.0,0.1819,0.1819,0.0,0.7534
108857.05,4.0678,-32.7507,1729803940.0,1,16,27.02,0.0,0.2458,0.2458,0.0,1.0138
108860.03,4.0609,-32.7503,1729803943.0,1,16,30.0,0.0,0.2729,0.2729,0.0,1.124
108870.03,4.0419,-32.7506,1729803953.0,1,16,40.0,0.0,0.3639,0.3639,0.0,1.4925
108880.03,4.0265,-32.7504,1729803963.0,1,16,50.0,0.0,0.4549,0.4549,0.0,1.8595
108890.03,4.0128,-32.7506,1729803973.0,1,16,60.0,0.0,0.5458,0.5458,0.0,2.2252
108900.03,4.0001,-32.7507,1729803983.0,1,16,70.0,0.0,0.6368,0.6368,0.0,2.5896
108910.03,3.9879,-32.7508,1729803993.0,1,16,80.0,0.0,0.7278,0.7278,0.0,2.953
108920.03,3.976,-32.7508,1729804003.0,1,16,90.0,0.0,0.8188,0.8188,0.0,3.3152
108930.03,3.9643,-32.7506,1729804013.0,1,16,100.0,0.0,0.9097,0.9097,0.0,3.6764
108940.03,3.953,-32.7505,1729804023.0,1,16,110.0,0.0,1.0007,1.0007,0.0,4.0365
108950.03,3.9425,-32.7505,1729804033.0,1,16,120.0,0.0,1.0917,1.0917,0.0,4.3957
108960.03,3.9323,-32.7507,1729804043.0,1,16,130.0,0.0,1.1827,1.1827,0.0,4.7539
108970.03,3.9214,-32.7506,1729804053.0,1,16,140.0,0.0,1.2736,1.2736,0.0,5.1111
108980.03,3.9098,-32.7506,1729804063.0,1,16,150.0,0.0,1.3646,1.3646,0.0,5.4674
108990.03,3.8976,-32.7507,1729804073.0,1,16,160.0,0.0,1.4556,1.4556,0.0,5.8225
109000.03,3.8851,-32.7508,1729804083.0,1,16,170.0,0.0,1.5466,1.5466,0.0,6.1765
109010.03,3.872,-32.7503,1729804093.0,1,16,180.0,0.0,1.6375,1.6375,0.0,6.5294
109020.03,3.8586,-32.7502,1729804103.0,1,16,190.0,0.0,1.7285,1.7285,0.0,6.881
109030.03,3.8461,-32.7509,1729804113.0,1,16,200.0,0.0,1.8195,1.8195,0.0,7.2315
109040.03,3.8345,-32.7498,1729804123.0,1,16,210.0,0.0,1.9105,1.9105,0.0,7.5808
109050.03,3.8235,-32.7506,1729804133.0,1,16,220.0,0.0,2.0014,2.0014,0.0,7.9292
109060.03,3.8129,-32.7511,1729804143.0,1,16,230.0,0.0,2.0924,2.0924,0.0,8.2765
109070.03,3.8027,-32.7505,1729804153.0,1,16,240.0,0.0,2.1834,2.1834,0.0,8.6229
109080.03,3.793,-32.7502,1729804163.0,1,16,250.0,0.0,2.2743,2.2743,0.0,8.9684
109090.03,3.7837,-32.7507,1729804173.0,1,16,260.0,0.0,2.3653,2.3653,0.0,9.313
109100.03,3.7748,-32.7504,1729804183.0,1,16,270.0,0.0,2.4563,2.4563,0.0,9.6569
109110.03,3.7662,-32.7509,1729804193.0,1,16,280.0,0.0,2.5473,2.5473,0.0,9.9999
109120.03,3.758,-32.7506,1729804203.0,1,16,290.0,0.0,2.6382,2.6382,0.0,10.3421
109130.03,3.7499,-32.7508,1729804213.0,1,16,300.0,0.0,2.7292,2.7292,0.0,10.6836
109140.03,3.7421,-32.75,1729804223.0,1,16,310.0,0.0,2.8202,2.8202,0.0,11.0244
109150.03,3.7345,-32.7506,1729804233.0,1,16,320.0,0.0,2.9112,2.9112,0.0,11.3645
109160.03,3.7271,-32.7502,1729804243.0,1,16,330.0,0.0,3.0021,3.0021,0.0,11.7039
109170.03,3.7199,-32.7505,1729804253.0,1,16,340.0,0.0,3.0931,3.0931,0.0,12.0427
109180.03,3.7129,-32.7503,1729804263.0,1,16,350.0,0.0,3.1841,3.1841,0.0,12.3808
109190.03,3.7062,-32.7501,1729804273.0,1,16,360.0,0.0,3.2751,3.2751,0.0,12.7182
109200.03,3.6996,-32.7506,1729804283.0,1,16,370.0,0.0,3.366,3.366,0.0,13.0551
109210.03,3.6933,-32.7505,1729804293.0,1,16,380.0,0.0,3.457,3.457,0.0,13.3914
109220.03,3.6872,-32.7507,1729804303.0,1,16,390.0,0.0,3.548,3.548,0.0,13.7271
109230.03,3.6813,-32.7506,1729804313.0,1,16,400.0,0.0,3.639,3.639,0.0,14.0622
109240.03,3.6757,-32.7506,1729804323.0,1,16,410.0,0.0,3.7299,3.7299,0.0,14.3969
109250.03,3.6703,-32.7506,1729804333.0,1,16,420.0,0.0,3.8209,3.8209,0.0,14.731
109260.03,3.6651,-32.7503,1729804343.0,1,16,430.0,0.0,3.9119,3.9119,0.0,15.0647
109270.03,3.6602,-32.7505,1729804353.0,1,16,440.0,0.0,4.0028,4.0028,0.0,15.3979
109280.03,3.6557,-32.7506,1729804363.0,1,16,450.0,0.0,4.0938,4.0938,0.0,15.7307
109290.03,3.6515,-32.7508,1729804373.0,1,16,460.0,0.0,4.1848,4.1848,0.0,16.063
109300.03,3.6477,-32.7507,1729804383.0,1,16,470.0,0.0,4.2758,4.2758,0.0,16.3951
109310.03,3.6442,-32.7505,1729804393.0,1,16,480.0,0.0,4.3667,4.3667,0.0,16.7267
109320.03,3.6407,-32.7505,1729804403.0,1,16,490.0,0.0,4.4577,4.4577,0.0,17.0581
109330.03,3.6372,-32.7502,1729804413.0,1,16,500.0,0.0,4.5487,4.5487,0.0,17.3891
109340.03,3.6338,-32.7505,1729804423.0,1,16,510.0,0.0,4.6397,4.6397,0.0,17.7199
109350.03,3.6303,-32.7505,1729804433.0,1,16,520.0,0.0,4.7306,4.7306,0.0,18.0503
109360.03,3.6268,-32.7504,1729804443.0,1,16,530.0,0.0,4.8216,4.8216,0.0,18.3804
109370.03,3.6231,-32.7508,1729804453.0,1,16,540.0,0.0,4.9126,4.9126,0.0,18.7102
109380.03,3.6194,-32.7505,1729804463.0,1,16,550.0,0.0,5.0036,5.0036,0.0,19.0396
109390.03,3.6156,-32.7507,1729804473.0,1,16,560.0,0.0,5.0945,5.0945,0.0,19.3687
109400.03,3.6117,-32.7503,1729804483.0,1,16,570.0,0.0,5.1855,5.1855,0.0,19.6975
109410.03,3.6078,-32.7504,1729804493.0,1,16,580.0,0.0,5.2765,5.2765,0.0,20.0259
109420.03,3.6038,-32.7508,1729804503.0,1,16,590.0,0.0,5.3674,5.3674,0.0,20.3539
109430.03,3.5998,-32.7502,1729804513.0,1,16,600.0,0.0,5.4584,5.4584,0.0,20.6815
109440.03,3.5956,-32.7504,1729804523.0,1,16,610.0,0.0,5.5494,5.5494,0.0,21.0088
109450.03,3.5914,-32.7502,1729804533.0,1,16,620.0,0.0,5.6404,5.6404,0.0,21.3358
109460.03,3.587,-32.7505,1729804543.0,1,16,630.0,0.0,5.7313,5.7313,0.0,21.6623
109470.03,3.5823,-32.7505,1729804553.0,1,16,640.0,0.0,5.8223,5.8223,0.0,21.9884
109480.03,3.5773,-32.7505,1729804563.0,1,16,650.0,0.0,5.9133,5.9133,0.0,22.3141
109490.03,3.5718,-32.7505,1729804573.0,1,16,660.0,0.0,6.0043,6.0043,0.0,22.6392
109500.03,3.5659,-32.7502,1729804583.0,1,16,670.0,0.0,6.0952,6.0952,0.0,22.9639
109510.03,3.5594,-32.7505,1729804593.0,1,16,680.0,0.0,6.1862,6.1862,0.0,23.288
109520.03,3.5523,-32.7504,1729804603.0,1,16,690.0,0.0,6.2772,6.2772,0.0,23.6115
109530.03,3.5444,-32.7509,1729804613.0,1,16,700.0,0.0,6.3682,6.3682,0.0,23.9343
109540.03,3.5354,-32.7504,1729804623.0,1,16,710.0,0.0,6.4591,6.4591,0.0,24.2564
109550.03,3.5251,-32.7507,1729804633.0,1,16,720.0,0.0,6.5501,6.5501,0.0,24.5775
109560.03,3.5129,-32.7506,1729804643.0,1,16,730.0,0.0,6.6411,6.6411,0.0,24.8977
109570.03,3.4968,-32.7503,1729804653.0,1,16,740.0,0.0,6.732,6.732,0.0,25.2166
109578.64,3.4768,-32.7503,1729804661.0,1,16,748.61,0.0,6.8104,6.8104,0.0,25.4897
109580.03,3.4728,-32.7501,1729804663.0,1,16,750.0,0.0,6.823,6.823,0.0,25.5337
109585.84,3.4528,-32.7502,1729804669.0,1,16,755.81,0.0,6.8759,6.8759,0.0,25.7167
109590.03,3.4348,-32.7505,1729804673.0,1,16,760.0,0.0,6.914,6.914,0.0,25.848
109593.88,3.4148,-32.7499,1729804677.0,1,16,763.85,0.0,6.949,6.949,0.0,25.968
109597.17,3.3948,-32.7503,1729804680.0,1,16,767.14,0.0,6.9789,6.9789,0.0,26.0699
109600.03,3.3749,-32.7501,1729804683.0,1,16,770.0,0.0,7.005,7.005,0.0,26.158
109602.56,3.3549,-32.7499,1729804685.0,1,16,772.53,0.0,7.028,7.028,0.0,26.2354
109604.82,3.3349,-32.75,1729804688.0,1,16,774.79,0.0,7.0485,7.0485,0.0,26.3042
109606.85,3.3148,-32.7503,1729804690.0,1,16,776.82,0.0,7.067,7.067,0.0,26.3656
109608.69,3.2948,-32.75,1729804691.0,1,16,778.66,0.0,7.0837,7.0837,0.0,26.4209
109610.03,3.2786,-32.7501,1729804693.0,1,16,780.0,0.0,7.0959,7.0959,0.0,26.461
109611.57,3.2586,-32.7504,1729804694.0,1,16,781.54,0.0,7.1099,7.1099,0.0,26.5068
109612.96,3.2385,-32.7504,1729804696.0,1,16,782.93,0.0,7.1226,7.1226,0.0,26.5479
109614.23,3.2185,-32.7507,1729804697.0,1,16,784.2,0.0,7.1341,7.1341,0.0,26.5852
109615.39,3.1984,-32.7505,1729804698.0,1,16,785.36,0.0,7.1447,7.1447,0.0,26.619
109616.46,3.1783,-32.7505,1729804699.0,1,16,786.43,0.0,7.1544,7.1544,0.0,26.6501
109617.44,3.1582,-32.7503,1729804700.0,1,16,787.41,0.0,7.1633,7.1633,0.0,26.6783
109618.33,3.1382,-32.7501,1729804701.0,1,16,788.3,0.0,7.1714,7.1714,0.0,26.7038
109619.14,3.1181,-32.7506,1729804702.0,1,16,789.11,0.0,7.1788,7.1788,0.0,26.7268
109619.9,3.0979,-32.7501,1729804703.0,1,16,789.87,0.0,7.1857,7.1857,0.0,26.7483
109620.03,3.0941,-32.7504,1729804703.0,1,16,790.0,0.0,7.1869,7.1869,0.0,26.752
109620.7,3.0741,-32.7508,1729804704.0,1,16,790.67,0.0,7.193,7.193,0.0,26.7708
109621.33,3.0538,-32.7504,1729804704.0,1,16,791.3,0.0,7.1987,7.1987,0.0,26.7884
109621.89,3.0337,-32.7504,1729804705.0,1,16,791.86,0.0,7.2038,7.2038,0.0,26.8039
109622.39,3.0137,-32.7508,1729804705.0,1,16,792.36,0.0,7.2084,7.2084,0.0,26.8176
109622.72,2.9998,-32.7505,1729804706.0,1,16,792.69,0.0,7.2114,7.2114,0.0,26.8266
0.0,3.0234,0.0,1729804706.0,1,17,0.0,0.0,0.0,0.0,0.0,0.0
109622.73,3.0234,0.0,1729804706.0,1,17,0.01,0.0,0.0,0.0,0.0,0.0
109622.74,3.0619,0.0,1729804706.0,1,17,0.02,0.0,0.0,0.0,0.0,0.0
109622.77,3.0855,0.0,1729804706.0,1,17,0.05,0.0,0.0,0.0,0.0,0.0
109622.97,3.106,0.0,1729804706.0,1,17,0.25,0.0,0.0,0.0,0.0,0.0
109623.58,3.126,0.0,1729804706.0,1,17,0.86,0.0,0.0,0.0,0.0,0.0
109624.67,3.1461,0.0,1729804707.0,1,17,1.95,0.0,0.0,0.0,0.0,0.0
109626.35,3.1662,0.0,1729804709.0,1,17,3.63,0.0,0.0,0.0,0.0,0.0
109628.95,3.1862,0.0,1729804712.0,1,17,6.23,0.0,0.0,0.0,0.0,0.0
109632.72,3.2043,0.0,1729804716.0,1,17,10.0,0.0,0.0,0.0,0.0,0.0
109640.32,3.2243,0.0,1729804723.0,1,17,17.6,0.0,0.0,0.0,0.0,0.0
109642.72,3.2284,0.0,1729804726.0,1,17,20.0,0.0,0.0,0.0,0.0,0.0
109652.72,3.2407,0.0,1729804736.0,1,17,30.0,0.0,0.0,0.0,0.0,0.0
109662.72,3.2491,0.0,1729804746.0,1,17,40.0,0.0,0.0,0.0,0.0,0.0
109672.72,3.2558,0.0,1729804756.0,1,17,50.0,0.0,0.0,0.0,0.0,0.0
109682.72,3.2614,0.0,1729804766.0,1,17,60.0,0.0,0.0,0.0,0.0,0.0
109692.72,3.2663,0.0,1729804776.0,1,17,70.0,0.0,0.0,0.0,0.0,0.0
109702.72,3.2708,0.0,1729804786.0,1,17,80.0,0.0,0.0,0.0,0.0,0.0
109712.72,3.2748,0.0,1729804796.0,1,17,90.0,0.0,0.0,0.0,0.0,0.0
109722.72,3.2786,0.0,1729804806.0,1,17,100.0,0.0,0.0,0.0,0.0,0.0
109732.72,3.2821,0.0,1729804816.0,1,17,110.0,0.0,0.0,0.0,0.0,0.0
109742.72,3.2853,0.0,1729804826.0,1,17,120.0,0.0,0.0,0.0,0.0,0.0
109752.72,3.2884,0.0,1729804836.0,1,17,130.0,0.0,0.0,0.0,0.0,0.0
109762.72,3.2913,0.0,1729804846.0,1,17,140.0,0.0,0.0,0.0,0.0,0.0
109772.72,3.294,0.0,1729804856.0,1,17,150.0,0.0,0.0,0.0,0.0,0.0
109782.72,3.2965,0.0,1729804866.0,1,17,160.0,0.0,0.0,0.0,0.0,0.0
109792.72,3.299,0.0,1729804876.0,1,17,170.0,0.0,0.0,0.0,0.0,0.0
109802.72,3.3014,0.0,1729804886.0,1,17,180.0,0.0,0.0,0.0,0.0,0.0
109812.72,3.3036,0.0,1729804896.0,1,17,190.0,0.0,0.0,0.0,0.0,0.0
109822.72,3.3058,0.0,1729804906.0,1,17,200.0,0.0,0.0,0.0,0.0,0.0
109832.72,3.3079,0.0,1729804916.0,1,17,210.0,0.0,0.0,0.0,0.0,0.0
109842.72,3.3098,0.0,1729804926.0,1,17,220.0,0.0,0.0,0.0,0.0,0.0
109852.72,3.3117,0.0,1729804936.0,1,17,230.0,0.0,0.0,0.0,0.0,0.0
109862.72,3.3136,0.0,1729804946.0,1,17,240.0,0.0,0.0,0.0,0.0,0.0
109872.72,3.3153,0.0,1729804956.0,1,17,250.0,0.0,0.0,0.0,0.0,0.0
109882.72,3.317,0.0,1729804966.0,1,17,260.0,0.0,0.0,0.0,0.0,0.0
109892.72,3.3186,0.0,1729804976.0,1,17,270.0,0.0,0.0,0.0,0.0,0.0
109902.72,3.3202,0.0,1729804986.0,1,17,280.0,0.0,0.0,0.0,0.0,0.0
109912.72,3.3217,0.0,1729804996.0,1,17,290.0,0.0,0.0,0.0,0.0,0.0
109922.72,3.3232,0.0,1729805006.0,1,17,300.0,0.0,0.0,0.0,0.0,0.0
109932.72,3.3247,0.0,1729805016.0,1,17,310.0,0.0,0.0,0.0,0.0,0.0
109942.72,3.326,0.0,1729805026.0,1,17,320.0,0.0,0.0,0.0,0.0,0.0
109952.72,3.3274,0.0,1729805036.0,1,17,330.0,0.0,0.0,0.0,0.0,0.0
109962.72,3.3287,0.0,1729805046.0,1,17,340.0,0.0,0.0,0.0,0.0,0.0
109972.72,3.3299,0.0,1729805056.0,1,17,350.0,0.0,0.0,0.0,0.0,0.0
109982.72,3.3312,0.0,1729805066.0,1,17,360.0,0.0,0.0,0.0,0.0,0.0
109992.72,3.3324,0.0,1729805076.0,1,17,370.0,0.0,0.0,0.0,0.0,0.0
110002.72,3.3335,0.0,1729805086.0,1,17,380.0,0.0,0.0,0.0,0.0,0.0
110012.72,3.3346,0.0,1729805096.0,1,17,390.0,0.0,0.0,0.0,0.0,0.0
110022.72,3.3358,0.0,1729805106.0,1,17,400.0,0.0,0.0,0.0,0.0,0.0
110032.72,3.3368,0.0,1729805116.0,1,17,410.0,0.0,0.0,0.0,0.0,0.0
110042.72,3.3379,0.0,1729805126.0,1,17,420.0,0.0,0.0,0.0,0.0,0.0
110052.72,3.3388,0.0,1729805136.0,1,17,430.0,0.0,0.0,0.0,0.0,0.0
110062.72,3.3399,0.0,1729805146.0,1,17,440.0,0.0,0.0,0.0,0.0,0.0
110072.72,3.3408,0.0,1729805156.0,1,17,450.0,0.0,0.0,0.0,0.0,0.0
110082.72,3.3418,0.0,1729805166.0,1,17,460.0,0.0,0.0,0.0,0.0,0.0
110092.72,3.3427,0.0,1729805176.0,1,17,470.0,0.0,0.0,0.0,0.0,0.0
110102.72,3.3436,0.0,1729805186.0,1,17,480.0,0.0,0.0,0.0,0.0,0.0
110112.72,3.3444,0.0,1729805196.0,1,17,490.0,0.0,0.0,0.0,0.0,0.0
110122.72,3.3453,0.0,1729805206.0,1,17,500.0,0.0,0.0,0.0,0.0,0.0
110132.72,3.3461,0.0,1729805216.0,1,17,510.0,0.0,0.0,0.0,0.0,0.0
110142.72,3.3469,0.0,1729805226.0,1,17,520.0,0.0,0.0,0.0,0.0,0.0
110152.72,3.3477,0.0,1729805236.0,1,17,530.0,0.0,0.0,0.0,0.0,0.0
110162.72,3.3485,0.0,1729805246.0,1,17,540.0,0.0,0.0,0.0,0.0,0.0
110172.72,3.3493,0.0,1729805256.0,1,17,550.0,0.0,0.0,0.0,0.0,0.0
110182.72,3.35,0.0,1729805266.0,1,17,560.0,0.0,0.0,0.0,0.0,0.0
110192.72,3.3508,0.0,1729805276.0,1,17,570.0,0.0,0.0,0.0,0.0,0.0
110202.72,3.3514,0.0,1729805286.0,1,17,580.0,0.0,0.0,0.0,0.0,0.0
110212.72,3.3522,0.0,1729805296.0,1,17,590.0,0.0,0.0,0.0,0.0,0.0
110222.72,3.3528,0.0,1729805306.0,1,17,600.0,0.0,0.0,0.0,0.0,0.0
110232.72,3.3535,0.0,1729805316.0,1,17,610.0,0.0,0.0,0.0,0.0,0.0
110242.72,3.3542,0.0,1729805326.0,1,17,620.0,0.0,0.0,0.0,0.0,0.0
110252.72,3.3548,0.0,1729805336.0,1,17,630.0,0.0,0.0,0.0,0.0,0.0
110262.72,3.3554,0.0,1729805346.0,1,17,640.0,0.0,0.0,0.0,0.0,0.0
110272.72,3.3561,0.0,1729805356.0,1,17,650.0,0.0,0.0,0.0,0.0,0.0
110282.72,3.3567,0.0,1729805366.0,1,17,660.0,0.0,0.0,0.0,0.0,0.0
110292.72,3.3573,0.0,1729805376.0,1,17,670.0,0.0,0.0,0.0,0.0,0.0
110302.72,3.3579,0.0,1729805386.0,1,17,680.0,0.0,0.0,0.0,0.0,0.0
110312.72,3.3585,0.0,1729805396.0,1,17,690.0,0.0,0.0,0.0,0.0,0.0
110322.72,3.359,0.0,1729805406.0,1,17,700.0,0.0,0.0,0.0,0.0,0.0
110332.72,3.3596,0.0,1729805416.0,1,17,710.0,0.0,0.0,0.0,0.0,0.0
110342.72,3.3601,0.0,1729805426.0,1,17,720.0,0.0,0.0,0.0,0.0,0.0
110352.72,3.3606,0.0,1729805436.0,1,17,730.0,0.0,0.0,0.0,0.0,0.0
110362.72,3.3612,0.0,1729805446.0,1,17,740.0,0.0,0.0,0.0,0.0,0.0
110372.72,3.3617,0.0,1729805456.0,1,17,750.0,0.0,0.0,0.0,0.0,0.0
110382.72,3.3622,0.0,1729805466.0,1,17,760.0,0.0,0.0,0.0,0.0,0.0
110392.72,3.3627,0.0,1729805476.0,1,17,770.0,0.0,0.0,0.0,0.0,0.0
110402.72,3.3632,0.0,1729805486.0,1,17,780.0,0.0,0.0,0.0,0.0,0.0
110412.72,3.3637,0.0,1729805496.0,1,17,790.0,0.0,0.0,0.0,0.0,0.0
110422.72,3.3642,0.0,1729805506.0,1,17,800.0,0.0,0.0,0.0,0.0,0.0
110432.72,3.3647,0.0,1729805516.0,1,17,810.0,0.0,0.0,0.0,0.0,0.0
110442.72,3.3651,0.0,1729805526.0,1,17,820.0,0.0,0.0,0.0,0.0,0.0
110452.72,3.3656,0.0,1729805536.0,1,17,830.0,0.0,0.0,0.0,0.0,0.0
110462.72,3.366,0.0,1729805546.0,1,17,840.0,0.0,0.0,0.0,0.0,0.0
110472.72,3.3665,0.0,1729805556.0,1,17,850.0,0.0,0.0,0.0,0.0,0.0
110482.72,3.3669,0.0,1729805566.0,1,17,860.0,0.0,0.0,0.0,0.0,0.0
110492.72,3.3674,0.0,1729805576.0,1,17,870.0,0.0,0.0,0.0,0.0,0.0
110502.72,3.3678,0.0,1729805586.0,1,17,880.0,0.0,0.0,0.0,0.0,0.0
110512.72,3.3682,0.0,1729805596.0,1,17,890.0,0.0,0.0,0.0,0.0,0.0
110522.72,3.3686,0.0,1729805606.0,1,17,900.0,0.0,0.0,0.0,0.0,0.0
110532.72,3.369,0.0,1729805616.0,1,17,910.0,0.0,0.0,0.0,0.0,0.0
110542.72,3.3695,0.0,1729805626.0,1,17,920.0,0.0,0.0,0.0,0.0,0.0
110552.72,3.3698,0.0,1729805636.0,1,17,930.0,0.0,0.0,0.0,0.0,0.0
110562.72,3.3702,0.0,1729805646.0,1,17,940.0,0.0,0.0,0.0,0.0,0.0
110572.72,3.3706,0.0,1729805656.0,1,17,950.0,0.0,0.0,0.0,0.0,0.0
110582.72,3.371,0.0,1729805666.0,1,17,960.0,0.0,0.0,0.0,0.0,0.0
110592.72,3.3714,0.0,1729805676.0,1,17,970.0,0.0,0.0,0.0,0.0,0.0
110602.72,3.3717,0.0,1729805686.0,1,17,980.0,0.0,0.0,0.0,0.0,0.0
110612.72,3.3721,0.0,1729805696.0,1,17,990.0,0.0,0.0,0.0,0.0,0.0
110622.72,3.3725,0.0,1729805706.0,1,17,1000.0,0.0,0.0,0.0,0.0,0.0
110632.72,3.3728,0.0,1729805716.0,1,17,1010.0,0.0,0.0,0.0,0.0,0.0
110642.72,3.3732,0.0,1729805726.0,1,17,1020.0,0.0,0.0,0.0,0.0,0.0
110652.72,3.3735,0.0,1729805736.0,1,17,1030.0,0.0,0.0,0.0,0.0,0.0
110662.72,3.3739,0.0,1729805746.0,1,17,1040.0,0.0,0.0,0.0,0.0,0.0
110672.72,3.3742,0.0,1729805756.0,1,17,1050.0,0.0,0.0,0.0,0.0,0.0
110682.72,3.3746,0.0,1729805766.0,1,17,1060.0,0.0,0.0,0.0,0.0,0.0
110692.72,3.3749,0.0,1729805776.0,1,17,1070.0,0.0,0.0,0.0,0.0,0.0
110702.72,3.3752,0.0,1729805786.0,1,17,1080.0,0.0,0.0,0.0,0.0,0.0
110712.72,3.3755,0.0,1729805796.0,1,17,1090.0,0.0,0.0,0.0,0.0,0.0
110722.72,3.3759,0.0,1729805806.0,1,17,1100.0,0.0,0.0,0.0,0.0,0.0
110732.72,3.3762,0.0,1729805816.0,1,17,1110.0,0.0,0.0,0.0,0.0,0.0
110742.72,3.3765,0.0,1729805826.0,1,17,1120.0,0.0,0.0,0.0,0.0,0.0
110752.72,3.3768,0.0,1729805836.0,1,17,1130.0,0.0,0.0,0.0,0.0,0.0
110762.72,3.3771,0.0,1729805846.0,1,17,1140.0,0.0,0.0,0.0,0.0,0.0
110772.72,3.3774,0.0,1729805856.0,1,17,1150.0,0.0,0.0,0.0,0.0,0.0
110782.72,3.3777,0.0,1729805866.0,1,17,1160.0,0.0,0.0,0.0,0.0,0.0
110792.72,3.378,0.0,1729805876.0,1,17,1170.0,0.0,0.0,0.0,0.0,0.0
110802.72,3.3783,0.0,1729805886.0,1,17,1180.0,0.0,0.0,0.0,0.0,0.0
110812.72,3.3786,0.0,1729805896.0,1,17,1190.0,0.0,0.0,0.0,0.0,0.0
110822.72,3.3789,0.0,1729805906.0,1,17,1200.0,0.0,0.0,0.0,0.0,0.0
110832.72,3.3792,0.0,1729805916.0,1,17,1210.0,0.0,0.0,0.0,0.0,0.0
110842.72,3.3795,0.0,1729805926.0,1,17,1220.0,0.0,0.0,0.0,0.0,0.0
110852.72,3.3797,0.0,1729805936.0,1,17,1230.0,0.0,0.0,0.0,0.0,0.0
110862.72,3.38,0.0,1729805946.0,1,17,1240.0,0.0,0.0,0.0,0.0,0.0
110872.72,3.3803,0.0,1729805956.0,1,17,1250.0,0.0,0.0,0.0,0.0,0.0
110882.72,3.3805,0.0,1729805966.0,1,17,1260.0,0.0,0.0,0.0,0.0,0.0
110892.72,3.3808,0.0,1729805976.0,1,17,1270.0,0.0,0.0,0.0,0.0,0.0
110902.72,3.3811,0.0,1729805986.0,1,17,1280.0,0.0,0.0,0.0,0.0,0.0
110912.72,3.3813,0.0,1729805996.0,1,17,1290.0,0.0,0.0,0.0,0.0,0.0
110922.72,3.3816,0.0,1729806006.0,1,17,1300.0,0.0,0.0,0.0,0.0,0.0
110932.72,3.3818,0.0,1729806016.0,1,17,1310.0,0.0,0.0,0.0,0.0,0.0
110942.72,3.3821,0.0,1729806026.0,1,17,1320.0,0.0,0.0,0.0,0.0,0.0
110952.72,3.3823,0.0,1729806036.0,1,17,1330.0,0.0,0.0,0.0,0.0,0.0
110962.72,3.3826,0.0,1729806046.0,1,17,1340.0,0.0,0.0,0.0,0.0,0.0
110972.72,3.3828,0.0,1729806056.0,1,17,1350.0,0.0,0.0,0.0,0.0,0.0
110982.72,3.3831,0.0,1729806066.0,1,17,1360.0,0.0,0.0,0.0,0.0,0.0
110992.72,3.3833,0.0,1729806076.0,1,17,1370.0,0.0,0.0,0.0,0.0,0.0
111002.72,3.3836,0.0,1729806086.0,1,17,1380.0,0.0,0.0,0.0,0.0,0.0
111012.72,3.3838,0.0,1729806096.0,1,17,1390.0,0.0,0.0,0.0,0.0,0.0
111022.72,3.384,0.0,1729806106.0,1,17,1400.0,0.0,0.0,0.0,0.0,0.0
111032.72,3.3843,0.0,1729806116.0,1,17,1410.0,0.0,0.0,0.0,0.0,0.0
111042.72,3.3845,0.0,1729806126.0,1,17,1420.0,0.0,0.0,0.0,0.0,0.0
111052.72,3.3847,0.0,1729806136.0,1,17,1430.0,0.0,0.0,0.0,0.0,0.0
111062.72,3.3849,0.0,1729806146.0,1,17,1440.0,0.0,0.0,0.0,0.0,0.0
111072.72,3.3851,0.0,1729806156.0,1,17,1450.0,0.0,0.0,0.0,0.0,0.0
111082.72,3.3854,0.0,1729806166.0,1,17,1460.0,0.0,0.0,0.0,0.0,0.0
111092.72,3.3856,0.0,1729806176.0,1,17,1470.0,0.0,0.0,0.0,0.0,0.0
111102.72,3.3858,0.0,1729806186.0,1,17,1480.0,0.0,0.0,0.0,0.0,0.0
111112.72,3.386,0.0,1729806196.0,1,17,1490.0,0.0,0.0,0.0,0.0,0.0
111122.72,3.3862,0.0,1729806206.0,1,17,1500.0,0.0,0.0,0.0,0.0,0.0
111132.72,3.3864,0.0,1729806216.0,1,17,1510.0,0.0,0.0,0.0,0.0,0.0
111142.72,3.3866,0.0,1729806226.0,1,17,1520.0,0.0,0.0,0.0,0.0,0.0
111152.72,3.3869,0.0,1729806236.0,1,17,1530.0,0.0,0.0,0.0,0.0,0.0
111162.72,3.3871,0.0,1729806246.0,1,17,1540.0,0.0,0.0,0.0,0.0,0.0
111172.72,3.3872,0.0,1729806256.0,1,17,1550.0,0.0,0.0,0.0,0.0,0.0
111182.72,3.3875,0.0,1729806266.0,1,17,1560.0,0.0,0.0,0.0,0.0,0.0
111192.72,3.3877,0.0,1729806276.0,1,17,1570.0,0.0,0.0,0.0,0.0,0.0
111202.72,3.3879,0.0,1729806286.0,1,17,1580.0,0.0,0.0,0.0,0.0,0.0
111212.72,3.3881,0.0,1729806296.0,1,17,1590.0,0.0,0.0,0.0,0.0,0.0
111222.72,3.3883,0.0,1729806306.0,1,17,1600.0,0.0,0.0,0.0,0.0,0.0
111232.72,3.3885,0.0,1729806316.0,1,17,1610.0,0.0,0.0,0.0,0.0,0.0
111242.72,3.3886,0.0,1729806326.0,1,17,1620.0,0.0,0.0,0.0,0.0,0.0
111252.72,3.3889,0.0,1729806336.0,1,17,1630.0,0.0,0.0,0.0,0.0,0.0
111262.72,3.389,0.0,1729806346.0,1,17,1640.0,0.0,0.0,0.0,0.0,0.0
111272.72,3.3892,0.0,1729806356.0,1,17,1650.0,0.0,0.0,0.0,0.0,0.0
111282.72,3.3894,0.0,1729806366.0,1,17,1660.0,0.0,0.0,0.0,0.0,0.0
111292.72,3.3896,0.0,1729806376.0,1,17,1670.0,0.0,0.0,0.0,0.0,0.0
111302.72,3.3898,0.0,1729806386.0,1,17,1680.0,0.0,0.0,0.0,0.0,0.0
111312.72,3.39,0.0,1729806396.0,1,17,1690.0,0.0,0.0,0.0,0.0,0.0
111322.72,3.3902,0.0,1729806406.0,1,17,1700.0,0.0,0.0,0.0,0.0,0.0
111332.72,3.3903,0.0,1729806416.0,1,17,1710.0,0.0,0.0,0.0,0.0,0.0
111342.72,3.3905,0.0,1729806426.0,1,17,1720.0,0.0,0.0,0.0,0.0,0.0
111352.72,3.3907,0.0,1729806436.0,1,17,1730.0,0.0,0.0,0.0,0.0,0.0
111362.72,3.3908,0.0,1729806446.0,1,17,1740.0,0.0,0.0,0.0,0.0,0.0
111372.72,3.391,0.0,1729806456.0,1,17,1750.0,0.0,0.0,0.0,0.0,0.0
111382.72,3.3912,0.0,1729806466.0,1,17,1760.0,0.0,0.0,0.0,0.0,0.0
111392.72,3.3914,0.0,1729806476.0,1,17,1770.0,0.0,0.0,0.0,0.0,0.0
111402.72,3.3915,0.0,1729806486.0,1,17,1780.0,0.0,0.0,0.0,0.0,0.0
111412.72,3.3917,0.0,1729806496.0,1,17,1790.0,0.0,0.0,0.0,0.0,0.0
111422.72,3.3919,0.0,1729806506.0,1,17,1800.0,0.0,0.0,0.0,0.0,0.0
0.0,3.4441,2.181,1729843049.0,1,19,0.0,0.0,0.0,0.0,0.0,0.0
111422.73,3.4441,2.181,1729843049.0,1,19,0.01,0.0,0.0,0.0,0.0,0.0
111429.08,3.4641,2.1813,1729843056.0,1,19,6.36,0.0039,0.0,0.0039,0.0133,0.0
111432.72,3.4683,2.1814,1729843059.0,1,19,10.0,0.0061,0.0,0.0061,0.021,0.0
111442.72,3.4784,2.1814,1729843069.0,1,19,20.0,0.0121,0.0,0.0121,0.042,0.0
111452.72,3.4873,2.1813,1729843079.0,1,19,30.0,0.0182,0.0,0.0182,0.0631,0.0
111462.72,3.4956,2.1813,1729843089.0,1,19,40.0,0.0242,0.0,0.0242,0.0843,0.0
111472.72,3.5034,2.1813,1729843099.0,1,19,50.0,0.0303,0.0,0.0303,0.1055,0.0
111482.72,3.5109,2.1813,1729843109.0,1,19,60.0,0.0364,0.0,0.0364,0.1267,0.0
111492.72,3.5181,2.1813,1729843119.0,1,19,70.0,0.0424,0.0,0.0424,0.148,0.0
111502.72,3.5251,2.1813,1729843129.0,1,19,80.0,0.0485,0.0,0.0485,0.1694,0.0
111512.72,3.5318,2.1813,1729843139.0,1,19,90.0,0.0545,0.0,0.0545,0.1908,0.0
111522.72,3.5383,2.1814,1729843149.0,1,19,100.0,0.0606,0.0,0.0606,0.2122,0.0
111532.72,3.5446,2.1814,1729843159.0,1,19,110.0,0.0667,0.0,0.0667,0.2336,0.0
111542.72,3.5508,2.1814,1729843169.0,1,19,120.0,0.0727,0.0,0.0727,0.2551,0.0
111552.72,3.5567,2.1813,1729843179.0,1,19,130.0,0.0788,0.0,0.0788,0.2767,0.0
111562.72,3.5625,2.1814,1729843189.0,1,19,140.0,0.0848,0.0,0.0848,0.2982,0.0
111572.72,3.5681,2.1813,1729843199.0,1,19,150.0,0.0909,0.0,0.0909,0.3198,0.0
111582.72,3.5736,2.1814,1729843209.0,1,19,160.0,0.0969,0.0,0.0969,0.3415,0.0
111592.72,3.5789,2.1814,1729843219.0,1,19,170.0,0.103,0.0,0.103,0.3631,0.0
111602.72,3.5841,2.1814,1729843229.0,1,19,180.0,0.1091,0.0,0.1091,0.3848,0.0
111612.72,3.5892,2.1814,1729843239.0,1,19,190.0,0.1151,0.0,0.1151,0.4066,0.0
111622.72,3.5942,2.1814,1729843249.0,1,19,200.0,0.1212,0.0,0.1212,0.4283,0.0
111632.72,3.599,2.1814,1729843259.0,1,19,210.0,0.1272,0.0,0.1272,0.4501,0.0
111642.72,3.6038,2.1813,1729843269.0,1,19,220.0,0.1333,0.0,0.1333,0.472,0.0
111652.72,3.6084,2.1814,1729843279.0,1,19,230.0,0.1394,0.0,0.1394,0.4938,0.0
111662.72,3.6129,2.1813,1729843289.0,1,19,240.0,0.1454,0.0,0.1454,0.5157,0.0
111672.72,3.6173,2.1814,1729843299.0,1,19,250.0,0.1515,0.0,0.1515,0.5376,0.0
111682.72,3.6217,2.1813,1729843309.0,1,19,260.0,0.1575,0.0,0.1575,0.5595,0.0
111692.72,3.6259,2.1814,1729843319.0,1,19,270.0,0.1636,0.0,0.1636,0.5815,0.0
111702.72,3.63,2.1814,1729843329.0,1,19,280.0,0.1697,0.0,0.1697,0.6035,0.0
111712.72,3.6341,2.1814,1729843339.0,1,19,290.0,0.1757,0.0,0.1757,0.6255,0.0
111722.72,3.6381,2.1814,1729843349.0,1,19,300.0,0.1818,0.0,0.1818,0.6475,0.0
111732.72,3.642,2.1814,1729843359.0,1,19,310.0,0.1878,0.0,0.1878,0.6696,0.0
111742.72,3.6458,2.1814,1729843369.0,1,19,320.0,0.1939,0.0,0.1939,0.6916,0.0
111752.72,3.6496,2.1814,1729843379.0,1,19,330.0,0.2,0.0,0.2,0.7137,0.0
111762.72,3.6532,2.1813,1729843389.0,1,19,340.0,0.206,0.0,0.206,0.7359,0.0
111772.72,3.6568,2.1814,1729843399.0,1,19,350.0,0.2121,0.0,0.2121,0.758,0.0
111782.72,3.6603,2.1814,1729843409.0,1,19,360.0,0.2181,0.0,0.2181,0.7802,0.0
111792.72,3.6638,2.1814,1729843419.0,1,19,370.0,0.2242,0.0,0.2242,0.8024,0.0
111802.72,3.6672,2.1814,1729843429.0,1,19,380.0,0.2303,0.0,0.2303,0.8246,0.0
111812.72,3.6705,2.1813,1729843439.0,1,19,390.0,0.2363,0.0,0.2363,0.8468,0.0
111822.72,3.6738,2.1814,1729843449.0,1,19,400.0,0.2424,0.0,0.2424,0.8691,0.0
111832.72,3.677,2.1814,1729843459.0,1,19,410.0,0.2484,0.0,0.2484,0.8913,0.0
111842.72,3.6801,2.1814,1729843469.0,1,19,420.0,0.2545,0.0,0.2545,0.9136,0.0
111852.72,3.6831,2.1814,1729843479.0,1,19,430.0,0.2606,0.0,0.2606,0.9359,0.0
111862.72,3.6861,2.1814,1729843489.0,1,19,440.0,0.2666,0.0,0.2666,0.9583,0.0
111872.72,3.689,2.1814,1729843499.0,1,19,450.0,0.2727,0.0,0.2727,0.9806,0.0
111882.72,3.6919,2.1814,1729843509.0,1,19,460.0,0.2787,0.0,0.2787,1.003,0.0
111892.72,3.6946,2.1814,1729843519.0,1,19,470.0,0.2848,0.0,0.2848,1.0253,0.0
111902.72,3.6973,2.1814,1729843529.0,1,19,480.0,0.2908,0.0,0.2908,1.0477,0.0
111912.72,3.6998,2.1814,1729843539.0,1,19,490.0,0.2969,0.0,0.2969,1.0701,0.0
111922.72,3.7022,2.1813,1729843549.0,1,19,500.0,0.303,0.0,0.303,1.0926,0.0
111932.72,3.7044,2.1814,1729843559.0,1,19,510.0,0.309,0.0,0.309,1.115,0.0
111942.72,3.7065,2.1814,1729843569.0,1,19,520.0,0.3151,0.0,0.3151,1.1375,0.0
111952.72,3.7083,2.1814,1729843579.0,1,19,530.0,0.3211,0.0,0.3211,1.1599,0.0
111962.72,3.7098,2.1814,1729843589.0,1,19,540.0,0.3272,0.0,0.3272,1.1824,0.0
111972.72,3.711,2.1814,1729843599.0,1,19,550.0,0.3333,0.0,0.3333,1.2049,0.0
111982.72,3.7121,2.1814,1729843609.0,1,19,560.0,0.3393,0.0,0.3393,1.2274,0.0
111992.72,3.7129,2.1815,1729843619.0,1,19,570.0,0.3454,0.0,0.3454,1.2499,0.0
112002.72,3.7135,2.1814,1729843629.0,1,19,580.0,0.3514,0.0,0.3514,1.2724,0.0
112012.72,3.7141,2.1814,1729843639.0,1,19,590.0,0.3575,0.0,0.3575,1.2949,0.0
112022.72,3.7146,2.1815,1729843649.0,1,19,600.0,0.3636,0.0,0.3636,1.3174,0.0
112032.72,3.715,2.1815,1729843659.0,1,19,610.0,0.3696,0.0,0.3696,1.3399,0.0
112042.72,3.7154,2.1814,1729843669.0,1,19,620.0,0.3757,0.0,0.3757,1.3624,0.0
112052.72,3.7158,2.1814,1729843679.0,1,19,630.0,0.3817,0.0,0.3817,1.3849,0.0
112062.72,3.716,2.1814,1729843689.0,1,19,640.0,0.3878,0.0,0.3878,1.4074,0.0
112072.72,3.7164,2.1814,1729843699.0,1,19,650.0,0.3939,0.0,0.3939,1.43,0.0
112082.72,3.7166,2.1815,1729843709.0,1,19,660.0,0.3999,0.0,0.3999,1.4525,0.0
112092.72,3.7169,2.1814,1729843719.0,1,19,670.0,0.406,0.0,0.406,1.475,0.0
112102.72,3.7171,2.1814,1729843729.0,1,19,680.0,0.412,0.0,0.412,1.4975,0.0
112112.72,3.7174,2.1814,1729843739.0,1,19,690.0,0.4181,0.0,0.4181,1.52,0.0
112122.72,3.7176,2.1813,1729843749.0,1,19,700.0,0.4242,0.0,0.4242,1.5426,0.0
112132.72,3.7178,2.1814,1729843759.0,1,19,710.0,0.4302,0.0,0.4302,1.5651,0.0
112142.72,3.718,2.1814,1729843769.0,1,19,720.0,0.4363,0.0,0.4363,1.5876,0.0
112152.72,3.7183,2.1814,1729843779.0,1,19,730.0,0.4423,0.0,0.4423,1.6102,0.0
112162.72,3.7185,2.1814,1729843789.0,1,19,740.0,0.4484,0.0,0.4484,1.6327,0.0
112172.72,3.7187,2.1814,1729843799.0,1,19,750.0,0.4545,0.0,0.4545,1.6552,0.0
112182.72,3.719,2.1814,1729843809.0,1,19,760.0,0.4605,0.0,0.4605,1.6778,0.0
112192.72,3.7192,2.1814,1729843819.0,1,19,770.0,0.4666,0.0,0.4666,1.7003,0.0
112202.72,3.7194,2.1814,1729843829.0,1,19,780.0,0.4726,0.0,0.4726,1.7228,0.0
112212.72,3.7196,2.1814,1729843839.0,1,19,790.0,0.4787,0.0,0.4787,1.7454,0.0
112222.72,3.7199,2.1814,1729843849.0,1,19,800.0,0.4847,0.0,0.4847,1.7679,0.0
112232.72,3.7201,2.1814,1729843859.0,1,19,810.0,0.4908,0.0,0.4908,1.7904,0.0
112242.72,3.7204,2.1814,1729843869.0,1,19,820.0,0.4969,0.0,0.4969,1.813,0.0
112252.72,3.7206,2.1814,1729843879.0,1,19,830.0,0.5029,0.0,0.5029,1.8355,0.0
112262.72,3.7209,2.1815,1729843889.0,1,19,840.0,0.509,0.0,0.509,1.8581,0.0
112272.72,3.7211,2.1814,1729843899.0,1,19,850.0,0.515,0.0,0.515,1.8806,0.0
112282.72,3.7214,2.1814,1729843909.0,1,19,860.0,0.5211,0.0,0.5211,1.9032,0.0
112292.72,3.7216,2.1814,1729843919.0,1,19,870.0,0.5272,0.0,0.5272,1.9257,0.0
112302.72,3.722,2.1814,1729843929.0,1,19,880.0,0.5332,0.0,0.5332,1.9483,0.0
112312.72,3.7222,2.1815,1729843939.0,1,19,890.0,0.5393,0.0,0.5393,1.9708,0.0
112322.72,3.7225,2.1814,1729843949.0,1,19,900.0,0.5453,0.0,0.5453,1.9934,0.0
112332.72,3.7228,2.1814,1729843959.0,1,19,910.0,0.5514,0.0,0.5514,2.0159,0.0
112342.72,3.7231,2.1814,1729843969.0,1,19,920.0,0.5575,0.0,0.5575,2.0385,0.0
112352.72,3.7234,2.1814,1729843979.0,1,19,930.0,0.5635,0.0,0.5635,2.0611,0.0
112362.72,3.7237,2.1814,1729843989.0,1,19,940.0,0.5696,0.0,0.5696,2.0836,0.0
112372.72,3.724,2.1814,1729843999.0,1,19,950.0,0.5756,0.0,0.5756,2.1062,0.0
112382.72,3.7243,2.1813,1729844009.0,1,19,960.0,0.5817,0.0,0.5817,2.1288,0.0
112392.72,3.7246,2.1814,1729844019.0,1,19,970.0,0.5878,0.0,0.5878,2.1513,0.0
112402.72,3.725,2.1814,1729844029.0,1,19,980.0,0.5938,0.0,0.5938,2.1739,0.0
112412.72,3.7253,2.1814,1729844039.0,1,19,990.0,0.5999,0.0,0.5999,2.1965,0.0
112422.72,3.7256,2.1814,1729844049.0,1,19,1000.0,0.6059,0.0,0.6059,2.219,0.0
112432.72,3.726,2.1814,1729844059.0,1,19,1010.0,0.612,0.0,0.612,2.2416,0.0
112442.72,3.7263,2.1815,1729844069.0,1,19,1020.0,0.6181,0.0,0.6181,2.2642,0.0
112452.72,3.7267,2.1813,1729844079.0,1,19,1030.0,0.6241,0.0,0.6241,2.2868,0.0
112462.72,3.7271,2.1814,1729844089.0,1,19,1040.0,0.6302,0.0,0.6302,2.3094,0.0
112472.72,3.7275,2.1814,1729844099.0,1,19,1050.0,0.6362,0.0,0.6362,2.3319,0.0
112482.72,3.7279,2.1814,1729844109.0,1,19,1060.0,0.6423,0.0,0.6423,2.3545,0.0
112492.72,3.7283,2.1814,1729844119.0,1,19,1070.0,0.6484,0.0,0.6484,2.3771,0.0
112502.72,3.7287,2.1813,1729844129.0,1,19,1080.0,0.6544,0.0,0.6544,2.3997,0.0
112512.72,3.7291,2.1814,1729844139.0,1,19,1090.0,0.6605,0.0,0.6605,2.4223,0.0
112522.72,3.7295,2.1814,1729844149.0,1,19,1100.0,0.6665,0.0,0.6665,2.4449,0.0
112532.72,3.73,2.1814,1729844159.0,1,19,1110.0,0.6726,0.0,0.6726,2.4675,0.0
112542.72,3.7304,2.1815,1729844169.0,1,19,1120.0,0.6787,0.0,0.6787,2.4901,0.0
112552.72,3.7309,2.1814,1729844179.0,1,19,1130.0,0.6847,0.0,0.6847,2.5127,0.0
112562.72,3.7314,2.1814,1729844189.0,1,19,1140.0,0.6908,0.0,0.6908,2.5353,0.0
112572.72,3.7318,2.1815,1729844199.0,1,19,1150.0,0.6968,0.0,0.6968,2.5579,0.0
112582.72,3.7323,2.1814,1729844209.0,1,19,1160.0,0.7029,0.0,0.7029,2.5805,0.0
112592.72,3.7328,2.1814,1729844219.0,1,19,1170.0,0.7089,0.0,0.7089,2.6032,0.0
112602.72,3.7333,2.1815,1729844229.0,1,19,1180.0,0.715,0.0,0.715,2.6258,0.0
112612.72,3.7338,2.1815,1729844239.0,1,19,1190.0,0.7211,0.0,0.7211,2.6484,0.0
112622.72,3.7344,2.1814,1729844249.0,1,19,1200.0,0.7271,0.0,0.7271,2.671,0.0
112632.72,3.7349,2.1814,1729844259.0,1,19,1210.0,0.7332,0.0,0.7332,2.6937,0.0
112642.72,3.7355,2.1814,1729844269.0,1,19,1220.0,0.7392,0.0,0.7392,2.7163,0.0
112652.72,3.736,2.1814,1729844279.0,1,19,1230.0,0.7453,0.0,0.7453,2.7389,0.0
112662.72,3.7365,2.1815,1729844289.0,1,19,1240.0,0.7514,0.0,0.7514,2.7616,0.0
112672.72,3.7371,2.1814,1729844299.0,1,19,1250.0,0.7574,0.0,0.7574,2.7842,0.0
112682.72,3.7377,2.1814,1729844309.0,1,19,1260.0,0.7635,0.0,0.7635,2.8069,0.0
112692.72,3.7383,2.1814,1729844319.0,1,19,1270.0,0.7695,0.0,0.7695,2.8295,0.0
112702.72,3.7388,2.1814,1729844329.0,1,19,1280.0,0.7756,0.0,0.7756,2.8522,0.0
112712.72,3.7394,2.1814,1729844339.0,1,19,1290.0,0.7817,0.0,0.7817,2.8748,0.0
112722.72,3.7401,2.1814,1729844349.0,1,19,1300.0,0.7877,0.0,0.7877,2.8975,0.0
112732.72,3.7406,2.1813,1729844359.0,1,19,1310.0,0.7938,0.0,0.7938,2.9202,0.0
112742.72,3.7412,2.1814,1729844369.0,1,19,1320.0,0.7998,0.0,0.7998,2.9428,0.0
112752.72,3.7419,2.1814,1729844379.0,1,19,1330.0,0.8059,0.0,0.8059,2.9655,0.0
112762.72,3.7425,2.1814,1729844389.0,1,19,1340.0,0.812,0.0,0.812,2.9882,0.0
112772.72,3.7431,2.1815,1729844399.0,1,19,1350.0,0.818,0.0,0.818,3.0108,0.0
112782.72,3.7437,2.1814,1729844409.0,1,19,1360.0,0.8241,0.0,0.8241,3.0335,0.0
112792.72,3.7444,2.1814,1729844419.0,1,19,1370.0,0.8301,0.0,0.8301,3.0562,0.0
112802.72,3.745,2.1814,1729844429.0,1,19,1380.0,0.8362,0.0,0.8362,3.0789,0.0
112812.72,3.7456,2.1814,1729844439.0,1,19,1390.0,0.8423,0.0,0.8423,3.1016,0.0
112822.72,3.7462,2.1814,1729844449.0,1,19,1400.0,0.8483,0.0,0.8483,3.1243,0.0
112832.72,3.7469,2.1814,1729844459.0,1,19,1410.0,0.8544,0.0,0.8544,3.147,0.0
112842.72,3.7475,2.1815,1729844469.0,1,19,1420.0,0.8604,0.0,0.8604,3.1697,0.0
112852.72,3.7481,2.1814,1729844479.0,1,19,1430.0,0.8665,0.0,0.8665,3.1924,0.0
112862.72,3.7488,2.1814,1729844489.0,1,19,1440.0,0.8726,0.0,0.8726,3.2151,0.0
112872.72,3.7494,2.1814,1729844499.0,1,19,1450.0,0.8786,0.0,0.8786,3.2378,0.0
112882.72,3.75,2.1814,1729844509.0,1,19,1460.0,0.8847,0.0,0.8847,3.2606,0.0
112892.72,3.7507,2.1815,1729844519.0,1,19,1470.0,0.8907,0.0,0.8907,3.2833,0.0
112902.72,3.7513,2.1814,1729844529.0,1,19,1480.0,0.8968,0.0,0.8968,3.306,0.0
112912.72,3.7519,2.1814,1729844539.0,1,19,1490.0,0.9029,0.0,0.9029,3.3288,0.0
112922.72,3.7525,2.1814,1729844549.0,1,19,1500.0,0.9089,0.0,0.9089,3.3515,0.0
112932.72,3.7532,2.1814,1729844559.0,1,19,1510.0,0.915,0.0,0.915,3.3742,0.0
112942.72,3.7538,2.1814,1729844569.0,1,19,1520.0,0.921,0.0,0.921,3.397,0.0
112952.72,3.7544,2.1814,1729844579.0,1,19,1530.0,0.9271,0.0,0.9271,3.4197,0.0
112962.72,3.7551,2.1814,1729844589.0,1,19,1540.0,0.9331,0.0,0.9331,3.4425,0.0
112972.72,3.7557,2.1814,1729844599.0,1,19,1550.0,0.9392,0.0,0.9392,3.4652,0.0
112982.72,3.7563,2.1815,1729844609.0,1,19,1560.0,0.9453,0.0,0.9453,3.488,0.0
112992.72,3.7569,2.1814,1729844619.0,1,19,1570.0,0.9513,0.0,0.9513,3.5108,0.0
113002.72,3.7576,2.1814,1729844629.0,1,19,1580.0,0.9574,0.0,0.9574,3.5335,0.0
113012.72,3.7581,2.1814,1729844639.0,1,19,1590.0,0.9634,0.0,0.9634,3.5563,0.0
113022.72,3.7588,2.1814,1729844649.0,1,19,1600.0,0.9695,0.0,0.9695,3.5791,0.0
113032.72,3.7594,2.1814,1729844659.0,1,19,1610.0,0.9756,0.0,0.9756,3.6018,0.0
113042.72,3.76,2.1814,1729844669.0,1,19,1620.0,0.9816,0.0,0.9816,3.6246,0.0
113052.72,3.7606,2.1815,1729844679.0,1,19,1630.0,0.9877,0.0,0.9877,3.6474,0.0
113062.72,3.7612,2.1814,1729844689.0,1,19,1640.0,0.9937,0.0,0.9937,3.6702,0.0
113072.72,3.7618,2.1814,1729844699.0,1,19,1650.0,0.9998,0.0,0.9998,3.693,0.0
113082.72,3.7624,2.1814,1729844709.0,1,19,1660.0,1.0059,0.0,1.0059,3.7158,0.0
113092.72,3.7629,2.1813,1729844719.0,1,19,1670.0,1.0119,0.0,1.0119,3.7386,0.0
113102.72,3.7635,2.1814,1729844729.0,1,19,1680.0,1.018,0.0,1.018,3.7614,0.0
113112.72,3.7641,2.1814,1729844739.0,1,19,1690.0,1.024,0.0,1.024,3.7842,0.0
113122.72,3.7647,2.1815,1729844749.0,1,19,1700.0,1.0301,0.0,1.0301,3.807,0.0
113132.72,3.7653,2.1814,1729844759.0,1,19,1710.0,1.0362,0.0,1.0362,3.8298,0.0
113142.72,3.7658,2.1814,1729844769.0,1,19,1720.0,1.0422,0.0,1.0422,3.8526,0.0
113152.72,3.7664,2.1814,1729844779.0,1,19,1730.0,1.0483,0.0,1.0483,3.8755,0.0
113162.72,3.767,2.1814,1729844789.0,1,19,1740.0,1.0543,0.0,1.0543,3.8983,0.0
113172.72,3.7675,2.1815,1729844799.0,1,19,1750.0,1.0604,0.0,1.0604,3.9211,0.0
113182.72,3.768,2.1815,1729844809.0,1,19,1760.0,1.0665,0.0,1.0665,3.9439,0.0
113192.72,3.7686,2.1814,1729844819.0,1,19,1770.0,1.0725,0.0,1.0725,3.9668,0.0
113202.72,3.7691,2.1814,1729844829.0,1,19,1780.0,1.0786,0.0,1.0786,3.9896,0.0
113212.72,3.7696,2.1815,1729844839.0,1,19,1790.0,1.0846,0.0,1.0846,4.0125,0.0
113222.72,3.7702,2.1814,1729844849.0,1,19,1800.0,1.0907,0.0,1.0907,4.0353,0.0
113232.72,3.7707,2.1814,1729844859.0,1,19,1810.0,1.0968,0.0,1.0968,4.0581,0.0
113242.72,3.7712,2.1814,1729844869.0,1,19,1820.0,1.1028,0.0,1.1028,4.081,0.0
113252.72,3.7717,2.1814,1729844879.0,1,19,1830.0,1.1089,0.0,1.1089,4.1038,0.0
113262.72,3.7722,2.1814,1729844889.0,1,19,1840.0,1.1149,0.0,1.1149,4.1267,0.0
113272.72,3.7727,2.1814,1729844899.0,1,19,1850.0,1.121,0.0,1.121,4.1496,0.0
113282.72,3.7731,2.1814,1729844909.0,1,19,1860.0,1.1271,0.0,1.1271,4.1724,0.0
113292.72,3.7736,2.1814,1729844919.0,1,19,1870.0,1.1331,0.0,1.1331,4.1953,0.0
113302.72,3.7742,2.1814,1729844929.0,1,19,1880.0,1.1392,0.0,1.1392,4.2182,0.0
113312.72,3.7746,2.1813,1729844939.0,1,19,1890.0,1.1452,0.0,1.1452,4.241,0.0
113322.72,3.775,2.1814,1729844949.0,1,19,1900.0,1.1513,0.0,1.1513,4.2639,0.0
113332.72,3.7755,2.1814,1729844959.0,1,19,1910.0,1.1573,0.0,1.1573,4.2868,0.0
113342.72,3.7759,2.1814,1729844969.0,1,19,1920.0,1.1634,0.0,1.1634,4.3097,0.0
113352.72,3.7763,2.1814,1729844979.0,1,19,1930.0,1.1695,0.0,1.1695,4.3325,0.0
113362.72,3.7767,2.1815,1729844989.0,1,19,1940.0,1.1755,0.0,1.1755,4.3554,0.0
113372.72,3.7771,2.1814,1729844999.0,1,19,1950.0,1.1816,0.0,1.1816,4.3783,0.0
113382.72,3.7775,2.1814,1729845009.0,1,19,1960.0,1.1876,0.0,1.1876,4.4012,0.0
113392.72,3.778,2.1813,1729845019.0,1,19,1970.0,1.1937,0.0,1.1937,4.4241,0.0
113402.72,3.7784,2.1814,1729845029.0,1,19,1980.0,1.1998,0.0,1.1998,4.447,0.0
113412.72,3.7788,2.1814,1729845039.0,1,19,1990.0,1.2058,0.0,1.2058,4.4699,0.0
113422.72,3.7792,2.1814,1729845049.0,1,19,2000.0,1.2119,0.0,1.2119,4.4928,0.0
113432.72,3.7795,2.1814,1729845059.0,1,19,2010.0,1.2179,0.0,1.2179,4.5157,0.0
113442.72,3.78,2.1814,1729845069.0,1,19,2020.0,1.224,0.0,1.224,4.5386,0.0
113452.72,3.7804,2.1815,1729845079.0,1,19,2030.0,1.2301,0.0,1.2301,4.5615,0.0
113462.72,3.7808,2.1814,1729845089.0,1,19,2040.0,1.2361,0.0,1.2361,4.5844,0.0
113472.72,3.7812,2.1815,1729845099.0,1,19,2050.0,1.2422,0.0,1.2422,4.6073,0.0
113482.72,3.7816,2.1813,1729845109.0,1,19,2060.0,1.2482,0.0,1.2482,4.6302,0.0
113492.72,3.782,2.1815,1729845119.0,1,19,2070.0,1.2543,0.0,1.2543,4.6531,0.0
113502.72,3.7824,2.1814,1729845129.0,1,19,2080.0,1.2604,0.0,1.2604,4.6761,0.0
113512.72,3.7829,2.1814,1729845139.0,1,19,2090.0,1.2664,0.0,1.2664,4.699,0.0
113522.72,3.7832,2.1814,1729845149.0,1,19,2100.0,1.2725,0.0,1.2725,4.7219,0.0
113532.72,3.7837,2.1814,1729845159.0,1,19,2110.0,1.2785,0.0,1.2785,4.7448,0.0
113542.72,3.7841,2.1814,1729845169.0,1,19,2120.0,1.2846,0.0,1.2846,4.7677,0.0
113552.72,3.7846,2.1814,1729845179.0,1,19,2130.0,1.2907,0.0,1.2907,4.7907,0.0
113562.72,3.785,2.1815,1729845189.0,1,19,2140.0,1.2967,0.0,1.2967,4.8136,0.0
113572.72,3.7854,2.1814,1729845199.0,1,19,2150.0,1.3028,0.0,1.3028,4.8366,0.0
113582.72,3.7859,2.1814,1729845209.0,1,19,2160.0,1.3088,0.0,1.3088,4.8595,0.0
113592.72,3.7863,2.1813,1729845219.0,1,19,2170.0,1.3149,0.0,1.3149,4.8824,0.0
113602.72,3.7868,2.1814,1729845229.0,1,19,2180.0,1.321,0.0,1.321,4.9054,0.0
113612.72,3.7873,2.1815,1729845239.0,1,19,2190.0,1.327,0.0,1.327,4.9283,0.0
113622.72,3.7877,2.1814,1729845249.0,1,19,2200.0,1.3331,0.0,1.3331,4.9513,0.0
113632.72,3.7882,2.1814,1729845259.0,1,19,2210.0,1.3391,0.0,1.3391,4.9742,0.0
113642.72,3.7887,2.1814,1729845269.0,1,19,2220.0,1.3452,0.0,1.3452,4.9972,0.0
113652.72,3.7891,2.1814,1729845279.0,1,19,2230.0,1.3513,0.0,1.3513,5.0201,0.0
113662.72,3.7895,2.1814,1729845289.0,1,19,2240.0,1.3573,0.0,1.3573,5.0431,0.0
113672.72,3.79,2.1814,1729845299.0,1,19,2250.0,1.3634,0.0,1.3634,5.0661,0.0
113682.72,3.7904,2.1814,1729845309.0,1,19,2260.0,1.3694,0.0,1.3694,5.089,0.0
113692.72,3.7909,2.1815,1729845319.0,1,19,2270.0,1.3755,0.0,1.3755,5.112,0.0
113702.72,3.7913,2.1814,1729845329.0,1,19,2280.0,1.3815,0.0,1.3815,5.135,0.0
113712.72,3.7918,2.1814,1729845339.0,1,19,2290.0,1.3876,0.0,1.3876,5.1579,0.0
113722.72,3.7923,2.1814,1729845349.0,1,19,2300.0,1.3937,0.0,1.3937,5.1809,0.0
113732.72,3.7927,2.1815,1729845359.0,1,19,2310.0,1.3997,0.0,1.3997,5.2039,0.0
113742.72,3.7931,2.1815,1729845369.0,1,19,2320.0,1.4058,0.0,1.4058,5.2269,0.0
113752.72,3.7936,2.1814,1729845379.0,1,19,2330.0,1.4118,0.0,1.4118,5.2499,0.0
113762.72,3.794,2.1813,1729845389.0,1,19,2340.0,1.4179,0.0,1.4179,5.2729,0.0
113772.72,3.7944,2.1814,1729845399.0,1,19,2350.0,1.424,0.0,1.424,5.2959,0.0
113782.72,3.7949,2.1813,1729845409.0,1,19,2360.0,1.43,0.0,1.43,5.3189,0.0
113792.72,3.7953,2.1814,1729845419.0,1,19,2370.0,1.4361,0.0,1.4361,5.3418,0.0
113802.72,3.7957,2.1814,1729845429.0,1,19,2380.0,1.4421,0.0,1.4421,5.3648,0.0
113812.72,3.7961,2.1814,1729845439.0,1,19,2390.0,1.4482,0.0,1.4482,5.3878,0.0
113822.72,3.7965,2.1815,1729845449.0,1,19,2400.0,1.4543,0.0,1.4543,5.4108,0.0
113832.72,3.7969,2.1814,1729845459.0,1,19,2410.0,1.4603,0.0,1.4603,5.4339,0.0
113842.72,3.7973,2.1813,1729845469.0,1,19,2420.0,1.4664,0.0,1.4664,5.4569,0.0
113852.72,3.7977,2.1814,1729845479.0,1,19,2430.0,1.4724,0.0,1.4724,5.4799,0.0
113862.72,3.7981,2.1814,1729845489.0,1,19,2440.0,1.4785,0.0,1.4785,5.5029,0.0
113872.72,3.7985,2.1814,1729845499.0,1,19,2450.0,1.4846,0.0,1.4846,5.5259,0.0
113882.72,3.7988,2.1814,1729845509.0,1,19,2460.0,1.4906,0.0,1.4906,5.5489,0.0
113892.72,3.7991,2.1814,1729845519.0,1,19,2470.0,1.4967,0.0,1.4967,5.5719,0.0
113902.72,3.7994,2.1814,1729845529.0,1,19,2480.0,1.5027,0.0,1.5027,5.595,0.0
113912.72,3.7998,2.1814,1729845539.0,1,19,2490.0,1.5088,0.0,1.5088,5.618,0.0
113922.72,3.8001,2.1814,1729845549.0,1,19,2500.0,1.5149,0.0,1.5149,5.641,0.0
113932.72,3.8004,2.1815,1729845559.0,1,19,2510.0,1.5209,0.0,1.5209,5.664,0.0
113942.72,3.8007,2.1813,1729845569.0,1,19,2520.0,1.527,0.0,1.527,5.6871,0.0
113952.72,3.801,2.1815,1729845579.0,1,19,2530.0,1.533,0.0,1.533,5.7101,0.0
113962.72,3.8012,2.1814,1729845589.0,1,19,2540.0,1.5391,0.0,1.5391,5.7331,0.0
113972.72,3.8015,2.1814,1729845599.0,1,19,2550.0,1.5452,0.0,1.5452,5.7562,0.0
113982.72,3.8018,2.1814,1729845609.0,1,19,2560.0,1.5512,0.0,1.5512,5.7792,0.0
113992.72,3.802,2.1814,1729845619.0,1,19,2570.0,1.5573,0.0,1.5573,5.8022,0.0
114002.72,3.8023,2.1814,1729845629.0,1,19,2580.0,1.5633,0.0,1.5633,5.8253,0.0
114012.72,3.8025,2.1814,1729845639.0,1,19,2590.0,1.5694,0.0,1.5694,5.8483,0.0
114022.72,3.8028,2.1815,1729845649.0,1,19,2600.0,1.5755,0.0,1.5755,5.8714,0.0
114032.72,3.8031,2.1814,1729845659.0,1,19,2610.0,1.5815,0.0,1.5815,5.8944,0.0
114042.72,3.8033,2.1814,1729845669.0,1,19,2620.0,1.5876,0.0,1.5876,5.9174,0.0
114052.72,3.8035,2.1814,1729845679.0,1,19,2630.0,1.5936,0.0,1.5936,5.9405,0.0
114062.72,3.8037,2.1814,1729845689.0,1,19,2640.0,1.5997,0.0,1.5997,5.9635,0.0
114072.72,3.804,2.1815,1729845699.0,1,19,2650.0,1.6057,0.0,1.6057,5.9866,0.0
114082.72,3.8042,2.1814,1729845709.0,1,19,2660.0,1.6118,0.0,1.6118,6.0096,0.0
114092.72,3.8044,2.1814,1729845719.0,1,19,2670.0,1.6179,0.0,1.6179,6.0327,0.0
114102.72,3.8047,2.1814,1729845729.0,1,19,2680.0,1.6239,0.0,1.6239,6.0557,0.0
114112.72,3.8049,2.1814,1729845739.0,1,19,2690.0,1.63,0.0,1.63,6.0788,0.0
114122.72,3.8051,2.1814,1729845749.0,1,19,2700.0,1.636,0.0,1.636,6.1019,0.0
114132.72,3.8054,2.1814,1729845759.0,1,19,2710.0,1.6421,0.0,1.6421,6.1249,0.0
114142.72,3.8056,2.1814,1729845769.0,1,19,2720.0,1.6482,0.0,1.6482,6.148,0.0
114152.72,3.8058,2.1814,1729845779.0,1,19,2730.0,1.6542,0.0,1.6542,6.171,0.0
114162.72,3.806,2.1815,1729845789.0,1,19,2740.0,1.6603,0.0,1.6603,6.1941,0.0
114172.72,3.8063,2.1813,1729845799.0,1,19,2750.0,1.6663,0.0,1.6663,6.2172,0.0
114182.72,3.8065,2.1814,1729845809.0,1,19,2760.0,1.6724,0.0,1.6724,6.2402,0.0
114192.72,3.8067,2.1814,1729845819.0,1,19,2770.0,1.6785,0.0,1.6785,6.2633,0.0
114202.72,3.807,2.1814,1729845829.0,1,19,2780.0,1.6845,0.0,1.6845,6.2864,0.0
114212.72,3.8072,2.1813,1729845839.0,1,19,2790.0,1.6906,0.0,1.6906,6.3094,0.0
114222.72,3.8074,2.1815,1729845849.0,1,19,2800.0,1.6966,0.0,1.6966,6.3325,0.0
114232.72,3.8076,2.1814,1729845859.0,1,19,2810.0,1.7027,0.0,1.7027,6.3556,0.0
114242.72,3.8078,2.1814,1729845869.0,1,19,2820.0,1.7088,0.0,1.7088,6.3786,0.0
114252.72,3.808,2.1814,1729845879.0,1,19,2830.0,1.7148,0.0,1.7148,6.4017,0.0
114262.72,3.8082,2.1814,1729845889.0,1,19,2840.0,1.7209,0.0,1.7209,6.4248,0.0
114272.72,3.8085,2.1814,1729845899.0,1,19,2850.0,1.7269,0.0,1.7269,6.4479,0.0
114282.72,3.8087,2.1815,1729845909.0,1,19,2860.0,1.733,0.0,1.733,6.4709,0.0
114292.72,3.8088,2.1814,1729845919.0,1,19,2870.0,1.7391,0.0,1.7391,6.494,0.0
114302.72,3.809,2.1814,1729845929.0,1,19,2880.0,1.7451,0.0,1.7451,6.5171,0.0
114312.72,3.8092,2.1814,1729845939.0,1,19,2890.0,1.7512,0.0,1.7512,6.5402,0.0
114322.72,3.8094,2.1814,1729845949.0,1,19,2900.0,1.7572,0.0,1.7572,6.5633,0.0
114332.72,3.8096,2.1814,1729845959.0,1,19,2910.0,1.7633,0.0,1.7633,6.5864,0.0
114342.72,3.8097,2.1814,1729845969.0,1,19,2920.0,1.7694,0.0,1.7694,6.6094,0.0
114352.72,3.8099,2.1815,1729845979.0,1,19,2930.0,1.7754,0.0,1.7754,6.6325,0.0
114362.72,3.81,2.1814,1729845989.0,1,19,2940.0,1.7815,0.0,1.7815,6.6556,0.0
114372.72,3.8102,2.1814,1729845999.0,1,19,2950.0,1.7875,0.0,1.7875,6.6787,0.0
114382.72,3.8103,2.1815,1729846009.0,1,19,2960.0,1.7936,0.0,1.7936,6.7018,0.0
114392.72,3.8104,2.1814,1729846019.0,1,19,2970.0,1.7997,0.0,1.7997,6.7249,0.0
114402.72,3.8106,2.1814,1729846029.0,1,19,2980.0,1.8057,0.0,1.8057,6.748,0.0
114412.72,3.8107,2.1814,1729846039.0,1,19,2990.0,1.8118,0.0,1.8118,6.7711,0.0
114422.72,3.8109,2.1814,1729846049.0,1,19,3000.0,1.8178,0.0,1.8178,6.7941,0.0
114432.72,3.8109,2.1814,1729846059.0,1,19,3010.0,1.8239,0.0,1.8239,6.8172,0.0
114442.72,3.8111,2.1814,1729846069.0,1,19,3020.0,1.8299,0.0,1.8299,6.8403,0.0
114452.72,3.8112,2.1815,1729846079.0,1,19,3030.0,1.836,0.0,1.836,6.8634,0.0
114462.72,3.8113,2.1814,1729846089.0,1,19,3040.0,1.8421,0.0,1.8421,6.8865,0.0
114472.72,3.8114,2.1813,1729846099.0,1,19,3050.0,1.8481,0.0,1.8481,6.9096,0.0
114482.72,3.8115,2.1814,1729846109.0,1,19,3060.0,1.8542,0.0,1.8542,6.9327,0.0
114492.72,3.8116,2.1814,1729846119.0,1,19,3070.0,1.8602,0.0,1.8602,6.9558,0.0
114502.72,3.8117,2.1814,1729846129.0,1,19,3080.0,1.8663,0.0,1.8663,6.9789,0.0
114512.72,3.8117,2.1814,1729846139.0,1,19,3090.0,1.8724,0.0,1.8724,7.002,0.0
114522.72,3.8118,2.1815,1729846149.0,1,19,3100.0,1.8784,0.0,1.8784,7.0251,0.0
114532.72,3.8118,2.1814,1729846159.0,1,19,3110.0,1.8845,0.0,1.8845,7.0482,0.0
114542.72,3.8119,2.1814,1729846169.0,1,19,3120.0,1.8905,0.0,1.8905,7.0713,0.0
114552.72,3.812,2.1813,1729846179.0,1,19,3130.0,1.8966,0.0,1.8966,7.0944,0.0
114562.72,3.8121,2.1814,1729846189.0,1,19,3140.0,1.9027,0.0,1.9027,7.1175,0.0
114572.72,3.8121,2.1814,1729846199.0,1,19,3150.0,1.9087,0.0,1.9087,7.1406,0.0
114582.72,3.8122,2.1814,1729846209.0,1,19,3160.0,1.9148,0.0,1.9148,7.1637,0.0
114592.72,3.8123,2.1814,1729846219.0,1,19,3170.0,1.9208,0.0,1.9208,7.1868,0.0
114602.72,3.8124,2.1814,1729846229.0,1,19,3180.0,1.9269,0.0,1.9269,7.2099,0.0
114612.72,3.8124,2.1814,1729846239.0,1,19,3190.0,1.933,0.0,1.933,7.233,0.0
114622.72,3.8124,2.1815,1729846249.0,1,19,3200.0,1.939,0.0,1.939,7.2561,0.0
114632.72,3.8125,2.1814,1729846259.0,1,19,3210.0,1.9451,0.0,1.9451,7.2792,0.0
114642.72,3.8126,2.1815,1729846269.0,1,19,3220.0,1.9511,0.0,1.9511,7.3023,0.0
114652.72,3.8127,2.1814,1729846279.0,1,19,3230.0,1.9572,0.0,1.9572,7.3254,0.0
114662.72,3.8127,2.1814,1729846289.0,1,19,3240.0,1.9633,0.0,1.9633,7.3485,0.0
114672.72,3.8127,2.1814,1729846299.0,1,19,3250.0,1.9693,0.0,1.9693,7.3716,0.0
114682.72,3.8128,2.1814,1729846309.0,1,19,3260.0,1.9754,0.0,1.9754,7.3947,0.0
114692.72,3.8129,2.1814,1729846319.0,1,19,3270.0,1.9814,0.0,1.9814,7.4178,0.0
114702.72,3.8129,2.1814,1729846329.0,1,19,3280.0,1.9875,0.0,1.9875,7.4409,0.0
114712.72,3.813,2.1814,1729846339.0,1,19,3290.0,1.9936,0.0,1.9936,7.464,0.0
114722.72,3.813,2.1814,1729846349.0,1,19,3300.0,1.9996,0.0,1.9996,7.4871,0.0
114732.72,3.8131,2.1814,1729846359.0,1,19,3310.0,2.0057,0.0,2.0057,7.5102,0.0
114742.72,3.8132,2.1814,1729846369.0,1,19,3320.0,2.0117,0.0,2.0117,7.5333,0.0
114752.72,3.8132,2.1814,1729846379.0,1,19,3330.0,2.0178,0.0,2.0178,7.5564,0.0
114762.72,3.8133,2.1814,1729846389.0,1,19,3340.0,2.0239,0.0,2.0239,7.5795,0.0
114772.72,3.8133,2.1814,1729846399.0,1,19,3350.0,2.0299,0.0,2.0299,7.6026,0.0
114782.72,3.8134,2.1815,1729846409.0,1,19,3360.0,2.036,0.0,2.036,7.6258,0.0
114792.72,3.8134,2.1814,1729846419.0,1,19,3370.0,2.042,0.0,2.042,7.6489,0.0
114802.72,3.8135,2.1814,1729846429.0,1,19,3380.0,2.0481,0.0,2.0481,7.672,0.0
114812.72,3.8136,2.1814,1729846439.0,1,19,3390.0,2.0541,0.0,2.0541,7.6951,0.0
114822.72,3.8136,2.1814,1729846449.0,1,19,3400.0,2.0602,0.0,2.0602,7.7182,0.0
114832.72,3.8137,2.1814,1729846459.0,1,19,3410.0,2.0663,0.0,2.0663,7.7413,0.0
114842.72,3.8137,2.1814,1729846469.0,1,19,3420.0,2.0723,0.0,2.0723,7.7644,0.0
114852.72,3.8138,2.1814,1729846479.0,1,19,3430.0,2.0784,0.0,2.0784,7.7875,0.0
114862.72,3.8138,2.1814,1729846489.0,1,19,3440.0,2.0844,0.0,2.0844,7.8106,0.0
114872.72,3.8139,2.1815,1729846499.0,1,19,3450.0,2.0905,0.0,2.0905,7.8337,0.0
114882.72,3.814,2.1814,1729846509.0,1,19,3460.0,2.0966,0.0,2.0966,7.8568,0.0
114892.72,3.8141,2.1815,1729846519.0,1,19,3470.0,2.1026,0.0,2.1026,7.88,0.0
114902.72,3.8141,2.1814,1729846529.0,1,19,3480.0,2.1087,0.0,2.1087,7.9031,0.0
114912.72,3.8142,2.1814,1729846539.0,1,19,3490.0,2.1147,0.0,2.1147,7.9262,0.0
114922.72,3.8143,2.1814,1729846549.0,1,19,3500.0,2.1208,0.0,2.1208,7.9493,0.0
114932.72,3.8143,2.1815,1729846559.0,1,19,3510.0,2.1269,0.0,2.1269,7.9724,0.0
114942.72,3.8144,2.1814,1729846569.0,1,19,3520.0,2.1329,0.0,2.1329,7.9955,0.0
114952.72,3.8145,2.1814,1729846579.0,1,19,3530.0,2.139,0.0,2.139,8.0186,0.0
114962.72,3.8145,2.1814,1729846589.0,1,19,3540.0,2.145,0.0,2.145,8.0417,0.0
114972.72,3.8146,2.1814,1729846599.0,1,19,3550.0,2.1511,0.0,2.1511,8.0649,0.0
114982.72,3.8147,2.1814,1729846609.0,1,19,3560.0,2.1572,0.0,2.1572,8.088,0.0
114992.72,3.8148,2.1814,1729846619.0,1,19,3570.0,2.1632,0.0,2.1632,8.1111,0.0
115002.72,3.8149,2.1814,1729846629.0,1,19,3580.0,2.1693,0.0,2.1693,8.1342,0.0
115012.72,3.8149,2.1814,1729846639.0,1,19,3590.0,2.1753,0.0,2.1753,8.1573,0.0
115022.72,3.8149,2.1814,1729846649.0,1,19,3600.0,2.1814,0.0,2.1814,8.1804,0.0
115032.72,3.815,2.1814,1729846659.0,1,19,3610.0,2.1875,0.0,2.1875,8.2036,0.0
115042.72,3.8151,2.1814,1729846669.0,1,19,3620.0,2.1935,0.0,2.1935,8.2267,0.0
115052.72,3.8152,2.1814,1729846679.0,1,19,3630.0,2.1996,0.0,2.1996,8.2498,0.0
115062.72,3.8153,2.1814,1729846689.0,1,19,3640.0,2.2056,0.0,2.2056,8.2729,0.0
115072.72,3.8154,2.1814,1729846699.0,1,19,3650.0,2.2117,0.0,2.2117,8.296,0.0
115082.72,3.8154,2.1814,1729846709.0,1,19,3660.0,2.2178,0.0,2.2178,8.3191,0.0
115092.72,3.8155,2.1814,1729846719.0,1,19,3670.0,2.2238,0.0,2.2238,8.3423,0.0
115102.72,3.8156,2.1814,1729846729.0,1,19,3680.0,2.2299,0.0,2.2299,8.3654,0.0
115112.72,3.8157,2.1814,1729846739.0,1,19,3690.0,2.2359,0.0,2.2359,8.3885,0.0
115122.72,3.8158,2.1814,1729846749.0,1,19,3700.0,2.242,0.0,2.242,8.4116,0.0
115132.72,3.8158,2.1814,1729846759.0,1,19,3710.0,2.2481,0.0,2.2481,8.4347,0.0
115142.72,3.8159,2.1814,1729846769.0,1,19,3720.0,2.2541,0.0,2.2541,8.4579,0.0
115152.72,3.8161,2.1814,1729846779.0,1,19,3730.0,2.2602,0.0,2.2602,8.481,0.0
115162.72,3.8162,2.1814,1729846789.0,1,19,3740.0,2.2662,0.0,2.2662,8.5041,0.0
115172.72,3.8162,2.1814,1729846799.0,1,19,3750.0,2.2723,0.0,2.2723,8.5272,0.0
115182.72,3.8163,2.1815,1729846808.0,1,19,3760.0,2.2783,0.0,2.2783,8.5504,0.0
115192.72,3.8164,2.1813,1729846818.0,1,19,3770.0,2.2844,0.0,2.2844,8.5735,0.0
115202.72,3.8165,2.1813,1729846828.0,1,19,3780.0,2.2905,0.0,2.2905,8.5966,0.0
115212.72,3.8166,2.1814,1729846838.0,1,19,3790.0,2.2965,0.0,2.2965,8.6197,0.0
115222.72,3.8167,2.1814,1729846848.0,1,19,3800.0,2.3026,0.0,2.3026,8.6429,0.0
115232.72,3.8168,2.1814,1729846858.0,1,19,3810.0,2.3086,0.0,2.3086,8.666,0.0
115242.72,3.8169,2.1814,1729846868.0,1,19,3820.0,2.3147,0.0,2.3147,8.6891,0.0
115252.72,3.8169,2.1814,1729846878.0,1,19,3830.0,2.3208,0.0,2.3208,8.7123,0.0
115262.72,3.8171,2.1814,1729846888.0,1,19,3840.0,2.3268,0.0,2.3268,8.7354,0.0
115272.72,3.8172,2.1814,1729846898.0,1,19,3850.0,2.3329,0.0,2.3329,8.7585,0.0
115282.72,3.8173,2.1815,1729846908.0,1,19,3860.0,2.3389,0.0,2.3389,8.7816,0.0
115292.72,3.8174,2.1814,1729846918.0,1,19,3870.0,2.345,0.0,2.345,8.8048,0.0
115302.72,3.8175,2.1814,1729846928.0,1,19,3880.0,2.3511,0.0,2.3511,8.8279,0.0
115312.72,3.8176,2.1815,1729846938.0,1,19,3890.0,2.3571,0.0,2.3571,8.851,0.0
115322.72,3.8177,2.1814,1729846948.0,1,19,3900.0,2.3632,0.0,2.3632,8.8742,0.0
115332.72,3.8178,2.1814,1729846958.0,1,19,3910.0,2.3692,0.0,2.3692,8.8973,0.0
115342.72,3.8179,2.1814,1729846968.0,1,19,3920.0,2.3753,0.0,2.3753,8.9204,0.0
115352.72,3.818,2.1814,1729846978.0,1,19,3930.0,2.3814,0.0,2.3814,8.9436,0.0
115362.72,3.8181,2.1814,1729846988.0,1,19,3940.0,2.3874,0.0,2.3874,8.9667,0.0
115372.72,3.8182,2.1814,1729846998.0,1,19,3950.0,2.3935,0.0,2.3935,8.9898,0.0
115382.72,3.8183,2.1814,1729847008.0,1,19,3960.0,2.3995,0.0,2.3995,9.013,0.0
115392.72,3.8184,2.1815,1729847018.0,1,19,3970.0,2.4056,0.0,2.4056,9.0361,0.0
115402.72,3.8185,2.1813,1729847028.0,1,19,3980.0,2.4117,0.0,2.4117,9.0593,0.0
115412.72,3.8186,2.1813,1729847038.0,1,19,3990.0,2.4177,0.0,2.4177,9.0824,0.0
115422.72,3.8187,2.1814,1729847048.0,1,19,4000.0,2.4238,0.0,2.4238,9.1055,0.0
115432.72,3.8189,2.1815,1729847058.0,1,19,4010.0,2.4298,0.0,2.4298,9.1287,0.0
115442.72,3.819,2.1814,1729847068.0,1,19,4020.0,2.4359,0.0,2.4359,9.1518,0.0
115452.72,3.8191,2.1815,1729847078.0,1,19,4030.0,2.442,0.0,2.442,9.175,0.0
115462.72,3.8192,2.1814,1729847088.0,1,19,4040.0,2.448,0.0,2.448,9.1981,0.0
115472.72,3.8193,2.1815,1729847098.0,1,19,4050.0,2.4541,0.0,2.4541,9.2212,0.0
115482.72,3.8195,2.1815,1729847108.0,1,19,4060.0,2.4601,0.0,2.4601,9.2444,0.0
115492.72,3.8196,2.1814,1729847118.0,1,19,4070.0,2.4662,0.0,2.4662,9.2675,0.0
115502.72,3.8197,2.1813,1729847128.0,1,19,4080.0,2.4723,0.0,2.4723,9.2907,0.0
115512.72,3.8198,2.1814,1729847138.0,1,19,4090.0,2.4783,0.0,2.4783,9.3138,0.0
115522.72,3.8199,2.1815,1729847148.0,1,19,4100.0,2.4844,0.0,2.4844,9.337,0.0
115532.72,3.8201,2.1814,1729847158.0,1,19,4110.0,2.4904,0.0,2.4904,9.3601,0.0
115542.72,3.8202,2.1814,1729847168.0,1,19,4120.0,2.4965,0.0,2.4965,9.3833,0.0
115552.72,3.8203,2.1814,1729847178.0,1,19,4130.0,2.5025,0.0,2.5025,9.4064,0.0
115562.72,3.8205,2.1815,1729847188.0,1,19,4140.0,2.5086,0.0,2.5086,9.4296,0.0
115572.72,3.8206,2.1815,1729847198.0,1,19,4150.0,2.5147,0.0,2.5147,9.4527,0.0
115582.72,3.8207,2.1815,1729847208.0,1,19,4160.0,2.5207,0.0,2.5207,9.4759,0.0
115592.72,3.8209,2.1814,1729847218.0,1,19,4170.0,2.5268,0.0,2.5268,9.499,0.0
115602.72,3.821,2.1814,1729847228.0,1,19,4180.0,2.5328,0.0,2.5328,9.5222,0.0
115612.72,3.8212,2.1814,1729847238.0,1,19,4190.0,2.5389,0.0,2.5389,9.5453,0.0
115622.72,3.8213,2.1814,1729847248.0,1,19,4200.0,2.545,0.0,2.545,9.5685,0.0
115632.72,3.8214,2.1814,1729847258.0,1,19,4210.0,2.551,0.0,2.551,9.5916,0.0
115642.72,3.8216,2.1815,1729847268.0,1,19,4220.0,2.5571,0.0,2.5571,9.6148,0.0
115652.72,3.8217,2.1814,1729847278.0,1,19,4230.0,2.5631,0.0,2.5631,9.6379,0.0
115662.72,3.8219,2.1814,1729847288.0,1,19,4240.0,2.5692,0.0,2.5692,9.6611,0.0
115672.72,3.822,2.1814,1729847298.0,1,19,4250.0,2.5753,0.0,2.5753,9.6843,0.0
115682.72,3.8222,2.1815,1729847308.0,1,19,4260.0,2.5813,0.0,2.5813,9.7074,0.0
115692.72,3.8223,2.1814,1729847318.0,1,19,4270.0,2.5874,0.0,2.5874,9.7306,0.0
115702.72,3.8225,2.1814,1729847328.0,1,19,4280.0,2.5934,0.0,2.5934,9.7537,0.0
115712.72,3.8226,2.1814,1729847338.0,1,19,4290.0,2.5995,0.0,2.5995,9.7769,0.0
115722.72,3.8227,2.1814,1729847348.0,1,19,4300.0,2.6056,0.0,2.6056,9.8001,0.0
115732.72,3.8229,2.1815,1729847358.0,1,19,4310.0,2.6116,0.0,2.6116,9.8232,0.0
115742.72,3.8231,2.1814,1729847368.0,1,19,4320.0,2.6177,0.0,2.6177,9.8464,0.0
115752.72,3.8232,2.1815,1729847378.0,1,19,4330.0,2.6237,0.0,2.6237,9.8696,0.0
115762.72,3.8233,2.1814,1729847388.0,1,19,4340.0,2.6298,0.0,2.6298,9.8927,0.0
115772.72,3.8235,2.1814,1729847398.0,1,19,4350.0,2.6359,0.0,2.6359,9.9159,0.0
115782.72,3.8237,2.1815,1729847408.0,1,19,4360.0,2.6419,0.0,2.6419,9.9391,0.0
115792.72,3.8239,2.1814,1729847418.0,1,19,4370.0,2.648,0.0,2.648,9.9622,0.0
115802.72,3.824,2.1815,1729847428.0,1,19,4380.0,2.654,0.0,2.654,9.9854,0.0
115812.72,3.8242,2.1814,1729847438.0,1,19,4390.0,2.6601,0.0,2.6601,10.0086,0.0
115822.72,3.8243,2.1814,1729847448.0,1,19,4400.0,2.6662,0.0,2.6662,10.0318,0.0
115832.72,3.8245,2.1814,1729847458.0,1,19,4410.0,2.6722,0.0,2.6722,10.0549,0.0
115842.72,3.8247,2.1814,1729847468.0,1,19,4420.0,2.6783,0.0,2.6783,10.0781,0.0
115852.72,3.8249,2.1815,1729847478.0,1,19,4430.0,2.6843,0.0,2.6843,10.1013,0.0
115862.72,3.825,2.1814,1729847488.0,1,19,4440.0,2.6904,0.0,2.6904,10.1245,0.0
115872.72,3.8252,2.1814,1729847498.0,1,19,4450.0,2.6965,0.0,2.6965,10.1476,0.0
115882.72,3.8254,2.1814,1729847508.0,1,19,4460.0,2.7025,0.0,2.7025,10.1708,0.0
115892.72,3.8256,2.1814,1729847518.0,1,19,4470.0,2.7086,0.0,2.7086,10.194,0.0
115902.72,3.8258,2.1815,1729847528.0,1,19,4480.0,2.7146,0.0,2.7146,10.2172,0.0
115912.72,3.826,2.1815,1729847538.0,1,19,4490.0,2.7207,0.0,2.7207,10.2404,0.0
115922.72,3.8261,2.1814,1729847548.0,1,19,4500.0,2.7268,0.0,2.7268,10.2635,0.0
115932.72,3.8263,2.1814,1729847558.0,1,19,4510.0,2.7328,0.0,2.7328,10.2867,0.0
115942.72,3.8265,2.1814,1729847568.0,1,19,4520.0,2.7389,0.0,2.7389,10.3099,0.0
115952.72,3.8267,2.1814,1729847578.0,1,19,4530.0,2.7449,0.0,2.7449,10.3331,0.0
115962.72,3.8269,2.1814,1729847588.0,1,19,4540.0,2.751,0.0,2.751,10.3563,0.0
115972.72,3.8271,2.1814,1729847598.0,1,19,4550.0,2.757,0.0,2.757,10.3795,0.0
115982.72,3.8273,2.1814,1729847608.0,1,19,4560.0,2.7631,0.0,2.7631,10.4027,0.0
115992.72,3.8275,2.1814,1729847618.0,1,19,4570.0,2.7692,0.0,2.7692,10.4259,0.0
116002.72,3.8276,2.1815,1729847628.0,1,19,4580.0,2.7752,0.0,2.7752,10.4491,0.0
116012.72,3.8279,2.1814,1729847638.0,1,19,4590.0,2.7813,0.0,2.7813,10.4723,0.0
116022.72,3.828,2.1814,1729847648.0,1,19,4600.0,2.7873,0.0,2.7873,10.4954,0.0
116032.72,3.8283,2.1814,1729847658.0,1,19,4610.0,2.7934,0.0,2.7934,10.5186,0.0
116042.72,3.8285,2.1814,1729847668.0,1,19,4620.0,2.7995,0.0,2.7995,10.5418,0.0
116052.72,3.8286,2.1814,1729847678.0,1,19,4630.0,2.8055,0.0,2.8055,10.565,0.0
116062.72,3.8289,2.1814,1729847688.0,1,19,4640.0,2.8116,0.0,2.8116,10.5882,0.0
116072.72,3.8291,2.1815,1729847698.0,1,19,4650.0,2.8176,0.0,2.8176,10.6114,0.0
116082.72,3.8293,2.1814,1729847708.0,1,19,4660.0,2.8237,0.0,2.8237,10.6346,0.0
116092.72,3.8294,2.1815,1729847718.0,1,19,4670.0,2.8298,0.0,2.8298,10.6579,0.0
116102.72,3.8297,2.1814,1729847728.0,1,19,4680.0,2.8358,0.0,2.8358,10.6811,0.0
116112.72,3.8299,2.1814,1729847738.0,1,19,4690.0,2.8419,0.0,2.8419,10.7043,0.0
116122.72,3.8301,2.1814,1729847748.0,1,19,4700.0,2.8479,0.0,2.8479,10.7275,0.0
116132.72,3.8303,2.1814,1729847758.0,1,19,4710.0,2.854,0.0,2.854,10.7507,0.0
116142.72,3.8305,2.1814,1729847768.0,1,19,4720.0,2.8601,0.0,2.8601,10.7739,0.0
116152.72,3.8308,2.1814,1729847778.0,1,19,4730.0,2.8661,0.0,2.8661,10.7971,0.0
116162.72,3.831,2.1814,1729847788.0,1,19,4740.0,2.8722,0.0,2.8722,10.8203,0.0
116172.72,3.8312,2.1814,1729847798.0,1,19,4750.0,2.8782,0.0,2.8782,10.8435,0.0
116182.72,3.8314,2.1814,1729847808.0,1,19,4760.0,2.8843,0.0,2.8843,10.8667,0.0
116192.72,3.8316,2.1814,1729847818.0,1,19,4770.0,2.8904,0.0,2.8904,10.89,0.0
116202.72,3.8319,2.1814,1729847828.0,1,19,4780.0,2.8964,0.0,2.8964,10.9132,0.0
116212.72,3.8321,2.1814,1729847838.0,1,19,4790.0,2.9025,0.0,2.9025,10.9364,0.0
116222.72,3.8324,2.1813,1729847848.0,1,19,4800.0,2.9085,0.0,2.9085,10.9596,0.0
116232.72,3.8326,2.1815,1729847858.0,1,19,4810.0,2.9146,0.0,2.9146,10.9828,0.0
116242.72,3.8328,2.1814,1729847868.0,1,19,4820.0,2.9207,0.0,2.9207,11.0061,0.0
116252.72,3.8331,2.1814,1729847878.0,1,19,4830.0,2.9267,0.0,2.9267,11.0293,0.0
116262.72,3.8333,2.1814,1729847888.0,1,19,4840.0,2.9328,0.0,2.9328,11.0525,0.0
116272.72,3.8336,2.1815,1729847898.0,1,19,4850.0,2.9388,0.0,2.9388,11.0758,0.0
116282.72,3.8338,2.1814,1729847908.0,1,19,4860.0,2.9449,0.0,2.9449,11.099,0.0
116292.72,3.8341,2.1814,1729847918.0,1,19,4870.0,2.951,0.0,2.951,11.1222,0.0
116302.72,3.8343,2.1814,1729847928.0,1,19,4880.0,2.957,0.0,2.957,11.1454,0.0
116312.72,3.8345,2.1814,1729847938.0,1,19,4890.0,2.9631,0.0,2.9631,11.1687,0.0
116322.72,3.8348,2.1814,1729847948.0,1,19,4900.0,2.9691,0.0,2.9691,11.1919,0.0
116332.72,3.835,2.1814,1729847958.0,1,19,4910.0,2.9752,0.0,2.9752,11.2152,0.0
116342.72,3.8353,2.1814,1729847968.0,1,19,4920.0,2.9812,0.0,2.9812,11.2384,0.0
116352.72,3.8355,2.1815,1729847978.0,1,19,4930.0,2.9873,0.0,2.9873,11.2616,0.0
116362.72,3.8358,2.1814,1729847988.0,1,19,4940.0,2.9934,0.0,2.9934,11.2849,0.0
116372.72,3.836,2.1814,1729847998.0,1,19,4950.0,2.9994,0.0,2.9994,11.3081,0.0
116382.72,3.8363,2.1814,1729848008.0,1,19,4960.0,3.0055,0.0,3.0055,11.3314,0.0
116392.72,3.8366,2.1814,1729848018.0,1,19,4970.0,3.0115,0.0,3.0115,11.3546,0.0
116402.72,3.8368,2.1814,1729848028.0,1,19,4980.0,3.0176,0.0,3.0176,11.3779,0.0
116412.72,3.8371,2.1815,1729848038.0,1,19,4990.0,3.0237,0.0,3.0237,11.4011,0.0
116422.72,3.8374,2.1814,1729848048.0,1,19,5000.0,3.0297,0.0,3.0297,11.4244,0.0
116432.72,3.8377,2.1814,1729848058.0,1,19,5010.0,3.0358,0.0,3.0358,11.4476,0.0
116442.72,3.8379,2.1814,1729848068.0,1,19,5020.0,3.0418,0.0,3.0418,11.4709,0.0
116452.72,3.8382,2.1815,1729848078.0,1,19,5030.0,3.0479,0.0,3.0479,11.4941,0.0
116462.72,3.8384,2.1814,1729848088.0,1,19,5040.0,3.054,0.0,3.054,11.5174,0.0
116472.72,3.8387,2.1815,1729848098.0,1,19,5050.0,3.06,0.0,3.06,11.5407,0.0
116482.72,3.839,2.1815,1729848108.0,1,19,5060.0,3.0661,0.0,3.0661,11.5639,0.0
116492.72,3.8393,2.1814,1729848118.0,1,19,5070.0,3.0721,0.0,3.0721,11.5872,0.0
116502.72,3.8396,2.1815,1729848128.0,1,19,5080.0,3.0782,0.0,3.0782,11.6104,0.0
116512.72,3.8399,2.1814,1729848138.0,1,19,5090.0,3.0843,0.0,3.0843,11.6337,0.0
116522.72,3.8401,2.1815,1729848148.0,1,19,5100.0,3.0903,0.0,3.0903,11.657,0.0
116532.72,3.8404,2.1815,1729848158.0,1,19,5110.0,3.0964,0.0,3.0964,11.6802,0.0
116542.72,3.8407,2.1815,1729848168.0,1,19,5120.0,3.1024,0.0,3.1024,11.7035,0.0
116552.72,3.841,2.1815,1729848178.0,1,19,5130.0,3.1085,0.0,3.1085,11.7268,0.0
116562.72,3.8413,2.1814,1729848188.0,1,19,5140.0,3.1146,0.0,3.1146,11.7501,0.0
116572.72,3.8416,2.1814,1729848198.0,1,19,5150.0,3.1206,0.0,3.1206,11.7733,0.0
116582.72,3.8419,2.1815,1729848208.0,1,19,5160.0,3.1267,0.0,3.1267,11.7966,0.0
116592.72,3.8422,2.1814,1729848218.0,1,19,5170.0,3.1327,0.0,3.1327,11.8199,0.0
116602.72,3.8425,2.1815,1729848228.0,1,19,5180.0,3.1388,0.0,3.1388,11.8432,0.0
116612.72,3.8428,2.1814,1729848238.0,1,19,5190.0,3.1449,0.0,3.1449,11.8665,0.0
116622.72,3.8431,2.1814,1729848248.0,1,19,5200.0,3.1509,0.0,3.1509,11.8898,0.0
116632.72,3.8434,2.1814,1729848258.0,1,19,5210.0,3.157,0.0,3.157,11.9131,0.0
116642.72,3.8437,2.1814,1729848268.0,1,19,5220.0,3.163,0.0,3.163,11.9363,0.0
116652.72,3.844,2.1814,1729848278.0,1,19,5230.0,3.1691,0.0,3.1691,11.9596,0.0
116662.72,3.8443,2.1815,1729848288.0,1,19,5240.0,3.1752,0.0,3.1752,11.9829,0.0
116672.72,3.8446,2.1814,1729848298.0,1,19,5250.0,3.1812,0.0,3.1812,12.0062,0.0
116682.72,3.8449,2.1814,1729848308.0,1,19,5260.0,3.1873,0.0,3.1873,12.0295,0.0
116692.72,3.8452,2.1814,1729848318.0,1,19,5270.0,3.1933,0.0,3.1933,12.0528,0.0
116702.72,3.8455,2.1814,1729848328.0,1,19,5280.0,3.1994,0.0,3.1994,12.0761,0.0
116712.72,3.8458,2.1814,1729848338.0,1,19,5290.0,3.2055,0.0,3.2055,12.0994,0.0
116722.72,3.8462,2.1814,1729848348.0,1,19,5300.0,3.2115,0.0,3.2115,12.1227,0.0
116732.72,3.8465,2.1815,1729848358.0,1,19,5310.0,3.2176,0.0,3.2176,12.146,0.0
116742.72,3.8469,2.1815,1729848368.0,1,19,5320.0,3.2236,0.0,3.2236,12.1693,0.0
116752.72,3.8472,2.1814,1729848378.0,1,19,5330.0,3.2297,0.0,3.2297,12.1927,0.0
116762.72,3.8475,2.1814,1729848388.0,1,19,5340.0,3.2358,0.0,3.2358,12.216,0.0
116772.72,3.8479,2.1815,1729848398.0,1,19,5350.0,3.2418,0.0,3.2418,12.2393,0.0
116782.72,3.8482,2.1814,1729848408.0,1,19,5360.0,3.2479,0.0,3.2479,12.2626,0.0
116792.72,3.8485,2.1814,1729848418.0,1,19,5370.0,3.2539,0.0,3.2539,12.2859,0.0
116802.72,3.8489,2.1814,1729848428.0,1,19,5380.0,3.26,0.0,3.26,12.3092,0.0
116812.72,3.8492,2.1814,1729848438.0,1,19,5390.0,3.266,0.0,3.266,12.3326,0.0
116822.72,3.8496,2.1815,1729848448.0,1,19,5400.0,3.2721,0.0,3.2721,12.3559,0.0
116832.72,3.8499,2.1814,1729848458.0,1,19,5410.0,3.2782,0.0,3.2782,12.3792,0.0
116842.72,3.8502,2.1814,1729848468.0,1,19,5420.0,3.2842,0.0,3.2842,12.4025,0.0
116852.72,3.8506,2.1814,1729848478.0,1,19,5430.0,3.2903,0.0,3.2903,12.4259,0.0
116862.72,3.8509,2.1815,1729848488.0,1,19,5440.0,3.2963,0.0,3.2963,12.4492,0.0
116872.72,3.8513,2.1814,1729848498.0,1,19,5450.0,3.3024,0.0,3.3024,12.4725,0.0
116882.72,3.8516,2.1814,1729848508.0,1,19,5460.0,3.3085,0.0,3.3085,12.4959,0.0
116892.72,3.852,2.1814,1729848518.0,1,19,5470.0,3.3145,0.0,3.3145,12.5192,0.0
116902.72,3.8524,2.1814,1729848528.0,1,19,5480.0,3.3206,0.0,3.3206,12.5426,0.0
116912.72,3.8527,2.1815,1729848538.0,1,19,5490.0,3.3266,0.0,3.3266,12.5659,0.0
116922.72,3.8531,2.1814,1729848548.0,1,19,5500.0,3.3327,0.0,3.3327,12.5893,0.0
116932.72,3.8535,2.1814,1729848558.0,1,19,5510.0,3.3388,0.0,3.3388,12.6126,0.0
116942.72,3.8538,2.1814,1729848568.0,1,19,5520.0,3.3448,0.0,3.3448,12.636,0.0
116952.72,3.8542,2.1815,1729848578.0,1,19,5530.0,3.3509,0.0,3.3509,12.6593,0.0
116962.72,3.8546,2.1815,1729848588.0,1,19,5540.0,3.3569,0.0,3.3569,12.6827,0.0
116972.72,3.8549,2.1814,1729848598.0,1,19,5550.0,3.363,0.0,3.363,12.706,0.0
116982.72,3.8553,2.1814,1729848608.0,1,19,5560.0,3.3691,0.0,3.3691,12.7294,0.0
116992.72,3.8557,2.1814,1729848618.0,1,19,5570.0,3.3751,0.0,3.3751,12.7528,0.0
117002.72,3.8561,2.1814,1729848628.0,1,19,5580.0,3.3812,0.0,3.3812,12.7761,0.0
117012.72,3.8565,2.1815,1729848638.0,1,19,5590.0,3.3872,0.0,3.3872,12.7995,0.0
117022.72,3.8569,2.1814,1729848648.0,1,19,5600.0,3.3933,0.0,3.3933,12.8229,0.0
117032.72,3.8573,2.1815,1729848658.0,1,19,5610.0,3.3994,0.0,3.3994,12.8462,0.0
117042.72,3.8576,2.1814,1729848668.0,1,19,5620.0,3.4054,0.0,3.4054,12.8696,0.0
117052.72,3.858,2.1814,1729848678.0,1,19,5630.0,3.4115,0.0,3.4115,12.893,0.0
117062.72,3.8584,2.1814,1729848688.0,1,19,5640.0,3.4175,0.0,3.4175,12.9164,0.0
117072.72,3.8588,2.1815,1729848698.0,1,19,5650.0,3.4236,0.0,3.4236,12.9397,0.0
117082.72,3.8593,2.1814,1729848708.0,1,19,5660.0,3.4297,0.0,3.4297,12.9631,0.0
117092.72,3.8597,2.1814,1729848718.0,1,19,5670.0,3.4357,0.0,3.4357,12.9865,0.0
117102.72,3.8601,2.1814,1729848728.0,1,19,5680.0,3.4418,0.0,3.4418,13.0099,0.0
117112.72,3.8605,2.1814,1729848738.0,1,19,5690.0,3.4478,0.0,3.4478,13.0333,0.0
117122.72,3.8609,2.1815,1729848748.0,1,19,5700.0,3.4539,0.0,3.4539,13.0567,0.0
117132.72,3.8613,2.1815,1729848758.0,1,19,5710.0,3.46,0.0,3.46,13.0801,0.0
117142.72,3.8617,2.1814,1729848768.0,1,19,5720.0,3.466,0.0,3.466,13.1035,0.0
117152.72,3.8622,2.1814,1729848778.0,1,19,5730.0,3.4721,0.0,3.4721,13.1269,0.0
117162.72,3.8626,2.1814,1729848788.0,1,19,5740.0,3.4781,0.0,3.4781,13.1503,0.0
117172.72,3.8631,2.1814,1729848798.0,1,19,5750.0,3.4842,0.0,3.4842,13.1737,0.0
117182.72,3.8635,2.1814,1729848808.0,1,19,5760.0,3.4903,0.0,3.4903,13.1971,0.0
117192.72,3.8639,2.1814,1729848818.0,1,19,5770.0,3.4963,0.0,3.4963,13.2205,0.0
117202.72,3.8643,2.1814,1729848828.0,1,19,5780.0,3.5024,0.0,3.5024,13.2439,0.0
117212.72,3.8648,2.1815,1729848838.0,1,19,5790.0,3.5084,0.0,3.5084,13.2673,0.0
117222.72,3.8652,2.1815,1729848848.0,1,19,5800.0,3.5145,0.0,3.5145,13.2908,0.0
117232.72,3.8657,2.1815,1729848858.0,1,19,5810.0,3.5205,0.0,3.5205,13.3142,0.0
117242.72,3.8661,2.1815,1729848868.0,1,19,5820.0,3.5266,0.0,3.5266,13.3376,0.0
117252.72,3.8666,2.1814,1729848878.0,1,19,5830.0,3.5327,0.0,3.5327,13.361,0.0
117262.72,3.867,2.1814,1729848888.0,1,19,5840.0,3.5387,0.0,3.5387,13.3845,0.0
117272.72,3.8675,2.1815,1729848898.0,1,19,5850.0,3.5448,0.0,3.5448,13.4079,0.0
117282.72,3.868,2.1815,1729848908.0,1,19,5860.0,3.5508,0.0,3.5508,13.4313,0.0
117292.72,3.8685,2.1815,1729848918.0,1,19,5870.0,3.5569,0.0,3.5569,13.4548,0.0
117302.72,3.8689,2.1814,1729848928.0,1,19,5880.0,3.563,0.0,3.563,13.4782,0.0
117312.72,3.8694,2.1815,1729848938.0,1,19,5890.0,3.569,0.0,3.569,13.5017,0.0
117322.72,3.8699,2.1814,1729848948.0,1,19,5900.0,3.5751,0.0,3.5751,13.5251,0.0
117332.72,3.8704,2.1814,1729848958.0,1,19,5910.0,3.5811,0.0,3.5811,13.5486,0.0
117342.72,3.8708,2.1814,1729848968.0,1,19,5920.0,3.5872,0.0,3.5872,13.572,0.0
117352.72,3.8713,2.1814,1729848978.0,1,19,5930.0,3.5933,0.0,3.5933,13.5955,0.0
117362.72,3.8718,2.1815,1729848988.0,1,19,5940.0,3.5993,0.0,3.5993,13.6189,0.0
117372.72,3.8723,2.1815,1729848998.0,1,19,5950.0,3.6054,0.0,3.6054,13.6424,0.0
117382.72,3.8728,2.1814,1729849008.0,1,19,5960.0,3.6114,0.0,3.6114,13.6659,0.0
117392.72,3.8733,2.1814,1729849018.0,1,19,5970.0,3.6175,0.0,3.6175,13.6893,0.0
117402.72,3.8738,2.1815,1729849028.0,1,19,5980.0,3.6236,0.0,3.6236,13.7128,0.0
117412.72,3.8743,2.1814,1729849038.0,1,19,5990.0,3.6296,0.0,3.6296,13.7363,0.0
117422.72,3.8748,2.1815,1729849048.0,1,19,6000.0,3.6357,0.0,3.6357,13.7598,0.0
117432.72,3.8753,2.1814,1729849058.0,1,19,6010.0,3.6417,0.0,3.6417,13.7832,0.0
117442.72,3.8758,2.1814,1729849068.0,1,19,6020.0,3.6478,0.0,3.6478,13.8067,0.0
117452.72,3.8764,2.1814,1729849078.0,1,19,6030.0,3.6539,0.0,3.6539,13.8302,0.0
117462.72,3.8769,2.1815,1729849088.0,1,19,6040.0,3.6599,0.0,3.6599,13.8537,0.0
117472.72,3.8775,2.1815,1729849098.0,1,19,6050.0,3.666,0.0,3.666,13.8772,0.0
117482.72,3.878,2.1815,1729849108.0,1,19,6060.0,3.672,0.0,3.672,13.9007,0.0
117492.72,3.8785,2.1815,1729849118.0,1,19,6070.0,3.6781,0.0,3.6781,13.9242,0.0
117502.72,3.8791,2.1814,1729849128.0,1,19,6080.0,3.6842,0.0,3.6842,13.9477,0.0
117512.72,3.8796,2.1815,1729849138.0,1,19,6090.0,3.6902,0.0,3.6902,13.9712,0.0
117522.72,3.8802,2.1814,1729849148.0,1,19,6100.0,3.6963,0.0,3.6963,13.9947,0.0
117532.72,3.8807,2.1815,1729849158.0,1,19,6110.0,3.7023,0.0,3.7023,14.0182,0.0
117542.72,3.8813,2.1814,1729849168.0,1,19,6120.0,3.7084,0.0,3.7084,14.0418,0.0
117552.72,3.8818,2.1815,1729849178.0,1,19,6130.0,3.7145,0.0,3.7145,14.0653,0.0
117562.72,3.8824,2.1814,1729849188.0,1,19,6140.0,3.7205,0.0,3.7205,14.0888,0.0
117572.72,3.883,2.1815,1729849198.0,1,19,6150.0,3.7266,0.0,3.7266,14.1123,0.0
117582.72,3.8836,2.1815,1729849208.0,1,19,6160.0,3.7326,0.0,3.7326,14.1359,0.0
117592.72,3.8841,2.1814,1729849218.0,1,19,6170.0,3.7387,0.0,3.7387,14.1594,0.0
117602.72,3.8847,2.1815,1729849228.0,1,19,6180.0,3.7448,0.0,3.7448,14.1829,0.0
117612.72,3.8853,2.1814,1729849238.0,1,19,6190.0,3.7508,0.0,3.7508,14.2065,0.0
117622.72,3.8859,2.1815,1729849248.0,1,19,6200.0,3.7569,0.0,3.7569,14.23,0.0
117632.72,3.8865,2.1814,1729849258.0,1,19,6210.0,3.7629,0.0,3.7629,14.2536,0.0
117642.72,3.8871,2.1814,1729849268.0,1,19,6220.0,3.769,0.0,3.769,14.2771,0.0
117652.72,3.8877,2.1815,1729849278.0,1,19,6230.0,3.7751,0.0,3.7751,14.3007,0.0
117662.72,3.8883,2.1814,1729849288.0,1,19,6240.0,3.7811,0.0,3.7811,14.3242,0.0
117672.72,3.8889,2.1814,1729849298.0,1,19,6250.0,3.7872,0.0,3.7872,14.3478,0.0
117682.72,3.8896,2.1815,1729849308.0,1,19,6260.0,3.7932,0.0,3.7932,14.3714,0.0
117692.72,3.8902,2.1814,1729849318.0,1,19,6270.0,3.7993,0.0,3.7993,14.3949,0.0
117702.72,3.8908,2.1815,1729849328.0,1,19,6280.0,3.8053,0.0,3.8053,14.4185,0.0
117712.72,3.8914,2.1814,1729849338.0,1,19,6290.0,3.8114,0.0,3.8114,14.4421,0.0
117722.72,3.8921,2.1815,1729849348.0,1,19,6300.0,3.8175,0.0,3.8175,14.4657,0.0
117732.72,3.8927,2.1815,1729849358.0,1,19,6310.0,3.8235,0.0,3.8235,14.4893,0.0
117742.72,3.8934,2.1814,1729849368.0,1,19,6320.0,3.8296,0.0,3.8296,14.5129,0.0
117752.72,3.8941,2.1814,1729849378.0,1,19,6330.0,3.8356,0.0,3.8356,14.5364,0.0
117762.72,3.8947,2.1815,1729849388.0,1,19,6340.0,3.8417,0.0,3.8417,14.56,0.0
117772.72,3.8954,2.1815,1729849398.0,1,19,6350.0,3.8478,0.0,3.8478,14.5836,0.0
117782.72,3.896,2.1814,1729849408.0,1,19,6360.0,3.8538,0.0,3.8538,14.6073,0.0
117792.72,3.8967,2.1815,1729849418.0,1,19,6370.0,3.8599,0.0,3.8599,14.6309,0.0
117802.72,3.8974,2.1815,1729849428.0,1,19,6380.0,3.8659,0.0,3.8659,14.6545,0.0
117812.72,3.8981,2.1814,1729849438.0,1,19,6390.0,3.872,0.0,3.872,14.6781,0.0
117822.72,3.8987,2.1815,1729849448.0,1,19,6400.0,3.8781,0.0,3.8781,14.7017,0.0
117832.72,3.8994,2.1815,1729849458.0,1,19,6410.0,3.8841,0.0,3.8841,14.7253,0.0
117842.72,3.9,2.1815,1729849468.0,1,19,6420.0,3.8902,0.0,3.8902,14.749,0.0
117852.72,3.9007,2.1815,1729849478.0,1,19,6430.0,3.8962,0.0,3.8962,14.7726,0.0
117862.72,3.9014,2.1813,1729849488.0,1,19,6440.0,3.9023,0.0,3.9023,14.7963,0.0
117872.72,3.9021,2.1814,1729849498.0,1,19,6450.0,3.9084,0.0,3.9084,14.8199,0.0
117882.72,3.9028,2.1814,1729849508.0,1,19,6460.0,3.9144,0.0,3.9144,14.8435,0.0
117892.72,3.9034,2.1814,1729849518.0,1,19,6470.0,3.9205,0.0,3.9205,14.8672,0.0
117902.72,3.9041,2.1815,1729849528.0,1,19,6480.0,3.9265,0.0,3.9265,14.8908,0.0
117912.72,3.9048,2.1814,1729849538.0,1,19,6490.0,3.9326,0.0,3.9326,14.9145,0.0
117922.72,3.9055,2.1814,1729849548.0,1,19,6500.0,3.9387,0.0,3.9387,14.9382,0.0
117932.72,3.9061,2.1814,1729849558.0,1,19,6510.0,3.9447,0.0,3.9447,14.9618,0.0
117942.72,3.9068,2.1815,1729849568.0,1,19,6520.0,3.9508,0.0,3.9508,14.9855,0.0
117952.72,3.9075,2.1816,1729849578.0,1,19,6530.0,3.9568,0.0,3.9568,15.0092,0.0
117962.72,3.9081,2.1815,1729849588.0,1,19,6540.0,3.9629,0.0,3.9629,15.0329,0.0
117972.72,3.9087,2.1815,1729849598.0,1,19,6550.0,3.969,0.0,3.969,15.0565,0.0
117982.72,3.9094,2.1814,1729849608.0,1,19,6560.0,3.975,0.0,3.975,15.0802,0.0
117992.72,3.91,2.1814,1729849618.0,1,19,6570.0,3.9811,0.0,3.9811,15.1039,0.0
118002.72,3.9106,2.1815,1729849628.0,1,19,6580.0,3.9871,0.0,3.9871,15.1276,0.0
118012.72,3.9113,2.1814,1729849638.0,1,19,6590.0,3.9932,0.0,3.9932,15.1513,0.0
118022.72,3.9119,2.1815,1729849648.0,1,19,6600.0,3.9993,0.0,3.9993,15.175,0.0
118032.72,3.9125,2.1814,1729849658.0,1,19,6610.0,4.0053,0.0,4.0053,15.1987,0.0
118042.72,3.913,2.1814,1729849668.0,1,19,6620.0,4.0114,0.0,4.0114,15.2224,0.0
118052.72,3.9137,2.1814,1729849678.0,1,19,6630.0,4.0174,0.0,4.0174,15.2461,0.0
118062.72,3.9142,2.1815,1729849688.0,1,19,6640.0,4.0235,0.0,4.0235,15.2699,0.0
118072.72,3.9148,2.1815,1729849698.0,1,19,6650.0,4.0296,0.0,4.0296,15.2936,0.0
118082.72,3.9154,2.1814,1729849708.0,1,19,6660.0,4.0356,0.0,4.0356,15.3173,0.0
118092.72,3.9159,2.1815,1729849718.0,1,19,6670.0,4.0417,0.0,4.0417,15.341,0.0
118102.72,3.9165,2.1814,1729849728.0,1,19,6680.0,4.0477,0.0,4.0477,15.3648,0.0
118112.72,3.917,2.1815,1729849738.0,1,19,6690.0,4.0538,0.0,4.0538,15.3885,0.0
118122.72,3.9175,2.1814,1729849748.0,1,19,6700.0,4.0599,0.0,4.0599,15.4122,0.0
118132.72,3.9181,2.1814,1729849758.0,1,19,6710.0,4.0659,0.0,4.0659,15.436,0.0
118142.72,3.9186,2.1814,1729849768.0,1,19,6720.0,4.072,0.0,4.072,15.4597,0.0
118152.72,3.9191,2.1814,1729849778.0,1,19,6730.0,4.078,0.0,4.078,15.4835,0.0
118162.72,3.9196,2.1814,1729849788.0,1,19,6740.0,4.0841,0.0,4.0841,15.5072,0.0
118172.72,3.9201,2.1814,1729849798.0,1,19,6750.0,4.0901,0.0,4.0901,15.531,0.0
118182.72,3.9206,2.1814,1729849808.0,1,19,6760.0,4.0962,0.0,4.0962,15.5547,0.0
118192.72,3.9211,2.1814,1729849818.0,1,19,6770.0,4.1023,0.0,4.1023,15.5785,0.0
118202.72,3.9216,2.1815,1729849828.0,1,19,6780.0,4.1083,0.0,4.1083,15.6022,0.0
118212.72,3.9221,2.1814,1729849838.0,1,19,6790.0,4.1144,0.0,4.1144,15.626,0.0
118222.72,3.9226,2.1814,1729849848.0,1,19,6800.0,4.1204,0.0,4.1204,15.6498,0.0
118232.72,3.923,2.1814,1729849858.0,1,19,6810.0,4.1265,0.0,4.1265,15.6736,0.0
118242.72,3.9235,2.1814,1729849868.0,1,19,6820.0,4.1326,0.0,4.1326,15.6973,0.0
118252.72,3.924,2.1815,1729849878.0,1,19,6830.0,4.1386,0.0,4.1386,15.7211,0.0
118262.72,3.9244,2.1815,1729849888.0,1,19,6840.0,4.1447,0.0,4.1447,15.7449,0.0
118272.72,3.9249,2.1814,1729849898.0,1,19,6850.0,4.1507,0.0,4.1507,15.7687,0.0
118282.72,3.9254,2.1814,1729849908.0,1,19,6860.0,4.1568,0.0,4.1568,15.7924,0.0
118292.72,3.9258,2.1815,1729849918.0,1,19,6870.0,4.1629,0.0,4.1629,15.8162,0.0
118302.72,3.9263,2.1814,1729849928.0,1,19,6880.0,4.1689,0.0,4.1689,15.84,0.0
118312.72,3.9267,2.1814,1729849938.0,1,19,6890.0,4.175,0.0,4.175,15.8638,0.0
118322.72,3.9272,2.1814,1729849948.0,1,19,6900.0,4.181,0.0,4.181,15.8876,0.0
118332.72,3.9276,2.1814,1729849958.0,1,19,6910.0,4.1871,0.0,4.1871,15.9114,0.0
118342.72,3.9281,2.1814,1729849968.0,1,19,6920.0,4.1932,0.0,4.1932,15.9352,0.0
118352.72,3.9285,2.1814,1729849978.0,1,19,6930.0,4.1992,0.0,4.1992,15.959,0.0
118362.72,3.929,2.1814,1729849988.0,1,19,6940.0,4.2053,0.0,4.2053,15.9828,0.0
118372.72,3.9294,2.1814,1729849998.0,1,19,6950.0,4.2113,0.0,4.2113,16.0066,0.0
118382.72,3.9299,2.1814,1729850008.0,1,19,6960.0,4.2174,0.0,4.2174,16.0304,0.0
118392.72,3.9303,2.1815,1729850018.0,1,19,6970.0,4.2235,0.0,4.2235,16.0543,0.0
118402.72,3.9308,2.1814,1729850028.0,1,19,6980.0,4.2295,0.0,4.2295,16.0781,0.0
118412.72,3.9312,2.1815,1729850038.0,1,19,6990.0,4.2356,0.0,4.2356,16.1019,0.0
118422.72,3.9317,2.1814,1729850048.0,1,19,7000.0,4.2416,0.0,4.2416,16.1257,0.0
118432.72,3.9321,2.1814,1729850058.0,1,19,7010.0,4.2477,0.0,4.2477,16.1495,0.0
118442.72,3.9326,2.1814,1729850068.0,1,19,7020.0,4.2538,0.0,4.2538,16.1734,0.0
118452.72,3.9331,2.1814,1729850078.0,1,19,7030.0,4.2598,0.0,4.2598,16.1972,0.0
118462.72,3.9335,2.1814,1729850088.0,1,19,7040.0,4.2659,0.0,4.2659,16.221,0.0
118472.72,3.9339,2.1814,1729850098.0,1,19,7050.0,4.2719,0.0,4.2719,16.2449,0.0
118482.72,3.9344,2.1814,1729850108.0,1,19,7060.0,4.278,0.0,4.278,16.2687,0.0
118492.72,3.9349,2.1815,1729850118.0,1,19,7070.0,4.2841,0.0,4.2841,16.2925,0.0
118502.72,3.9353,2.1814,1729850128.0,1,19,7080.0,4.2901,0.0,4.2901,16.3164,0.0
118512.72,3.9358,2.1815,1729850138.0,1,19,7090.0,4.2962,0.0,4.2962,16.3402,0.0
118522.72,3.9362,2.1814,1729850148.0,1,19,7100.0,4.3022,0.0,4.3022,16.3641,0.0
118532.72,3.9367,2.1814,1729850158.0,1,19,7110.0,4.3083,0.0,4.3083,16.3879,0.0
118542.72,3.9371,2.1814,1729850168.0,1,19,7120.0,4.3143,0.0,4.3143,16.4118,0.0
118552.72,3.9376,2.1814,1729850178.0,1,19,7130.0,4.3204,0.0,4.3204,16.4357,0.0
118562.72,3.9381,2.1815,1729850188.0,1,19,7140.0,4.3265,0.0,4.3265,16.4595,0.0
118572.72,3.9386,2.1814,1729850198.0,1,19,7150.0,4.3325,0.0,4.3325,16.4834,0.0
118582.72,3.939,2.1815,1729850208.0,1,19,7160.0,4.3386,0.0,4.3386,16.5072,0.0
118592.72,3.9395,2.1814,1729850218.0,1,19,7170.0,4.3446,0.0,4.3446,16.5311,0.0
118602.72,3.9399,2.1815,1729850228.0,1,19,7180.0,4.3507,0.0,4.3507,16.555,0.0
118612.72,3.9404,2.1814,1729850238.0,1,19,7190.0,4.3568,0.0,4.3568,16.5789,0.0
118622.72,3.9409,2.1815,1729850248.0,1,19,7200.0,4.3628,0.0,4.3628,16.6027,0.0
118632.72,3.9413,2.1814,1729850258.0,1,19,7210.0,4.3689,0.0,4.3689,16.6266,0.0
118642.72,3.9418,2.1814,1729850268.0,1,19,7220.0,4.3749,0.0,4.3749,16.6505,0.0
118652.72,3.9423,2.1814,1729850278.0,1,19,7230.0,4.381,0.0,4.381,16.6744,0.0
118662.72,3.9428,2.1814,1729850288.0,1,19,7240.0,4.3871,0.0,4.3871,16.6983,0.0
118672.72,3.9432,2.1814,1729850298.0,1,19,7250.0,4.3931,0.0,4.3931,16.7222,0.0
118682.72,3.9437,2.1815,1729850308.0,1,19,7260.0,4.3992,0.0,4.3992,16.7461,0.0
118692.72,3.9442,2.1815,1729850318.0,1,19,7270.0,4.4052,0.0,4.4052,16.77,0.0
118702.72,3.9447,2.1814,1729850328.0,1,19,7280.0,4.4113,0.0,4.4113,16.7939,0.0
118712.72,3.9451,2.1814,1729850338.0,1,19,7290.0,4.4174,0.0,4.4174,16.8178,0.0
118722.72,3.9456,2.1814,1729850348.0,1,19,7300.0,4.4234,0.0,4.4234,16.8417,0.0
118732.72,3.9461,2.1814,1729850358.0,1,19,7310.0,4.4295,0.0,4.4295,16.8656,0.0
118742.72,3.9466,2.1814,1729850368.0,1,19,7320.0,4.4355,0.0,4.4355,16.8895,0.0
118752.72,3.9471,2.1814,1729850378.0,1,19,7330.0,4.4416,0.0,4.4416,16.9134,0.0
118762.72,3.9476,2.1814,1729850388.0,1,19,7340.0,4.4477,0.0,4.4477,16.9373,0.0
118772.72,3.9481,2.1814,1729850398.0,1,19,7350.0,4.4537,0.0,4.4537,16.9613,0.0
118782.72,3.9486,2.1815,1729850408.0,1,19,7360.0,4.4598,0.0,4.4598,16.9852,0.0
118792.72,3.949,2.1814,1729850418.0,1,19,7370.0,4.4658,0.0,4.4658,17.0091,0.0
118802.72,3.9495,2.1814,1729850428.0,1,19,7380.0,4.4719,0.0,4.4719,17.033,0.0
118812.72,3.95,2.1814,1729850438.0,1,19,7390.0,4.478,0.0,4.478,17.057,0.0
118822.72,3.9505,2.1814,1729850448.0,1,19,7400.0,4.484,0.0,4.484,17.0809,0.0
118832.72,3.951,2.1814,1729850458.0,1,19,7410.0,4.4901,0.0,4.4901,17.1049,0.0
118842.72,3.9515,2.1814,1729850468.0,1,19,7420.0,4.4961,0.0,4.4961,17.1288,0.0
118852.72,3.952,2.1814,1729850478.0,1,19,7430.0,4.5022,0.0,4.5022,17.1527,0.0
118862.72,3.9525,2.1813,1729850488.0,1,19,7440.0,4.5083,0.0,4.5083,17.1767,0.0
118872.72,3.953,2.1814,1729850498.0,1,19,7450.0,4.5143,0.0,4.5143,17.2006,0.0
118882.72,3.9535,2.1813,1729850508.0,1,19,7460.0,4.5204,0.0,4.5204,17.2246,0.0
118892.72,3.954,2.1814,1729850518.0,1,19,7470.0,4.5264,0.0,4.5264,17.2486,0.0
118902.72,3.9545,2.1814,1729850528.0,1,19,7480.0,4.5325,0.0,4.5325,17.2725,0.0
118912.72,3.955,2.1814,1729850538.0,1,19,7490.0,4.5386,0.0,4.5386,17.2965,0.0
118922.72,3.9555,2.1814,1729850548.0,1,19,7500.0,4.5446,0.0,4.5446,17.3204,0.0
118932.72,3.956,2.1814,1729850558.0,1,19,7510.0,4.5507,0.0,4.5507,17.3444,0.0
118942.72,3.9565,2.1815,1729850568.0,1,19,7520.0,4.5567,0.0,4.5567,17.3684,0.0
118952.72,3.9571,2.1813,1729850578.0,1,19,7530.0,4.5628,0.0,4.5628,17.3924,0.0
118962.72,3.9576,2.1814,1729850588.0,1,19,7540.0,4.5688,0.0,4.5688,17.4163,0.0
118972.72,3.9581,2.1814,1729850598.0,1,19,7550.0,4.5749,0.0,4.5749,17.4403,0.0
118982.72,3.9586,2.1814,1729850608.0,1,19,7560.0,4.581,0.0,4.581,17.4643,0.0
118992.72,3.9591,2.1814,1729850618.0,1,19,7570.0,4.587,0.0,4.587,17.4883,0.0
119002.72,3.9596,2.1814,1729850628.0,1,19,7580.0,4.5931,0.0,4.5931,17.5123,0.0
119012.72,3.9602,2.1815,1729850638.0,1,19,7590.0,4.5991,0.0,4.5991,17.5363,0.0
119022.72,3.9607,2.1814,1729850648.0,1,19,7600.0,4.6052,0.0,4.6052,17.5603,0.0
119032.72,3.9612,2.1814,1729850658.0,1,19,7610.0,4.6113,0.0,4.6113,17.5843,0.0
119042.72,3.9617,2.1814,1729850668.0,1,19,7620.0,4.6173,0.0,4.6173,17.6083,0.0
119052.72,3.9622,2.1814,1729850678.0,1,19,7630.0,4.6234,0.0,4.6234,17.6323,0.0
119062.72,3.9628,2.1816,1729850688.0,1,19,7640.0,4.6294,0.0,4.6294,17.6563,0.0
119072.72,3.9633,2.1814,1729850698.0,1,19,7650.0,4.6355,0.0,4.6355,17.6803,0.0
119082.72,3.9638,2.1814,1729850708.0,1,19,7660.0,4.6416,0.0,4.6416,17.7043,0.0
119092.72,3.9643,2.1814,1729850718.0,1,19,7670.0,4.6476,0.0,4.6476,17.7284,0.0
119102.72,3.9649,2.1815,1729850728.0,1,19,7680.0,4.6537,0.0,4.6537,17.7524,0.0
119112.72,3.9654,2.1814,1729850738.0,1,19,7690.0,4.6597,0.0,4.6597,17.7764,0.0
119122.72,3.9659,2.1814,1729850748.0,1,19,7700.0,4.6658,0.0,4.6658,17.8004,0.0
119132.72,3.9664,2.1814,1729850758.0,1,19,7710.0,4.6719,0.0,4.6719,17.8245,0.0
119142.72,3.967,2.1814,1729850768.0,1,19,7720.0,4.6779,0.0,4.6779,17.8485,0.0
119152.72,3.9675,2.1814,1729850778.0,1,19,7730.0,4.684,0.0,4.684,17.8726,0.0
119162.72,3.968,2.1814,1729850788.0,1,19,7740.0,4.69,0.0,4.69,17.8966,0.0
119172.72,3.9685,2.1814,1729850798.0,1,19,7750.0,4.6961,0.0,4.6961,17.9206,0.0
119182.72,3.9691,2.1814,1729850808.0,1,19,7760.0,4.7022,0.0,4.7022,17.9447,0.0
119192.72,3.9696,2.1814,1729850818.0,1,19,7770.0,4.7082,0.0,4.7082,17.9687,0.0
119202.72,3.9701,2.1814,1729850828.0,1,19,7780.0,4.7143,0.0,4.7143,17.9928,0.0
119212.72,3.9706,2.1814,1729850838.0,1,19,7790.0,4.7203,0.0,4.7203,18.0169,0.0
119222.72,3.9712,2.1813,1729850848.0,1,19,7800.0,4.7264,0.0,4.7264,18.0409,0.0
119232.72,3.9717,2.1813,1729850858.0,1,19,7810.0,4.7325,0.0,4.7325,18.065,0.0
119242.72,3.9722,2.1814,1729850868.0,1,19,7820.0,4.7385,0.0,4.7385,18.0891,0.0
119252.72,3.9727,2.1814,1729850878.0,1,19,7830.0,4.7446,0.0,4.7446,18.1131,0.0
119262.72,3.9733,2.1815,1729850888.0,1,19,7840.0,4.7506,0.0,4.7506,18.1372,0.0
119272.72,3.9738,2.1814,1729850898.0,1,19,7850.0,4.7567,0.0,4.7567,18.1613,0.0
119282.72,3.9743,2.1814,1729850908.0,1,19,7860.0,4.7628,0.0,4.7628,18.1854,0.0
119292.72,3.9748,2.1814,1729850918.0,1,19,7870.0,4.7688,0.0,4.7688,18.2094,0.0
119302.72,3.9753,2.1814,1729850928.0,1,19,7880.0,4.7749,0.0,4.7749,18.2335,0.0
119312.72,3.9758,2.1814,1729850938.0,1,19,7890.0,4.7809,0.0,4.7809,18.2576,0.0
119322.72,3.9763,2.1815,1729850948.0,1,19,7900.0,4.787,0.0,4.787,18.2817,0.0
119332.72,3.9769,2.1814,1729850958.0,1,19,7910.0,4.793,0.0,4.793,18.3058,0.0
119342.72,3.9774,2.1815,1729850968.0,1,19,7920.0,4.7991,0.0,4.7991,18.3299,0.0
119352.72,3.9779,2.1814,1729850978.0,1,19,7930.0,4.8052,0.0,4.8052,18.354,0.0
119362.72,3.9784,2.1814,1729850988.0,1,19,7940.0,4.8112,0.0,4.8112,18.3781,0.0
119372.72,3.9789,2.1813,1729850998.0,1,19,7950.0,4.8173,0.0,4.8173,18.4022,0.0
119382.72,3.9794,2.1814,1729851008.0,1,19,7960.0,4.8233,0.0,4.8233,18.4263,0.0
119392.72,3.9798,2.1815,1729851018.0,1,19,7970.0,4.8294,0.0,4.8294,18.4504,0.0
119402.72,3.9803,2.1814,1729851028.0,1,19,7980.0,4.8355,0.0,4.8355,18.4746,0.0
119412.72,3.9808,2.1814,1729851038.0,1,19,7990.0,4.8415,0.0,4.8415,18.4987,0.0
119422.72,3.9813,2.1814,1729851048.0,1,19,8000.0,4.8476,0.0,4.8476,18.5228,0.0
119432.72,3.9818,2.1814,1729851058.0,1,19,8010.0,4.8536,0.0,4.8536,18.5469,0.0
119442.72,3.9823,2.1814,1729851068.0,1,19,8020.0,4.8597,0.0,4.8597,18.5711,0.0
119452.72,3.9827,2.1814,1729851078.0,1,19,8030.0,4.8658,0.0,4.8658,18.5952,0.0
119462.72,3.9832,2.1814,1729851088.0,1,19,8040.0,4.8718,0.0,4.8718,18.6193,0.0
119472.72,3.9836,2.1814,1729851098.0,1,19,8050.0,4.8779,0.0,4.8779,18.6435,0.0
119482.72,3.9841,2.1814,1729851108.0,1,19,8060.0,4.8839,0.0,4.8839,18.6676,0.0
119492.72,3.9845,2.1814,1729851118.0,1,19,8070.0,4.89,0.0,4.89,18.6917,0.0
119502.72,3.9849,2.1814,1729851128.0,1,19,8080.0,4.8961,0.0,4.8961,18.7159,0.0
119512.72,3.9854,2.1814,1729851138.0,1,19,8090.0,4.9021,0.0,4.9021,18.74,0.0
119522.72,3.9858,2.1814,1729851148.0,1,19,8100.0,4.9082,0.0,4.9082,18.7642,0.0
119532.72,3.9863,2.1814,1729851158.0,1,19,8110.0,4.9142,0.0,4.9142,18.7883,0.0
119542.72,3.9867,2.1813,1729851168.0,1,19,8120.0,4.9203,0.0,4.9203,18.8125,0.0
119552.72,3.9871,2.1814,1729851178.0,1,19,8130.0,4.9264,0.0,4.9264,18.8367,0.0
119562.72,3.9875,2.1814,1729851188.0,1,19,8140.0,4.9324,0.0,4.9324,18.8608,0.0
119572.72,3.988,2.1814,1729851198.0,1,19,8150.0,4.9385,0.0,4.9385,18.885,0.0
119582.72,3.9883,2.1814,1729851208.0,1,19,8160.0,4.9445,0.0,4.9445,18.9091,0.0
119592.72,3.9888,2.1813,1729851218.0,1,19,8170.0,4.9506,0.0,4.9506,18.9333,0.0
119602.72,3.9892,2.1814,1729851228.0,1,19,8180.0,4.9567,0.0,4.9567,18.9575,0.0
119612.72,3.9896,2.1814,1729851238.0,1,19,8190.0,4.9627,0.0,4.9627,18.9817,0.0
119622.72,3.9899,2.1814,1729851248.0,1,19,8200.0,4.9688,0.0,4.9688,19.0058,0.0
119632.72,3.9903,2.1814,1729851258.0,1,19,8210.0,4.9748,0.0,4.9748,19.03,0.0
119642.72,3.9907,2.1814,1729851268.0,1,19,8220.0,4.9809,0.0,4.9809,19.0542,0.0
119652.72,3.9911,2.1814,1729851278.0,1,19,8230.0,4.987,0.0,4.987,19.0784,0.0
119662.72,3.9915,2.1814,1729851288.0,1,19,8240.0,4.993,0.0,4.993,19.1026,0.0
119672.72,3.9918,2.1814,1729851298.0,1,19,8250.0,4.9991,0.0,4.9991,19.1267,0.0
119682.72,3.9922,2.1815,1729851308.0,1,19,8260.0,5.0051,0.0,5.0051,19.1509,0.0
119692.72,3.9926,2.1814,1729851318.0,1,19,8270.0,5.0112,0.0,5.0112,19.1751,0.0
119702.72,3.993,2.1814,1729851328.0,1,19,8280.0,5.0172,0.0,5.0172,19.1993,0.0
119712.72,3.9934,2.1814,1729851338.0,1,19,8290.0,5.0233,0.0,5.0233,19.2235,0.0
119722.72,3.9937,2.1814,1729851348.0,1,19,8300.0,5.0294,0.0,5.0294,19.2477,0.0
119732.72,3.9941,2.1814,1729851358.0,1,19,8310.0,5.0354,0.0,5.0354,19.2719,0.0
119742.72,3.9945,2.1814,1729851368.0,1,19,8320.0,5.0415,0.0,5.0415,19.2961,0.0
119752.72,3.9949,2.1813,1729851378.0,1,19,8330.0,5.0475,0.0,5.0475,19.3203,0.0
119762.72,3.9952,2.1813,1729851388.0,1,19,8340.0,5.0536,0.0,5.0536,19.3445,0.0
119772.72,3.9956,2.1814,1729851398.0,1,19,8350.0,5.0597,0.0,5.0597,19.3687,0.0
119782.72,3.996,2.1814,1729851408.0,1,19,8360.0,5.0657,0.0,5.0657,19.3929,0.0
119792.72,3.9964,2.1814,1729851418.0,1,19,8370.0,5.0718,0.0,5.0718,19.4172,0.0
119802.72,3.9967,2.1813,1729851428.0,1,19,8380.0,5.0778,0.0,5.0778,19.4414,0.0
119812.72,3.9972,2.1814,1729851438.0,1,19,8390.0,5.0839,0.0,5.0839,19.4656,0.0
119822.72,3.9975,2.1814,1729851448.0,1,19,8400.0,5.09,0.0,5.09,19.4898,0.0
119832.72,3.9979,2.1814,1729851458.0,1,19,8410.0,5.096,0.0,5.096,19.514,0.0
119842.72,3.9983,2.1814,1729851468.0,1,19,8420.0,5.1021,0.0,5.1021,19.5383,0.0
119852.72,3.9987,2.1814,1729851478.0,1,19,8430.0,5.1081,0.0,5.1081,19.5625,0.0
119862.72,3.9992,2.1813,1729851488.0,1,19,8440.0,5.1142,0.0,5.1142,19.5867,0.0
119872.72,3.9996,2.1814,1729851498.0,1,19,8450.0,5.1203,0.0,5.1203,19.611,0.0
119882.72,4.0,2.1813,1729851508.0,1,19,8460.0,5.1263,0.0,5.1263,19.6352,0.0
119892.72,4.0004,2.1814,1729851518.0,1,19,8470.0,5.1324,0.0,5.1324,19.6594,0.0
119902.72,4.0009,2.1814,1729851528.0,1,19,8480.0,5.1384,0.0,5.1384,19.6837,0.0
119912.72,4.0013,2.1814,1729851538.0,1,19,8490.0,5.1445,0.0,5.1445,19.7079,0.0
119922.72,4.0017,2.1814,1729851548.0,1,19,8500.0,5.1506,0.0,5.1506,19.7322,0.0
119932.72,4.0021,2.1814,1729851558.0,1,19,8510.0,5.1566,0.0,5.1566,19.7564,0.0
119942.72,4.0026,2.1814,1729851568.0,1,19,8520.0,5.1627,0.0,5.1627,19.7807,0.0
119952.72,4.0031,2.1815,1729851578.0,1,19,8530.0,5.1687,0.0,5.1687,19.8049,0.0
119962.72,4.0036,2.1814,1729851588.0,1,19,8540.0,5.1748,0.0,5.1748,19.8292,0.0
119972.72,4.0041,2.1813,1729851598.0,1,19,8550.0,5.1808,0.0,5.1808,19.8534,0.0
119982.72,4.0046,2.1813,1729851608.0,1,19,8560.0,5.1869,0.0,5.1869,19.8777,0.0
119992.72,4.0051,2.1814,1729851618.0,1,19,8570.0,5.193,0.0,5.193,19.902,0.0
120002.72,4.0055,2.1814,1729851628.0,1,19,8580.0,5.199,0.0,5.199,19.9262,0.0
120012.72,4.0061,2.1814,1729851638.0,1,19,8590.0,5.2051,0.0,5.2051,19.9505,0.0
120022.72,4.0066,2.1814,1729851648.0,1,19,8600.0,5.2111,0.0,5.2111,19.9748,0.0
120032.72,4.0072,2.1814,1729851658.0,1,19,8610.0,5.2172,0.0,5.2172,19.9991,0.0
120042.72,4.0077,2.1814,1729851668.0,1,19,8620.0,5.2233,0.0,5.2233,20.0234,0.0
120052.72,4.0082,2.1814,1729851678.0,1,19,8630.0,5.2293,0.0,5.2293,20.0476,0.0
120062.72,4.0088,2.1814,1729851688.0,1,19,8640.0,5.2354,0.0,5.2354,20.0719,0.0
120072.72,4.0094,2.1814,1729851698.0,1,19,8650.0,5.2414,0.0,5.2414,20.0962,0.0
120082.72,4.01,2.1813,1729851708.0,1,19,8660.0,5.2475,0.0,5.2475,20.1205,0.0
120092.72,4.0106,2.1814,1729851718.0,1,19,8670.0,5.2536,0.0,5.2536,20.1448,0.0
120102.72,4.0112,2.1814,1729851728.0,1,19,8680.0,5.2596,0.0,5.2596,20.1691,0.0
120112.72,4.0118,2.1813,1729851738.0,1,19,8690.0,5.2657,0.0,5.2657,20.1934,0.0
120122.72,4.0124,2.1813,1729851748.0,1,19,8700.0,5.2717,0.0,5.2717,20.2177,0.0
120132.72,4.013,2.1813,1729851758.0,1,19,8710.0,5.2778,0.0,5.2778,20.2421,0.0
120142.72,4.0137,2.1814,1729851768.0,1,19,8720.0,5.2839,0.0,5.2839,20.2664,0.0
120152.72,4.0144,2.1814,1729851778.0,1,19,8730.0,5.2899,0.0,5.2899,20.2907,0.0
120162.72,4.0151,2.1813,1729851788.0,1,19,8740.0,5.296,0.0,5.296,20.315,0.0
120172.72,4.0157,2.1814,1729851798.0,1,19,8750.0,5.302,0.0,5.302,20.3393,0.0
120182.72,4.0164,2.1813,1729851808.0,1,19,8760.0,5.3081,0.0,5.3081,20.3637,0.0
120192.72,4.0171,2.1813,1729851818.0,1,19,8770.0,5.3142,0.0,5.3142,20.388,0.0
120202.72,4.0179,2.1813,1729851828.0,1,19,8780.0,5.3202,0.0,5.3202,20.4124,0.0
120212.72,4.0186,2.1814,1729851838.0,1,19,8790.0,5.3263,0.0,5.3263,20.4367,0.0
120222.72,4.0194,2.1813,1729851848.0,1,19,8800.0,5.3323,0.0,5.3323,20.4611,0.0
120232.72,4.0201,2.1814,1729851858.0,1,19,8810.0,5.3384,0.0,5.3384,20.4854,0.0
120242.72,4.0209,2.1813,1729851868.0,1,19,8820.0,5.3445,0.0,5.3445,20.5098,0.0
120252.72,4.0217,2.1813,1729851878.0,1,19,8830.0,5.3505,0.0,5.3505,20.5342,0.0
120262.72,4.0226,2.1814,1729851888.0,1,19,8840.0,5.3566,0.0,5.3566,20.5585,0.0
120272.72,4.0234,2.1814,1729851898.0,1,19,8850.0,5.3626,0.0,5.3626,20.5829,0.0
120282.72,4.0242,2.1814,1729851908.0,1,19,8860.0,5.3687,0.0,5.3687,20.6073,0.0
120292.72,4.0251,2.1814,1729851918.0,1,19,8870.0,5.3747,0.0,5.3747,20.6317,0.0
120302.72,4.026,2.1813,1729851928.0,1,19,8880.0,5.3808,0.0,5.3808,20.6561,0.0
120312.72,4.0269,2.1813,1729851938.0,1,19,8890.0,5.3869,0.0,5.3869,20.6805,0.0
120322.72,4.0278,2.1813,1729851948.0,1,19,8900.0,5.3929,0.0,5.3929,20.7049,0.0
120332.72,4.0287,2.1813,1729851958.0,1,19,8910.0,5.399,0.0,5.399,20.7293,0.0
120342.72,4.0298,2.1814,1729851968.0,1,19,8920.0,5.405,0.0,5.405,20.7537,0.0
120352.72,4.0307,2.1814,1729851978.0,1,19,8930.0,5.4111,0.0,5.4111,20.7781,0.0
120362.72,4.0317,2.1814,1729851988.0,1,19,8940.0,5.4172,0.0,5.4172,20.8025,0.0
120372.72,4.0327,2.1814,1729851998.0,1,19,8950.0,5.4232,0.0,5.4232,20.827,0.0
120382.72,4.0338,2.1813,1729852008.0,1,19,8960.0,5.4293,0.0,5.4293,20.8514,0.0
120392.72,4.0348,2.1813,1729852018.0,1,19,8970.0,5.4353,0.0,5.4353,20.8758,0.0
120402.72,4.0359,2.1813,1729852028.0,1,19,8980.0,5.4414,0.0,5.4414,20.9003,0.0
120412.72,4.037,2.1814,1729852038.0,1,19,8990.0,5.4475,0.0,5.4475,20.9248,0.0
120422.72,4.0382,2.1814,1729852048.0,1,19,9000.0,5.4535,0.0,5.4535,20.9492,0.0
120432.72,4.0394,2.1814,1729852058.0,1,19,9010.0,5.4596,0.0,5.4596,20.9737,0.0
120442.72,4.0405,2.1813,1729852068.0,1,19,9020.0,5.4656,0.0,5.4656,20.9982,0.0
120452.72,4.0418,2.1813,1729852078.0,1,19,9030.0,5.4717,0.0,5.4717,21.0227,0.0
120462.72,4.043,2.1813,1729852088.0,1,19,9040.0,5.4778,0.0,5.4778,21.0472,0.0
120472.72,4.0443,2.1814,1729852098.0,1,19,9050.0,5.4838,0.0,5.4838,21.0717,0.0
120482.72,4.0456,2.1813,1729852108.0,1,19,9060.0,5.4899,0.0,5.4899,21.0962,0.0
120492.72,4.0469,2.1813,1729852118.0,1,19,9070.0,5.4959,0.0,5.4959,21.1207,0.0
120502.72,4.0482,2.1813,1729852128.0,1,19,9080.0,5.502,0.0,5.502,21.1452,0.0
120512.72,4.0496,2.1813,1729852138.0,1,19,9090.0,5.5081,0.0,5.5081,21.1697,0.0
120522.72,4.051,2.1813,1729852148.0,1,19,9100.0,5.5141,0.0,5.5141,21.1943,0.0
120532.72,4.0524,2.1813,1729852158.0,1,19,9110.0,5.5202,0.0,5.5202,21.2188,0.0
120542.72,4.0539,2.1813,1729852168.0,1,19,9120.0,5.5262,0.0,5.5262,21.2434,0.0
120552.72,4.0554,2.1813,1729852178.0,1,19,9130.0,5.5323,0.0,5.5323,21.268,0.0
120562.72,4.0568,2.1813,1729852188.0,1,19,9140.0,5.5383,0.0,5.5383,21.2925,0.0
120572.72,4.0584,2.1813,1729852198.0,1,19,9150.0,5.5444,0.0,5.5444,21.3171,0.0
120582.72,4.06,2.1812,1729852208.0,1,19,9160.0,5.5505,0.0,5.5505,21.3417,0.0
120592.72,4.0615,2.1813,1729852218.0,1,19,9170.0,5.5565,0.0,5.5565,21.3663,0.0
120602.72,4.0631,2.1812,1729852228.0,1,19,9180.0,5.5626,0.0,5.5626,21.3909,0.0
120612.72,4.0647,2.1813,1729852238.0,1,19,9190.0,5.5686,0.0,5.5686,21.4156,0.0
120622.72,4.0663,2.1813,1729852248.0,1,19,9200.0,5.5747,0.0,5.5747,21.4402,0.0
120632.72,4.0679,2.1812,1729852258.0,1,19,9210.0,5.5808,0.0,5.5808,21.4648,0.0
120642.72,4.0694,2.1813,1729852268.0,1,19,9220.0,5.5868,0.0,5.5868,21.4895,0.0
120652.72,4.0711,2.1812,1729852278.0,1,19,9230.0,5.5929,0.0,5.5929,21.5141,0.0
120662.72,4.0727,2.1812,1729852288.0,1,19,9240.0,5.5989,0.0,5.5989,21.5388,0.0
120672.72,4.0743,2.1813,1729852298.0,1,19,9250.0,5.605,0.0,5.605,21.5635,0.0
120682.72,4.0758,2.1813,1729852308.0,1,19,9260.0,5.6111,0.0,5.6111,21.5882,0.0
120692.72,4.0774,2.1812,1729852318.0,1,19,9270.0,5.6171,0.0,5.6171,21.6129,0.0
120702.72,4.0789,2.1813,1729852328.0,1,19,9280.0,5.6232,0.0,5.6232,21.6376,0.0
120712.72,4.0805,2.1812,1729852338.0,1,19,9290.0,5.6292,0.0,5.6292,21.6623,0.0
120722.72,4.082,2.1812,1729852348.0,1,19,9300.0,5.6353,0.0,5.6353,21.687,0.0
120732.72,4.0834,2.1811,1729852358.0,1,19,9310.0,5.6414,0.0,5.6414,21.7118,0.0
120742.72,4.0849,2.1813,1729852368.0,1,19,9320.0,5.6474,0.0,5.6474,21.7365,0.0
120752.72,4.0863,2.1813,1729852378.0,1,19,9330.0,5.6535,0.0,5.6535,21.7613,0.0
120762.72,4.0878,2.1812,1729852388.0,1,19,9340.0,5.6595,0.0,5.6595,21.786,0.0
120772.72,4.0891,2.1812,1729852398.0,1,19,9350.0,5.6656,0.0,5.6656,21.8108,0.0
120782.72,4.0905,2.1812,1729852408.0,1,19,9360.0,5.6716,0.0,5.6716,21.8356,0.0
120792.72,4.0918,2.1812,1729852418.0,1,19,9370.0,5.6777,0.0,5.6777,21.8604,0.0
120802.72,4.0931,2.1812,1729852428.0,1,19,9380.0,5.6838,0.0,5.6838,21.8852,0.0
120812.72,4.0943,2.1812,1729852438.0,1,19,9390.0,5.6898,0.0,5.6898,21.91,0.0
120822.72,4.0956,2.1811,1729852448.0,1,19,9400.0,5.6959,0.0,5.6959,21.9348,0.0
120832.72,4.0968,2.1812,1729852458.0,1,19,9410.0,5.7019,0.0,5.7019,21.9596,0.0
120842.72,4.0979,2.1812,1729852468.0,1,19,9420.0,5.708,0.0,5.708,21.9844,0.0
120852.72,4.099,2.1812,1729852478.0,1,19,9430.0,5.7141,0.0,5.7141,22.0093,0.0
120862.72,4.1,2.1812,1729852488.0,1,19,9440.0,5.7201,0.0,5.7201,22.0341,0.0
120872.72,4.101,2.1812,1729852498.0,1,19,9450.0,5.7262,0.0,5.7262,22.0589,0.0
120882.72,4.102,2.1811,1729852508.0,1,19,9460.0,5.7322,0.0,5.7322,22.0838,0.0
120892.72,4.1029,2.1812,1729852518.0,1,19,9470.0,5.7383,0.0,5.7383,22.1087,0.0
120902.72,4.1037,2.1812,1729852528.0,1,19,9480.0,5.7444,0.0,5.7444,22.1335,0.0
120912.72,4.1045,2.1812,1729852538.0,1,19,9490.0,5.7504,0.0,5.7504,22.1584,0.0
120922.72,4.1052,2.1812,1729852548.0,1,19,9500.0,5.7565,0.0,5.7565,22.1833,0.0
120932.72,4.1059,2.1812,1729852558.0,1,19,9510.0,5.7625,0.0,5.7625,22.2081,0.0
120942.72,4.1066,2.1812,1729852568.0,1,19,9520.0,5.7686,0.0,5.7686,22.233,0.0
120952.72,4.1072,2.1812,1729852578.0,1,19,9530.0,5.7746,0.0,5.7746,22.2579,0.0
120962.72,4.1077,2.1812,1729852588.0,1,19,9540.0,5.7807,0.0,5.7807,22.2828,0.0
120972.72,4.1083,2.1811,1729852598.0,1,19,9550.0,5.7868,0.0,5.7868,22.3077,0.0
120982.72,4.1088,2.1812,1729852608.0,1,19,9560.0,5.7928,0.0,5.7928,22.3326,0.0
120992.72,4.1093,2.1811,1729852618.0,1,19,9570.0,5.7989,0.0,5.7989,22.3575,0.0
121002.72,4.1098,2.1811,1729852628.0,1,19,9580.0,5.8049,0.0,5.8049,22.3824,0.0
121012.72,4.1102,2.1811,1729852638.0,1,19,9590.0,5.811,0.0,5.811,22.4073,0.0
121022.72,4.1107,2.1812,1729852648.0,1,19,9600.0,5.8171,0.0,5.8171,22.4322,0.0
121032.72,4.1111,2.1811,1729852658.0,1,19,9610.0,5.8231,0.0,5.8231,22.4571,0.0
121042.72,4.1115,2.1812,1729852668.0,1,19,9620.0,5.8292,0.0,5.8292,22.482,0.0
121052.72,4.112,2.1812,1729852678.0,1,19,9630.0,5.8352,0.0,5.8352,22.5069,0.0
121062.72,4.1124,2.1812,1729852688.0,1,19,9640.0,5.8413,0.0,5.8413,22.5318,0.0
121072.72,4.1128,2.1811,1729852698.0,1,19,9650.0,5.8474,0.0,5.8474,22.5567,0.0
121082.72,4.1132,2.1811,1729852708.0,1,19,9660.0,5.8534,0.0,5.8534,22.5816,0.0
121092.72,4.1137,2.1811,1729852718.0,1,19,9670.0,5.8595,0.0,5.8595,22.6066,0.0
121102.72,4.1141,2.1811,1729852728.0,1,19,9680.0,5.8655,0.0,5.8655,22.6315,0.0
121112.72,4.1145,2.1812,1729852738.0,1,19,9690.0,5.8716,0.0,5.8716,22.6564,0.0
121122.72,4.115,2.1812,1729852748.0,1,19,9700.0,5.8776,0.0,5.8776,22.6813,0.0
121132.72,4.1155,2.1811,1729852758.0,1,19,9710.0,5.8837,0.0,5.8837,22.7063,0.0
121142.72,4.1159,2.1811,1729852768.0,1,19,9720.0,5.8898,0.0,5.8898,22.7312,0.0
121152.72,4.1164,2.1811,1729852778.0,1,19,9730.0,5.8958,0.0,5.8958,22.7562,0.0
121162.72,4.1169,2.1811,1729852788.0,1,19,9740.0,5.9019,0.0,5.9019,22.7811,0.0
121172.72,4.1174,2.1811,1729852798.0,1,19,9750.0,5.9079,0.0,5.9079,22.806,0.0
121182.72,4.1179,2.1811,1729852808.0,1,19,9760.0,5.914,0.0,5.914,22.831,0.0
121192.72,4.1184,2.1811,1729852818.0,1,19,9770.0,5.9201,0.0,5.9201,22.8559,0.0
121202.72,4.1189,2.1811,1729852828.0,1,19,9780.0,5.9261,0.0,5.9261,22.8809,0.0
121212.72,4.1195,2.1811,1729852838.0,1,19,9790.0,5.9322,0.0,5.9322,22.9058,0.0
121222.72,4.1201,2.1811,1729852848.0,1,19,9800.0,5.9382,0.0,5.9382,22.9308,0.0
121232.72,4.1207,2.1812,1729852858.0,1,19,9810.0,5.9443,0.0,5.9443,22.9558,0.0
121242.72,4.1213,2.1811,1729852868.0,1,19,9820.0,5.9504,0.0,5.9504,22.9807,0.0
121252.72,4.1219,2.1811,1729852878.0,1,19,9830.0,5.9564,0.0,5.9564,23.0057,0.0
121262.72,4.1226,2.1811,1729852888.0,1,19,9840.0,5.9625,0.0,5.9625,23.0307,0.0
121272.72,4.1232,2.1811,1729852898.0,1,19,9850.0,5.9685,0.0,5.9685,23.0557,0.0
121282.72,4.1239,2.1811,1729852908.0,1,19,9860.0,5.9746,0.0,5.9746,23.0807,0.0
121292.72,4.1245,2.1811,1729852918.0,1,19,9870.0,5.9806,0.0,5.9806,23.1056,0.0
121302.72,4.1253,2.1811,1729852928.0,1,19,9880.0,5.9867,0.0,5.9867,23.1306,0.0
121312.72,4.126,2.1812,1729852938.0,1,19,9890.0,5.9928,0.0,5.9928,23.1556,0.0
121322.72,4.1267,2.1811,1729852948.0,1,19,9900.0,5.9988,0.0,5.9988,23.1806,0.0
121332.72,4.1274,2.1811,1729852958.0,1,19,9910.0,6.0049,0.0,6.0049,23.2056,0.0
121342.72,4.1282,2.181,1729852968.0,1,19,9920.0,6.0109,0.0,6.0109,23.2306,0.0
121352.72,4.129,2.1811,1729852978.0,1,19,9930.0,6.017,0.0,6.017,23.2557,0.0
121362.72,4.1297,2.181,1729852988.0,1,19,9940.0,6.0231,0.0,6.0231,23.2807,0.0
121372.72,4.1305,2.1811,1729852998.0,1,19,9950.0,6.0291,0.0,6.0291,23.3057,0.0
121382.72,4.1313,2.1811,1729853008.0,1,19,9960.0,6.0352,0.0,6.0352,23.3307,0.0
121392.72,4.1321,2.1811,1729853018.0,1,19,9970.0,6.0412,0.0,6.0412,23.3558,0.0
121402.72,4.1329,2.1811,1729853028.0,1,19,9980.0,6.0473,0.0,6.0473,23.3808,0.0
121412.72,4.1337,2.1811,1729853038.0,1,19,9990.0,6.0533,0.0,6.0533,23.4058,0.0
121422.72,4.1345,2.181,1729853048.0,1,19,10000.0,6.0594,0.0,6.0594,23.4309,0.0
121432.72,4.1354,2.1811,1729853058.0,1,19,10010.0,6.0655,0.0,6.0655,23.4559,0.0
121442.72,4.1362,2.1811,1729853068.0,1,19,10020.0,6.0715,0.0,6.0715,23.481,0.0
121452.72,4.137,2.1811,1729853078.0,1,19,10030.0,6.0776,0.0,6.0776,23.506,0.0
121462.72,4.1379,2.1811,1729853088.0,1,19,10040.0,6.0836,0.0,6.0836,23.5311,0.0
121472.72,4.1387,2.1811,1729853098.0,1,19,10050.0,6.0897,0.0,6.0897,23.5562,0.0
121482.72,4.1396,2.181,1729853108.0,1,19,10060.0,6.0958,0.0,6.0958,23.5813,0.0
121492.72,4.1404,2.1811,1729853118.0,1,19,10070.0,6.1018,0.0,6.1018,23.6063,0.0
121502.72,4.1412,2.1811,1729853128.0,1,19,10080.0,6.1079,0.0,6.1079,23.6314,0.0
121512.72,4.1421,2.181,1729853138.0,1,19,10090.0,6.1139,0.0,6.1139,23.6565,0.0
121522.72,4.143,2.181,1729853148.0,1,19,10100.0,6.12,0.0,6.12,23.6816,0.0
121532.72,4.1438,2.181,1729853158.0,1,19,10110.0,6.126,0.0,6.126,23.7067,0.0
121542.72,4.1446,2.1811,1729853168.0,1,19,10120.0,6.1321,0.0,6.1321,23.7318,0.0
121552.72,4.1455,2.181,1729853178.0,1,19,10130.0,6.1382,0.0,6.1382,23.7569,0.0
121562.72,4.1464,2.1811,1729853188.0,1,19,10140.0,6.1442,0.0,6.1442,23.7821,0.0
121572.72,4.1473,2.1811,1729853198.0,1,19,10150.0,6.1503,0.0,6.1503,23.8072,0.0
121582.72,4.1482,2.181,1729853208.0,1,19,10160.0,6.1563,0.0,6.1563,23.8323,0.0
121592.72,4.149,2.1811,1729853218.0,1,19,10170.0,6.1624,0.0,6.1624,23.8575,0.0
121602.72,4.1499,2.181,1729853228.0,1,19,10180.0,6.1685,0.0,6.1685,23.8826,0.0
121612.72,4.1508,2.181,1729853238.0,1,19,10190.0,6.1745,0.0,6.1745,23.9077,0.0
121622.72,4.1516,2.181,1729853248.0,1,19,10200.0,6.1806,0.0,6.1806,23.9329,0.0
121632.72,4.1526,2.1811,1729853258.0,1,19,10210.0,6.1866,0.0,6.1866,23.958,0.0
121642.72,4.1534,2.181,1729853268.0,1,19,10220.0,6.1927,0.0,6.1927,23.9832,0.0
121652.72,4.1543,2.181,1729853278.0,1,19,10230.0,6.1987,0.0,6.1987,24.0084,0.0
121662.72,4.1552,2.181,1729853288.0,1,19,10240.0,6.2048,0.0,6.2048,24.0335,0.0
121672.72,4.156,2.181,1729853298.0,1,19,10250.0,6.2109,0.0,6.2109,24.0587,0.0
121682.72,4.157,2.1809,1729853308.0,1,19,10260.0,6.2169,0.0,6.2169,24.0839,0.0
121692.72,4.1579,2.181,1729853318.0,1,19,10270.0,6.223,0.0,6.223,24.1091,0.0
121702.72,4.1588,2.181,1729853328.0,1,19,10280.0,6.229,0.0,6.229,24.1343,0.0
121712.72,4.1597,2.181,1729853338.0,1,19,10290.0,6.2351,0.0,6.2351,24.1595,0.0
121722.72,4.1606,2.181,1729853348.0,1,19,10300.0,6.2412,0.0,6.2412,24.1847,0.0
121732.72,4.1615,2.1809,1729853358.0,1,19,10310.0,6.2472,0.0,6.2472,24.2099,0.0
121742.72,4.1624,2.181,1729853368.0,1,19,10320.0,6.2533,0.0,6.2533,24.2351,0.0
121752.72,4.1633,2.181,1729853378.0,1,19,10330.0,6.2593,0.0,6.2593,24.2603,0.0
121762.72,4.1642,2.181,1729853388.0,1,19,10340.0,6.2654,0.0,6.2654,24.2855,0.0
121772.72,4.1651,2.181,1729853398.0,1,19,10350.0,6.2714,0.0,6.2714,24.3108,0.0
121782.72,4.166,2.181,1729853408.0,1,19,10360.0,6.2775,0.0,6.2775,24.336,0.0
121792.72,4.1669,2.1809,1729853418.0,1,19,10370.0,6.2836,0.0,6.2836,24.3612,0.0
121802.72,4.1679,2.1809,1729853428.0,1,19,10380.0,6.2896,0.0,6.2896,24.3865,0.0
121812.72,4.1688,2.1809,1729853438.0,1,19,10390.0,6.2957,0.0,6.2957,24.4117,0.0
121822.72,4.1697,2.181,1729853448.0,1,19,10400.0,6.3017,0.0,6.3017,24.437,0.0
121832.72,4.1706,2.1809,1729853458.0,1,19,10410.0,6.3078,0.0,6.3078,24.4623,0.0
121842.72,4.1715,2.1809,1729853468.0,1,19,10420.0,6.3139,0.0,6.3139,24.4875,0.0
121852.72,4.1725,2.1809,1729853478.0,1,19,10430.0,6.3199,0.0,6.3199,24.5128,0.0
121862.72,4.1734,2.1809,1729853488.0,1,19,10440.0,6.326,0.0,6.326,24.5381,0.0
121872.72,4.1743,2.1809,1729853498.0,1,19,10450.0,6.332,0.0,6.332,24.5634,0.0
121882.72,4.1752,2.181,1729853508.0,1,19,10460.0,6.3381,0.0,6.3381,24.5887,0.0
121892.72,4.1762,2.1809,1729853518.0,1,19,10470.0,6.3441,0.0,6.3441,24.614,0.0
121902.72,4.1771,2.1809,1729853528.0,1,19,10480.0,6.3502,0.0,6.3502,24.6393,0.0
121912.72,4.178,2.1809,1729853538.0,1,19,10490.0,6.3563,0.0,6.3563,24.6646,0.0
121922.72,4.179,2.1809,1729853548.0,1,19,10500.0,6.3623,0.0,6.3623,24.6899,0.0
121932.72,4.1799,2.1809,1729853558.0,1,19,10510.0,6.3684,0.0,6.3684,24.7152,0.0
121942.72,4.1809,2.1809,1729853568.0,1,19,10520.0,6.3744,0.0,6.3744,24.7405,0.0
121952.72,4.1818,2.1809,1729853578.0,1,19,10530.0,6.3805,0.0,6.3805,24.7659,0.0
121962.72,4.1828,2.1809,1729853588.0,1,19,10540.0,6.3866,0.0,6.3866,24.7912,0.0
121972.72,4.1837,2.1809,1729853598.0,1,19,10550.0,6.3926,0.0,6.3926,24.8165,0.0
121982.72,4.1846,2.1809,1729853608.0,1,19,10560.0,6.3987,0.0,6.3987,24.8419,0.0
121992.72,4.1856,2.1808,1729853618.0,1,19,10570.0,6.4047,0.0,6.4047,24.8672,0.0
122002.72,4.1866,2.1809,1729853628.0,1,19,10580.0,6.4108,0.0,6.4108,24.8926,0.0
122012.72,4.1875,2.1808,1729853638.0,1,19,10590.0,6.4168,0.0,6.4168,24.918,0.0
122022.72,4.1885,2.1809,1729853648.0,1,19,10600.0,6.4229,0.0,6.4229,24.9433,0.0
122032.72,4.1895,2.1808,1729853658.0,1,19,10610.0,6.429,0.0,6.429,24.9687,0.0
122042.72,4.1904,2.1807,1729853668.0,1,19,10620.0,6.435,0.0,6.435,24.9941,0.0
122052.72,4.1913,2.1808,1729853678.0,1,19,10630.0,6.4411,0.0,6.4411,25.0195,0.0
122062.72,4.1923,2.1807,1729853688.0,1,19,10640.0,6.4471,0.0,6.4471,25.0449,0.0
122072.72,4.1933,2.1808,1729853698.0,1,19,10650.0,6.4532,0.0,6.4532,25.0703,0.0
122082.72,4.1943,2.1809,1729853708.0,1,19,10660.0,6.4592,0.0,6.4592,25.0957,0.0
122092.72,4.1953,2.1808,1729853718.0,1,19,10670.0,6.4653,0.0,6.4653,25.1211,0.0
122102.72,4.1962,2.1808,1729853728.0,1,19,10680.0,6.4714,0.0,6.4714,25.1465,0.0
122112.72,4.1972,2.1807,1729853738.0,1,19,10690.0,6.4774,0.0,6.4774,25.1719,0.0
122122.72,4.1982,2.1808,1729853748.0,1,19,10700.0,6.4835,0.0,6.4835,25.1974,0.0
122132.72,4.1992,2.1808,1729853758.0,1,19,10710.0,6.4895,0.0,6.4895,25.2228,0.0
122142.72,4.2001,2.1807,1729853768.0,1,19,10720.0,6.4956,0.0,6.4956,25.2482,0.0
122152.72,4.2012,2.1808,1729853778.0,1,19,10730.0,6.5017,0.0,6.5017,25.2737,0.0
122162.72,4.2022,2.1807,1729853788.0,1,19,10740.0,6.5077,0.0,6.5077,25.2991,0.0
122172.72,4.2032,2.1807,1729853798.0,1,19,10750.0,6.5138,0.0,6.5138,25.3246,0.0
122182.72,4.2042,2.1808,1729853808.0,1,19,10760.0,6.5198,0.0,6.5198,25.3501,0.0
122192.72,4.2052,2.1808,1729853818.0,1,19,10770.0,6.5259,0.0,6.5259,25.3755,0.0
122202.72,4.2062,2.1808,1729853828.0,1,19,10780.0,6.5319,0.0,6.5319,25.401,0.0
122212.72,4.2073,2.1807,1729853838.0,1,19,10790.0,6.538,0.0,6.538,25.4265,0.0
122222.72,4.2083,2.1808,1729853848.0,1,19,10800.0,6.5441,0.0,6.5441,25.452,0.0
122232.72,4.2093,2.1806,1729853858.0,1,19,10810.0,6.5501,0.0,6.5501,25.4775,0.0
122242.72,4.2103,2.1806,1729853868.0,1,19,10820.0,6.5562,0.0,6.5562,25.503,0.0
122252.72,4.2113,2.1806,1729853878.0,1,19,10830.0,6.5622,0.0,6.5622,25.5285,0.0
122262.72,4.2124,2.1806,1729853888.0,1,19,10840.0,6.5683,0.0,6.5683,25.554,0.0
122272.72,4.2134,2.1806,1729853898.0,1,19,10850.0,6.5743,0.0,6.5743,25.5795,0.0
122282.72,4.2144,2.1807,1729853908.0,1,19,10860.0,6.5804,0.0,6.5804,25.605,0.0
122292.72,4.2155,2.1806,1729853918.0,1,19,10870.0,6.5865,0.0,6.5865,25.6306,0.0
122302.72,4.2166,2.1806,1729853928.0,1,19,10880.0,6.5925,0.0,6.5925,25.6561,0.0
122312.72,4.2176,2.1806,1729853938.0,1,19,10890.0,6.5986,0.0,6.5986,25.6816,0.0
122322.72,4.2187,2.1807,1729853948.0,1,19,10900.0,6.6046,0.0,6.6046,25.7072,0.0
122332.72,4.2197,2.1806,1729853958.0,1,19,10910.0,6.6107,0.0,6.6107,25.7327,0.0
122342.72,4.2208,2.1806,1729853968.0,1,19,10920.0,6.6167,0.0,6.6167,25.7583,0.0
122352.72,4.2219,2.1806,1729853978.0,1,19,10930.0,6.6228,0.0,6.6228,25.7839,0.0
122362.72,4.223,2.1806,1729853988.0,1,19,10940.0,6.6289,0.0,6.6289,25.8095,0.0
122372.72,4.2241,2.1806,1729853998.0,1,19,10950.0,6.6349,0.0,6.6349,25.835,0.0
122382.72,4.2252,2.1806,1729854008.0,1,19,10960.0,6.641,0.0,6.641,25.8606,0.0
122392.72,4.2262,2.1806,1729854018.0,1,19,10970.0,6.647,0.0,6.647,25.8862,0.0
122402.72,4.2273,2.1805,1729854028.0,1,19,10980.0,6.6531,0.0,6.6531,25.9118,0.0
122412.72,4.2285,2.1805,1729854038.0,1,19,10990.0,6.6591,0.0,6.6591,25.9374,0.0
122422.72,4.2296,2.1805,1729854048.0,1,19,11000.0,6.6652,0.0,6.6652,25.963,0.0
122432.72,4.2307,2.1806,1729854058.0,1,19,11010.0,6.6713,0.0,6.6713,25.9887,0.0
122442.72,4.2319,2.1805,1729854068.0,1,19,11020.0,6.6773,0.0,6.6773,26.0143,0.0
122452.72,4.233,2.1805,1729854078.0,1,19,11030.0,6.6834,0.0,6.6834,26.0399,0.0
122462.72,4.2342,2.1805,1729854088.0,1,19,11040.0,6.6894,0.0,6.6894,26.0656,0.0
122472.72,4.2353,2.1805,1729854098.0,1,19,11050.0,6.6955,0.0,6.6955,26.0912,0.0
122482.72,4.2365,2.1806,1729854108.0,1,19,11060.0,6.7015,0.0,6.7015,26.1169,0.0
122492.72,4.2377,2.1805,1729854118.0,1,19,11070.0,6.7076,0.0,6.7076,26.1425,0.0
122502.72,4.2388,2.1804,1729854128.0,1,19,11080.0,6.7137,0.0,6.7137,26.1682,0.0
122512.72,4.24,2.1804,1729854138.0,1,19,11090.0,6.7197,0.0,6.7197,26.1939,0.0
122522.72,4.2412,2.1804,1729854148.0,1,19,11100.0,6.7258,0.0,6.7258,26.2196,0.0
122532.72,4.2424,2.1805,1729854158.0,1,19,11110.0,6.7318,0.0,6.7318,26.2453,0.0
122542.72,4.2436,2.1804,1729854168.0,1,19,11120.0,6.7379,0.0,6.7379,26.271,0.0
122552.72,4.2448,2.1804,1729854178.0,1,19,11130.0,6.7439,0.0,6.7439,26.2967,0.0
122562.72,4.2461,2.1804,1729854188.0,1,19,11140.0,6.75,0.0,6.75,26.3224,0.0
122572.72,4.2473,2.1803,1729854198.0,1,19,11150.0,6.7561,0.0,6.7561,26.3481,0.0
122582.72,4.2485,2.1804,1729854208.0,1,19,11160.0,6.7621,0.0,6.7621,26.3738,0.0
122592.72,4.2498,2.1803,1729854218.0,1,19,11170.0,6.7682,0.0,6.7682,26.3996,0.0
122602.72,4.2511,2.1803,1729854228.0,1,19,11180.0,6.7742,0.0,6.7742,26.4253,0.0
122612.72,4.2523,2.1803,1729854238.0,1,19,11190.0,6.7803,0.0,6.7803,26.4511,0.0
122622.72,4.2536,2.1804,1729854248.0,1,19,11200.0,6.7863,0.0,6.7863,26.4768,0.0
122632.72,4.2549,2.1803,1729854258.0,1,19,11210.0,6.7924,0.0,6.7924,26.5026,0.0
122642.72,4.2562,2.1803,1729854268.0,1,19,11220.0,6.7984,0.0,6.7984,26.5284,0.0
122652.72,4.2575,2.1803,1729854278.0,1,19,11230.0,6.8045,0.0,6.8045,26.5541,0.0
122662.72,4.2589,2.1803,1729854288.0,1,19,11240.0,6.8106,0.0,6.8106,26.5799,0.0
122672.72,4.2602,2.1802,1729854298.0,1,19,11250.0,6.8166,0.0,6.8166,26.6057,0.0
122682.72,4.2616,2.1802,1729854308.0,1,19,11260.0,6.8227,0.0,6.8227,26.6315,0.0
122692.72,4.2629,2.1802,1729854318.0,1,19,11270.0,6.8287,0.0,6.8287,26.6574,0.0
122702.72,4.2643,2.1802,1729854328.0,1,19,11280.0,6.8348,0.0,6.8348,26.6832,0.0
122712.72,4.2657,2.1802,1729854338.0,1,19,11290.0,6.8408,0.0,6.8408,26.709,0.0
122722.72,4.267,2.1801,1729854348.0,1,19,11300.0,6.8469,0.0,6.8469,26.7348,0.0
122732.72,4.2685,2.1803,1729854358.0,1,19,11310.0,6.853,0.0,6.853,26.7607,0.0
122742.72,4.2699,2.1802,1729854368.0,1,19,11320.0,6.859,0.0,6.859,26.7865,0.0
122752.72,4.2713,2.1802,1729854378.0,1,19,11330.0,6.8651,0.0,6.8651,26.8124,0.0
122762.72,4.2728,2.1801,1729854388.0,1,19,11340.0,6.8711,0.0,6.8711,26.8383,0.0
122772.72,4.2743,2.1801,1729854398.0,1,19,11350.0,6.8772,0.0,6.8772,26.8642,0.0
122782.72,4.2757,2.1801,1729854408.0,1,19,11360.0,6.8832,0.0,6.8832,26.89,0.0
122792.72,4.2772,2.1801,1729854418.0,1,19,11370.0,6.8893,0.0,6.8893,26.9159,0.0
122802.72,4.2787,2.18,1729854428.0,1,19,11380.0,6.8953,0.0,6.8953,26.9418,0.0
122812.72,4.2802,2.18,1729854438.0,1,19,11390.0,6.9014,0.0,6.9014,26.9678,0.0
122822.72,4.2818,2.1801,1729854448.0,1,19,11400.0,6.9075,0.0,6.9075,26.9937,0.0
122832.72,4.2833,2.18,1729854458.0,1,19,11410.0,6.9135,0.0,6.9135,27.0196,0.0
122842.72,4.2849,2.18,1729854468.0,1,19,11420.0,6.9196,0.0,6.9196,27.0456,0.0
122852.72,4.2864,2.1799,1729854478.0,1,19,11430.0,6.9256,0.0,6.9256,27.0715,0.0
122862.72,4.288,2.1799,1729854488.0,1,19,11440.0,6.9317,0.0,6.9317,27.0975,0.0
122872.72,4.2896,2.1799,1729854498.0,1,19,11450.0,6.9377,0.0,6.9377,27.1234,0.0
122882.72,4.2912,2.18,1729854508.0,1,19,11460.0,6.9438,0.0,6.9438,27.1494,0.0
122892.72,4.2928,2.1799,1729854518.0,1,19,11470.0,6.9498,0.0,6.9498,27.1754,0.0
122902.72,4.2945,2.18,1729854528.0,1,19,11480.0,6.9559,0.0,6.9559,27.2014,0.0
122912.72,4.2962,2.1799,1729854538.0,1,19,11490.0,6.962,0.0,6.962,27.2274,0.0
122922.72,4.2978,2.1799,1729854548.0,1,19,11500.0,6.968,0.0,6.968,27.2534,0.0
122932.72,4.2995,2.1798,1729854558.0,1,19,11510.0,6.9741,0.0,6.9741,27.2795,0.0
122942.72,4.3012,2.1798,1729854568.0,1,19,11520.0,6.9801,0.0,6.9801,27.3055,0.0
122952.72,4.3029,2.1797,1729854578.0,1,19,11530.0,6.9862,0.0,6.9862,27.3316,0.0
122962.72,4.3046,2.1798,1729854588.0,1,19,11540.0,6.9922,0.0,6.9922,27.3576,0.0
122972.72,4.3063,2.1797,1729854598.0,1,19,11550.0,6.9983,0.0,6.9983,27.3837,0.0
122982.72,4.308,2.1796,1729854608.0,1,19,11560.0,7.0043,0.0,7.0043,27.4098,0.0
122992.72,4.3097,2.1797,1729854618.0,1,19,11570.0,7.0104,0.0,7.0104,27.4359,0.0
123002.72,4.3114,2.1796,1729854628.0,1,19,11580.0,7.0164,0.0,7.0164,27.462,0.0
123012.72,4.3132,2.1797,1729854638.0,1,19,11590.0,7.0225,0.0,7.0225,27.4881,0.0
123022.72,4.3149,2.1796,1729854648.0,1,19,11600.0,7.0286,0.0,7.0286,27.5142,0.0
123032.72,4.3166,2.1796,1729854658.0,1,19,11610.0,7.0346,0.0,7.0346,27.5403,0.0
123042.72,4.3184,2.1795,1729854668.0,1,19,11620.0,7.0407,0.0,7.0407,27.5664,0.0
123052.72,4.3201,2.1795,1729854678.0,1,19,11630.0,7.0467,0.0,7.0467,27.5926,0.0
123062.72,4.3218,2.1795,1729854688.0,1,19,11640.0,7.0528,0.0,7.0528,27.6188,0.0
123072.72,4.3236,2.1795,1729854698.0,1,19,11650.0,7.0588,0.0,7.0588,27.6449,0.0
123082.72,4.3253,2.1794,1729854708.0,1,19,11660.0,7.0649,0.0,7.0649,27.6711,0.0
123092.72,4.327,2.1794,1729854718.0,1,19,11670.0,7.0709,0.0,7.0709,27.6973,0.0
123102.72,4.3287,2.1794,1729854728.0,1,19,11680.0,7.077,0.0,7.077,27.7235,0.0
123112.72,4.3303,2.1794,1729854738.0,1,19,11690.0,7.083,0.0,7.083,27.7497,0.0
123122.72,4.332,2.1793,1729854748.0,1,19,11700.0,7.0891,0.0,7.0891,27.7759,0.0
123132.72,4.3337,2.1792,1729854758.0,1,19,11710.0,7.0952,0.0,7.0952,27.8022,0.0
123142.72,4.3352,2.1793,1729854768.0,1,19,11720.0,7.1012,0.0,7.1012,27.8284,0.0
123152.72,4.3368,2.1794,1729854778.0,1,19,11730.0,7.1073,0.0,7.1073,27.8546,0.0
123162.72,4.3384,2.1792,1729854788.0,1,19,11740.0,7.1133,0.0,7.1133,27.8809,0.0
123172.72,4.34,2.1792,1729854798.0,1,19,11750.0,7.1194,0.0,7.1194,27.9072,0.0
123182.72,4.3415,2.1793,1729854808.0,1,19,11760.0,7.1254,0.0,7.1254,27.9334,0.0
123192.72,4.343,2.1792,1729854818.0,1,19,11770.0,7.1315,0.0,7.1315,27.9597,0.0
123202.72,4.3445,2.1792,1729854828.0,1,19,11780.0,7.1375,0.0,7.1375,27.986,0.0
123212.72,4.346,2.1791,1729854838.0,1,19,11790.0,7.1436,0.0,7.1436,28.0123,0.0
123222.72,4.3475,2.179,1729854848.0,1,19,11800.0,7.1496,0.0,7.1496,28.0386,0.0
123232.72,4.349,2.179,1729854858.0,1,19,11810.0,7.1557,0.0,7.1557,28.065,0.0
123240.77,4.35,2.1586,1729854866.0,1,19,11818.05,7.1606,0.0,7.1606,28.0862,0.0
123241.27,4.3501,2.1382,1729854867.0,1,19,11818.55,7.1609,0.0,7.1609,28.0874,0.0
123241.8,4.3501,2.1182,1729854867.0,1,19,11819.08,7.1612,0.0,7.1612,28.0888,0.0
123242.37,4.35,2.0976,1729854868.0,1,19,11819.65,7.1615,0.0,7.1615,28.0903,0.0
123242.72,4.35,2.0842,1729854868.0,1,19,11820.0,7.1617,0.0,7.1617,28.0911,0.0
123243.3,4.35,2.0641,1729854869.0,1,19,11820.58,7.162,0.0,7.162,28.0926,0.0
123243.96,4.35,2.0435,1729854870.0,1,19,11821.24,7.1624,0.0,7.1624,28.0942,0.0
123244.71,4.3501,2.0233,1729854870.0,1,19,11821.99,7.1628,0.0,7.1628,28.0961,0.0
123245.37,4.35,2.0032,1729854871.0,1,19,11822.65,7.1632,0.0,7.1632,28.0977,0.0
123246.11,4.35,1.983,1729854872.0,1,19,11823.39,7.1636,0.0,7.1636,28.0995,0.0
123246.8,4.35,1.9625,1729854872.0,1,19,11824.08,7.164,0.0,7.164,28.1011,0.0
123247.64,4.35,1.9424,1729854873.0,1,19,11824.92,7.1645,0.0,7.1645,28.1031,0.0
123248.47,4.35,1.9224,1729854874.0,1,19,11825.75,7.1649,0.0,7.1649,28.105,0.0
123249.32,4.35,1.9023,1729854875.0,1,19,11826.6,7.1653,0.0,7.1653,28.107,0.0
123250.4,4.35,1.8822,1729854876.0,1,19,11827.68,7.1659,0.0,7.1659,28.1095,0.0
123251.24,4.35,1.8619,1729854877.0,1,19,11828.52,7.1664,0.0,7.1664,28.1114,0.0
123252.03,4.35,1.8417,1729854878.0,1,19,11829.31,7.1668,0.0,7.1668,28.1131,0.0
123252.72,4.35,1.8291,1729854878.0,1,19,11830.0,7.1671,0.0,7.1671,28.1147,0.0
123253.9,4.3501,1.8089,1729854880.0,1,19,11831.18,7.1677,0.0,7.1677,28.1173,0.0
123255.09,4.35,1.7884,1729854881.0,1,19,11832.37,7.1683,0.0,7.1683,28.1198,0.0
123255.93,4.35,1.7683,1729854882.0,1,19,11833.21,7.1687,0.0,7.1687,28.1216,0.0
123257.05,4.35,1.7481,1729854883.0,1,19,11834.33,7.1693,0.0,7.1693,28.124,0.0
123258.32,4.35,1.7276,1729854884.0,1,19,11835.6,7.1699,0.0,7.1699,28.1267,0.0
123259.49,4.35,1.7076,1729854885.0,1,19,11836.77,7.1704,0.0,7.1704,28.1291,0.0
123260.59,4.35,1.6873,1729854886.0,1,19,11837.87,7.171,0.0,7.171,28.1314,0.0
123262.14,4.35,1.6672,1729854888.0,1,19,11839.42,7.1717,0.0,7.1717,28.1345,0.0
123262.72,4.35,1.6589,1729854888.0,1,19,11840.0,7.1719,0.0,7.1719,28.1357,0.0
123263.93,4.35,1.6388,1729854890.0,1,19,11841.21,7.1725,0.0,7.1725,28.1381,0.0
123265.08,4.35,1.6187,1729854891.0,1,19,11842.36,7.173,0.0,7.173,28.1404,0.0
123266.76,4.35,1.5982,1729854892.0,1,19,11844.04,7.1738,0.0,7.1738,28.1436,0.0
123267.95,4.35,1.578,1729854894.0,1,19,11845.23,7.1743,0.0,7.1743,28.1459,0.0
123269.57,4.35,1.5579,1729854895.0,1,19,11846.85,7.175,0.0,7.175,28.149,0.0
123271.05,4.35,1.5377,1729854897.0,1,19,11848.33,7.1756,0.0,7.1756,28.1517,0.0
123272.72,4.35,1.5179,1729854898.0,1,19,11850.0,7.1763,0.0,7.1763,28.1548,0.0
123274.29,4.35,1.4976,1729854900.0,1,19,11851.57,7.177,0.0,7.177,28.1577,0.0
123275.78,4.35,1.4775,1729854901.0,1,19,11853.06,7.1776,0.0,7.1776,28.1604,0.0
123277.49,4.35,1.4574,1729854903.0,1,19,11854.77,7.1783,0.0,7.1783,28.1634,0.0
123279.14,4.35,1.4374,1729854905.0,1,19,11856.42,7.179,0.0,7.179,28.1663,0.0
123280.85,4.35,1.417,1729854907.0,1,19,11858.13,7.1797,0.0,7.1797,28.1692,0.0
123282.46,4.35,1.3969,1729854908.0,1,19,11859.74,7.1803,0.0,7.1803,28.172,0.0
123282.72,4.35,1.3965,1729854908.0,1,19,11860.0,7.1804,0.0,7.1804,28.1724,0.0
123284.48,4.35,1.3761,1729854910.0,1,19,11861.76,7.1811,0.0,7.1811,28.1754,0.0
123286.34,4.35,1.3559,1729854912.0,1,19,11863.62,7.1818,0.0,7.1818,28.1784,0.0
123288.36,4.35,1.3356,1729854914.0,1,19,11865.64,7.1825,0.0,7.1825,28.1817,0.0
123290.02,4.35,1.3154,1729854916.0,1,19,11867.3,7.1831,0.0,7.1831,28.1844,0.0
123292.09,4.35,1.2953,1729854918.0,1,19,11869.37,7.1839,0.0,7.1839,28.1876,0.0
123292.72,4.35,1.2882,1729854918.0,1,19,11870.0,7.1841,0.0,7.1841,28.1886,0.0
123294.67,4.35,1.2678,1729854920.0,1,19,11871.95,7.1848,0.0,7.1848,28.1916,0.0
123296.84,4.35,1.2476,1729854922.0,1,19,11874.12,7.1856,0.0,7.1856,28.1949,0.0
123299.15,4.35,1.2273,1729854925.0,1,19,11876.43,7.1864,0.0,7.1864,28.1984,0.0
123301.52,4.35,1.2072,1729854927.0,1,19,11878.8,7.1872,0.0,7.1872,28.2019,0.0
123302.72,4.35,1.1941,1729854928.0,1,19,11880.0,7.1876,0.0,7.1876,28.2036,0.0
123305.02,4.35,1.1741,1729854931.0,1,19,11882.3,7.1883,0.0,7.1883,28.2069,0.0
123307.55,4.35,1.154,1729854933.0,1,19,11884.83,7.1891,0.0,7.1891,28.2105,0.0
123309.53,4.35,1.1339,1729854935.0,1,19,11886.81,7.1898,0.0,7.1898,28.2132,0.0
123312.17,4.35,1.1138,1729854938.0,1,19,11889.45,7.1906,0.0,7.1906,28.2168,0.0
123312.72,4.35,1.1087,1729854938.0,1,19,11890.0,7.1908,0.0,7.1908,28.2175,0.0
123315.28,4.35,1.0886,1729854941.0,1,19,11892.56,7.1915,0.0,7.1915,28.2209,0.0
123317.74,4.35,1.0686,1729854943.0,1,19,11895.02,7.1923,0.0,7.1923,28.2241,0.0
123320.26,4.35,1.0482,1729854946.0,1,19,11897.54,7.193,0.0,7.193,28.2274,0.0
123322.72,4.35,1.0339,1729854948.0,1,19,11900.0,7.1937,0.0,7.1937,28.2305,0.0
123325.33,4.35,1.0136,1729854951.0,1,19,11902.61,7.1945,0.0,7.1945,28.2337,0.0
123328.1,4.35,0.9935,1729854954.0,1,19,11905.38,7.1952,0.0,7.1952,28.2371,0.0
123331.34,4.35,0.9735,1729854957.0,1,19,11908.62,7.1961,0.0,7.1961,28.2409,0.0
123332.72,4.3499,0.9603,1729854958.0,1,19,11910.0,7.1965,0.0,7.1965,28.2425,0.0
123335.99,4.35,0.9402,1729854962.0,1,19,11913.27,7.1974,0.0,7.1974,28.2463,0.0
123339.13,4.3499,0.9199,1729854965.0,1,19,11916.41,7.1982,0.0,7.1982,28.2498,0.0
123341.96,4.35,0.8999,1729854968.0,1,19,11919.24,7.1989,0.0,7.1989,28.2529,0.0
123342.72,4.35,0.8986,1729854968.0,1,19,11920.0,7.1991,0.0,7.1991,28.2538,0.0
123346.11,4.35,0.8784,1729854972.0,1,19,11923.39,7.1999,0.0,7.1999,28.2574,0.0
123349.52,4.35,0.8583,1729854975.0,1,19,11926.8,7.2007,0.0,7.2007,28.261,0.0
123352.64,4.3499,0.8381,1729854978.0,1,19,11929.92,7.2015,0.0,7.2015,28.2642,0.0
123352.72,4.35,0.8381,1729854978.0,1,19,11930.0,7.2015,0.0,7.2015,28.2643,0.0
123357.43,4.35,0.8178,1729854983.0,1,19,11934.71,7.2026,0.0,7.2026,28.269,0.0
123360.32,4.3499,0.7977,1729854986.0,1,19,11937.6,7.2032,0.0,7.2032,28.2718,0.0
123362.72,4.35,0.7877,1729854988.0,1,19,11940.0,7.2038,0.0,7.2038,28.2741,0.0
123367.45,4.35,0.7677,1729854993.0,1,19,11944.73,7.2048,0.0,7.2048,28.2785,0.0
123371.51,4.35,0.7475,1729854997.0,1,19,11948.79,7.2056,0.0,7.2056,28.2822,0.0
123372.72,4.3499,0.7412,1729854998.0,1,19,11950.0,7.2059,0.0,7.2059,28.2833,0.0
123377.39,4.35,0.7211,1729855003.0,1,19,11954.67,7.2068,0.0,7.2068,28.2875,0.0
123380.74,4.35,0.7011,1729855006.0,1,19,11958.02,7.2075,0.0,7.2075,28.2903,0.0
123382.72,4.35,0.6976,1729855008.0,1,19,11960.0,7.2079,0.0,7.2079,28.292,0.0
123386.4,4.35,0.6776,1729855012.0,1,19,11963.68,7.2086,0.0,7.2086,28.2951,0.0
123391.82,4.35,0.6572,1729855017.0,1,19,11969.1,7.2096,0.0,7.2096,28.2995,0.0
123392.65,4.3499,0.6548,1729855018.0,1,19,11969.93,7.2097,0.0,7.2097,28.3001,0.0
0.0,4.3483,0.0,1729855018.0,1,20,0.0,0.0,0.0,0.0,0.0,0.0
123392.66,4.3483,0.0,1729855018.0,1,20,0.01,0.0,0.0,0.0,0.0,0.0
123402.65,4.3455,0.0,1729855028.0,1,20,10.0,0.0,0.0,0.0,0.0,0.0
123412.65,4.3447,0.0,1729855038.0,1,20,20.0,0.0,0.0,0.0,0.0,0.0
123422.65,4.3442,0.0,1729855048.0,1,20,30.0,0.0,0.0,0.0,0.0,0.0
123432.65,4.3438,0.0,1729855058.0,1,20,40.0,0.0,0.0,0.0,0.0,0.0
123442.65,4.3435,0.0,1729855068.0,1,20,50.0,0.0,0.0,0.0,0.0,0.0
123452.65,4.3432,0.0,1729855078.0,1,20,60.0,0.0,0.0,0.0,0.0,0.0
123462.65,4.343,0.0,1729855088.0,1,20,70.0,0.0,0.0,0.0,0.0,0.0
123472.65,4.3427,0.0,1729855098.0,1,20,80.0,0.0,0.0,0.0,0.0,0.0
123482.65,4.3425,0.0,1729855108.0,1,20,90.0,0.0,0.0,0.0,0.0,0.0
123492.65,4.3423,0.0,1729855118.0,1,20,100.0,0.0,0.0,0.0,0.0,0.0
123502.65,4.3422,0.0,1729855128.0,1,20,110.0,0.0,0.0,0.0,0.0,0.0
123512.65,4.342,0.0,1729855138.0,1,20,120.0,0.0,0.0,0.0,0.0,0.0
123522.65,4.3418,0.0,1729855148.0,1,20,130.0,0.0,0.0,0.0,0.0,0.0
123532.65,4.3416,0.0,1729855158.0,1,20,140.0,0.0,0.0,0.0,0.0,0.0
123542.65,4.3415,0.0,1729855168.0,1,20,150.0,0.0,0.0,0.0,0.0,0.0
123552.65,4.3413,0.0,1729855178.0,1,20,160.0,0.0,0.0,0.0,0.0,0.0
123562.65,4.3412,0.0,1729855188.0,1,20,170.0,0.0,0.0,0.0,0.0,0.0
123572.65,4.3411,0.0,1729855198.0,1,20,180.0,0.0,0.0,0.0,0.0,0.0
123582.65,4.3409,0.0,1729855208.0,1,20,190.0,0.0,0.0,0.0,0.0,0.0
123592.65,4.3408,0.0,1729855218.0,1,20,200.0,0.0,0.0,0.0,0.0,0.0
123602.65,4.3406,0.0,1729855228.0,1,20,210.0,0.0,0.0,0.0,0.0,0.0
123612.65,4.3405,0.0,1729855238.0,1,20,220.0,0.0,0.0,0.0,0.0,0.0
123622.65,4.3404,0.0,1729855248.0,1,20,230.0,0.0,0.0,0.0,0.0,0.0
123632.65,4.3403,0.0,1729855258.0,1,20,240.0,0.0,0.0,0.0,0.0,0.0
123642.65,4.3402,0.0,1729855268.0,1,20,250.0,0.0,0.0,0.0,0.0,0.0
123652.65,4.34,0.0,1729855278.0,1,20,260.0,0.0,0.0,0.0,0.0,0.0
123662.65,4.3399,0.0,1729855288.0,1,20,270.0,0.0,0.0,0.0,0.0,0.0
123672.65,4.3398,0.0,1729855298.0,1,20,280.0,0.0,0.0,0.0,0.0,0.0
123682.65,4.3397,0.0,1729855308.0,1,20,290.0,0.0,0.0,0.0,0.0,0.0
123692.65,4.3396,0.0,1729855318.0,1,20,300.0,0.0,0.0,0.0,0.0,0.0
123702.65,4.3395,0.0,1729855328.0,1,20,310.0,0.0,0.0,0.0,0.0,0.0
123712.65,4.3394,0.0,1729855338.0,1,20,320.0,0.0,0.0,0.0,0.0,0.0
123722.65,4.3393,0.0,1729855348.0,1,20,330.0,0.0,0.0,0.0,0.0,0.0
123732.65,4.3392,0.0,1729855358.0,1,20,340.0,0.0,0.0,0.0,0.0,0.0
123742.65,4.3391,0.0,1729855368.0,1,20,350.0,0.0,0.0,0.0,0.0,0.0
123752.65,4.339,0.0,1729855378.0,1,20,360.0,0.0,0.0,0.0,0.0,0.0
123762.65,4.339,0.0,1729855388.0,1,20,370.0,0.0,0.0,0.0,0.0,0.0
123772.65,4.3389,0.0,1729855398.0,1,20,380.0,0.0,0.0,0.0,0.0,0.0
123782.65,4.3388,0.0,1729855408.0,1,20,390.0,0.0,0.0,0.0,0.0,0.0
123792.65,4.3387,0.0,1729855418.0,1,20,400.0,0.0,0.0,0.0,0.0,0.0
123802.65,4.3387,0.0,1729855428.0,1,20,410.0,0.0,0.0,0.0,0.0,0.0
123812.65,4.3386,0.0,1729855438.0,1,20,420.0,0.0,0.0,0.0,0.0,0.0
123822.65,4.3385,0.0,1729855448.0,1,20,430.0,0.0,0.0,0.0,0.0,0.0
123832.65,4.3384,0.0,1729855458.0,1,20,440.0,0.0,0.0,0.0,0.0,0.0
123842.65,4.3384,0.0,1729855468.0,1,20,450.0,0.0,0.0,0.0,0.0,0.0
123852.65,4.3383,0.0,1729855478.0,1,20,460.0,0.0,0.0,0.0,0.0,0.0
123862.65,4.3381,0.0,1729855488.0,1,20,470.0,0.0,0.0,0.0,0.0,0.0
123872.65,4.3381,0.0,1729855498.0,1,20,480.0,0.0,0.0,0.0,0.0,0.0
123882.65,4.3381,0.0,1729855508.0,1,20,490.0,0.0,0.0,0.0,0.0,0.0
123892.65,4.338,0.0,1729855518.0,1,20,500.0,0.0,0.0,0.0,0.0,0.0
123902.65,4.3379,0.0,1729855528.0,1,20,510.0,0.0,0.0,0.0,0.0,0.0
123912.65,4.3379,0.0,1729855538.0,1,20,520.0,0.0,0.0,0.0,0.0,0.0
123922.65,4.3378,0.0,1729855548.0,1,20,530.0,0.0,0.0,0.0,0.0,0.0
123932.65,4.3377,0.0,1729855558.0,1,20,540.0,0.0,0.0,0.0,0.0,0.0
123942.65,4.3377,0.0,1729855568.0,1,20,550.0,0.0,0.0,0.0,0.0,0.0
123952.65,4.3376,0.0,1729855578.0,1,20,560.0,0.0,0.0,0.0,0.0,0.0
123962.65,4.3375,0.0,1729855588.0,1,20,570.0,0.0,0.0,0.0,0.0,0.0
123972.65,4.3375,0.0,1729855598.0,1,20,580.0,0.0,0.0,0.0,0.0,0.0
123982.65,4.3374,0.0,1729855608.0,1,20,590.0,0.0,0.0,0.0,0.0,0.0
123992.65,4.3374,0.0,1729855618.0,1,20,600.0,0.0,0.0,0.0,0.0,0.0
124002.65,4.3373,0.0,1729855628.0,1,20,610.0,0.0,0.0,0.0,0.0,0.0
124012.65,4.3373,0.0,1729855638.0,1,20,620.0,0.0,0.0,0.0,0.0,0.0
124022.65,4.3372,0.0,1729855648.0,1,20,630.0,0.0,0.0,0.0,0.0,0.0
124032.65,4.3372,0.0,1729855658.0,1,20,640.0,0.0,0.0,0.0,0.0,0.0
124042.65,4.3371,0.0,1729855668.0,1,20,650.0,0.0,0.0,0.0,0.0,0.0
124052.65,4.3371,0.0,1729855678.0,1,20,660.0,0.0,0.0,0.0,0.0,0.0
124062.65,4.337,0.0,1729855688.0,1,20,670.0,0.0,0.0,0.0,0.0,0.0
124072.65,4.337,0.0,1729855698.0,1,20,680.0,0.0,0.0,0.0,0.0,0.0
124082.65,4.3369,0.0,1729855708.0,1,20,690.0,0.0,0.0,0.0,0.0,0.0
124092.65,4.3369,0.0,1729855718.0,1,20,700.0,0.0,0.0,0.0,0.0,0.0
124102.65,4.3368,0.0,1729855728.0,1,20,710.0,0.0,0.0,0.0,0.0,0.0
124112.65,4.3368,0.0,1729855738.0,1,20,720.0,0.0,0.0,0.0,0.0,0.0
124122.65,4.3367,0.0,1729855748.0,1,20,730.0,0.0,0.0,0.0,0.0,0.0
124132.65,4.3367,0.0,1729855758.0,1,20,740.0,0.0,0.0,0.0,0.0,0.0
124142.65,4.3367,0.0,1729855768.0,1,20,750.0,0.0,0.0,0.0,0.0,0.0
124152.65,4.3366,0.0,1729855778.0,1,20,760.0,0.0,0.0,0.0,0.0,0.0
124162.65,4.3366,0.0,1729855788.0,1,20,770.0,0.0,0.0,0.0,0.0,0.0
124172.65,4.3365,0.0,1729855798.0,1,20,780.0,0.0,0.0,0.0,0.0,0.0
124182.65,4.3365,0.0,1729855808.0,1,20,790.0,0.0,0.0,0.0,0.0,0.0
124192.65,4.3365,0.0,1729855818.0,1,20,800.0,0.0,0.0,0.0,0.0,0.0
124202.65,4.3364,0.0,1729855828.0,1,20,810.0,0.0,0.0,0.0,0.0,0.0
124212.65,4.3364,0.0,1729855838.0,1,20,820.0,0.0,0.0,0.0,0.0,0.0
124222.65,4.3363,0.0,1729855848.0,1,20,830.0,0.0,0.0,0.0,0.0,0.0
124232.65,4.3363,0.0,1729855858.0,1,20,840.0,0.0,0.0,0.0,0.0,0.0
124242.65,4.3363,0.0,1729855868.0,1,20,850.0,0.0,0.0,0.0,0.0,0.0
124252.65,4.3362,0.0,1729855878.0,1,20,860.0,0.0,0.0,0.0,0.0,0.0
124262.65,4.3362,0.0,1729855888.0,1,20,870.0,0.0,0.0,0.0,0.0,0.0
124272.65,4.3361,0.0,1729855898.0,1,20,880.0,0.0,0.0,0.0,0.0,0.0
124282.65,4.3361,0.0,1729855908.0,1,20,890.0,0.0,0.0,0.0,0.0,0.0
124292.65,4.3361,0.0,1729855918.0,1,20,900.0,0.0,0.0,0.0,0.0,0.0
124302.65,4.3361,0.0,1729855928.0,1,20,910.0,0.0,0.0,0.0,0.0,0.0
124312.65,4.3361,0.0,1729855938.0,1,20,920.0,0.0,0.0,0.0,0.0,0.0
124322.65,4.336,0.0,1729855948.0,1,20,930.0,0.0,0.0,0.0,0.0,0.0
124332.65,4.3359,0.0,1729855958.0,1,20,940.0,0.0,0.0,0.0,0.0,0.0
124342.65,4.3359,0.0,1729855968.0,1,20,950.0,0.0,0.0,0.0,0.0,0.0
124352.65,4.3358,0.0,1729855978.0,1,20,960.0,0.0,0.0,0.0,0.0,0.0
124362.65,4.3358,0.0,1729855988.0,1,20,970.0,0.0,0.0,0.0,0.0,0.0
124372.65,4.3358,0.0,1729855998.0,1,20,980.0,0.0,0.0,0.0,0.0,0.0
124382.65,4.3357,0.0,1729856008.0,1,20,990.0,0.0,0.0,0.0,0.0,0.0
124392.65,4.3357,0.0,1729856018.0,1,20,1000.0,0.0,0.0,0.0,0.0,0.0
124402.65,4.3357,0.0,1729856028.0,1,20,1010.0,0.0,0.0,0.0,0.0,0.0
124412.65,4.3357,0.0,1729856038.0,1,20,1020.0,0.0,0.0,0.0,0.0,0.0
124422.65,4.3356,0.0,1729856048.0,1,20,1030.0,0.0,0.0,0.0,0.0,0.0
124432.65,4.3356,0.0,1729856058.0,1,20,1040.0,0.0,0.0,0.0,0.0,0.0
124442.65,4.3356,0.0,1729856068.0,1,20,1050.0,0.0,0.0,0.0,0.0,0.0
124452.65,4.3356,0.0,1729856078.0,1,20,1060.0,0.0,0.0,0.0,0.0,0.0
124462.65,4.3355,0.0,1729856088.0,1,20,1070.0,0.0,0.0,0.0,0.0,0.0
124472.65,4.3355,0.0,1729856098.0,1,20,1080.0,0.0,0.0,0.0,0.0,0.0
124482.65,4.3354,0.0,1729856108.0,1,20,1090.0,0.0,0.0,0.0,0.0,0.0
124492.65,4.3354,0.0,1729856118.0,1,20,1100.0,0.0,0.0,0.0,0.0,0.0
124502.65,4.3354,0.0,1729856128.0,1,20,1110.0,0.0,0.0,0.0,0.0,0.0
124512.65,4.3354,0.0,1729856138.0,1,20,1120.0,0.0,0.0,0.0,0.0,0.0
124522.65,4.3353,0.0,1729856148.0,1,20,1130.0,0.0,0.0,0.0,0.0,0.0
124532.65,4.3353,0.0,1729856158.0,1,20,1140.0,0.0,0.0,0.0,0.0,0.0
124542.65,4.3353,0.0,1729856168.0,1,20,1150.0,0.0,0.0,0.0,0.0,0.0
124552.65,4.3353,0.0,1729856178.0,1,20,1160.0,0.0,0.0,0.0,0.0,0.0
124562.65,4.3352,0.0,1729856188.0,1,20,1170.0,0.0,0.0,0.0,0.0,0.0
124572.65,4.3352,0.0,1729856198.0,1,20,1180.0,0.0,0.0,0.0,0.0,0.0
124582.65,4.3352,0.0,1729856208.0,1,20,1190.0,0.0,0.0,0.0,0.0,0.0
124592.65,4.3351,0.0,1729856218.0,1,20,1200.0,0.0,0.0,0.0,0.0,0.0
124602.65,4.3352,0.0,1729856228.0,1,20,1210.0,0.0,0.0,0.0,0.0,0.0
124612.65,4.3351,0.0,1729856238.0,1,20,1220.0,0.0,0.0,0.0,0.0,0.0
124622.65,4.3351,0.0,1729856248.0,1,20,1230.0,0.0,0.0,0.0,0.0,0.0
124632.65,4.335,0.0,1729856258.0,1,20,1240.0,0.0,0.0,0.0,0.0,0.0
124642.65,4.335,0.0,1729856268.0,1,20,1250.0,0.0,0.0,0.0,0.0,0.0
124652.65,4.335,0.0,1729856278.0,1,20,1260.0,0.0,0.0,0.0,0.0,0.0
124662.65,4.335,0.0,1729856288.0,1,20,1270.0,0.0,0.0,0.0,0.0,0.0
124672.65,4.3349,0.0,1729856298.0,1,20,1280.0,0.0,0.0,0.0,0.0,0.0
124682.65,4.3349,0.0,1729856308.0,1,20,1290.0,0.0,0.0,0.0,0.0,0.0
124692.65,4.3349,0.0,1729856318.0,1,20,1300.0,0.0,0.0,0.0,0.0,0.0
124702.65,4.3349,0.0,1729856328.0,1,20,1310.0,0.0,0.0,0.0,0.0,0.0
124712.65,4.3348,0.0,1729856338.0,1,20,1320.0,0.0,0.0,0.0,0.0,0.0
124722.65,4.3348,0.0,1729856348.0,1,20,1330.0,0.0,0.0,0.0,0.0,0.0
124732.65,4.3348,0.0,1729856358.0,1,20,1340.0,0.0,0.0,0.0,0.0,0.0
124742.65,4.3348,0.0,1729856368.0,1,20,1350.0,0.0,0.0,0.0,0.0,0.0
124752.65,4.3348,0.0,1729856378.0,1,20,1360.0,0.0,0.0,0.0,0.0,0.0
124762.65,4.3347,0.0,1729856388.0,1,20,1370.0,0.0,0.0,0.0,0.0,0.0
124772.65,4.3347,0.0,1729856398.0,1,20,1380.0,0.0,0.0,0.0,0.0,0.0
124782.65,4.3347,0.0,1729856408.0,1,20,1390.0,0.0,0.0,0.0,0.0,0.0
124792.65,4.3347,0.0,1729856418.0,1,20,1400.0,0.0,0.0,0.0,0.0,0.0
124802.65,4.3346,0.0,1729856428.0,1,20,1410.0,0.0,0.0,0.0,0.0,0.0
124812.65,4.3346,0.0,1729856438.0,1,20,1420.0,0.0,0.0,0.0,0.0,0.0
124822.65,4.3346,0.0,1729856448.0,1,20,1430.0,0.0,0.0,0.0,0.0,0.0
124832.65,4.3346,0.0,1729856458.0,1,20,1440.0,0.0,0.0,0.0,0.0,0.0
124842.65,4.3346,0.0,1729856468.0,1,20,1450.0,0.0,0.0,0.0,0.0,0.0
124852.65,4.3345,0.0,1729856478.0,1,20,1460.0,0.0,0.0,0.0,0.0,0.0
124862.65,4.3345,0.0,1729856488.0,1,20,1470.0,0.0,0.0,0.0,0.0,0.0
124872.65,4.3345,0.0,1729856498.0,1,20,1480.0,0.0,0.0,0.0,0.0,0.0
124882.65,4.3345,0.0,1729856508.0,1,20,1490.0,0.0,0.0,0.0,0.0,0.0
124892.65,4.3344,0.0,1729856518.0,1,20,1500.0,0.0,0.0,0.0,0.0,0.0
124902.65,4.3344,0.0,1729856528.0,1,20,1510.0,0.0,0.0,0.0,0.0,0.0
124912.65,4.3344,0.0,1729856538.0,1,20,1520.0,0.0,0.0,0.0,0.0,0.0
124922.65,4.3344,0.0,1729856548.0,1,20,1530.0,0.0,0.0,0.0,0.0,0.0
124932.65,4.3343,0.0,1729856558.0,1,20,1540.0,0.0,0.0,0.0,0.0,0.0
124942.65,4.3343,0.0,1729856568.0,1,20,1550.0,0.0,0.0,0.0,0.0,0.0
124952.65,4.3343,0.0,1729856578.0,1,20,1560.0,0.0,0.0,0.0,0.0,0.0
124962.65,4.3343,0.0,1729856588.0,1,20,1570.0,0.0,0.0,0.0,0.0,0.0
124972.65,4.3343,0.0,1729856598.0,1,20,1580.0,0.0,0.0,0.0,0.0,0.0
124982.65,4.3343,0.0,1729856608.0,1,20,1590.0,0.0,0.0,0.0,0.0,0.0
124992.65,4.3342,0.0,1729856618.0,1,20,1600.0,0.0,0.0,0.0,0.0,0.0
125002.65,4.3342,0.0,1729856628.0,1,20,1610.0,0.0,0.0,0.0,0.0,0.0
125012.65,4.3342,0.0,1729856638.0,1,20,1620.0,0.0,0.0,0.0,0.0,0.0
125022.65,4.3342,0.0,1729856648.0,1,20,1630.0,0.0,0.0,0.0,0.0,0.0
125032.65,4.3341,0.0,1729856658.0,1,20,1640.0,0.0,0.0,0.0,0.0,0.0
125042.65,4.3341,0.0,1729856668.0,1,20,1650.0,0.0,0.0,0.0,0.0,0.0
125052.65,4.3341,0.0,1729856678.0,1,20,1660.0,0.0,0.0,0.0,0.0,0.0
125062.65,4.3341,0.0,1729856688.0,1,20,1670.0,0.0,0.0,0.0,0.0,0.0
125072.65,4.3341,0.0,1729856698.0,1,20,1680.0,0.0,0.0,0.0,0.0,0.0
125082.65,4.334,0.0,1729856708.0,1,20,1690.0,0.0,0.0,0.0,0.0,0.0
125092.65,4.334,0.0,1729856718.0,1,20,1700.0,0.0,0.0,0.0,0.0,0.0
125102.65,4.334,0.0,1729856728.0,1,20,1710.0,0.0,0.0,0.0,0.0,0.0
125112.65,4.334,0.0,1729856738.0,1,20,1720.0,0.0,0.0,0.0,0.0,0.0
125122.65,4.334,0.0,1729856748.0,1,20,1730.0,0.0,0.0,0.0,0.0,0.0
125132.65,4.3339,0.0,1729856758.0,1,20,1740.0,0.0,0.0,0.0,0.0,0.0
125142.65,4.334,0.0,1729856768.0,1,20,1750.0,0.0,0.0,0.0,0.0,0.0
125152.65,4.3339,0.0,1729856778.0,1,20,1760.0,0.0,0.0,0.0,0.0,0.0
125162.65,4.3339,0.0,1729856788.0,1,20,1770.0,0.0,0.0,0.0,0.0,0.0
125172.65,4.3339,0.0,1729856798.0,1,20,1780.0,0.0,0.0,0.0,0.0,0.0
125182.65,4.3338,0.0,1729856808.0,1,20,1790.0,0.0,0.0,0.0,0.0,0.0
125192.65,4.3338,0.0,1729856818.0,1,20,1800.0,0.0,0.0,0.0,0.0,0.0
0.0,4.3338,-59.4479,1729856818.0,1,21,0.0,0.0,0.0,0.0,0.0,0.0
125192.66,4.3338,-59.4479,1729856818.0,1,21,0.01,0.0,0.0002,0.0002,0.0,0.0007
125192.68,4.2524,-59.4531,1729856818.0,1,21,0.03,0.0,0.0005,0.0005,0.0,0.0021
125192.69,4.1665,-59.4493,1729856818.0,1,21,0.04,0.0,0.0007,0.0007,0.0,0.0028
125192.95,4.1462,-59.4575,1729856819.0,1,21,0.3,0.0,0.005,0.005,0.0,0.0207
125193.6,4.126,-59.459,1729856819.0,1,21,0.95,0.0,0.0157,0.0157,0.0,0.065
125194.45,4.1058,-59.4587,1729856820.0,1,21,1.8,0.0,0.0297,0.0297,0.0,0.1228
125195.46,4.0858,-59.4585,1729856821.0,1,21,2.81,0.0,0.0464,0.0464,0.0,0.1911
125196.63,4.0658,-59.459,1729856822.0,1,21,3.98,0.0,0.0657,0.0657,0.0,0.2699
125197.98,4.0458,-59.4582,1729856824.0,1,21,5.33,0.0,0.088,0.088,0.0,0.3603
125199.56,4.0257,-59.4579,1729856825.0,1,21,6.91,0.0,0.1141,0.1141,0.0,0.4656
125201.42,4.0057,-59.4577,1729856827.0,1,21,8.77,0.0,0.1448,0.1448,0.0,0.589
125202.65,3.994,-59.4576,1729856828.0,1,21,10.0,0.0,0.1652,0.1652,0.0,0.6702
125205.13,3.974,-59.4579,1729856831.0,1,21,12.48,0.0,0.2061,0.2061,0.0,0.8334
125208.14,3.954,-59.4573,1729856834.0,1,21,15.49,0.0,0.2558,0.2558,0.0,1.0305
125211.94,3.934,-59.458,1729856838.0,1,21,19.29,0.0,0.3186,0.3186,0.0,1.278
125212.65,3.9308,-59.458,1729856838.0,1,21,20.0,0.0,0.3303,0.3303,0.0,1.3241
125217.77,3.9108,-59.4581,1729856843.0,1,21,25.12,0.0,0.4149,0.4149,0.0,1.6556
125222.65,3.8958,-59.4579,1729856848.0,1,21,30.0,0.0,0.4955,0.4955,0.0,1.9702
125230.92,3.8758,-59.4577,1729856857.0,1,21,38.27,0.0,0.6321,0.6321,0.0,2.5009
125232.65,3.8723,-59.457,1729856858.0,1,21,40.0,0.0,0.6606,0.6606,0.0,2.6115
125242.65,3.8545,-59.4583,1729856868.0,1,21,50.0,0.0,0.8258,0.8258,0.0,3.2496
125252.65,3.8375,-59.4575,1729856878.0,1,21,60.0,0.0,0.991,0.991,0.0,3.8848
125262.65,3.8197,-59.458,1729856888.0,1,21,70.0,0.0,1.1561,1.1561,0.0,4.5171
125272.65,3.8025,-59.4571,1729856898.0,1,21,80.0,0.0,1.3213,1.3213,0.0,5.1466
125282.65,3.787,-59.4577,1729856908.0,1,21,90.0,0.0,1.4864,1.4864,0.0,5.7733
125292.65,3.7724,-59.4585,1729856918.0,1,21,100.0,0.0,1.6516,1.6516,0.0,6.3975
125302.65,3.7575,-59.4583,1729856928.0,1,21,110.0,0.0,1.8168,1.8168,0.0,7.0194
125312.65,3.7418,-59.4574,1729856938.0,1,21,120.0,0.0,1.9819,1.9819,0.0,7.6387
125322.65,3.7259,-59.4588,1729856948.0,1,21,130.0,0.0,2.1471,2.1471,0.0,8.2554
125332.65,3.7105,-59.4583,1729856958.0,1,21,140.0,0.0,2.3123,2.3123,0.0,8.8695
125342.65,3.6959,-59.4576,1729856968.0,1,21,150.0,0.0,2.4774,2.4774,0.0,9.4811
125352.65,3.6823,-59.458,1729856978.0,1,21,160.0,0.0,2.6426,2.6426,0.0,10.0903
125362.65,3.6696,-59.4577,1729856988.0,1,21,170.0,0.0,2.8077,2.8077,0.0,10.6975
125372.65,3.6576,-59.4585,1729856998.0,1,21,180.0,0.0,2.9729,2.9729,0.0,11.3025
125382.65,3.6462,-59.4582,1729857008.0,1,21,190.0,0.0,3.1381,3.1381,0.0,11.9057
125392.65,3.6354,-59.4589,1729857018.0,1,21,200.0,0.0,3.3032,3.3032,0.0,12.507
125402.65,3.6253,-59.4577,1729857028.0,1,21,210.0,0.0,3.4684,3.4684,0.0,13.1066
125412.65,3.616,-59.4574,1729857038.0,1,21,220.0,0.0,3.6335,3.6335,0.0,13.7045
125422.65,3.6075,-59.4585,1729857048.0,1,21,230.0,0.0,3.7987,3.7987,0.0,14.301
125432.65,3.6002,-59.4586,1729857058.0,1,21,240.0,0.0,3.9639,3.9639,0.0,14.8963
125442.65,3.5934,-59.458,1729857068.0,1,21,250.0,0.0,4.129,4.129,0.0,15.4903
125452.65,3.5869,-59.4593,1729857078.0,1,21,260.0,0.0,4.2942,4.2942,0.0,16.0833
125462.65,3.5805,-59.4585,1729857088.0,1,21,270.0,0.0,4.4594,4.4594,0.0,16.6752
125472.65,3.5739,-59.4584,1729857098.0,1,21,280.0,0.0,4.6245,4.6245,0.0,17.266
125482.65,3.5671,-59.4583,1729857108.0,1,21,290.0,0.0,4.7897,4.7897,0.0,17.8557
125492.65,3.5601,-59.4589,1729857118.0,1,21,300.0,0.0,4.9548,4.9548,0.0,18.4443
125502.65,3.5526,-59.4588,1729857128.0,1,21,310.0,0.0,5.12,5.12,0.0,19.0317
125512.65,3.5447,-59.4581,1729857138.0,1,21,320.0,0.0,5.2852,5.2852,0.0,19.6178
125522.65,3.5362,-59.4583,1729857148.0,1,21,330.0,0.0,5.4503,5.4503,0.0,20.2025
125532.65,3.527,-59.4587,1729857158.0,1,21,340.0,0.0,5.6155,5.6155,0.0,20.7858
125542.65,3.517,-59.459,1729857168.0,1,21,350.0,0.0,5.7807,5.7807,0.0,21.3675
125552.65,3.5059,-59.4587,1729857178.0,1,21,360.0,0.0,5.9458,5.9458,0.0,21.9475
125562.65,3.4935,-59.4581,1729857188.0,1,21,370.0,0.0,6.111,6.111,0.0,22.5255
125572.65,3.4792,-59.4586,1729857198.0,1,21,380.0,0.0,6.2762,6.2762,0.0,23.1014
125582.65,3.4622,-59.4586,1729857208.0,1,21,390.0,0.0,6.4413,6.4413,0.0,23.6747
125591.84,3.4422,-59.4579,1729857218.0,1,21,399.19,0.0,6.5931,6.5931,0.0,24.1987
125592.65,3.4401,-59.4584,1729857218.0,1,21,400.0,0.0,6.6065,6.6065,0.0,24.2448
125599.22,3.4201,-59.4591,1729857225.0,1,21,406.57,0.0,6.715,6.715,0.0,24.617
125602.65,3.4063,-59.4581,1729857228.0,1,21,410.0,0.0,6.7716,6.7716,0.0,24.8104
125606.52,3.3863,-59.4585,1729857232.0,1,21,413.87,0.0,6.8356,6.8356,0.0,25.0275
125609.52,3.3663,-59.4577,1729857235.0,1,21,416.87,0.0,6.8851,6.8851,0.0,25.1948
125611.94,3.3463,-59.4586,1729857238.0,1,21,419.29,0.0,6.9251,6.9251,0.0,25.329
125612.65,3.3397,-59.4583,1729857238.0,1,21,420.0,0.0,6.9368,6.9368,0.0,25.3682
125614.58,3.3197,-59.4586,1729857240.0,1,21,421.93,0.0,6.9687,6.9687,0.0,25.4743
125616.25,3.2997,-59.4585,1729857242.0,1,21,423.6,0.0,6.9963,6.9963,0.0,25.5656
125617.73,3.2797,-59.4587,1729857243.0,1,21,425.08,0.0,7.0207,7.0207,0.0,25.646
125619.04,3.2596,-59.4585,1729857245.0,1,21,426.39,0.0,7.0423,7.0423,0.0,25.7168
125620.21,3.2395,-59.4581,1729857246.0,1,21,427.56,0.0,7.0617,7.0617,0.0,25.7796
125621.27,3.2194,-59.4585,1729857247.0,1,21,428.62,0.0,7.0792,7.0792,0.0,25.8361
125622.23,3.1993,-59.4583,1729857248.0,1,21,429.58,0.0,7.095,7.095,0.0,25.887
125622.65,3.1898,-59.4579,1729857248.0,1,21,430.0,0.0,7.102,7.102,0.0,25.9092
125623.48,3.1698,-59.4581,1729857249.0,1,21,430.83,0.0,7.1157,7.1157,0.0,25.9528
125624.24,3.1498,-59.4582,1729857250.0,1,21,431.59,0.0,7.1282,7.1282,0.0,25.9924
125624.93,3.1295,-59.4582,1729857251.0,1,21,432.28,0.0,7.1396,7.1396,0.0,26.0282
125625.57,3.1093,-59.4578,1729857251.0,1,21,432.92,0.0,7.1502,7.1502,0.0,26.0612
125626.14,3.0892,-59.4587,1729857252.0,1,21,433.49,0.0,7.1596,7.1596,0.0,26.0903
125626.67,3.0691,-59.4574,1729857252.0,1,21,434.02,0.0,7.1684,7.1684,0.0,26.1173
125627.15,3.0491,-59.4576,1729857253.0,1,21,434.5,0.0,7.1763,7.1763,0.0,26.1416
125627.6,3.0289,-59.4582,1729857253.0,1,21,434.95,0.0,7.1837,7.1837,0.0,26.1641
125628.01,3.0085,-59.4582,1729857254.0,1,21,435.36,0.0,7.1905,7.1905,0.0,26.1846
125628.17,2.9995,-59.4591,1729857254.0,1,21,435.52,0.0,7.1931,7.1931,0.0,26.1925
